Id,ProductId,UserId,ProfileName,HelpfulnessNumerator,HelpfulnessDenominator,Score,Time,Summary,Text,sentiment,clean_text,topic,keywords
185775,B0009YX9UU,A2CF7YI5LUE3MC,Alias,0,1,3,1335052800,"Decent cola flavor, terrible price","I bought this product for the home because we have avid soda-flavored candy lovers. Just to be clear, this product is NOT worth the price listed here. The quantity is slim, and as you'll see in my review, the flavor pales in comparison to other brands.<br /><br />In terms of finding cola hard candy, it's difficult to find it anywhere in the US. You may find haribo soda-flavored gummies, but their taste is usually not as strong as the hard-candy substitutes, and the gelatin ingredient may be unwanted to certain people. This candy is interesting in that it has a very mild fizz in it. That said, the candy is is very rough on the tongue/palette (most likely due to this fizz-additive). Now taste-wise, I've had many cola-flavor candies, and this candy's taste is not as strong as say-- candyland's cola flavored candy.<br /><br />If you can find a lower price, then have at it, but at the price amazon has this candy listed, it's not worth it. Be it made in Japan or Antarctica, this candy is candy, and should never be so expensive for such a meager amount.",neutral,i bought this product for the home because we have avid soda flavored candy lovers just to be clear this product is not worth the price listed here the quantity is slim and as you ll see in my review the flavor pales in comparison to other brands in terms of finding cola hard candy it s difficult to find it anywhere in the us you may find haribo soda flavored gummies but their taste is usually not as strong as the hard candy substitutes and the gelatin ingredient may be unwanted to certain people this candy is interesting in that it has a very mild fizz in it that said the candy is is very rough on the tongue palette most likely due to this fizz additive now taste wise i ve had many cola flavor candies and this candy s taste is not as strong as say candyland s cola flavored candy if you can find a lower price then have at it but at the price amazon has this candy listed it s not worth it be it made in japan or antarctica this candy is candy and should never be so expensive for such a meager amount,12,"candyland cola,flavored candy,cola flavor"
324306,B0012UK4BM,A203UGP75F625U,Donald Boe,0,0,5,1317945600,Dogs Love them,My dogs think these are the greatest thing since a T-Bone Steak.  They don't last very long but it provides about 20 hours of chew time for my golden/lab mix,positive,my dogs think these are the greatest thing since a t bone steak they don t last very long but it provides about hours of chew time for my golden lab mix,0,"hours chew,chew time,bone steak"
525556,B001FA1KNK,ACN8LAS82MPV0,"Madame ""Butterfly""",1,1,5,1204416000,cool hot tea,"This is the best of British tea available, I buy it all the time.  This tea is really good for those people who want a strong cup of tea that can take milk.  One teabag will make 2 cups of tea.  It's a great value.",positive,this is the best of british tea available i buy it all the time this tea is really good for those people who want a strong cup of tea that can take milk one teabag will make cups of tea it s a great value,2,"british tea,tea great,tea available"
523940,B004JGQ15Y,A37RIRXE3WECZ,April Blake,0,0,3,1304985600,All Sugared Up With Noplace To Go,"I tried the Peanut Butter variety of Oreo Fudge Cremes, and they are definitely delicious- and RICH! When I first opened the pack, I was a little disappointed by what looked like a very meager number of cookies in the 11.3-ounce package.  The recommended serving size is 3 cookies.  Now, with a regular Oreo, I laugh at the regular serving size and proceed to obliterate an entire package in one or two sittings sometimes.  So I was ready to yell ""What a rip-off, Oreo!"" and be done with it.<br /><br />Then I tried a cookie.  I expected the fudge on the outside to be a little waxy and not very flavorful.  That's not the case with the Oreo Fudge Creme.  That fudge flavor was almost overpowering as I popped the whole cookie in my mouth - they're small enough to do that!  Then came the crunch of the thin Oreo, and the distinctive Oreo creme texture but VERY potent peanut butter flavor of the filling.  Imagine a piece of peanut butter creme pie with an Oreo crust exploding in your mouth, and that's close to the experience of these cookies.<br /><br />Back to my initial impression that Oreo's ripping us all off, putting so few of these cookies in a package.  People, it's a public service that they don't put more in.  At first I'd scoffed at the serving size, and while I had to try two of these cookies in pretty rapid succession (a conditioned response to an open package that says ""Oreo"" on it), I admit as I ate the third, I was slowed down considerably, more to a civilized three-bite per cookie pace.  That's when the richness and sugariness of the first two started hitting me.  I poured a glass of milk and enjoyed the rest of the third cookie, and had a fourth out of obligation to the remainder of my milk, and have decided that's the way to enjoy the Fudge Cremes- at least the Peanut Butter flavor- with a glass of milk.  I'd still rather have a package of original Oreo Cookies, or Double-Stufs, but I do like that the Peanut Butter Oreo Fudge Cremes encourage drinking a glass of milk, and I do think that three of them is quite a generous serving if you're enjoying a glass of milk and taking the time to enjoy each bite, instead of wolfing down a handful.  They're a fun treat I think even Cookie Monster would approve of... in moderation.",neutral,i tried the peanut butter variety of oreo fudge cremes and they are definitely delicious and rich when i first opened the pack i was a little disappointed by what looked like a very meager number of cookies in the ounce package the recommended serving size is cookies now with a regular oreo i laugh at the regular serving size and proceed to obliterate an entire package in one or two sittings sometimes so i was ready to yell what a rip off oreo and be done with it then i tried a cookie i expected the fudge on the outside to be a little waxy and not very flavorful that s not the case with the oreo fudge creme that fudge flavor was almost overpowering as i popped the whole cookie in my mouth they re small enough to do that then came the crunch of the thin oreo and the distinctive oreo creme texture but very potent peanut butter flavor of the filling imagine a piece of peanut butter creme pie with an oreo crust exploding in your mouth and that s close to the experience of these cookies back to my initial impression that oreo s ripping us all off putting so few of these cookies in a package people it s a public service that they don t put more in at first i d scoffed at the serving size and while i had to try two of these cookies in pretty rapid succession a conditioned response to an open package that says oreo on it i admit as i ate the third i was slowed down considerably more to a civilized three bite per cookie pace that s when the richness and sugariness of the first two started hitting me i poured a glass of milk and enjoyed the rest of the third cookie and had a fourth out of obligation to the remainder of my milk and have decided that s the way to enjoy the fudge cremes at least the peanut butter flavor with a glass of milk i d still rather have a package of original oreo cookies or double stufs but i do like that the peanut butter oreo fudge cremes encourage drinking a glass of milk and i do think that three of them is quite a generous serving if you re enjoying a glass of milk and taking the time to enjoy each bite instead of wolfing down a handful they re a fun treat i think even cookie monster would approve of in moderation,10,"oreo cookies,oreo fudge,oreo creme"
388478,B0030VJA7K,A2AJ25RVRCJA4L,LeahS,0,0,5,1289865600,My Son LOVES these,"My son loves these melts. They are easy to take with us, and great to mix with other treats to give as a healthy snack during the day. I secretly like them too :)",positive,my son loves these melts they are easy to take with us and great to mix with other treats to give as a healthy snack during the day i secretly like them too,5,"melts easy,loves melts,melts"
32539,B009NTCO4O,A16MSLN6N2NG6H,Teresa,17,17,5,1198627200,"Omaha cheesecake sampler/ Teresa, ny","I purchased this item for a christmas<br />gift for my husband he loves cheesecake<br />and he loved it. I have to say this is<br />one of the best cheesecakes I have ever<br />had. I would recommend this product to<br />anyone, it is so fresh and absolutely<br />delicious, enjoy.",positive,i purchased this item for a christmas gift for my husband he loves cheesecake and he loved it i have to say this is one of the best cheesecakes i have ever had i would recommend this product to anyone it is so fresh and absolutely delicious enjoy,-1,"loves cheesecake,best cheesecakes,cheesecakes recommend"
424076,B003UHYN0I,A2AVT94O0MJ1KX,Sigh,2,2,1,1315353600,Arrived moldy!,"I buy treats for my dogs in bulk to have them on hand. I opened this package 2 months after purchase, which meant it is too late to return, and found the product to be moldy. This is even though the expiration date hasn't been reached yet. Also, the sweet potatoes are soft, as if they are not fully dehydrated. I've bought this product at local stores and haven't had a problem. This must be part of a bad batch. I won't be buying this product or other dog treats from Amazon again, as now I am out of the money I paid.",negative,i buy treats for my dogs in bulk to have them on hand i opened this package months after purchase which meant it is too late to return and found the product to be moldy this is even though the expiration date hasn t been reached yet also the sweet potatoes are soft as if they are not fully dehydrated i ve bought this product at local stores and haven t had a problem this must be part of a bad batch i won t be buying this product or other dog treats from amazon again as now i am out of the money i paid,0,"moldy expiration,dog treats,buy treats"
65422,B001EQ55ZO,A2MO8QZTNYYB98,Sheri Fogarty,0,0,3,1216080000,Tasty...almost too tasty,"We love cashews and as we have teenagers always have a jar of them on the counter for quick snacks so I was very interested to try these flavored cashews.<br /><br />The first handful was great. The seasoning is nice but if you have more then one handful the flavors become too strong really fast. A few of our teens tried them out also and had the same feedback.<br /><br />If they had had just a bit less seasoning we would have all liked them much better. If I were to get them again, I'd mix them with the same amount of regular cashews which would be just about the right amount of seasoning for me.",neutral,we love cashews and as we have teenagers always have a jar of them on the counter for quick snacks so i was very interested to try these flavored cashews the first handful was great the seasoning is nice but if you have more then one handful the flavors become too strong really fast a few of our teens tried them out also and had the same feedback if they had had just a bit less seasoning we would have all liked them much better if i were to get them again i d mix them with the same amount of regular cashews which would be just about the right amount of seasoning for me,16,"flavored cashews,regular cashews,love cashews"
21492,B002QWP89S,A1S7U6E1L3GOV3,Gary K,0,0,4,1255564800,Great price for this product,This is a terrific price for this product and quantity. The package always arrives early.,positive,this is a terrific price for this product and quantity the package always arrives early,6,"quantity package,package arrives,product quantity"
40644,B000HYI2AO,AZ4LM6O9293K0,sara hoffman,0,0,3,1327795200,Not flavors listed,"Though some reviewers received packages with the listed flavors, we received a box of 18 packages containing only the flavors strawberry & grape.  For the price, will probably try buying again and see what we end up with since the kids aren't too particular.",neutral,though some reviewers received packages with the listed flavors we received a box of packages containing only the flavors strawberry grape for the price will probably try buying again and see what we end up with since the kids aren t too particular,12,"flavors strawberry,listed flavors,containing flavors"
132834,B000HG84EQ,A2AYGUHIXT7RP3,"Alan R. Liverance ""ARL""",4,8,1,1293840000,Where did the REAL stuff go???,"If you like a hint of the past then this stuff is for you. All I can say is what a disappointment...<br />The problem with these, Archer Farms and Kettle Valley are that all Fruit Leathers have become APPLE leathers with a smattering of the desired flavor in puree form. There used to be real pure fruit leathers made from the actual fruit (Apricot, Strawberry, etc) but for some reason they disappeared from the market about 10 years ago (last company I recall was 'Nature ...' something). I guess like everything else these days the emphesis is 'make it on the cheap' and forget the real quality.<br /><br />It's a shame if it's merely a cost decision, there's a bonafide market out there for the real thing even if it's a little more expensive.",negative,if you like a hint of the past then this stuff is for you all i can say is what a disappointment the problem with these archer farms and kettle valley are that all fruit leathers have become apple leathers with a smattering of the desired flavor in puree form there used to be real pure fruit leathers made from the actual fruit apricot strawberry etc but for some reason they disappeared from the market about years ago last company i recall was nature something i guess like everything else these days the emphesis is make it on the cheap and forget the real quality it s a shame if it s merely a cost decision there s a bonafide market out there for the real thing even if it s a little more expensive,-1,"fruit leathers,apple leathers,leathers apple"
15842,B007TJGZ5E,A3UOYYQS5Z47MS,"David A. Levin ""DaveL""",0,0,5,1351209600,Morning Coffee,Great coffee at a good price. I'm a subscription buyer and I buy this month after month. What more can I say?,positive,great coffee at a good price i m a subscription buyer and i buy this month after month what more can i say,1,"coffee good,great coffee,coffee"
108153,B007TJGY46,A1WB0GVRG6SF81,John P. Kirvin,0,0,5,1307923200,good coffee,"My favorite coffee it is bold but not over powering. i like this coffee and it is a joy to drink,one of the best k cup bolds out there. amazon good price and coffee people good product",positive,my favorite coffee it is bold but not over powering i like this coffee and it is a joy to drink one of the best k cup bolds out there amazon good price and coffee people good product,1,"coffee bold,favorite coffee,cup bolds"
237680,B002AQP3I6,A1BRYFMP9JN3CE,phyllis blaylock,0,0,5,1334534400,WANCHIA,THIS IS A VERY GOOD PRODUCT I LOVE IT AND WOULD LIKE TOO THANK YOU AGAIN.WOULD LOVE TO PURCHASE MORE PRODUCTS SIMLAR TO THIS.,positive,this is a very good product i love it and would like too thank you again would love to purchase more products simlar to this,6,"products simlar,product love,products"
538296,B0061IUIDY,A3GQSZ2RVVXDCZ,Jon Kreisler,0,0,3,1337212800,A Well Scented Tea,"The sign of a good Earl Grey tea is the use of real oil of bergamot, not just flavoring. Bergamot is a yellow citrus fruit, in the orange family, native to southern Italy. The fruit is considered inedible, however the oil extracted from the skin has been the foundation of the cologne industry for many, many years. Higgins & Burke Earl Grey is provided in individual, foil-wrapped tea bags. Open a pouch and you are immediately aware of the distinct aroma of bergamot.<br />Higgins & Burke chose asian black tea as the base for their Earl Grey. Unfortunately, the tea is almost dust and somewhat weak.<br />If you allow it to steep long enough, you can end up with a drinkable cup of Earl Grey. If they had chosen a better tea base, the beverage could be better.",neutral,the sign of a good earl grey tea is the use of real oil of bergamot not just flavoring bergamot is a yellow citrus fruit in the orange family native to southern italy the fruit is considered inedible however the oil extracted from the skin has been the foundation of the cologne industry for many many years higgins burke earl grey is provided in individual foil wrapped tea bags open a pouch and you are immediately aware of the distinct aroma of bergamot higgins burke chose asian black tea as the base for their earl grey unfortunately the tea is almost dust and somewhat weak if you allow it to steep long enough you can end up with a drinkable cup of earl grey if they had chosen a better tea base the beverage could be better,-1,"aroma bergamot,flavoring bergamot,oil bergamot"
167969,B001AHL6CI,A3PZ4AXTY9J1DZ,Jason Ralsky,5,5,5,1298851200,Subtle yet sweet tortilla adventure...,"What impresses me first off about this brand ""food should taste good"" is the fact it is an all natural brand.  They do not use preservatives, trans fats, they are gluten free, Certified Kosher, no Genetic modification etc.  What is even better about all that is it sacrifices all the unhealthy without sacrificing flavor.<br /><br />** CHOCOLATE TORTILLA ** (6oz bags) [5 stars]<br />These Tortilla chips I just had to try.. I mean chocolate Tortilla chips!?  Rather then getting an explosion of sweet sugary chocolate you get this nice, soft subtle taste of chocolate with each crunch of the chip.  These clearly aren't meant for salsa and in fact the back of the bag suggested  to sprinkle them in vanilla ice-cream or better yet... warm the chips up slightly to bring out the flavor.  Both suggestions worked great.  In fact I prefer these to chocolate chips in my ice cream and they probably are far healthier<br /><br />The chips are rectangular in shape and are delightful to eat.  They make for a perfect snack or to help enhance an existing snack; or satisfy the chocoholic in you<br /><br />Definitely a 5 star product with 5 star quality taste.<br /><br />** JALAPENO TORTILLA ** (1.5oz bags) [5 stars]<br />The Jalapeno tortilla chips are outstanding!  I'm a fan of spicy food so I had to test these out for myself.  The chips do not smell spicy at all which means they are spiced properly (not overloaded).  Upon first bite you might not taste much but that is when this chip gets you.  Very quickly a subtle jalapeno flavor kicks in with a bit of nice spice that isn't to overpowering.<br /><br />With the added kick of the chips these would go perfect with a nice mild salsa.  The chips are crispy and fresh, with that nice subtle spice lingering on your taste-buds for a good few minutes so a small 1.5oz bag will last you some time and allow you to savor the flavor.",positive,what impresses me first off about this brand food should taste good is the fact it is an all natural brand they do not use preservatives trans fats they are gluten free certified kosher no genetic modification etc what is even better about all that is it sacrifices all the unhealthy without sacrificing flavor chocolate tortilla oz bags stars these tortilla chips i just had to try i mean chocolate tortilla chips rather then getting an explosion of sweet sugary chocolate you get this nice soft subtle taste of chocolate with each crunch of the chip these clearly aren t meant for salsa and in fact the back of the bag suggested to sprinkle them in vanilla ice cream or better yet warm the chips up slightly to bring out the flavor both suggestions worked great in fact i prefer these to chocolate chips in my ice cream and they probably are far healthier the chips are rectangular in shape and are delightful to eat they make for a perfect snack or to help enhance an existing snack or satisfy the chocoholic in you definitely a star product with star quality taste jalapeno tortilla oz bags stars the jalapeno tortilla chips are outstanding i m a fan of spicy food so i had to test these out for myself the chips do not smell spicy at all which means they are spiced properly not overloaded upon first bite you might not taste much but that is when this chip gets you very quickly a subtle jalapeno flavor kicks in with a bit of nice spice that isn t to overpowering with the added kick of the chips these would go perfect with a nice mild salsa the chips are crispy and fresh with that nice subtle spice lingering on your taste buds for a good few minutes so a small oz bag will last you some time and allow you to savor the flavor,8,"tortilla chips,chocolate tortilla,salsa chips"
24473,B001E96JYC,A2O8Z4MX4I8WYT,M. Sharp,0,0,5,1303948800,Top 2 of the healthy choice options,"I seriously eat healthy choice fresh mixers/soups 4 or 5 days a week for lunch.  The sweet & sour chicken is in the top 2 of all of them.  Good flavor, lower sodium and a decent amount of food for a lunch.",positive,i seriously eat healthy choice fresh mixers soups or days a week for lunch the sweet sour chicken is in the top of all of them good flavor lower sodium and a decent amount of food for a lunch,19,"lower sodium,sodium decent,food lunch"
452157,B000FIWIWA,A297YMSYEPDX45,~Ariel~,14,14,5,1287014400,Pretty cool mints,"Ricochet Peppermints, 6pk of 100 pieces/1.48oz tins<br /><br />Ingredients: Xylitol, Natural Peppermint Oil, Natural Hibiscus Powder (no Gum Arabic as incorrectly stated in above description)<br /><br />This was my first time trying xylitol mints and I was not disappointed.  They are very sweet & refreshing.  They have a different sweetness than sugar, but it's not phony or sick tasting like some alternative sweeteners.  I was surprised that the mints are light purple, but it's a natural coloring from hibiscus flowers.  I do wish these mints were a little bigger.  They are .42grams/each and the size and shape remind me of Smarties candies.  They dissolve quickly, but that's probably because they're almost pure xylitol and have no added chemicals.  They also make a lot of dust, but I can put up with that for the great ingredients.  I was debating between these and Spry xylitol mints, but the Spry ones have calcium lactate and gum arabic.  Plus they're made in China and Ricochet are made in the USA.  The tins are convenient and have quotes on the inside lid, but some of the tins have loose latches.  Not a common problem, but one of the six didn't close as securely.  So if you have one that closes securely, you might want to save it.  Overall these are great mints and would be even better if they were bigger and available in more stores.<br /><br />If you're looking for a tasty xylitol gum try <a href=""http://www.amazon.com/gp/product/B00124VRPU"">Xyloburst Peppermint Xylitol Chewing Gum 100 Count</a><br /><br />***2012 UPDATE: I just bought another 6-pack & the mints have changed a bit, mostly improvements.  They are now bigger (increased from .42g to .5g) & they make less dust.  They are also more minty.  They are still purple, but the hibiscus powder ingredient has been replaced with ""natural coloring.""  Packaging looks different & they have given them the new name Xyla. The price was still the same, which is nice since the mints have increased in size. Still 100 mints/tin, but weight is 1.76oz rather than 1.48oz. Nutrition facts have remained the same (1 calorie/mint with .4g xylitol & .4g carbs).  Overall the mints are even better than before.  Taste even better & last a little bit longer.",positive,ricochet peppermints pk of pieces oz tins ingredients xylitol natural peppermint oil natural hibiscus powder no gum arabic as incorrectly stated in above description this was my first time trying xylitol mints and i was not disappointed they are very sweet refreshing they have a different sweetness than sugar but it s not phony or sick tasting like some alternative sweeteners i was surprised that the mints are light purple but it s a natural coloring from hibiscus flowers i do wish these mints were a little bigger they are grams each and the size and shape remind me of smarties candies they dissolve quickly but that s probably because they re almost pure xylitol and have no added chemicals they also make a lot of dust but i can put up with that for the great ingredients i was debating between these and spry xylitol mints but the spry ones have calcium lactate and gum arabic plus they re made in china and ricochet are made in the usa the tins are convenient and have quotes on the inside lid but some of the tins have loose latches not a common problem but one of the six didn t close as securely so if you have one that closes securely you might want to save it overall these are great mints and would be even better if they were bigger and available in more stores if you re looking for a tasty xylitol gum try xyloburst peppermint xylitol chewing gum count update i just bought another pack the mints have changed a bit mostly improvements they are now bigger increased from g to g they make less dust they are also more minty they are still purple but the hibiscus powder ingredient has been replaced with natural coloring packaging looks different they have given them the new name xyla the price was still the same which is nice since the mints have increased in size still mints tin but weight is oz rather than oz nutrition facts have remained the same calorie mint with g xylitol g carbs overall the mints are even better than before taste even better last a little bit longer,-1,"xylitol mints,mint xylitol,mints better"
273651,B001EQ5MZW,A5NC3L6UMLY1P,B. Davis,1,1,2,1277337600,Just OK,"I bought this tea after purchasing the same blend at our local tea store, so had the opportunity to compare the two side by side.  Here's my take:  Before brewing, my local tea store's Cassis/Black Currant clearly had significantly more flavor, smelled fresher, and had much longer tea leaves than did the SerendipiTea brand.  It also seemed to smell like it also had more ""notes"" and was a more complex and aromatic blend than the one from SerendipiTea, which by contrast looked and smelled a little faded and stale.  After brewing, the SerendipiTea was more bitter and dark in color (more intense).  In the future I will pay more for the local one because it is so much better.  Probably comes out to another dime per glass of tea, but for me that is well worth it.  The  SerendipiTea is cheaper, it does make a reasonably good tea, but the other is simply more enjoyable to drink, much more mellow and far less bitter.",negative,i bought this tea after purchasing the same blend at our local tea store so had the opportunity to compare the two side by side here s my take before brewing my local tea store s cassis black currant clearly had significantly more flavor smelled fresher and had much longer tea leaves than did the serendipitea brand it also seemed to smell like it also had more notes and was a more complex and aromatic blend than the one from serendipitea which by contrast looked and smelled a little faded and stale after brewing the serendipitea was more bitter and dark in color more intense in the future i will pay more for the local one because it is so much better probably comes out to another dime per glass of tea but for me that is well worth it the serendipitea is cheaper it does make a reasonably good tea but the other is simply more enjoyable to drink much more mellow and far less bitter,2,"serendipitea cheaper,brewing serendipitea,serendipitea bitter"
22268,B000KV61FC,A2R8SIMZEMAH9E,slomobile,2,2,4,1257033600,Good Toy...,"We have a JRT Mix and he is too smart for his own good.  The first time we used this 'puzzle' toy it took him about 45 mins to get to the end.  By the third time he had figured the most efficient way to get food to fall out and he now employs that same technique to finish off a scoop of kibble in about 10 mins.  He really enjoys focusing on this task for the 10 mins, as the JRT is an obsessive breed anyhow.  It gives him a good job to work on.  I recommend this simple toy as we have seen good results and it performs exactly as advertised.  Durability is good, our guy is tough on toys, but if you give it to him with food in it and then remove it from him when complete, there are no issues.",positive,we have a jrt mix and he is too smart for his own good the first time we used this puzzle toy it took him about mins to get to the end by the third time he had figured the most efficient way to get food to fall out and he now employs that same technique to finish off a scoop of kibble in about mins he really enjoys focusing on this task for the mins as the jrt is an obsessive breed anyhow it gives him a good job to work on i recommend this simple toy as we have seen good results and it performs exactly as advertised durability is good our guy is tough on toys but if you give it to him with food in it and then remove it from him when complete there are no issues,0,"toys food,puzzle toy,simple toy"
126089,B001E5E2GS,A2P96PBCN7SQK4,jasmine,0,0,5,1350172800,ms,"This is the best pasta I have found, My whole family loves it.  I use all oF Schar's corn pasts for all my Italian recipes.",positive,this is the best pasta i have found my whole family loves it i use all of schar s corn pasts for all my italian recipes,15,"best pasta,italian recipes,pasta family"
70322,B007I7Z3Z0,A1LJR5IS0B6ADX,"The Straw Man ""J.E. Hoppock""",1,1,4,1336003200,"A nice, smooth drink.  Very refreshing","This is the second green tea drink stick blend I have tried from Lipton, the first being the ""<a href=""http://www.amazon.com/gp/product/B007QH41OG"">Lipton To Go Stix Decaf Iced Green Tea Mix, Tea and Honey, Strawberry Acai, 10-Count (1 Box)</a>"".  Mango Pineapple Green Tea is the flavor mixture in question.  I must say that the taste is really good and all the key ingredients shine through.  In other words, I can taste green tea, mango, pineapple and even a touch of honey, yet none of the flavors are too over bearing.<br /><br />These drink sticks (10 in a box) are 5 calories a serving and taste like they are much higher in calories. It took me a little extra effort to mix the powder into the water, but nevertheless the powder dissolved.  I must say there is a slight, slight aftertaste.  It isn't bad per se but it is worth noting.  I didn't find it to be a big deal or would prevent me from purchasing in the future, yet it should be noted.<br /><br />I believe that Lipton has stepped their game up with these drink mixes and I love the idea that green tea is being utilized.  Green tea is underrated so it is nice that it is being promoted more.",positive,this is the second green tea drink stick blend i have tried from lipton the first being the lipton to go stix decaf iced green tea mix tea and honey strawberry acai count box mango pineapple green tea is the flavor mixture in question i must say that the taste is really good and all the key ingredients shine through in other words i can taste green tea mango pineapple and even a touch of honey yet none of the flavors are too over bearing these drink sticks in a box are calories a serving and taste like they are much higher in calories it took me a little extra effort to mix the powder into the water but nevertheless the powder dissolved i must say there is a slight slight aftertaste it isn t bad per se but it is worth noting i didn t find it to be a big deal or would prevent me from purchasing in the future yet it should be noted i believe that lipton has stepped their game up with these drink mixes and i love the idea that green tea is being utilized green tea is underrated so it is nice that it is being promoted more,-1,"green tea,tea flavor,tea mix"
275160,B000MIDRNW,A3SFVLXLPDPXHZ,slfcritterdoc,0,0,5,1323475200,Treat your college student!,"Great product in easy to reheat packaging. I send these to my college daughter and they are always a hit on her dorm floor, especially for late night study sessions! Free shipping with Prime an added bonus! Thanks Amazon for making Mom a hero!",positive,great product in easy to reheat packaging i send these to my college daughter and they are always a hit on her dorm floor especially for late night study sessions free shipping with prime an added bonus thanks amazon for making mom a hero,-1,"reheat packaging,easy reheat,reheat"
342839,B000ET4SM8,A1OYMUZ0EJPC7B,S. Smith,1,1,5,1283817600,Great buy and excellent customer service,My first package got tied up in the mail somewhere.  The seller immediatel shipped another package out to me.  The beans are high quality.  I would definitely purchase this product again.,positive,my first package got tied up in the mail somewhere the seller immediatel shipped another package out to me the beans are high quality i would definitely purchase this product again,-1,"package beans,beans high,beans"
424829,B0041CIP3M,A2H4AWIOK1REMX,"J. C Clark ""eanna""",0,0,3,1329350400,Satisfactory but hardly amazing,"Caveat: As a vegetarian, I ate this dish prepared with tofu rather than beef. Maybe that mattered more with this sauce than it would with others. But it was OK, without any special or redeeming qualities. The preparation was certainly easy, though that 4/5 of a cup of water (with the instruction printed in 2 point type) stumped me...what measuring cup comes in fifths? I got out a magnifying glass to be sure that's what they wanted. But the flavor just didn't punch as I thought it should, and there was a vague chemical flavor way in the back that left me unimpressed. A bit of tang and hot, but I've had better mixes and far better sauces. Shared with my son and grandson, and their feelings were the same.",neutral,caveat as a vegetarian i ate this dish prepared with tofu rather than beef maybe that mattered more with this sauce than it would with others but it was ok without any special or redeeming qualities the preparation was certainly easy though that of a cup of water with the instruction printed in point type stumped me what measuring cup comes in fifths i got out a magnifying glass to be sure that s what they wanted but the flavor just didn t punch as i thought it should and there was a vague chemical flavor way in the back that left me unimpressed a bit of tang and hot but i ve had better mixes and far better sauces shared with my son and grandson and their feelings were the same,4,"tofu beef,prepared tofu,mattered sauce"
224384,B004IJFZ54,AM5SR2FJ6QA84,"R. Edwards ""quality and value sleuth""",0,0,5,1337126400,DELICIOUS!,"I purchased these because of the outstanding reviews. I needed some cute, yummy animal cookies for my nieces baby shower. I was making a banana pudding in my trifle dish and wanted little animal cookies to march around the edge and show through the bowl. Well, I am happy to say it worked and these were yummy! I had quite a few bags left and my husband and I thoroughly enjoyed them! He is now asking for more. LOL So I am going to try some of the other flavors.",positive,i purchased these because of the outstanding reviews i needed some cute yummy animal cookies for my nieces baby shower i was making a banana pudding in my trifle dish and wanted little animal cookies to march around the edge and show through the bowl well i am happy to say it worked and these were yummy i had quite a few bags left and my husband and i thoroughly enjoyed them he is now asking for more lol so i am going to try some of the other flavors,10,"animal cookies,try flavors,cookies nieces"
437766,B005A1LGIY,AJ2PPTWZ0IIJS,G. BARTO,1,1,3,1322265600,More like Apple than Appletini,"When you mix this up, you get a neon green drink that suggests something wild. But when you drink it, there's just a mild apple flavor. The Margarita Mocktail, though not exactly a margarita, had more zip than this does. If you're looking for a lo-cal apple drink, this is a good enough option and the color is interesting. But if it's the ""mocktail"" part that intrigues you, the margarita mocktail is a better pick.",neutral,when you mix this up you get a neon green drink that suggests something wild but when you drink it there s just a mild apple flavor the margarita mocktail though not exactly a margarita had more zip than this does if you re looking for a lo cal apple drink this is a good enough option and the color is interesting but if it s the mocktail part that intrigues you the margarita mocktail is a better pick,3,"flavor margarita,margarita mocktail,margarita"
93984,B0002DGRPC,A2QXPFTACXWV1I,Ellie at Round Pond,0,0,5,1302825600,Liver treats,My dog is not enthusiastic about food.  She enjoys these treats which are light weight and easy to carry.  Number of treats per day must be limited.,positive,my dog is not enthusiastic about food she enjoys these treats which are light weight and easy to carry number of treats per day must be limited,0,"enjoys treats,treats,food enjoys"
446356,B004NC9G9M,A29D0FVW8TUMUQ,Vass,0,0,5,1325635200,Delicious,This is by far the best tea I've ever tasted.  I love the blend it as and it is very light.  Anyone I had taste it really likes it.,positive,this is by far the best tea i ve ever tasted i love the blend it as and it is very light anyone i had taste it really likes it,2,"best tea,tea,tea ve"
419520,B0029ZAOW8,A11S340ZGE1QZ,bobby7037,0,0,5,1345075200,Just fantastic,"I ordered the 5 hour energy drink,<a href=""http://www.amazon.com/gp/product/B0029ZAOW8"">5-Hour Energy -  Berry 1.93-Ounce Packages (Pack of 12)</a> the order process is so simple, I think 3 clicks and done. the product was promptly dispached and I received it a few days later. Just fantastic",positive,i ordered the hour energy drink hour energy berry ounce packages pack of the order process is so simple i think clicks and done the product was promptly dispached and i received it a few days later just fantastic,6,"ordered hour,pack order,energy drink"
546879,B000XEAWNS,ALYX2MEA5C320,uta cantrell,0,0,5,1291075200,Dingo bones are  the best,"My dog loves dingo bones, she will not eat any other rawhidebones.Wish they could be a little cheaper but my dog is worth it.",positive,my dog loves dingo bones she will not eat any other rawhidebones wish they could be a little cheaper but my dog is worth it,0,"eat rawhidebones,rawhidebones,rawhidebones wish"
427984,B003KRHDMI,APU05R8XI38D8,Smokey Stout,3,11,4,1312502400,Holds K-Kups,This is great for holding K-Kups. Not so good for washing your cat with. That's why I gave it 4 stars instead of 5,positive,this is great for holding k kups not so good for washing your cat with that s why i gave it stars instead of,1,"holding kups,washing cat,kups good"
387298,B0000CDBRQ,A281V1UH0CYEA1,watermaa,0,0,5,1308268800,Best value,"Still one of the best Cajun spice mixes around.  And at this price it makes no sense to buy individual bottles.  Such a good bargain that we've bought cheap spice bottles, filled them, and given them away to friends and family.",positive,still one of the best cajun spice mixes around and at this price it makes no sense to buy individual bottles such a good bargain that we ve bought cheap spice bottles filled them and given them away to friends and family,4,"spice bottles,cajun spice,cheap spice"
32523,B00448NJUC,A2FOCZ83PLEE85,Ec227,0,0,1,1340150400,Disappointed,This Tiny box of mediocre chocolates cost 20$... Not including shipping.  Not worth it.<br /> Just go with Sees or Godiva.... I wish I could return it,negative,this tiny box of mediocre chocolates cost not including shipping not worth it just go with sees or godiva i wish i could return it,-1,"mediocre chocolates,chocolates cost,chocolates"
535912,B003VXHGDM,A3RFU2E6SX9PHG,DRenee,8,9,5,1291420800,"Mmm, mm, great coffee aroma!","While looking for a top rated vanilla K-cup, I stumbled upon this combination flavored cup that was rated higher than any of the vanilla flavored cups at that time.  I took a chance and ordered a double pack from Amazon and was pleasantly surprised. This is a rich tasting medium/light roasted flavor that appeals to several coffee drinkers at our house. There is a hint of built in sweetness so that additional sweeteners are not necessary for those of us who don't care for super sweet coffee. I would classify this as a medium roast and tastes best with the medium sized cup selections on our Keurig Coffee Brewer<a href=""http://www.amazon.com/gp/product/B000GTR2F6"">Keurig B-70 B70 Platinum Single-Cup Home Brewing System</a>. People who prefer extra bold coffees would need to use two of these K-cups to make one extra large travel mug of coffee.<br />  That said, we have found that mixing this flavor with other flavors to make an extra large serving is a most enjoyable pastime at our house. The most popular combo's so far are Jamaica me Crazy with <a href=""http://www.amazon.com/gp/product/B00395DVQS"">Van Houtte French Vanilla K-Cups for Keurig Brewers, 24-Count Boxes (Pack of 2)</a>, Hazlenut<a href=""http://www.amazon.com/gp/product/B00395574M"">Van Houtte Hazelnut Decaffeinated K-Cups for Keurig Brewers, 24-Count Boxes (Pack of 2)</a> or Costa Rican<a href=""http://www.amazon.com/gp/product/B001HKZZ4I"">Van Houtte Caf&eacute;, Costa Rica Tarrazu (Light Roast), 24-Count K-Cups for Keurig Brewers (Pack of 2)</a>. In the end, This is one of the most versatile flavors for those of us who have frequent visitors and several palettes to please.",positive,while looking for a top rated vanilla k cup i stumbled upon this combination flavored cup that was rated higher than any of the vanilla flavored cups at that time i took a chance and ordered a double pack from amazon and was pleasantly surprised this is a rich tasting medium light roasted flavor that appeals to several coffee drinkers at our house there is a hint of built in sweetness so that additional sweeteners are not necessary for those of us who don t care for super sweet coffee i would classify this as a medium roast and tastes best with the medium sized cup selections on our keurig coffee brewer keurig b b platinum single cup home brewing system people who prefer extra bold coffees would need to use two of these k cups to make one extra large travel mug of coffee that said we have found that mixing this flavor with other flavors to make an extra large serving is a most enjoyable pastime at our house the most popular combo s so far are jamaica me crazy with van houtte french vanilla k cups for keurig brewers count boxes pack of hazlenut van houtte hazelnut decaffeinated k cups for keurig brewers count boxes pack of or costa rican van houtte caf eacute costa rica tarrazu light roast count k cups for keurig brewers pack of in the end this is one of the most versatile flavors for those of us who have frequent visitors and several palettes to please,1,"keurig coffee,selections keurig,brewer keurig"
231036,B003ZT3Q0Y,AMXX1X8DDWI0Q,Pearl S,5,5,5,1326499200,Maxwell House International Coffee Orange Cafe',"I have been drinking this coffee for over 20 years and was so upset when Maxwell House stopped making it.  Thank goodness Maxwell House has reproduced the original recipe but, most stores are not carrying this product in Maine. (Target does carry it.)  I have made a personal commitment to remedy this problem by meeting with local grocery store managers and requesting they bring the Orange Cafe' back to the people who have delighted in this flavor for so many years.  Orange Cafe' is truly the best flavor of all the international coffee made by Maxwell House.",positive,i have been drinking this coffee for over years and was so upset when maxwell house stopped making it thank goodness maxwell house has reproduced the original recipe but most stores are not carrying this product in maine target does carry it i have made a personal commitment to remedy this problem by meeting with local grocery store managers and requesting they bring the orange cafe back to the people who have delighted in this flavor for so many years orange cafe is truly the best flavor of all the international coffee made by maxwell house,1,"orange cafe,coffee maxwell,international coffee"
166702,B002T8XW6K,A2TUYQE76BWTKJ,Jamie Dunn,1,2,2,1285891200,Big chew for small dog.,"I got the ""souper"" size version. Let me remind you my dog is a 1yr old, 25lb male Boston Terrier. I bought this as an alterenative because it was edible. I bought the ""souper"" size thinking that he would take FOREVER to chew this. I had gave it to him, and at first he was a bit scared of it. Once he got started there was no stopping him. He ate 90% of it in an hour! If your looking to buy this to keep your dog busy, beware. If a small Boston can chew a ""souper"" size in little over an hour imagine what bigger dogs could do. For the price, I wouldnt recomend this to anyone. It's just like a ""souper"" size cookie.",negative,i got the souper size version let me remind you my dog is a yr old lb male boston terrier i bought this as an alterenative because it was edible i bought the souper size thinking that he would take forever to chew this i had gave it to him and at first he was a bit scared of it once he got started there was no stopping him he ate of it in an hour if your looking to buy this to keep your dog busy beware if a small boston can chew a souper size in little over an hour imagine what bigger dogs could do for the price i wouldnt recomend this to anyone it s just like a souper size cookie,0,"souper size,chew souper,bought souper"
482429,B000E4AIDG,A7EU2BWLLCJY2,"Claire Jordan ""Filmmaker -""",0,0,5,1278028800,Great for iced tea!,"Over the years I have tried making iced tea out of dozens of different herbal teas and most just end up tasting like lightly-flavored water.  This Yogi Sweet Thai Delight tea is the first I've tried that I will make again.  As a matter of fact, I intend to have a jug of it in the refrigerator all summer!  The taste is amazingly sweet (but not in a sugary way) and a little nutty (actually ""coconut-ty."")  I don't use sweeteners or milk in my tea as a rule, but even if I did I wouldn't want to add sugar to this tea, it's perfectly sweet as it is.<br /><br />Since there's no recipe for iced tea on the box, I just winged it and put 8 tea bags into a gallon of boiling water, then turned it down and let it steep covered for about twenty minutes.  You could probably also make it the way my Mom made tea in the summer, by putting the bags in a gallon jar, adding room temperature water, sealing it and setting it in the sunniest place in the yard for the day.<br /><br />However you make it, you really should try this tea iced.  I'm not a huge tea drinker normally, but I'm completely hooked on this one.",positive,over the years i have tried making iced tea out of dozens of different herbal teas and most just end up tasting like lightly flavored water this yogi sweet thai delight tea is the first i ve tried that i will make again as a matter of fact i intend to have a jug of it in the refrigerator all summer the taste is amazingly sweet but not in a sugary way and a little nutty actually coconut ty i don t use sweeteners or milk in my tea as a rule but even if i did i wouldn t want to add sugar to this tea it s perfectly sweet as it is since there s no recipe for iced tea on the box i just winged it and put tea bags into a gallon of boiling water then turned it down and let it steep covered for about twenty minutes you could probably also make it the way my mom made tea in the summer by putting the bags in a gallon jar adding room temperature water sealing it and setting it in the sunniest place in the yard for the day however you make it you really should try this tea iced i m not a huge tea drinker normally but i m completely hooked on this one,2,"iced tea,tea iced,delight tea"
180665,B000CQBZQK,A7GGWCD5XQ1JO,Patricia,1,1,5,1225584000,The best tea in the world!!,"This is my favourite tea in the world. The taste is unique: chocolate with hazelnut. If you're a chocoholic like myself, you'll love this tea. Plus it's decaf, so you can have as many as you like. Purchasing this product through Amazon was a great experience: fast service and most important, it was cheaper than buying the product in a store or even at Stash webpage. I'll definitely order more!!",positive,this is my favourite tea in the world the taste is unique chocolate with hazelnut if you re a chocoholic like myself you ll love this tea plus it s decaf so you can have as many as you like purchasing this product through amazon was a great experience fast service and most important it was cheaper than buying the product in a store or even at stash webpage i ll definitely order more,2,"chocolate hazelnut,hazelnut chocoholic,hazelnut"
376178,B0000U11DA,A3VIH0W7WXDZ0Y,David G Shaw,7,9,5,1080604800,Taste of Heaven,I purchased this product at a little shop in Venice last year. I had been looking everywhere for a &quot;traditional&quot; bottle. This is simply heaven over ice cream or cheese. I use this for very special occasions and it has never disappointed.<p>The packaging includes some very nice recipes and other serving suggestions.,positive,i purchased this product at a little shop in venice last year i had been looking everywhere for a quot traditional quot bottle this is simply heaven over ice cream or cheese i use this for very special occasions and it has never disappointed the packaging includes some very nice recipes and other serving suggestions,-1,"quot bottle,cream cheese,bottle simply"
396084,B004X8T8DK,A126QZHC7NOZOU,Bob S,0,1,5,1320537600,tasty health cereal-great price,love to buy these when they are on sale here at Amazon.  Always a good tasty product.  Best place to buy the Chocolate mini wheats.,positive,love to buy these when they are on sale here at amazon always a good tasty product best place to buy the chocolate mini wheats,11,"mini wheats,wheats,chocolate mini"
46391,B002GJ9JWS,A1QDR90KD4GVPV,thabuifactor,0,0,5,1348444800,Peanut Butter Everyday!,I am a peanut butter addict and I absolutely love using this in my daily protein shakes. Flavor is delicious and it is more than half the calories and fat. What more can you ask for?! Awesome healthier alternative. I have not tried it in a sandwhich yet though.,positive,i am a peanut butter addict and i absolutely love using this in my daily protein shakes flavor is delicious and it is more than half the calories and fat what more can you ask for awesome healthier alternative i have not tried it in a sandwhich yet though,21,"peanut butter,protein shakes,healthier alternative"
329636,B002QWHJOU,A1NNY57JBI0Z00,workingforchrist,0,0,5,1330905600,These are great!!!,"Our dogs have only been chewing these for about a week and a half and they are great for freshening their breath!!! Their breath was so bad that you couldn't stand having them breathe anywhere by you, now their breath is alot better. I think that it is only gonna continue to get better :) Plus they love them and these don't upset their sensitive tummies!!!! I would recommend these to anyone :)",positive,our dogs have only been chewing these for about a week and a half and they are great for freshening their breath their breath was so bad that you couldn t stand having them breathe anywhere by you now their breath is alot better i think that it is only gonna continue to get better plus they love them and these don t upset their sensitive tummies i would recommend these to anyone,0,"dogs chewing,freshening breath,chewing week"
204957,B0009C8NGC,A1ILOXDAZI7FMX,"Andrew Leyden ""PenguinSix.com""",4,4,5,1136851200,Not as sweet,"I got hooked on these in Hong Kong where my American candy choices were Starburst and Skittles, both sugar rushes of the extreme sort.  This candy is not as sweet as those, but a bit sweeter than most Asian candy (many of my Chinese friends find it too sweet for their taste, but many of my American friends say it is not sweet enough).  I kind of like the middle ground, trying to cut back on my sugars.",positive,i got hooked on these in hong kong where my american candy choices were starburst and skittles both sugar rushes of the extreme sort this candy is not as sweet as those but a bit sweeter than most asian candy many of my chinese friends find it too sweet for their taste but many of my american friends say it is not sweet enough i kind of like the middle ground trying to cut back on my sugars,12,"asian candy,skittles sugar,american candy"
550582,B000J4EPGW,A2ISYE2KXVZOU0,Sammy J,8,8,5,1205884800,Nice Company!,I got the product I wanted in a nice time plus free samples of similar products!  Thanks! Now if only my boyfriend didn't drink it all...,positive,i got the product i wanted in a nice time plus free samples of similar products thanks now if only my boyfriend didn t drink it all,3,"free samples,products thanks,similar products"
72167,B000LKUAK4,A3LJJ86266DBUU,Larry L. Patterson,6,8,5,1178928000,Larry,The absolute best vegan jerky around and believe me I've tried them all. The heat is perfect.,positive,the absolute best vegan jerky around and believe me i ve tried them all the heat is perfect,17,"vegan jerky,best vegan,jerky"
538641,B004FKKEW0,A1PN4289H2VB2U,Cheeseatron,0,0,5,1345680000,This Product Took My Virginity,"There was a time I loved frolicking in the Fall leaves... no longer. There was a time when the smell of my mother's mashed potatoes made me dash to the dinner table... no longer. Once, I was an athlete, but my targets now lay covered in dust, by bow is un-strung, bullseyes... no longer. Sharkbanana didn't only take my innocence, it took my soul. The funny part is, I wanted it too. I wanted... no... demanded it take everything. My life is now Sharkbanana (and vice versa). For those of you interested in being hypnotized and completely consumed by an inanimate object, I highly recommend this cute affordable stuffed toy. However, take caution and know that Sharkbanana takes as much as it gives (and vice versa).",positive,there was a time i loved frolicking in the fall leaves no longer there was a time when the smell of my mother s mashed potatoes made me dash to the dinner table no longer once i was an athlete but my targets now lay covered in dust by bow is un strung bullseyes no longer sharkbanana didn t only take my innocence it took my soul the funny part is i wanted it too i wanted no demanded it take everything my life is now sharkbanana and vice versa for those of you interested in being hypnotized and completely consumed by an inanimate object i highly recommend this cute affordable stuffed toy however take caution and know that sharkbanana takes as much as it gives and vice versa,-1,"hypnotized,hypnotized completely,interested hypnotized"
172192,B002EDEMLY,ABI2STVBF0TFK,ProductReviewsGuy,1,1,5,1306022400,4 pounds of awesome,This tub of red vines is so much for one person to consume. tastes like the good old red vines I normally had for a while. great steal!,positive,this tub of red vines is so much for one person to consume tastes like the good old red vines i normally had for a while great steal,-1,"red vines,tub red,vines"
324141,B001DYKH7S,A2YIO225BTKVPU,"Angel_Boy ""Treat the people around you the wa...",0,1,4,1323561600,EXCELLENT,"5 1/4 pounds of choclately goodness. $18.53 when i ordered came to $3.50  for 1 pound- that's a great deal- it's even $4 cheaper today, so it's a steal at $2.75 ish a pound. Normally that's the price of a 9-12 ounce bag in the store.<br /><br />I've opened 2 bags so far and the quality was excellent- there were only a couple of crushed butterfinger bars- but those bars are easy to crush- a crumbly candy bar.<br />Such a good deal today i may order more. I would recommend if you can buy for $18 or less.",positive,pounds of choclately goodness when i ordered came to for pound that s a great deal it s even cheaper today so it s a steal at ish a pound normally that s the price of a ounce bag in the store i ve opened bags so far and the quality was excellent there were only a couple of crushed butterfinger bars but those bars are easy to crush a crumbly candy bar such a good deal today i may order more i would recommend if you can buy for or less,-1,"pounds choclately,pounds,ish pound"
345359,B001GVIT6E,A1VJS5J9RWVQ5K,"Puff n Fluff* ® ""Puff*""",3,4,5,1306108800,Interesting Extra Fine Ground Coffee,"A package of coffee that's LARGER than 1 pound, imagine that! And you get 3 of those nice large bags in your order.  Plus the price is extremely reasonable especially for an import.<br /><br />The first thing I noted about this coffee is that it is very tightly vacuum sealed - no air in the bag.<br />When you open the bag you get a lovely waft of fresh ground coffee.<br /><br />The coffee itself is ground extra fine to what is very much like a powder, quite dark in color and even though ground to that gauge is nice and moist with an acceptable amount of oiliness.<br /><br />The extra fine grind makes using a paper filter a necessity - you can use a gold tone filter but it will clog with grounds so must be scrubbed after use and you will, most likely, find grounds in the bottom of your pot.<br /><br />No matter what coffee we brew in our auto drip pot we start the brewing process and then pause it for a short time allowing the grounds to 'bloom' and then restart the brewing until completion.<br /><br />We have found that this coffee as most of the Made in Germany coffees we've tried has a slight acidity and an earthy undertone in the flavor. Not a negative if that appeals to you. We enjoy it after dinner but prefer a lighter roasted bean for our morning cups.<br /><br />As with any coffee, liking this coffee very much or disliking it comes down to personal taste.<br /><br />At the price it's certainly worth trying.",positive,a package of coffee that s larger than pound imagine that and you get of those nice large bags in your order plus the price is extremely reasonable especially for an import the first thing i noted about this coffee is that it is very tightly vacuum sealed no air in the bag when you open the bag you get a lovely waft of fresh ground coffee the coffee itself is ground extra fine to what is very much like a powder quite dark in color and even though ground to that gauge is nice and moist with an acceptable amount of oiliness the extra fine grind makes using a paper filter a necessity you can use a gold tone filter but it will clog with grounds so must be scrubbed after use and you will most likely find grounds in the bottom of your pot no matter what coffee we brew in our auto drip pot we start the brewing process and then pause it for a short time allowing the grounds to bloom and then restart the brewing until completion we have found that this coffee as most of the made in germany coffees we ve tried has a slight acidity and an earthy undertone in the flavor not a negative if that appeals to you we enjoy it after dinner but prefer a lighter roasted bean for our morning cups as with any coffee liking this coffee very much or disliking it comes down to personal taste at the price it s certainly worth trying,1,"ground coffee,package coffee,coffee ground"
82464,B003VIJI1A,A2158Y2U61AU9G,Lillian37,8,9,2,1300924800,I Don't Like It,"If you're looking for a Campbell's cream of mushroom soup substitute, this isn't it. It doesn't have the milky-creamy consistency of Campbell's. It has a sour taste, from the cultured cream and whey. The broth is transparent. The pieces of mushroom are bigger. It's really nothing like Campbell's in taste or appearance. It's definitely much, much healthier, but I don't like the taste or texture and won't be buying it again. I'll be making my own cream of mushroom soup from now on.",negative,if you re looking for a campbell s cream of mushroom soup substitute this isn t it it doesn t have the milky creamy consistency of campbell s it has a sour taste from the cultured cream and whey the broth is transparent the pieces of mushroom are bigger it s really nothing like campbell s in taste or appearance it s definitely much much healthier but i don t like the taste or texture and won t be buying it again i ll be making my own cream of mushroom soup from now on,19,"mushroom soup,campbell cream,soup substitute"
251848,B002AN4TWK,ALTWS8ZOMWUUD,Former Employee Of,0,0,5,1294704000,Real meat!,This is very nice cat food.  Our little cat just loves it.  Big chunks of dark fish in sauce.,positive,this is very nice cat food our little cat just loves it big chunks of dark fish in sauce,0,"cat food,fish sauce,food little"
101479,B0081XIAOQ,A2WJY89JH9MVI9,A,21,22,1,1293667200,Hard Plastic,"Another great idea for a dog toy, but my medium-sized dog cracked the yellow covers in less than 5 min. The plastic shattered. She will never see those little yellow covers again. I might find a way to cover the food wells with something else, now that I'm stuck with this toy. My dog is not a chewer, and this toy did not stand up.",negative,another great idea for a dog toy but my medium sized dog cracked the yellow covers in less than min the plastic shattered she will never see those little yellow covers again i might find a way to cover the food wells with something else now that i m stuck with this toy my dog is not a chewer and this toy did not stand up,0,"dog cracked,dog toy,toy dog"
563906,B002C54UK2,AS5ZEQ8LQ8NU4,Tex Luther,0,0,5,1320105600,Great coffee,"I've gotten the 3 pack a couple times now, going on my 3rd.  It's pretty good coffee.  Each bag so far has been very fresh and they smell like pure bliss as almost chocolatey aromas hit your nose when you open the bags.  Each bag is very consistent too which is hard to find with coffee sometimes.",positive,i ve gotten the pack a couple times now going on my rd it s pretty good coffee each bag so far has been very fresh and they smell like pure bliss as almost chocolatey aromas hit your nose when you open the bags each bag is very consistent too which is hard to find with coffee sometimes,1,"coffee bag,good coffee,fresh smell"
282827,B000X9CX26,AP4V2EJUBT3A7,Delane Kelly,1,1,5,1232236800,Greenies Senior,My dog always liked greenies.  Since she is now 13 years old this product is ideal for her.  They are softer than the the regular greenies,positive,my dog always liked greenies since she is now years old this product is ideal for her they are softer than the the regular greenies,0,"regular greenies,greenies,greenies years"
254927,B000GJOROU,A1RC3SFRNDZAZI,"D. Fast ""Dee""",0,0,5,1293580800,There's no comparison. Nuff said.,"This is THE standard when it comes to rum cakes. Wait, I take that back; this is the ultimate when it comes to rum cakes. If you want to taste the most premium quality, love filled rum cakes start and end with Tortuga Rum Co.",positive,this is the standard when it comes to rum cakes wait i take that back this is the ultimate when it comes to rum cakes if you want to taste the most premium quality love filled rum cakes start and end with tortuga rum co,-1,"rum cakes,tortuga rum,filled rum"
499242,B004M62D5S,A164J4QX9D9P7J,jerrin,0,0,5,1317081600,Yumm-O,This coffee is bold...but not too bold...it is my very favorite...If you like a strong coffee that is not bitter...you will enjoy this coffee...,positive,this coffee is bold but not too bold it is my very favorite if you like a strong coffee that is not bitter you will enjoy this coffee,1,"coffee bold,bold bold,bold"
243923,B000EQT4MA,AISQLBDGS2KXR,"J. T. Noonan ""math department chair""",1,1,5,1263340800,Delicious,"These chips are delicious. Salty sweet with a hint of spice. I have no idea how Tamari is supposed to taste, but these chips are awesome. I just finished an entire bag in one day!",positive,these chips are delicious salty sweet with a hint of spice i have no idea how tamari is supposed to taste but these chips are awesome i just finished an entire bag in one day,8,"taste chips,chips delicious,delicious salty"
447824,B001G5N8KC,A1PFFP6KB9LQCL,Jim,1,1,5,1332979200,Review of Omaha's Italian,"Omaha's Italian sausages are great. Just the right flavor, not too strong or too much fat. I have ordered them 3 times and plan to order them again.",positive,omaha s italian sausages are great just the right flavor not too strong or too much fat i have ordered them times and plan to order them again,-1,"italian sausages,sausages great,sausages"
66648,B000E1HVFM,A2CNO6NW5PJCP4,"Mary E. OConnor ""Hi Tech grandma""",2,2,5,1175385600,Great to find this item,"I cannot find the French Vanilla Jell-o instant pudding in my grocery, but found it online and at a good price. Delighted as I use it a lot.",positive,i cannot find the french vanilla jell o instant pudding in my grocery but found it online and at a good price delighted as i use it a lot,-1,"vanilla jell,instant pudding,pudding grocery"
429615,B0002PSOJW,A27DU9NJ3KHF0F,J. Sue Cochran,0,0,5,1346889600,sriracha hot chili sauce,This is going to be a great hot sauce for recipes. A chef on the Dr. Oz show recommended this in a certain recipe. It has a pretty good kick to it.,positive,this is going to be a great hot sauce for recipes a chef on the dr oz show recommended this in a certain recipe it has a pretty good kick to it,4,"sauce recipes,hot sauce,certain recipe"
511107,B004FGWU9O,A3DZ3P2OCK2Y6E,dogman,6,6,4,1284768000,I would buy it again,"By far,this is the best flavored K cup coffee I've ever had. Good body, not bitter, no flowery aroma (like with the Green Mountain flavored K cups). I like my coffee a little stronger than Puck's Hawaiian Hazelnut, but it is certainly a fine, medium bodied,coffee I could drink over and over.",positive,by far this is the best flavored k cup coffee i ve ever had good body not bitter no flowery aroma like with the green mountain flavored k cups i like my coffee a little stronger than puck s hawaiian hazelnut but it is certainly a fine medium bodied coffee i could drink over and over,1,"bodied coffee,flavored cup,best flavored"
181882,B0009F3POY,A37Y0DCS3CMZEX,alenochek,0,0,5,1280880000,GOOD STUFF,"i love this tea! and it really works! if you drink 4-5 cups, you get more milk in 2 days!",positive,i love this tea and it really works if you drink cups you get more milk in days,2,"love tea,tea really,tea"
536667,B000RDRTJA,A274HFPBMI1NSR,Jen,0,0,5,1347840000,Five stars for the tea itself,"Words cannot even begin to describe my love for this tea. I was looking for an authentic unsweetened tea that contained a substantial amount of antioxidants. This tea was it. It's organic. It has no artificial sweeteners or high fructose corn syrup. It's Fair Trade Certified. It has a ton of antioxidants. Oh, and did I mention how energized I feel after drinking it? Just Green Tea is the real deal. I lucked out because I live close to a Wegmans, who carries the 64 fluid ounce bottle at a good price. This tea is wonderful for health-conscious folks, those seeking to lose weight, college students who have an 8 A.M. class, and tea connoisseurs. Five stars for the product, one star for the Amazon price.",positive,words cannot even begin to describe my love for this tea i was looking for an authentic unsweetened tea that contained a substantial amount of antioxidants this tea was it it s organic it has no artificial sweeteners or high fructose corn syrup it s fair trade certified it has a ton of antioxidants oh and did i mention how energized i feel after drinking it just green tea is the real deal i lucked out because i live close to a wegmans who carries the fluid ounce bottle at a good price this tea is wonderful for health conscious folks those seeking to lose weight college students who have an a m class and tea connoisseurs five stars for the product one star for the amazon price,2,"antioxidants tea,tea organic,green tea"
5574,B00444ZAQM,A1SGHI3RGDOELB,S. Chandra,1,1,5,1324598400,Fantastic!,These olives are delicious! They are not overwhelmingly spicy.  My 8 year old son just ate an entire bag today for a snack.  They are not packed in juice but are moist and flavorful.  The bags are small enough that they are perfect for tossing in a lunch box or bag.  The calories listed for consuming the entire bag is only 100.,positive,these olives are delicious they are not overwhelmingly spicy my year old son just ate an entire bag today for a snack they are not packed in juice but are moist and flavorful the bags are small enough that they are perfect for tossing in a lunch box or bag the calories listed for consuming the entire bag is only,8,"olives delicious,olives,flavorful bags"
469169,B000AQFQC6,A2IFBTNKIK68QO,M. Gomez,3,3,3,1140739200,Shirataki noodles,"I followed all directions on preparing the noodles and am pleased to say that they were not at all tough or rubbery.  The fettuccini resembled the texture of fine pad thai noodles and the noodles were something like the cup-a-soup noodles.  Mind you it is flavorless and not a gourmet item, but with its low low calorie and carb count, it is not at all bad.  Just be mindful of the sauce used. I mixed it with frozen vegetables in a low-fat sauce and added grated cheese, and it was light and pleasant.  I look forward to experimenting with other additions.",neutral,i followed all directions on preparing the noodles and am pleased to say that they were not at all tough or rubbery the fettuccini resembled the texture of fine pad thai noodles and the noodles were something like the cup a soup noodles mind you it is flavorless and not a gourmet item but with its low low calorie and carb count it is not at all bad just be mindful of the sauce used i mixed it with frozen vegetables in a low fat sauce and added grated cheese and it was light and pleasant i look forward to experimenting with other additions,15,"noodles like,rubbery fettuccini,noodles noodles"
135797,B0046HJN5G,AHVXLT7CN360R,"P. Wrench ""'Plane jockey'""",1,1,5,1326153600,Very YUMMY!,Really like the way these taste.  Can taste the fruit.  Great snack anytime (I also tried the snack size variety which are great to try new flavors).,positive,really like the way these taste can taste the fruit great snack anytime i also tried the snack size variety which are great to try new flavors,5,"taste fruit,great snack,fruit great"
29982,B000H23Z94,A350QBSYFL1TH3,Just for the Record,2,2,5,1167004800,Best Chinese is at home with this product,This is the easiest homemade chinese you will ever make and the best.  I dredge the meat in additional cornstart before frying to make it crispy.  Always get rave reviews.,positive,this is the easiest homemade chinese you will ever make and the best i dredge the meat in additional cornstart before frying to make it crispy always get rave reviews,4,"homemade chinese,frying make,chinese make"
498376,B000PGE032,A2EMWNG99AUFK5,Bugs123,2,2,1,1336089600,Do not buy this!,I purchased this product to spray the yard and immediately upon turning on the water it fell apart.  The blue attachment came off the bottle.  I turned down the water pressure and reconnected it only to have it happen over and over until plastic pieces came flying out and I got soaked.  This is a flawed design that should not be on the market.  Look elsewhere.,negative,i purchased this product to spray the yard and immediately upon turning on the water it fell apart the blue attachment came off the bottle i turned down the water pressure and reconnected it only to have it happen over and over until plastic pieces came flying out and i got soaked this is a flawed design that should not be on the market look elsewhere,-1,"spray yard,product spray,blue attachment"
37653,B002R81L92,A1A3RPTIPAK4ON,womenfly,0,0,5,1350432000,very tasty,bought these at costco for a few cents less and figure they will either double in price or never be in stock again glad to know they are here on amazon  They ARE addictingly good..the deep dark chocolate flavor is haunting.  I was looking for choc cherries but these will do nicely,positive,bought these at costco for a few cents less and figure they will either double in price or never be in stock again glad to know they are here on amazon they are addictingly good the deep dark chocolate flavor is haunting i was looking for choc cherries but these will do nicely,-1,"choc cherries,cherries nicely,cherries"
44520,B000NMK0EQ,A8IW8LPW286XF,Kristin Allen,0,0,5,1215993600,Great snack!,"I eat these bars almost daily. They taste great, and I don't notice the odor that another reviewer mentions. My husband is a bit of a picky eater who doesn't avoid sugar or make an effort to get plenty of veggies like I do. He really likes them too. They're great as an energy bar during or after a long workout, as a snack or part of a lunch. 160 calories isn't bad. And I love that they taste great and help me get my daily veggie servings. Finally, they don't mess up my blood sugar like the date-based bars tend to do.",positive,i eat these bars almost daily they taste great and i don t notice the odor that another reviewer mentions my husband is a bit of a picky eater who doesn t avoid sugar or make an effort to get plenty of veggies like i do he really likes them too they re great as an energy bar during or after a long workout as a snack or part of a lunch calories isn t bad and i love that they taste great and help me get my daily veggie servings finally they don t mess up my blood sugar like the date based bars tend to do,9,"avoid sugar,notice odor,eat bars"
204294,B000FZV432,AJHZOKK6Y4LME,"D.W. ""tv-watching history buff""",1,1,5,1286496000,Fun and tasty,"I disagree with other reviews that call this mushy. It cooked perfectly fine for me, but I followed the directions: brought water to a boil, and then cooked for 3 minutes. I served this with little tomatoes and asparagus (the red and green really popped against the black). One thing: it smelled a little fishy (?) when I strained it. However it tasted fine. We did not get a strong squid ink flavor.",positive,i disagree with other reviews that call this mushy it cooked perfectly fine for me but i followed the directions brought water to a boil and then cooked for minutes i served this with little tomatoes and asparagus the red and green really popped against the black one thing it smelled a little fishy when i strained it however it tasted fine we did not get a strong squid ink flavor,-1,"mushy cooked,cooked perfectly,tasted fine"
410323,B000084EZ4,A2GOQDL887BYJO,"M. Tsang ""dukebb1515""",1,1,5,1297814400,Fresh and delicious,"My two cats will eat anything. So why do I even care what they eat? I care because it's about their health and it's a important responsibility I accepted when I adopted them. This Wellness Canned food is very fresh and (according to the experts) has all the healthy nutrition cats need. I've tried a few different brands and this one gives my cats the best soft, full coat and even makes their poop smell less (super bonus!). It's pricier, but give it a shot.",positive,my two cats will eat anything so why do i even care what they eat i care because it s about their health and it s a important responsibility i accepted when i adopted them this wellness canned food is very fresh and according to the experts has all the healthy nutrition cats need i ve tried a few different brands and this one gives my cats the best soft full coat and even makes their poop smell less super bonus it s pricier but give it a shot,0,"nutrition cats,cats eat,wellness canned"
514597,B000EY130S,A2BC8OPQW0ATW,Nancy E. Unger,1,1,5,1173571200,Bread Mix,"A good breakfast bread which isn't too sweet.  I sometimes have problems with the bread rising well because of the humid climate where I reside, but this made a good size loaf.  It had lots of almonds with the mix which was very good.",positive,a good breakfast bread which isn t too sweet i sometimes have problems with the bread rising well because of the humid climate where i reside but this made a good size loaf it had lots of almonds with the mix which was very good,7,"breakfast bread,bread,size loaf"
207598,B004Z83LC2,AEEMMKYX27YQ,"Amazonian 2082 ""Amazonian 2082""",0,1,1,1319068800,No Pumpkin Flavor,"I know everyone has their preference in taste...that being said, I did not like this syrup.  It tastes nothing like pumpkin, but instead like I put cinnamon red hot candy in my coffee and added some sugar.  Also after every drink, I have an awful after taste.  Last year I used Torani Pumpkin Spice syrup and felt I got more of the pumpkin flavor.",negative,i know everyone has their preference in taste that being said i did not like this syrup it tastes nothing like pumpkin but instead like i put cinnamon red hot candy in my coffee and added some sugar also after every drink i have an awful after taste last year i used torani pumpkin spice syrup and felt i got more of the pumpkin flavor,-1,"syrup tastes,pumpkin flavor,spice syrup"
416372,B000B8SR8I,A2FNWX6AO47VBM,MICHELLE G,3,3,5,1157760000,BEST CHAI EVER - VANILLA IS MY FAVORITE,"I AM TOTALLY ADDICTED TO CHAI TEA AND BIG TRAIN VANILLA IS MY ABSOLUTE FAVORITE. ALL THOUGH MY HUSBAND PREFERS THE SPICED (IT HAS A SLIGHT HINT OF CLOVE AND MORE CINNAMON) ONCE YOU TRY THIS BRAND NO OTHER CHAI WILL COMPARE.  BEFORE ORDERING AT COFFEE SHOPS, I ALWAYS CHECK THE BRAND THEY USE-IF ITS ANOTHER BRAND I USUALLY GO WITH SOMETHING OTHER THAN CHAI BECAUSE TO ME THERE IS NO COMPARISON.",positive,i am totally addicted to chai tea and big train vanilla is my absolute favorite all though my husband prefers the spiced it has a slight hint of clove and more cinnamon once you try this brand no other chai will compare before ordering at coffee shops i always check the brand they use if its another brand i usually go with something other than chai because to me there is no comparison,2,"chai tea,clove cinnamon,prefers spiced"
145278,B000FBM3WC,A2OWR2PL3DLWS4,Love to Cook,0,0,5,1250208000,So delicious,"This very crispy sugar wafer is perfect with ice cream, or with coffee or tea.  It's got a lovely burnt marshmallow flavor.  I really like these- they seem to harmonize with anything.  I'm allergic to GMo cornstarch, so it is hard for me to find cookies I can eat.  This one is lovely, and it's safe for me to eat.",positive,this very crispy sugar wafer is perfect with ice cream or with coffee or tea it s got a lovely burnt marshmallow flavor i really like these they seem to harmonize with anything i m allergic to gmo cornstarch so it is hard for me to find cookies i can eat this one is lovely and it s safe for me to eat,10,"crispy sugar,sugar wafer,marshmallow flavor"
460415,B00507A02Q,A2UVFZR37IMG4F,Frank Herb,2,5,5,1332806400,Best tasting bottled water I've ever had.,"If you want to really taste water, drink it at room temperature. Drinking water cold deadens your taste buds.<br />Besides drinking water directly from a spring, this is the best tasting water I've ever had. I drink it all the time.<br /><br />One critical thing to note:<br />Recently I noticed that the labels on the bottles at the grocery store changed from ""spring water"" to ""filtered water"".<br />The stuff in the new (filtered water) labels does not taste as good. I hope they put it back the way it was.",positive,if you want to really taste water drink it at room temperature drinking water cold deadens your taste buds besides drinking water directly from a spring this is the best tasting water i ve ever had i drink it all the time one critical thing to note recently i noticed that the labels on the bottles at the grocery store changed from spring water to filtered water the stuff in the new filtered water labels does not taste as good i hope they put it back the way it was,-1,"taste water,tasting water,temperature drinking"
374703,B001BCOZ3E,A3TN44T8C0ZD0T,Benjamin Cone,2,2,5,1273190400,GREAT VALUE and DOG LOVES,"The Organix canine formula has been a great success for my miniature poodle, from the standpoints of health and enjoyment. (Dog has significant allergy and other problems) . The delivery is in a matter of literally a few days and the price is over 20% less than at a local discount pet supply store.",positive,the organix canine formula has been a great success for my miniature poodle from the standpoints of health and enjoyment dog has significant allergy and other problems the delivery is in a matter of literally a few days and the price is over less than at a local discount pet supply store,0,"canine formula,organix canine,pet supply"
70680,B000COMPIY,A156XIOX0YW5AR,J. Davis,0,0,5,1268265600,"Light, Cheesy, and Delicious!","Pirate's Booty is a delicious, low calorie, cheddar snack.  The individual bags come in larger bags of 6 that can be stored more easily than the large box that the 72 bags come in.",positive,pirate s booty is a delicious low calorie cheddar snack the individual bags come in larger bags of that can be stored more easily than the large box that the bags come in,5,"pirate booty,booty delicious,cheddar snack"
412283,B000SAPX6S,A3QGPFUH2D4S4S,S. Tucker,1,2,5,1316649600,Fabulous!,"Having recently eliminated caffeine from my diet, I've been very interested in herbal teas because I love the ritual of drinking tea.  I've had good experiences with Davidson's teas and thought I'd give this variety a try.  WOW!<br />This blend of caranberry, rose hips, orange peel, rooibos, and camomile is lucious.  I was pleased no end that it contains lots of dried cramberries.<br />I'll subscribe to get it once a month---it's very seasonal as we move into October---but look forward to drinking it with local honey year round.",positive,having recently eliminated caffeine from my diet i ve been very interested in herbal teas because i love the ritual of drinking tea i ve had good experiences with davidson s teas and thought i d give this variety a try wow this blend of caranberry rose hips orange peel rooibos and camomile is lucious i was pleased no end that it contains lots of dried cramberries i ll subscribe to get it once a month it s very seasonal as we move into october but look forward to drinking it with local honey year round,2,"herbal teas,davidson teas,caffeine diet"
345137,B0076MLL12,A1Y20RMXCE71KJ,christinao,0,1,5,1329955200,"Grove square hot cocoa cups, Dark, single serve cup","We use our Keurig every day.  When a friend gave us a sample we went crazy, it is the best hot chocolate ever.  I highly recommend this, it is a treat in the evening to take the place of dessert.",positive,we use our keurig every day when a friend gave us a sample we went crazy it is the best hot chocolate ever i highly recommend this it is a treat in the evening to take the place of dessert,-1,"use keurig,keurig,keurig day"
421189,B004LL00VS,A2CLZR6WBTG3U2,"Larry G. Wachsmuth ""neoactive""",6,6,5,1314489600,Himalayan Dark Pink Salt will keep you in the pink.,"If you're looking for great value and great taste then this product is for you. I was skeptical about artisan salts and sea salts being different than regular salt until I accidentally ordered a case of sea salt from Portugal from our Co-op. Artisan salts and sea salts add flavor and zing to sea food, grilled foods and vegetables. I've never looked back and only use these special kinds of salts on everything. Be advised, though, if you put pink salt on something, it will turn that something slightly pink.<br /><br />Try this salt and then try salt from Hawaii, Portugal, France, prussian blue from Germany, salt from Japan, Mexico, etc ... You will be surprised at the diversity in taste.",positive,if you re looking for great value and great taste then this product is for you i was skeptical about artisan salts and sea salts being different than regular salt until i accidentally ordered a case of sea salt from portugal from our co op artisan salts and sea salts add flavor and zing to sea food grilled foods and vegetables i ve never looked back and only use these special kinds of salts on everything be advised though if you put pink salt on something it will turn that something slightly pink try this salt and then try salt from hawaii portugal france prussian blue from germany salt from japan mexico etc you will be surprised at the diversity in taste,20,"artisan salts,sea salts,salts sea"
306687,B000KNB0OW,A2GAUM6FEQY0EN,"I. Jean Hall ""jeanie""",5,5,5,1293753600,Great flavor - Excellent value,"I buy organic when possible and have been a fan of McCann's Steel Cut Oatmeal for years, but saw the reviews for Country Choice here by Amazon customers and noticed it was a winner in Cooking Illustrated ratings, and I decided to try it.  I found no discerning difference in the flavor....oats are oats....but the price point on the Country Choice makes it the clear winner IMO.",positive,i buy organic when possible and have been a fan of mccann s steel cut oatmeal for years but saw the reviews for country choice here by amazon customers and noticed it was a winner in cooking illustrated ratings and i decided to try it i found no discerning difference in the flavor oats are oats but the price point on the country choice makes it the clear winner imo,24,"flavor oats,oats oats,oats price"
423129,B005IPJTZE,A1O3X2RXPIB8XF,M. Allison,0,0,5,1326931200,Top Coco Cup!,"Hands down the best hot chocolate to date for the Keurig universe. Sweet, creamy and super tasty. I enjoy it with a splash of Caramel creamer (milk/cream natural creamer, not oils)",positive,hands down the best hot chocolate to date for the keurig universe sweet creamy and super tasty i enjoy it with a splash of caramel creamer milk cream natural creamer not oils,-1,"hot chocolate,chocolate date,date keurig"
52736,B0017T2MWW,A3SYTEMUMKIBZ5,Alex,0,0,5,1294272000,"Delicious, refreshing!","I drink about 10 cups of tea a day. Mostly black, so I'm pretty picky about my green teas. I ordered these so I'd have something to grab when heading out and not wanting to brew a pot. I never sweeten any tea, the taste is much better unsweet. So, I cannot comment on how this would taste sweetened but it really doesn't need it. I would buy these again, they arrived in good shape (no leaks) and fit nicely in the door of the fridge. You def want to drink them really cold for best taste.",positive,i drink about cups of tea a day mostly black so i m pretty picky about my green teas i ordered these so i d have something to grab when heading out and not wanting to brew a pot i never sweeten any tea the taste is much better unsweet so i cannot comment on how this would taste sweetened but it really doesn t need it i would buy these again they arrived in good shape no leaks and fit nicely in the door of the fridge you def want to drink them really cold for best taste,2,"sweeten tea,taste sweetened,tea taste"
17763,B000Z978SS,A2S3VA3J6K9E1S,Neicy,6,15,1,1236902400,Bitter tasting,"After reading the positive reviews I thought I'd give this product a try. I do not know how anyone can say this tastes like sugar. This stuff is awful, the after taste was agonizing. I could smell the difference in the coffee let alone taste it. I am so glad I do not have to use this in place of sugar I was just trying to cut some calories. I am so glad I have alternatives to choose from. It's Splenda for me. The site would not allow me to place the review without giving the product a star but it is a zero in my book.",negative,after reading the positive reviews i thought i d give this product a try i do not know how anyone can say this tastes like sugar this stuff is awful the after taste was agonizing i could smell the difference in the coffee let alone taste it i am so glad i do not have to use this in place of sugar i was just trying to cut some calories i am so glad i have alternatives to choose from it s splenda for me the site would not allow me to place the review without giving the product a star but it is a zero in my book,3,"choose splenda,splenda,sugar"
412869,B000H227LQ,A1MRBYII2KEF8U,Coni Jo,0,0,5,1206662400,Best hot chocolate!,I was given these as a gift and immediately went to the net to find the other flavors available.  It's some of the best hot chocolate I've tried.,positive,i was given these as a gift and immediately went to the net to find the other flavors available it s some of the best hot chocolate i ve tried,14,"hot chocolate,flavors available,flavors"
509471,B001397WYE,A261IPFGLTU90L,"Jeff Baird ""JB""",5,9,1,1283644800,DON'T BUY THIS FOR ITS GRAIN FREE ATTRIBUTES.,"OK, for those that think they may be buying a grain free product, DON'T BUY THIS.  My yellow lab is bad with any grains and causes her to have asthma attacks (really, really bad attacks).  Tried this first time last night and she woke up coughing and wheezing.  WTF I thought and sure enough, it has oat bran in it.  My stupid dumb ***, I trust Newman's to have a product accurately reflecting the products on the label.  Brown rice and chicken aren't oats.  I guess my lesson learned is trust no one and read all the labels (actually did before i bought, must have missed it though). I didn't miss it,but Amazon has proven they are wonderful when it comes to taking care of their customers if they feel there was an error or communication problem.  I will continue to use Amazon for most of my shopping, given the incredible value of unlimited 2 day shipping for $75/year",negative,ok for those that think they may be buying a grain free product don t buy this my yellow lab is bad with any grains and causes her to have asthma attacks really really bad attacks tried this first time last night and she woke up coughing and wheezing wtf i thought and sure enough it has oat bran in it my stupid dumb i trust newman s to have a product accurately reflecting the products on the label brown rice and chicken aren t oats i guess my lesson learned is trust no one and read all the labels actually did before i bought must have missed it though i didn t miss it but amazon has proven they are wonderful when it comes to taking care of their customers if they feel there was an error or communication problem i will continue to use amazon for most of my shopping given the incredible value of unlimited day shipping for year,0,"buying grain,oat bran,grain free"
524585,B0017QNBCK,A232B19SH43FYJ,M. Uhl,0,0,3,1265155200,Where's the heat?,Not HOT enough for me. Tastes good. Recommend 3 stars. More heat could and can be added.,neutral,not hot enough for me tastes good recommend stars more heat could and can be added,-1,"hot tastes,stars heat,heat added"
285689,B001EO5XBW,A2O8Y260FIXKU8,Ravichandran Raja,1,1,5,1275436800,Yummy Yummy,I thoroughly enjoyed the dried pineapple. In fact I devoured them over a single weekend as it was very addictive and you can keep popping these in your mouth like candy. These are actually very sweet but not of a saturating nature.<br /><br />Happy with the purchase. Only wish the packets had more than 3 ounces per bag.,positive,i thoroughly enjoyed the dried pineapple in fact i devoured them over a single weekend as it was very addictive and you can keep popping these in your mouth like candy these are actually very sweet but not of a saturating nature happy with the purchase only wish the packets had more than ounces per bag,5,"dried pineapple,pineapple,enjoyed dried"
414322,B001709GF2,ATJJYZUZM2U6F,Birdie Blue,0,1,5,1341014400,Excellent for cats with grain sensitivity,"After adopting my cat, I noticed fairly quickly that he spent a lot of time sneezing and coughing, and would sometimes have asthma attacks. (Yes, feline asthma is a thing.) I did some research online and found many suggestions that grain-free food can help control feline asthma. I first tried Blue Buffalo's grain free line, and that kibble was good for some months, but I also wanted to feed wet food, and their canned ""Wilderness"" line didn't seem to agree with my cat's sensitive stomach. At that point, I switched to Before Grain, both wet and dry, and my cat has thrived on it. He also has only had one or two asthma attacks in the past year, as opposed to at least one every few weeks before switching to grain-free food.<br /><br />I think the important thing to realize is that all cats will react differently to different foods. What works for one won't work for another, and it might take trying several different brands or even flavors within a brand to find the food that is best for your cat.<br /><br />However, I do purchase the dry food at the local Petco rather than online. It is cheapest there. The wet food cases, however, are about equivalent in price, so I buy them here on Amazon.",positive,after adopting my cat i noticed fairly quickly that he spent a lot of time sneezing and coughing and would sometimes have asthma attacks yes feline asthma is a thing i did some research online and found many suggestions that grain free food can help control feline asthma i first tried blue buffalo s grain free line and that kibble was good for some months but i also wanted to feed wet food and their canned wilderness line didn t seem to agree with my cat s sensitive stomach at that point i switched to before grain both wet and dry and my cat has thrived on it he also has only had one or two asthma attacks in the past year as opposed to at least one every few weeks before switching to grain free food i think the important thing to realize is that all cats will react differently to different foods what works for one won t work for another and it might take trying several different brands or even flavors within a brand to find the food that is best for your cat however i do purchase the dry food at the local petco rather than online it is cheapest there the wet food cases however are about equivalent in price so i buy them here on amazon,0,"feline asthma,cat purchase,adopting cat"
477657,B004VITHY2,A1DL3S5R0CH801,Hayden,0,0,3,1319328000,Slightly Suspicious,"RevHoney was sponsoring a Homecoming 5k race at my college, and they were giving out all of their products. Looking at the ingredients list, they don't actually list Raw Honey, or Honey, they call it ""Rev Honey"". In all descriptions of their drink, they say that Rev Honey includes raw honey, not that Rev Honey is raw honey. I feel like it's a little suspicious, but I don't doubt that there is raw honey.<br /><br />Overall, the taste is mediocre on this product, and after our 5k, it's making my stomach hurt. Some may love the taste, but it's not my cup of tea.",neutral,revhoney was sponsoring a homecoming k race at my college and they were giving out all of their products looking at the ingredients list they don t actually list raw honey or honey they call it rev honey in all descriptions of their drink they say that rev honey includes raw honey not that rev honey is raw honey i feel like it s a little suspicious but i don t doubt that there is raw honey overall the taste is mediocre on this product and after our k it s making my stomach hurt some may love the taste but it s not my cup of tea,-1,"raw honey,honey raw,honey rev"
533713,B0009DY554,ASWVI5LWR8DO8,"N. Welch ""Momgyver""",1,1,5,1342310400,"tastes good, works great","One must know that this dieter's tea helps mostly by moving your bowels along.  Be careful at first, or it will be unpleasant!",positive,one must know that this dieter s tea helps mostly by moving your bowels along be careful at first or it will be unpleasant,2,"tea helps,dieter tea,moving bowels"
343638,B006BXUY2Y,A100WO06OQR8BQ,"Duffer. ""Bo""",0,0,5,1336003200,Deeeeeelicious!,"I did not know what to expect after reading many of the reviews. Some were good and some not so much. I decided to try to ignore all I had read and start from scratch. I removed one of the small bars from the box and took off the wrapper. One bite and I was hooked. Being a chocoholic to begin with I knew I could become addicted to these bars. You can read all about the ingredients and health issues etc but I am just going to tell you that these are very tasty IMHO. I could have eaten the whole box full at one sitting. Fortunately, I had enough will power to shelve the remainder of the bars for future consumption as an after dinner dessert. If you like chocolate you will almost certainly like these bars.",positive,i did not know what to expect after reading many of the reviews some were good and some not so much i decided to try to ignore all i had read and start from scratch i removed one of the small bars from the box and took off the wrapper one bite and i was hooked being a chocoholic to begin with i knew i could become addicted to these bars you can read all about the ingredients and health issues etc but i am just going to tell you that these are very tasty imho i could have eaten the whole box full at one sitting fortunately i had enough will power to shelve the remainder of the bars for future consumption as an after dinner dessert if you like chocolate you will almost certainly like these bars,9,"small bars,bars box,bars read"
138984,B0041CIR62,ANEDXRFDZDL18,Serene,1,3,1,1329696000,Like eating crunchy hair,"I'm pretty easy going about noodles. And I like my pasta with no fuss. So I was disappointed with these Brown Rice Vermicelli. Following the packaged instructions, the  noodles came out so al dente they tased like crunchy hair or easter grass. No one in my family liked them. I ended up eating mine on top of my fried rice like a garnish, but frankly they were just too hard. Only after the noodles had sat uneaten in the bowl in a sink filled with soapy dish water, did these noodles actually soften up to a reasonable texture. So my advice?- soak 'em longer than the package says.<br /><br />I also have to say the instructions weren't that good. Its really hard to mess up noodles... But these yes... It is possible.<br /><br />Overall, I can't recommend this product. I like my pasta fuss-free, and this was a high maintenance low mileage generic tasting stuff. I've had better- and a lot less fuss too.",negative,i m pretty easy going about noodles and i like my pasta with no fuss so i was disappointed with these brown rice vermicelli following the packaged instructions the noodles came out so al dente they tased like crunchy hair or easter grass no one in my family liked them i ended up eating mine on top of my fried rice like a garnish but frankly they were just too hard only after the noodles had sat uneaten in the bowl in a sink filled with soapy dish water did these noodles actually soften up to a reasonable texture so my advice soak em longer than the package says i also have to say the instructions weren t that good its really hard to mess up noodles but these yes it is possible overall i can t recommend this product i like my pasta fuss free and this was a high maintenance low mileage generic tasting stuff i ve had better and a lot less fuss too,15,"hard noodles,instructions noodles,noodles like"
525104,B004ZIF15W,A2O25AV9D0P39H,Sunny in FL,3,4,3,1328918400,"These biscuits are dry and need additional ""help""","Unlike other Marie Callendar products, these biscuits need additional ingredients during the prep phase.  If you follow the instructions, as is, the biscuits are dry and have a light cheese flavor.  Adding butter and cheese can improve the product.<br /><br />When compared to other low cost biscuit mixes such as Betty Crocker or Bisquick, Marie's mix need additional flavoring and butter/oil.  I enjoy Marie's other products and will continue to try the other products.  This mix is good to use when you are a rush, so long as you have time to to ""help"" the mix.",neutral,unlike other marie callendar products these biscuits need additional ingredients during the prep phase if you follow the instructions as is the biscuits are dry and have a light cheese flavor adding butter and cheese can improve the product when compared to other low cost biscuit mixes such as betty crocker or bisquick marie s mix need additional flavoring and butter oil i enjoy marie s other products and will continue to try the other products this mix is good to use when you are a rush so long as you have time to to help the mix,7,"biscuit mixes,products biscuits,biscuits need"
435054,B002GWH7DS,A2MLCH9REYK6Q7,Zoli,2,2,1,1266883200,"Yucky sweet aroma, nothing to do with passion fruit","Unfortunately the title says it all.  Sweet generic aroma, not even remotely resembling to passion fruit flavor.  Does not come close to what I used to buy from another vendor here: <a href=""http://www.amazon.com/gp/product/B0000EWBT4"">Passion Fruit Tea, 2 Pound Bag</a><br /><br />They don't have it now, and I was too lazy to go to the CoffeeAM site directly, so I tried this one staying @ Amazon.  Mistake... :-(",negative,unfortunately the title says it all sweet generic aroma not even remotely resembling to passion fruit flavor does not come close to what i used to buy from another vendor here passion fruit tea pound bag they don t have it now and i was too lazy to go to the coffeeam site directly so i tried this one staying amazon mistake,-1,"passion fruit,fruit flavor,generic aroma"
17491,B0045Z6K50,A3D9IQGX9A88RM,Joshua,1,1,5,1342742400,This is the only K Cup we buy!,"As far as Keurig coffee goes, you have like, a hundred choices.  If you're like me and like strong, smooth coffee, you'll discover that not many of those hundred will give you the flavor you're looking for.  Newman's Own Organics Extra Bold, for me, is the best way to go.  I've tried maybe 20 or 30 different K-Cups that tout the word ""strong"" or ""dark"" etc...  This is definitely my favorite (Starbucks is pretty good too).  But at a reasonable price of about .65 a cup, you really can't go wrong with Newman's Own.<br /><br />I brew this EARLY in the morning, and it wakes me up.  I brew it in the afternoon, and it gives me that last-half-of-the-day pickup.  Give it a try!  At least buy the smallest option available and see what you think.  If you like strong coffee, you won't be disappointed!",positive,as far as keurig coffee goes you have like a hundred choices if you re like me and like strong smooth coffee you ll discover that not many of those hundred will give you the flavor you re looking for newman s own organics extra bold for me is the best way to go i ve tried maybe or different k cups that tout the word strong or dark etc this is definitely my favorite starbucks is pretty good too but at a reasonable price of about a cup you really can t go wrong with newman s own i brew this early in the morning and it wakes me up i brew it in the afternoon and it gives me that last half of the day pickup give it a try at least buy the smallest option available and see what you think if you like strong coffee you won t be disappointed,1,"keurig coffee,strong coffee,smooth coffee"
15917,B0006G5N0K,A825IF88RI9M6,Gisela,0,0,3,1349568000,Too many broken pieces,"Generally the dog biscuits are great if not such a high percentage would be broken. The point in buying extra large biscuits is the ""extra large"", small pieces miss the reason for buying theme in the first place. There has to be a better way to pack the biscuits better than this.",neutral,generally the dog biscuits are great if not such a high percentage would be broken the point in buying extra large biscuits is the extra large small pieces miss the reason for buying theme in the first place there has to be a better way to pack the biscuits better than this,0,"dog biscuits,large biscuits,biscuits extra"
526428,B0025UK6MU,A33TCREJ2GZJBY,D. Sorey,1,1,5,1296864000,All-time best hot breakfast cereal!,"Have loved this since I was a little kid. Great flavor- so much better than Cream of Wheat. A little brown sugar and butter is perfect. A bit lighter than oatmeal, for a change of pace.<br /><br />SO GLAD that I can get it on Amazon, because it's not carried in  any stores in our area. Yay, Amazon!",positive,have loved this since i was a little kid great flavor so much better than cream of wheat a little brown sugar and butter is perfect a bit lighter than oatmeal for a change of pace so glad that i can get it on amazon because it s not carried in any stores in our area yay amazon,24,"oatmeal,lighter oatmeal,oatmeal change"
97473,B006W5WDS4,A31I7JTKSVW5ER,"Inge Scott ""Ingebird""",7,10,1,1347062400,Disappointed with Kelloggs,"I no longer will buy anything Kelloggs makes because they refuse to label their products when they contain GMOs. Not only that, they are spending lots of $$$$ to keep Americans (they label in the UK and Europe) in the dark about their ingredients. I support Yes on Prop 37. I want to know what I am feeding my family. Google - Kelloggs spends money to defeat Prop 37.",negative,i no longer will buy anything kelloggs makes because they refuse to label their products when they contain gmos not only that they are spending lots of to keep americans they label in the uk and europe in the dark about their ingredients i support yes on prop i want to know what i am feeding my family google kelloggs spends money to defeat prop,11,"buy kelloggs,google kelloggs,kelloggs makes"
59108,B002HQLY7S,A3FM3935S78K67,Sarge,1,1,3,1284163200,Just good,The aroma is pronounced but the coffee flavor is just okay.  I would buy it again.,neutral,the aroma is pronounced but the coffee flavor is just okay i would buy it again,1,"aroma pronounced,coffee flavor,pronounced coffee"
538367,B0061IUIDY,A1JV4QKTEB7QBL,"Diana F. Von Behren ""reneofc""",1,2,5,1343001600,Hearty Breakfast Tea with Robust Flavor,"A cuppa Higgins & Burke English Breakfast Tea can be a delicious start to your morning or a great pick-me-up in the afternoon.  Delicious served alone, it tastes wonderfully with a splash of milk--somehow partnering with milk brings out a warm almost honey note of the tea that is comforting in its familiarity and association with a cheery kitchen filled with the aromas of a large and hearty breakfast.<br /><br />In fact, English breakfast tea was designed to compliment a large hearty meal.  Its toasty aroma combined with its robust full-bodied taste has a nice albeit slight aftertaste of light floral.  Supposedly created in Scotland it is usually a blend of black tea that includes  Assam, Ceylon, Kenyan and Keemun teas.  The English of the 19th century were fascinated by anything Chinese.  This tea was Anglicized by putting the ""Engilish"" in front of ""Breakfast.""  Its been popular since the days of Queen Victoria.<br /><br />Higgins & Burke's English Breakfast is a blend of rich and malty Assam and full-bodied and earthy Ceylon black teas.  Remember a black tea is black due to the level of oxidation that the tea leaf is exposed to during processing not because it comes from a different plant.  Also don't confuse English Breakfast tea with Earl Grey which has a citrus-y bergamot flavor or Lipton which is blended from over twenty different teas to achieve the distinct Lipton taste<br /><br />I drink my Higgins & Burke red--the Ceylon black tea produces a dark red liquor with a little <a href=""http://www.amazon.com/gp/product/B001L048WO"">Teavana German Rock Cane Sugar (1 lb)</a>.  One 8 ounce cup provides me with just the amount of caffeine I need to bolt me into my day when I am not waking up through exercise.  The preparation is simple:  Boil your water, pour over the tea bag and seep for as long as you choose.  I'd recommend around three minutes if you don't like your tea too strong.<br /><br />In terms of price, Twinings English Breakfast is definitely less expensive if bought in bulk.  Lipton's is more expensive.  However, I like the flavor of Higgins & Burke and the convenient packaging of receiving six 20-count boxes makes it easier for me to store.<br /><br />Bottom line?  Canadian company Higgins & Burke knows how to blend a nice cup of English Breakfast Tea at a reasonable grocery store price.  For tea drinkers everywhere, there is nothing as arousing as a brisk eight ounces of English Breakfast tea in the AM to jump-start your day with a familiar comfort beverage.  Recommended.<br />Diana Faillace Von Behren<br />""reneofc""",positive,a cuppa higgins burke english breakfast tea can be a delicious start to your morning or a great pick me up in the afternoon delicious served alone it tastes wonderfully with a splash of milk somehow partnering with milk brings out a warm almost honey note of the tea that is comforting in its familiarity and association with a cheery kitchen filled with the aromas of a large and hearty breakfast in fact english breakfast tea was designed to compliment a large hearty meal its toasty aroma combined with its robust full bodied taste has a nice albeit slight aftertaste of light floral supposedly created in scotland it is usually a blend of black tea that includes assam ceylon kenyan and keemun teas the english of the th century were fascinated by anything chinese this tea was anglicized by putting the engilish in front of breakfast its been popular since the days of queen victoria higgins burke s english breakfast is a blend of rich and malty assam and full bodied and earthy ceylon black teas remember a black tea is black due to the level of oxidation that the tea leaf is exposed to during processing not because it comes from a different plant also don t confuse english breakfast tea with earl grey which has a citrus y bergamot flavor or lipton which is blended from over twenty different teas to achieve the distinct lipton taste i drink my higgins burke red the ceylon black tea produces a dark red liquor with a little teavana german rock cane sugar lb one ounce cup provides me with just the amount of caffeine i need to bolt me into my day when i am not waking up through exercise the preparation is simple boil your water pour over the tea bag and seep for as long as you choose i d recommend around three minutes if you don t like your tea too strong in terms of price twinings english breakfast is definitely less expensive if bought in bulk lipton s is more expensive however i like the flavor of higgins burke and the convenient packaging of receiving six count boxes makes it easier for me to store bottom line canadian company higgins burke knows how to blend a nice cup of english breakfast tea at a reasonable grocery store price for tea drinkers everywhere there is nothing as arousing as a brisk eight ounces of english breakfast tea in the am to jump start your day with a familiar comfort beverage recommended diana faillace von behren reneofc,2,"breakfast tea,different teas,tea delicious"
246216,B0009F3SBY,A3NTBPHITWAKE0,RedPanda,0,3,1,1338681600,Mislabeled Product,"When I first bought this product I fell in love, and when I stumbled across this great value of the kombucha tea by Yogi I thought it was a really good deal. Well, two week after I purchased the product; I opened the box, and the first thing I see is Kombucha DECAF! No wonder it was cheaper than the other prices. The original kombucha has 30 mg of caffeine, and this one has 5 mg. Okay, so it's decaf so what? I brewed one. I did not like it. It does not taste like the original kombucha. Plus I cannot return this product; therefore, this product gets one star. I am so upset and I will buy from another site.",negative,when i first bought this product i fell in love and when i stumbled across this great value of the kombucha tea by yogi i thought it was a really good deal well two week after i purchased the product i opened the box and the first thing i see is kombucha decaf no wonder it was cheaper than the other prices the original kombucha has mg of caffeine and this one has mg okay so it s decaf so what i brewed one i did not like it it does not taste like the original kombucha plus i cannot return this product therefore this product gets one star i am so upset and i will buy from another site,2,"kombucha tea,kombucha decaf,kombucha mg"
227493,B000VK2UDE,A18ULUA04NGB7D,Danandstef,0,0,5,1334275200,Kids love them!,"These are a great, healthy snack that I can feel good about giving to my kids.  They really like the taste and texture.  I love the packaging too because I can just keep several in my purse for those ""hunger emergencies!""",positive,these are a great healthy snack that i can feel good about giving to my kids they really like the taste and texture i love the packaging too because i can just keep several in my purse for those hunger emergencies,-1,"healthy snack,snack feel,snack"
340509,B0000CFH7B,AHSGEZGKJS3QF,kora,10,16,1,1259625600,Not So Black,I looked everwhere to change my daughter's birthday cake frosting black when the frosting was white.  This product sprays on and says it will give it a black color.  I followed the instructions perfectly and it gave it a grayish color only if you sprayed a bunch on.  The smell was awful and it looked awful.  Realizing it wasn't going to work I stopped and tried to scrape it off.  The entire cake absorbed the flavor - it was horrible and the cake ended up in the garbage.,negative,i looked everwhere to change my daughter s birthday cake frosting black when the frosting was white this product sprays on and says it will give it a black color i followed the instructions perfectly and it gave it a grayish color only if you sprayed a bunch on the smell was awful and it looked awful realizing it wasn t going to work i stopped and tried to scrape it off the entire cake absorbed the flavor it was horrible and the cake ended up in the garbage,-1,"frosting black,black frosting,cake frosting"
366869,B002W9JILE,A1SXF1G7RIIVRR,Sherry Ford,0,1,3,1314921600,sweet cookies,"Yes, I mean sweet. It is good when drinking coffee, but for eating alone it's kinda too sweet for me.",neutral,yes i mean sweet it is good when drinking coffee but for eating alone it s kinda too sweet for me,3,"coffee eating,drinking coffee,mean sweet"
32602,B0000T4LYC,AIA82N6OQ7O1Z,Bakergirl74,0,0,5,1341792000,TOO CUTE!!!,These little sugar bees were the hit of the cake.  They were such a cute addition to my Winnie the Pooh cake.  I love how they were packed so they wouldn't break.  Would definitely order again!!,positive,these little sugar bees were the hit of the cake they were such a cute addition to my winnie the pooh cake i love how they were packed so they wouldn t break would definitely order again,-1,"sugar bees,bees,cake cute"
303532,B000K8CPCS,A3523E6PAOPLZW,PattyAnn,5,5,1,1302048000,Made coffe sweet,I thought these would just add flavor rather than such a sweet taste.  I don't like sugar in my coffee.  Now I have 6 containers that I have to throw away.  There used to be a product just like this that just added flavor and did not have all of the artificial sweetners.  Not a good thing for someone who does not like sugar in their coffee but if you do it is good.,negative,i thought these would just add flavor rather than such a sweet taste i don t like sugar in my coffee now i have containers that i have to throw away there used to be a product just like this that just added flavor and did not have all of the artificial sweetners not a good thing for someone who does not like sugar in their coffee but if you do it is good,3,"artificial sweetners,sweetners good,sugar coffee"
34387,B001P3NU30,AXC0UR8KN0J7F,"L. Jones ""Jazz Lover""",0,0,4,1317945600,Dental Chews at Amazon,Our Rhodesian Ridgeback loves these chews. One keeps him busy while we eat dinner and it keeps my hands away from his razorsharp teeth with a toothbrush! I switched to buying them at Amazon for the lower price. I highly recommend.,positive,our rhodesian ridgeback loves these chews one keeps him busy while we eat dinner and it keeps my hands away from his razorsharp teeth with a toothbrush i switched to buying them at amazon for the lower price i highly recommend,0,"loves chews,rhodesian ridgeback,chews keeps"
27279,B000HYCLDI,A2TKRA3E1KRVYH,epsjoice,0,1,5,1309046400,Excellent Service!,"I ordered these Charms Blow Pops and received them in about 2 days.  It was the best service I've had in a while, and the price was excellent.",positive,i ordered these charms blow pops and received them in about days it was the best service i ve had in a while and the price was excellent,12,"ordered charms,charms blow,pops received"
298191,B004VITI0K,A15TTWZQNBCDJT,Stephanie Murphy,2,3,5,1314316800,Great for western blots!,"I've used this product in somewhat of a niche way.  I have never drank it.  I purchased it on behalf of the biochemistry research lab where I work.  We use it for blocking membranes during western blotting.  I'm not sure if this is lab lore or what, but supposedly Carnation nonfat dry milk is superior to other brands for its ability to block membranes with the lowest background.  Amazon was the only place that we could find it - seems like grocery stores are not carrying it these days, at least locally where I live.",positive,i ve used this product in somewhat of a niche way i have never drank it i purchased it on behalf of the biochemistry research lab where i work we use it for blocking membranes during western blotting i m not sure if this is lab lore or what but supposedly carnation nonfat dry milk is superior to other brands for its ability to block membranes with the lowest background amazon was the only place that we could find it seems like grocery stores are not carrying it these days at least locally where i live,-1,"dry milk,carnation nonfat,milk"
81628,B00018CWZW,A1IRN1M05TPOVT,"Sharon M. Helfand ""Scrapper""",0,0,5,1300924800,Barry Farm  Oriental Rice Cracker mix,"If you are looking for a good, mild, oriental rice cracker mix, this is it! Taste is fantastic, price very reasonable.  The down side is the shipping, which costs more than the total of 4 or 5 products!<br />But I would still recommend.",positive,if you are looking for a good mild oriental rice cracker mix this is it taste is fantastic price very reasonable the down side is the shipping which costs more than the total of or products but i would still recommend,-1,"rice cracker,oriental rice,cracker mix"
412101,B000CQC05K,A1CAOT2NHRWFVN,"B. Schwarz ""beagle mom""",0,0,5,1330560000,The absolute best herbal tea,"My sister suggested this tea to me.  I was looking for a good herbal tea to limit my caffeine, and one I could have in the evening.  Most herbal teas seem very weak to me.  I'm not a big licorice fan, but this doesn't taste strongly of licorice.  As one of the other reviewers said, it just gives you a slightly sweet, slightly licorice aftertaste, which is delightful.  It's great in the evening when I'm craving something sweet - and no calories or caffeine!",positive,my sister suggested this tea to me i was looking for a good herbal tea to limit my caffeine and one i could have in the evening most herbal teas seem very weak to me i m not a big licorice fan but this doesn t taste strongly of licorice as one of the other reviewers said it just gives you a slightly sweet slightly licorice aftertaste which is delightful it s great in the evening when i m craving something sweet and no calories or caffeine,2,"herbal tea,suggested tea,herbal teas"
325986,B0002G3UYU,A1Y23S418988R8,Zanne,0,1,5,1312848000,Love this tea.,"I have been buying YamaMotoYama for quite a few years, but had never tried this particular tea.  I really like it and actually prefer it over their regular green tea or the GenMai Cha that I've been drinking lately.  I would still keep the other types of tea on hand, but this Hoji Cha is good for a substitute for coffee in the morning - it has a deeper taste than regular green tea.<br />I just wish it was sold in those large 90 count packages - 16 tea bags doesn't last very long and those large packages are usually a better value.  :o}",positive,i have been buying yamamotoyama for quite a few years but had never tried this particular tea i really like it and actually prefer it over their regular green tea or the genmai cha that i ve been drinking lately i would still keep the other types of tea on hand but this hoji cha is good for a substitute for coffee in the morning it has a deeper taste than regular green tea i just wish it was sold in those large count packages tea bags doesn t last very long and those large packages are usually a better value o,2,"particular tea,tea genmai,buying yamamotoyama"
300991,B000VJYTZM,A2FBP7NGRMG73O,"T. Dobbins ""Leak""",3,3,5,1259625600,Good!,This is a really good tea.  I am drinking it during my pregnancy to tone the uterus.  Very good taste!,positive,this is a really good tea i am drinking it during my pregnancy to tone the uterus very good taste,-1,"tea,good tea,tea drinking"
186538,B001L4JH5I,AKCS37KAPZFG9,i do i do,2,2,5,1309219200,Love Pamela's GF mixes!,I've been using this product along with several other Pamela's products for about a year and a half. I tried nearly everything else out there including creating my own mixes and haven't found anything I like as well or better than this. Follow the recipes or experiment with your own. It makes gluten-free living a lot more fun.,positive,i ve been using this product along with several other pamela s products for about a year and a half i tried nearly everything else out there including creating my own mixes and haven t found anything i like as well or better than this follow the recipes or experiment with your own it makes gluten free living a lot more fun,7,"makes gluten,pamela products,gluten free"
33856,B0026LN472,A19GWZIFDGL3YM,luvz2shop,4,4,5,1290902400,Great product,"I have been feeding cats for a long time, and this is the best quality best tolerated food yet. My cats love it. Their digestive tracts aren't distressed, and the ingredient list alone would sell it. No aritificial colors or preservatives. You will feel good about giving this food to your pet(s).",positive,i have been feeding cats for a long time and this is the best quality best tolerated food yet my cats love it their digestive tracts aren t distressed and the ingredient list alone would sell it no aritificial colors or preservatives you will feel good about giving this food to your pet s,0,"food cats,feeding cats,food pet"
439098,B000EVKHQM,A230PX1OK8INV4,S. Llewellyn,3,3,5,1155513600,The best gluten-free cookies I have ever had,"I feel like have tried every gluten-free baked good out there. Since I am allergic to dairy, eggs, soy, and bananas as well this product is a lifesaver for when I need a cookie. They taste really , really good and don't make me sick.  I love these things I pray they never stop making them.",positive,i feel like have tried every gluten free baked good out there since i am allergic to dairy eggs soy and bananas as well this product is a lifesaver for when i need a cookie they taste really really good and don t make me sick i love these things i pray they never stop making them,-1,"gluten free,tried gluten,gluten"
140013,B001EO5YFM,A3U7Q41SJ4PWI,E. Maddox,0,0,5,1191542400,I love coarse salt,"I have two ceramic grinders, one for the usual pepper, the other for coarse salt.  I am never happy these days with regular salt and pepper shakers.  Once you grind coarse salt you are hooked.  This salt is good.",positive,i have two ceramic grinders one for the usual pepper the other for coarse salt i am never happy these days with regular salt and pepper shakers once you grind coarse salt you are hooked this salt is good,20,"shakers grind,pepper coarse,ceramic grinders"
482566,B0035R8WVO,A69NJNZZZTWY6,D. Alandrobish,2,2,5,1317081600,SALT OF THE EARTH!,"If you think that salt is merely salt, listen up! This salt gives a flavor to food that you<br />would have never imagined. Salt is a flavor enhancer, but this salt tastes like the Rolls<br />Royce of them all. If you want to savor your cooking and kick it up a notch or two, I recommend<br />sprinkling this salt on just about anything you can put in your mouth. BRAVO!",positive,if you think that salt is merely salt listen up this salt gives a flavor to food that you would have never imagined salt is a flavor enhancer but this salt tastes like the rolls royce of them all if you want to savor your cooking and kick it up a notch or two i recommend sprinkling this salt on just about anything you can put in your mouth bravo,20,"salt tastes,salt flavor,merely salt"
251512,B0011MZLEQ,A20X413FVQ1FJI,willycone,0,0,5,1344470400,banana freak,I love all things banana and this syrup meets the top grade!! If I was a humming- bird I'd eat it all day!!,positive,i love all things banana and this syrup meets the top grade if i was a humming bird i d eat it all day,-1,"banana syrup,banana,things banana"
36680,B004CLCEDE,A3NO13DJ4YBPWR,locarb,2,2,5,1345161600,dream come true!,I am on a severely limited carb diet plus have wheat and gluten allergies but love pasta and really miss it.  These are a dream come true for me.  Now I can have pasta dishes and not go off my diet or trigger allergies.  I made phad thai with them and it was as good as using a traditional noodle.  I will be making repeat orders for sure.,positive,i am on a severely limited carb diet plus have wheat and gluten allergies but love pasta and really miss it these are a dream come true for me now i can have pasta dishes and not go off my diet or trigger allergies i made phad thai with them and it was as good as using a traditional noodle i will be making repeat orders for sure,15,"pasta dishes,love pasta,pasta really"
38622,B000OYMGMC,A3T5X4NDMD562V,nomad,0,0,1,1337558400,Not a variety,"This was suppose to be a varity pack of 100 Tootsie pops. the package had 65 cherry, 10 chocolate, 10 strawberry, 5 Lemon Lime, 5 Blue raspberry, and 5 Watermelon. If I wanted cherry Tootsie pops I would have bought them. I wanted all different flavors. Ruined the carnival game. Kids were disappointed.",negative,this was suppose to be a varity pack of tootsie pops the package had cherry chocolate strawberry lemon lime blue raspberry and watermelon if i wanted cherry tootsie pops i would have bought them i wanted all different flavors ruined the carnival game kids were disappointed,12,"tootsie pops,chocolate strawberry,flavors"
252819,B000RIAJS8,ALM8KNFJY1C41,scourt,0,0,2,1305936000,gone too fast!,"I ordered these assuming they were similar to bully sticks and would give my 20 lb. dog something to chew on for 20 minutes.  Unfortunately, she finishes one in less than 5 minutes.  When she bites into the Wizzler it breaks into pieces and then she can quickly eat it without much chewing.  I won't order them again.",negative,i ordered these assuming they were similar to bully sticks and would give my lb dog something to chew on for minutes unfortunately she finishes one in less than minutes when she bites into the wizzler it breaks into pieces and then she can quickly eat it without much chewing i won t order them again,0,"bully sticks,bites wizzler,dog chew"
4954,B002RZ1QNG,ANH6Q74Y586C8,Randy W. Bennett,1,1,5,1325116800,White Pear Delight,"This turned out fantastic, a little sweeter than I expecting but still great. May even consider this a dessert wine. Its nice using Cornucopia kits as they come complete with all the supplies you need, corks,labels,toppers,etc. I only use distilled water in the making of the wine, dont want to chance it with anything else. They have always turned out great. Give it a try.....The Farmwiner",positive,this turned out fantastic a little sweeter than i expecting but still great may even consider this a dessert wine its nice using cornucopia kits as they come complete with all the supplies you need corks labels toppers etc i only use distilled water in the making of the wine dont want to chance it with anything else they have always turned out great give it a try the farmwiner,-1,"dessert wine,making wine,wine nice"
197510,B0012Y0HA6,A2P9U0NJNYGST,Mark Betcher,0,0,5,1205280000,Best Dog Toy Ever!,"Best Dog Toy Ever!, March 11, 2008<br /><br />I have a Pug and a Mini-Pin who have toys strewn about every room in the house. Simply put... this toy is much in demand by both dogs and the bone part of the toy is all but chewed to pieces. They love it even without a rawhide ring screwed into it. This is the only toy I've actually made a point to search out the same toy as a  replacement. Yes, it is durable and lasts a long time.",positive,best dog toy ever march i have a pug and a mini pin who have toys strewn about every room in the house simply put this toy is much in demand by both dogs and the bone part of the toy is all but chewed to pieces they love it even without a rawhide ring screwed into it this is the only toy i ve actually made a point to search out the same toy as a replacement yes it is durable and lasts a long time,0,"dog toy,toy replacement,toy chewed"
456925,B005HFZ6RU,A35HMHIWWJHSQD,miked1967,0,0,5,1349136000,Exceptional transaction,"I stumbled onto Banyan Trading Company (and it's product line) quite by accident.  But now that I have...I'll buy from again.  They're highly responsive, having shipped my order the same day I bought the turmeric powder (1 lb). The delivery time was minimal (despite the distance involved) and easily beat Amazon's anticipated delivery date. The turmeric powder received is high quality and at a fair price.  I like that Banyan is environmentally conscious.",positive,i stumbled onto banyan trading company and it s product line quite by accident but now that i have i ll buy from again they re highly responsive having shipped my order the same day i bought the turmeric powder lb the delivery time was minimal despite the distance involved and easily beat amazon s anticipated delivery date the turmeric powder received is high quality and at a fair price i like that banyan is environmentally conscious,6,"turmeric powder,bought turmeric,date turmeric"
444114,B000HQN5K4,A3FW19RLHSPLYE,"Rita M. Calvin ""LK""",2,5,2,1274227200,i cant find a way to contact the seller,"i have not purchased this product, yet.  i doubt i will purchase it through amazon since it takes way to long to even be shipped out.  it says ""Usually ships within 2 to 4 weeks.""  in less time than that, i can go to a local store and have them order it directly for me to purchase.<br /><br />second problem i have with this is math related.  its my understanding there are 16 ounces to a pound.  these are sold in 12 ounce units which is just fine.  the problem i do find is this, ""Shipping Weight: 1.9 pounds"" and ""Ghirardelli Caffe Gourmet Coffee Chocolate Caramel, Light Roast Whole Bean Coffee, 12-Ounce Bags (Pack of 3)""<br /><br />so, 12 oz time 3 packages equals 36 oz.  2 pounds is 32 oz.  so how is it that if i order this three pack of 12 oz bags of coffee beans, i would receive a package that weighs less than two pounds for product that is supposed to weigh over 2 pounds?<br /><br />i am confused by too many things having to do with ordering any consumable products from amazon's Grocery & Gourmet Food section.  but this is one item i really wanted to try and i wish i could just send a message to the seller, but that link isnt on the product profile.  honestly, im noticing that link is missing from more and more product profiles.  i take it amazon only wants people to contact sellers about their merch after they have purchased it.  that sucks, cause the info i get from profiles, reviews, and contacting the seller before purchase if needed, is what helps me to determine if i will enjoy the product im thinking of buying, if the product will be worth its cost, and how well various products work in various situations.<br /><br />this coffee, i would course grind and use in a press if i were to buy it.  thing is, i want more info.  i want numbers to add up properly and if i order something, to get what i pay for.  when i order something, i want it shipped within 3 to 4 days or less, not weeks later.  i know amazon has a shopping system for consumables that allows you to order a quantity and have it reordered automatically after the selected time of your choosing.  but this is insane, its not like im pre-ordering a book, movie, game, cd before it goes on sale.<br /><br />sorry for my bitching.  this coffee sounds like it will taste wonderful.  i just wont be purchasing it through amazon because of too many little things that dont make sense or add up.<br /><br />thank you for your time and putting up with my ramblings.",negative,i have not purchased this product yet i doubt i will purchase it through amazon since it takes way to long to even be shipped out it says usually ships within to weeks in less time than that i can go to a local store and have them order it directly for me to purchase second problem i have with this is math related its my understanding there are ounces to a pound these are sold in ounce units which is just fine the problem i do find is this shipping weight pounds and ghirardelli caffe gourmet coffee chocolate caramel light roast whole bean coffee ounce bags pack of so oz time packages equals oz pounds is oz so how is it that if i order this three pack of oz bags of coffee beans i would receive a package that weighs less than two pounds for product that is supposed to weigh over pounds i am confused by too many things having to do with ordering any consumable products from amazon s grocery gourmet food section but this is one item i really wanted to try and i wish i could just send a message to the seller but that link isnt on the product profile honestly im noticing that link is missing from more and more product profiles i take it amazon only wants people to contact sellers about their merch after they have purchased it that sucks cause the info i get from profiles reviews and contacting the seller before purchase if needed is what helps me to determine if i will enjoy the product im thinking of buying if the product will be worth its cost and how well various products work in various situations this coffee i would course grind and use in a press if i were to buy it thing is i want more info i want numbers to add up properly and if i order something to get what i pay for when i order something i want it shipped within to days or less not weeks later i know amazon has a shopping system for consumables that allows you to order a quantity and have it reordered automatically after the selected time of your choosing but this is insane its not like im pre ordering a book movie game cd before it goes on sale sorry for my bitching this coffee sounds like it will taste wonderful i just wont be purchasing it through amazon because of too many little things that dont make sense or add up thank you for your time and putting up with my ramblings,6,"shipping weight,pounds oz,oz pounds"
317080,B003YUW7EK,A18F23AA2PUMRC,"Jacquej ""On-line buyer""",7,7,5,1294704000,"Caribou Coffee, Daybreak Morning Blend","This was my first time using this coffee for my Keurig, and I am very pleased with this blend.  It is not bitter/good strength!  I would recommend this to friends.",positive,this was my first time using this coffee for my keurig and i am very pleased with this blend it is not bitter good strength i would recommend this to friends,1,"blend bitter,coffee keurig,keurig pleased"
536678,B000NY6QBK,A25GZZXVQAANED,"N. E. Munro ""Insp. 12""",3,3,5,1243814400,Cheese lover,"Tiger Gruyere cheese is an excellent product, impossible to find in local stores.  I had been ""turned on"" to Tiger brand Gruyere when living in Baltimore, appreciating the mild but very unique flavor.  My order arrived promptly, & I have been pleased to enjoy it ever since.",positive,tiger gruyere cheese is an excellent product impossible to find in local stores i had been turned on to tiger brand gruyere when living in baltimore appreciating the mild but very unique flavor my order arrived promptly i have been pleased to enjoy it ever since,-1,"gruyere cheese,brand gruyere,cheese excellent"
342430,B001AYDSMW,A23U78BUV98JPM,TwiztedKitty,0,0,5,1348876800,Inner Childs Delight,"I just got this today and it arrived way ahead of time! I opened right away and had to sprinkle some in my hand and try it, and as I remebered it was GREAT! My grandmother was japanese born raised in japan and married a navy cook only comeing to america after my mother was born in japan. MY grandmother and mom for awhile always gave this to me over rice on rice balls or just on other random items that make it so good. I'm very happy with this purchase and will be buying from them agien! SInce I live in a place without any asian stores around this will do :)",positive,i just got this today and it arrived way ahead of time i opened right away and had to sprinkle some in my hand and try it and as i remebered it was great my grandmother was japanese born raised in japan and married a navy cook only comeing to america after my mother was born in japan my grandmother and mom for awhile always gave this to me over rice on rice balls or just on other random items that make it so good i m very happy with this purchase and will be buying from them agien since i live in a place without any asian stores around this will do,4,"rice balls,rice rice,rice"
98233,B0030VJ70K,AOK2VCYF9KUTV,"Jen,Ohio",0,0,5,1348876800,Nutritious Snack on the Go!,I always worry my 2-year old doesn't get enough veggies.  He loves these pouches which are easy to pack in his bag for lunch at daycare.,positive,i always worry my year old doesn t get enough veggies he loves these pouches which are easy to pack in his bag for lunch at daycare,5,"veggies,pouches easy,doesn veggies"
239495,B000DZH19U,A1FS3GMCEMFB2Q,Sara,3,4,4,1231372800,"Tasty cookies, but I wish there was more","These wheat-free, egg-free treats are tasty. I have bought the espresso ones, but I have to say these are better. It has a lot of chocolate chips its soo yummy, but it isnt sickeningly sweet. Its good to have with a nice cup of coffee.<br /><br />The only thing is I would suggest is they should give 2 cookies instead of 3 by making the cookies a tiny bit thinner. Somehow 2 was a little unsatisfying, and the cookies were like too thick for my taste.",positive,these wheat free egg free treats are tasty i have bought the espresso ones but i have to say these are better it has a lot of chocolate chips its soo yummy but it isnt sickeningly sweet its good to have with a nice cup of coffee the only thing is i would suggest is they should give cookies instead of by making the cookies a tiny bit thinner somehow was a little unsatisfying and the cookies were like too thick for my taste,10,"free treats,egg free,wheat free"
92483,B001JPD21Y,A3A4ZAIBQWKOZS,Stephen M. Lerch,3,3,5,1323043200,Baird Approved!,"I've had Baird now for a about 18 months. In the first stages of life I was feeding him Purina Pro Plan. He did just fine on the food, despite it not being what many consider ""quality"" pet food. I left him on this until he became an adult and switched him over to the adult Pro Plan, shredded blend chicken. About two months later, I noticed his back teeth were a sickly yellow; turns out that shredded chicken would stick to his teeth, requiring me to brush his teeth frequently. Finally had enough of that, I had done a TON of research on quality dog food and settled on either Canidae or Innova. Canidae is difficult to get in my area with regularity, and so I chose Innova, so that if I run low on food or run out, I can just run over to the local pet supply store and pick it up.<br /><br />After a few months on this food, and twice weekly brushing, I don't have to take Baird to have his teeth professionally cleaned, which is awesome. Another couple bonuses, thanks to their being less filler in this food than the Pro Plan shredded blend, is less... poop, and less frequent pooping. Yeah, not a fun topic to talk about, but it is a bonus side effect for sure. And also, his pooh is a lot more regular; not runny like it would be 2-3 times a week on the Pro Plan.<br /><br />Just be sure that if you CHANGE a dog to this food, CHECK THE FEEDING AMOUNTS compared to your old food. Innova has more calories per bit than most other dog foods and if you give your dog the same amount, you are likely overfeeding him. I've also found Baird put on some extra weight when I was feeding the Innova recommended amount, so I dropped him down a bit, he lost some weight and I figured out he needs 1.25 of a cup a day for his activity level and to maintain current weight.<br /><br />Also, if you are changing your dogs diet, do so gradually! If you switch cold turkey, many dogs will be bloated, have gas (dog farts? NO THANKS!), potentially throw up and have an upset stomach. Gradually changing over allows the dog's body to adjust. So if you want to change, either start when you have 1/4 bag of the old food or buy a small bag of the old food to switch the dog over within a 2 week period.<br /><br />Baird didn't have any allergy issues, so I can't comment on whether this fixed any food allergies.<br /><br />I would say he loves the taste, but... he's a dog; as long as it is food, he'll eat it!<br /><br />What many don't know is that Natura Pet Food, the company behind Innova, was purchased by Proctor and Gamble. This is why Innova is turning up in a lot more locations. One thing you need not be overly concerned about is a change in formulation of Innova as Natura isn't going to change their ingredients and so on as the quality of the food was the reason P&G bought Natura. Of course, this could change down the road, so I'm keeping my eyes and ears out, but after a year and a bit after the acquisition, the ingredients are the same quality (as best I can tell) and the formula is the same. What will next year bring? Hopefully the same formula. Oh, and according to Natura, they might change the formula, but only based on sound nutritional science, to make the food better for your pets, not because P&G says to change.",positive,i ve had baird now for a about months in the first stages of life i was feeding him purina pro plan he did just fine on the food despite it not being what many consider quality pet food i left him on this until he became an adult and switched him over to the adult pro plan shredded blend chicken about two months later i noticed his back teeth were a sickly yellow turns out that shredded chicken would stick to his teeth requiring me to brush his teeth frequently finally had enough of that i had done a ton of research on quality dog food and settled on either canidae or innova canidae is difficult to get in my area with regularity and so i chose innova so that if i run low on food or run out i can just run over to the local pet supply store and pick it up after a few months on this food and twice weekly brushing i don t have to take baird to have his teeth professionally cleaned which is awesome another couple bonuses thanks to their being less filler in this food than the pro plan shredded blend is less poop and less frequent pooping yeah not a fun topic to talk about but it is a bonus side effect for sure and also his pooh is a lot more regular not runny like it would be times a week on the pro plan just be sure that if you change a dog to this food check the feeding amounts compared to your old food innova has more calories per bit than most other dog foods and if you give your dog the same amount you are likely overfeeding him i ve also found baird put on some extra weight when i was feeding the innova recommended amount so i dropped him down a bit he lost some weight and i figured out he needs of a cup a day for his activity level and to maintain current weight also if you are changing your dogs diet do so gradually if you switch cold turkey many dogs will be bloated have gas dog farts no thanks potentially throw up and have an upset stomach gradually changing over allows the dog s body to adjust so if you want to change either start when you have bag of the old food or buy a small bag of the old food to switch the dog over within a week period baird didn t have any allergy issues so i can t comment on whether this fixed any food allergies i would say he loves the taste but he s a dog as long as it is food he ll eat it what many don t know is that natura pet food the company behind innova was purchased by proctor and gamble this is why innova is turning up in a lot more locations one thing you need not be overly concerned about is a change in formulation of innova as natura isn t going to change their ingredients and so on as the quality of the food was the reason p g bought natura of course this could change down the road so i m keeping my eyes and ears out but after a year and a bit after the acquisition the ingredients are the same quality as best i can tell and the formula is the same what will next year bring hopefully the same formula oh and according to natura they might change the formula but only based on sound nutritional science to make the food better for your pets not because p g says to change,0,"pet food,dog food,dogs diet"
446019,B0029NIMYW,A3SEW1ECTN5D0D,"Auntie Nell ""Auntie Nell""",0,3,1,1337040000,Dog loved it Vet hates it,"The vet beleives that giving my dog this food every day made him sick. (1 year old, 12 pound yorkie) but he loves it. I have to give away the stockpile I had.",negative,the vet beleives that giving my dog this food every day made him sick year old pound yorkie but he loves it i have to give away the stockpile i had,0,"dog food,giving dog,pound yorkie"
279600,B0015V885C,A13V5YZN007GPG,Bigkid@heart,13,13,5,1294272000,You have to know DOUBLE SALT licorice,Just because it states licorice - please understand that this is Double Salt licorice - exactly as it states! Double salt means very very salty - an acquired taste.  You need to start with regular dutch licorice like the cats then if you enjoy that work your way up.  Not fair to give a low rating if you don't know what your doing!,positive,just because it states licorice please understand that this is double salt licorice exactly as it states double salt means very very salty an acquired taste you need to start with regular dutch licorice like the cats then if you enjoy that work your way up not fair to give a low rating if you don t know what your doing,-1,"salt licorice,dutch licorice,double salt"
502934,B00501TH9O,A32I0FA060F2YL,KJD,0,0,5,1325548800,Bravo Volpi,Never tried Volpi Salami before but took a chance with this 5-bundle package. No dissappointment here - each one seemed better than the other!,positive,never tried volpi salami before but took a chance with this bundle package no dissappointment here each one seemed better than the other,-1,"volpi salami,salami,salami took"
466659,B0019L8JSO,A31H1SZI6C78ZH,Tamsoccer,3,3,5,1326153600,Organic and unpasturized,Best soy sauce out there. Try it in a side by side comparison of regular soy sauce and you will never go back.,positive,best soy sauce out there try it in a side by side comparison of regular soy sauce and you will never go back,4,"soy sauce,best soy,regular soy"
537372,B0034EFIYC,A35N7P8CB13AB,nycrunnergirl,1,1,5,1335225600,"Sweet treat, that is not too bad for you.","I buy these often, and I get a pretty good deal from amazon compared to getting it in the stores.  I keep some in my desk at work, gym bag, and ocket book for when a hunger attack comes on.  I like that it is low glycemic too, I don't worry too much about a rapid spike in sugar.  It is very sweet for those with sensitive taste buds.  Not a meal replacement but a good hold off until you can get a meal.",positive,i buy these often and i get a pretty good deal from amazon compared to getting it in the stores i keep some in my desk at work gym bag and ocket book for when a hunger attack comes on i like that it is low glycemic too i don t worry too much about a rapid spike in sugar it is very sweet for those with sensitive taste buds not a meal replacement but a good hold off until you can get a meal,-1,"spike sugar,glycemic,sugar"
99840,B001FA1KUI,A31S5UIBZ9BBD1,r. thomas,0,0,5,1288828800,mushrooms in escabeche,"Timely arrival.  The product is first class.  I have been unable to find a supplier in Austin, Tx.  Other internet offers are much more expensive.",positive,timely arrival the product is first class i have been unable to find a supplier in austin tx other internet offers are much more expensive,6,"supplier austin,austin tx,timely arrival"
86236,B000084E6V,A8891HVRDJAM6,"Marfaux ""Marfaux""",3,3,5,1161388800,Very entertaining!,"These dinos are great for powerful chewers! Our dogs just LOVE them.  Our dogs have also worked the head, legs, and tail off, but still are actively grinding away at them.  They last quite a long time too, which is a major bonus.  I highly recommend these to anyone with dogs who love to chew!",positive,these dinos are great for powerful chewers our dogs just love them our dogs have also worked the head legs and tail off but still are actively grinding away at them they last quite a long time too which is a major bonus i highly recommend these to anyone with dogs who love to chew,0,"powerful chewers,chewers dogs,chewers"
467095,B004VLV91S,A32QDRQMAX9MDK,malevolentmuse,1,1,5,1342828800,Makes great focaccia bread!,"I purchased this to try some low carb bread recipes I'd seen and all I can say is wow.  If you try to watch your carbs and like to bake the is the best way to go.  The fiber in this *is* the total carb count.  There's nothing else.  Plus, it makes a bread with a nice, nutty flavor.  I can't wait to find more recipes to try.",positive,i purchased this to try some low carb bread recipes i d seen and all i can say is wow if you try to watch your carbs and like to bake the is the best way to go the fiber in this is the total carb count there s nothing else plus it makes a bread with a nice nutty flavor i can t wait to find more recipes to try,7,"carb bread,low carb,carbs like"
391232,B0001GUQ34,A3LA2832H7OYV1,"Mary Ann Colclasure ""California Gal""",0,0,5,1236211200,Excellent product,This chicken base is far more better and tastier than the chicken stock in a can.  It really adds great flavor with just a teaspoon full of the base.  I highly recommend this product.,positive,this chicken base is far more better and tastier than the chicken stock in a can it really adds great flavor with just a teaspoon full of the base i highly recommend this product,-1,"chicken base,chicken stock,teaspoon base"
563537,B007JFMH8M,A37A8WC76QI2PH,Jen,0,0,5,1341878400,Soft and chewy deliciousness!,"Anyone looking for quick, delicious, healthy snack should definitely put these on their shopping list. They come individually wrapped which makes them perfect for taking along with you when running around and they're very filling with the whole grains and rolled oats.",positive,anyone looking for quick delicious healthy snack should definitely put these on their shopping list they come individually wrapped which makes them perfect for taking along with you when running around and they re very filling with the whole grains and rolled oats,5,"healthy snack,rolled oats,snack definitely"
543535,B006MONQMC,A2BVOBG7YDSVOZ,"R. Padilla ""RMP""",0,0,4,1337385600,Surprisingly Wonderful Drink Additive...as Long as You Like Sucralose,"My expectations for this product were pretty low. To my surprise, I very much enjoyed Vitamin Squeeze. It provides a nice energy kick and some vitamins to your water. I liked the flavor just fine, but if you're sensitive to artificial sweeteners then it might now be for you. I like that I control the strength of the flavor, caffeine, taurine, etc. Depending on how I'm feeling, I can use a bit or a lot. As with all energy drinks, you need to careful with how much you consume; if you have too much then you'll have a big crash a few hours later.<br /><br />Bottom line: as long as you're not sensitive to sucralose then I recommend giving this drink additive a shot for a boost of energy and some vitamins.",positive,my expectations for this product were pretty low to my surprise i very much enjoyed vitamin squeeze it provides a nice energy kick and some vitamins to your water i liked the flavor just fine but if you re sensitive to artificial sweeteners then it might now be for you i like that i control the strength of the flavor caffeine taurine etc depending on how i m feeling i can use a bit or a lot as with all energy drinks you need to careful with how much you consume if you have too much then you ll have a big crash a few hours later bottom line as long as you re not sensitive to sucralose then i recommend giving this drink additive a shot for a boost of energy and some vitamins,3,"energy drinks,flavor caffeine,artificial sweeteners"
418756,B001E5E006,ATJZP3EABQNLY,"Bonita Brinamen ""mistress of all trades""",3,4,5,1178409600,Gnocchi in All Flavors,We have purchased Gia Russa Whole Wheat Gnocchi in many variations. The sweet potato pack has a slight taste of sweet potatoes. They're a healthy way to get your carbs for the day and cook in minutes.,positive,we have purchased gia russa whole wheat gnocchi in many variations the sweet potato pack has a slight taste of sweet potatoes they re a healthy way to get your carbs for the day and cook in minutes,8,"wheat gnocchi,sweet potatoes,sweet potato"
19799,B0030VBRIU,A3A0DJF0OK1JUM,mojobear,1,1,5,1277078400,Love these pouches!,These pouches were very easy to take with us and the baby just LOVED it! No leftovers here. I really like that they come in two protein varieties - chicken and a turkey! Great options and easy to take with you!!,positive,these pouches were very easy to take with us and the baby just loved it no leftovers here i really like that they come in two protein varieties chicken and a turkey great options and easy to take with you,5,"pouches easy,pouches,varieties chicken"
491409,B001P05K6I,A3PKU6S0P7VN78,Christina41586,0,0,4,1320537600,Kiss Bad Dog Breath Goodbye,"So I love CET chews. I usually purchase them from the vet, but I can get the same thing online for cheaper, so its nice. The only issue I have is that my dog is a violent chewer. He's a little dog, but I have to get these medium ones because he'll just swallow the small dog ones whole!",positive,so i love cet chews i usually purchase them from the vet but i can get the same thing online for cheaper so its nice the only issue i have is that my dog is a violent chewer he s a little dog but i have to get these medium ones because he ll just swallow the small dog ones whole,0,"cet chews,chews usually,chews"
498860,B000HDVM9I,A18P2GN0HN2MFH,rosegoldgirl,1,1,4,1342224000,"Look neat, but melted some.","These are neat looking.  They melted some in the icing, which didn't look pretty.  Shipping price was a little high.  I got 2 bags but only used half a bag for 2 dozen cupcakes.",positive,these are neat looking they melted some in the icing which didn t look pretty shipping price was a little high i got bags but only used half a bag for dozen cupcakes,-1,"dozen cupcakes,cupcakes,melted icing"
263984,B004EAGP74,A1BU1W9HUDNSX7,Karl Gartner,5,6,5,1173312000,well-being in a jar,"Since I have started to use this product over a year ago, I don't even try to find other brands. I will stick with this brand of ex. virg. coconut oil for as long as I can get it. I take at least two tbls. of this throughout the day and I use it on every food that I eat instead of butter. This is one of the top natural cures that you can buy and it is simply a FOOD!!",positive,since i have started to use this product over a year ago i don t even try to find other brands i will stick with this brand of ex virg coconut oil for as long as i can get it i take at least two tbls of this throughout the day and i use it on every food that i eat instead of butter this is one of the top natural cures that you can buy and it is simply a food,13,"butter natural,coconut oil,virg coconut"
201218,B004LOBLTU,A3E2KJ6NY8K9OA,Rogue,0,0,4,1255737600,fluffy's addiction,"I put a pinch of this in the scratching mat and my kitten, who previously wouldn't use the mat, scratched her paws on it. That's not all, she also rubbed her cheeks against the mat. I am delighted to see that the product works and I would say it is worth every penny.",positive,i put a pinch of this in the scratching mat and my kitten who previously wouldn t use the mat scratched her paws on it that s not all she also rubbed her cheeks against the mat i am delighted to see that the product works and i would say it is worth every penny,0,"scratching mat,mat scratched,scratched paws"
263080,B006N3HYYS,A2HGVZYWUXGYS3,B. Andrews,1,1,5,1198540800,Black Tiger - One of my Favorites,"I drink my coffee black and prefer the bolder, stronger k-cups.  I don't like the french roasts or the other dark roasts, but I do like my coffee strong.  After having tried many different extra bolds, Coffee People's Black Tiger and Gloria Jean's Black Gold have become my favorites.  I alternate between the two of them and sprinkle in Green Mountain's Sumatran Reserve now and then which is also very good.",positive,i drink my coffee black and prefer the bolder stronger k cups i don t like the french roasts or the other dark roasts but i do like my coffee strong after having tried many different extra bolds coffee people s black tiger and gloria jean s black gold have become my favorites i alternate between the two of them and sprinkle in green mountain s sumatran reserve now and then which is also very good,1,"bolds coffee,coffee black,coffee strong"
400401,B0001CXRKM,AYNH2BHO8SO52,Nicole,7,7,4,1301097600,"Delicious, but check your grocery store first",This drink is delicious!  But beware - it's overpriced on Amazon.  I found the exact same product at my local Whole Foods for $6.79.,positive,this drink is delicious but beware it s overpriced on amazon i found the exact same product at my local whole foods for,3,"drink delicious,local foods,delicious beware"
218008,B000GZSDSA,A2ND4MZ2LWWGIC,"V. Aguiar ""herbalgrrl""",0,0,5,1205971200,Great melt-in-mouth cracker!!!,"I found these while I was visiting in Florida. My 9 month old loved them! They are easy to handle and melt in his mouth quickly, so no fear of getting a large piece stuck. He can break off a large piece, but he just sucks on it for a few seconds and it's soft enough to manage. Once back in MA, I couldn't find them in any of our grocery stores, so I ordered a case on Amazon. I have no doubt that he will eat all 12 boxes in the nex couple of months. We are tyotally sold on Mum-Mums!",positive,i found these while i was visiting in florida my month old loved them they are easy to handle and melt in his mouth quickly so no fear of getting a large piece stuck he can break off a large piece but he just sucks on it for a few seconds and it s soft enough to manage once back in ma i couldn t find them in any of our grocery stores so i ordered a case on amazon i have no doubt that he will eat all boxes in the nex couple of months we are tyotally sold on mum mums,5,"eat boxes,boxes nex,month old"
329476,B002QWHJOU,AW6M2AN9JQT8K,Tony,0,0,5,1349049600,"An 'attention getter' for our ""hotdog""","Our mini Dachshund loves these. Limited to 1 a day. One of the few ""treats"" that he has not tired of. Also, his breath has been noticeably fresher since he has been having these. So far, best price on Amazon. The local pet food chains' sale prices has not yet come close to the regular price of these 96 count 'Teenie' packs. Can't vouch on the benefit of nutritional value of these, but the vet says our mini is in great shape ...right where he is suppose to be.",positive,our mini dachshund loves these limited to a day one of the few treats that he has not tired of also his breath has been noticeably fresher since he has been having these so far best price on amazon the local pet food chains sale prices has not yet come close to the regular price of these count teenie packs can t vouch on the benefit of nutritional value of these but the vet says our mini is in great shape right where he is suppose to be,0,"nutritional value,pet food,mini dachshund"
375638,B001E53VC4,A2SB7QP43RNWC9,S Davis,0,0,5,1328918400,Wonderful,"The perfect low carb snack with just the right amount of crunch and spice.  I really like these little meaty pieces.<br />I keep mine in the freezer and just take a package out when needed, so have never had to worry about the mold that some pple talk about.  I find they keep for a long time once opened as long as I keep them in the fridge.<br />They are just yummy",positive,the perfect low carb snack with just the right amount of crunch and spice i really like these little meaty pieces i keep mine in the freezer and just take a package out when needed so have never had to worry about the mold that some pple talk about i find they keep for a long time once opened as long as i keep them in the fridge they are just yummy,5,"carb snack,low carb,carb"
152047,B00141R0IO,A16AXQ11SZA8SQ,"MamaBear007 ""MamaBear007""",0,0,1,1233532800,My dogs won't eat this!,"My dogs love the Dogswell supplements made from chicken, so I assumed they'd also like the sweet potato supplements.  Neither of them would eat it!  Even my aggressive chewing lab didn't like these.  They're almost impossible to chew (unless I soak them in boiling water for at least 30 minutes, which presumably would leech the nutrients from the chews).  When the lab first tried these, they cut her gums, and when she would leave pieces of the chew on the floor, if I stepped on them before noticing them, they'd cut my foot!  I noticed this about ALL the varieties of Dogswells Sweet Potato Chews.  I threw them all out.",negative,my dogs love the dogswell supplements made from chicken so i assumed they d also like the sweet potato supplements neither of them would eat it even my aggressive chewing lab didn t like these they re almost impossible to chew unless i soak them in boiling water for at least minutes which presumably would leech the nutrients from the chews when the lab first tried these they cut her gums and when she would leave pieces of the chew on the floor if i stepped on them before noticing them they d cut my foot i noticed this about all the varieties of dogswells sweet potato chews i threw them all out,0,"dogswell supplements,potato chews,potato supplements"
445899,B0045GX6J2,A252E8POD2VM0N,Honeylover,0,0,1,1349481600,It doesn't have any orange flavor,"the color of the honey I received turns out much deaper than the color of the picture on Amazon.<br />I can't taste any orange flavor. The honey doesn't taste as good as other types of honey I tried. I was so looking forward to receiving this product After I ordered it. But now I am really disppointed.<br />It's a huge bottle. I don't like it. I don't think customers can return food products after they open and try, can they? well, I don't know what to do with this bottle of honey.",negative,the color of the honey i received turns out much deaper than the color of the picture on amazon i can t taste any orange flavor the honey doesn t taste as good as other types of honey i tried i was so looking forward to receiving this product after i ordered it but now i am really disppointed it s a huge bottle i don t like it i don t think customers can return food products after they open and try can they well i don t know what to do with this bottle of honey,-1,"color honey,flavor honey,bottle honey"
145962,B000SDKDM4,A1UK7YM8VWDB8R,JerryGang,0,0,5,1287792000,Lavazza Super Crema Espresso Whole Bean,"Awesome, probably THE best coffee in the world, no exaggeration!  Very smooth, not bitter, can make it strong and it doesn't taste too ""Starbucky"".  Can you tell I don't prefer Starbuck's?<br /><br />With the auto ship purchase, the price of this bag is literally half of what it is in the stores.",positive,awesome probably the best coffee in the world no exaggeration very smooth not bitter can make it strong and it doesn t taste too starbucky can you tell i don t prefer starbuck s with the auto ship purchase the price of this bag is literally half of what it is in the stores,1,"taste starbucky,best coffee,prefer starbuck"
160820,B001EPPIMK,AMI9GPPBEJQL9,Danalynn Coulon,0,0,1,1263081600,Do Not Buy,"Chalky taste, very fake flavor, does not taste like mango bubble tea at all.  I would not recommend this to anyone, which is sad as I had high hopes.",negative,chalky taste very fake flavor does not taste like mango bubble tea at all i would not recommend this to anyone which is sad as i had high hopes,2,"chalky taste,bubble tea,mango bubble"
211160,B00013VHFS,AFUB9A6DKAFTC,"M. CHau ""mad kitty""",0,1,4,1263168000,Fastachi Cranberry Nut Mix,"This is a great mix and very fresh.  I would have given it 5 star, the the 1 less star is because it is very pricey!  I can finish one bag in a couple hours.",positive,this is a great mix and very fresh i would have given it star the the less star is because it is very pricey i can finish one bag in a couple hours,-1,"mix fresh,great mix,mix"
545155,B001SB4DLC,AMORBQCY8M5YK,E,0,0,5,1339286400,Best Marinade I Have Ever Had,"This is the best marinade I have ever had.  Marinated a brisket overnight, slow cooked it for 10hrs, and it broke apart.  Best brisket I have ever had.  Would definitely recommend it.",positive,this is the best marinade i have ever had marinated a brisket overnight slow cooked it for hrs and it broke apart best brisket i have ever had would definitely recommend it,-1,"marinated brisket,best marinade,marinade marinated"
521649,B000LKU3DI,A1CBFUH6ABI7ZM,D. brown,1,1,3,1312934400,"Decent, but a little odd","I didn't read the ingredients carefully enough to see that these are gluten-free. Wheat gluten adds a jerky-like texture to vegetarian jerky, which is missing here.<br /><br />The strips are wet -- not moist -- but wet. Additionally, the Hickory Smoked Soy flavor was waaaaay too sweet and reviewers have said that about other flavors as well.<br /><br />I'll finish the box I purchased, but I probably won't buy more.",neutral,i didn t read the ingredients carefully enough to see that these are gluten free wheat gluten adds a jerky like texture to vegetarian jerky which is missing here the strips are wet not moist but wet additionally the hickory smoked soy flavor was waaaaay too sweet and reviewers have said that about other flavors as well i ll finish the box i purchased but i probably won t buy more,7,"vegetarian jerky,gluten free,gluten"
375440,B005OODQFS,A3UL2VKR72IUW4,James L. Thompson,0,0,4,1346889600,Great Deal,This is a great deal. Hard to find bulk quantities of this product. This was one of the last available. Hope they get more.,positive,this is a great deal hard to find bulk quantities of this product this was one of the last available hope they get more,-1,"bulk quantities,bulk,hard bulk"
468704,B0007VDN8S,A4GLEGC9Y1PY8,Book and Music Lover,0,0,5,1265500800,Awesome!!!,This is THE BEST salsa EVER! I put it on eggs and it is just delicious! Try it you will love it! I always buy the XX HOT-,positive,this is the best salsa ever i put it on eggs and it is just delicious try it you will love it i always buy the xx hot,4,"salsa eggs,best salsa,salsa"
154807,B0013M07PW,ANGSSYVPWI3H3,M. Orf,2,2,5,1243987200,Great gluten free snack,I take a few of these with me whenever traveling.  They are very tasty and filling.  Great for a small breakfast or snack when there are no gluten free options available.,positive,i take a few of these with me whenever traveling they are very tasty and filling great for a small breakfast or snack when there are no gluten free options available,7,"snack gluten,gluten,gluten free"
449813,B001IZM5TK,A19EO6F9TBBML,Joann M. Smith,1,1,5,1262995200,Great product!,Service was prompt and products arrived perfectly intact and not broken.<br />I love the simply organic products.,positive,service was prompt and products arrived perfectly intact and not broken i love the simply organic products,-1,"organic products,products arrived,simply organic"
224922,B003FYISC0,A1EQNK3NX1QP3O,Alex,2,2,4,1294790400,Tasty,Item as described.  Texture of gummy softer than a normal gummy bear (probably due to size).  Very good though.,positive,item as described texture of gummy softer than a normal gummy bear probably due to size very good though,-1,"gummy softer,texture gummy,gummy bear"
120117,B0009JUPOS,A1Z54EM24Y40LL,c2,1,1,5,1154995200,Just about the best!,"I can't say enough good about this dry cat food.  After searching and searching for a small sized kibble, this one delivers the bill.  If you have a flat-faced persian with a tiny mouth, be SURE to grab this food.  The kibbles are all different shapes but very, very small and thin so the cat can actually chew it and not be uncomfortable.  Plus, he absolutely LOVES the taste and about tears into the bag whenever I bring home another one.  Cannot recommend this enough - it's worth the higher price just for the palatability and the size of the kibble.  Great stuff!",positive,i can t say enough good about this dry cat food after searching and searching for a small sized kibble this one delivers the bill if you have a flat faced persian with a tiny mouth be sure to grab this food the kibbles are all different shapes but very very small and thin so the cat can actually chew it and not be uncomfortable plus he absolutely loves the taste and about tears into the bag whenever i bring home another one cannot recommend this enough it s worth the higher price just for the palatability and the size of the kibble great stuff,0,"size kibble,sized kibble,food kibbles"
200670,B001EO5UVK,A2Q9H6WB2WGHGN,Black Licorice Lover,0,0,5,1309132800,World's Best Tasting Licorice - Bar None!,"I am a black licorice fanatic - have been since childhood. I've tried all kinds of licorice from all over the world, and RJ's Black Soft Natural Eating Licorice is by far the best tasting I've ever had. If you like black licorice, you will LOVE this stuff!",positive,i am a black licorice fanatic have been since childhood i ve tried all kinds of licorice from all over the world and rj s black soft natural eating licorice is by far the best tasting i ve ever had if you like black licorice you will love this stuff,-1,"black licorice,kinds licorice,licorice"
49825,B000EUIZ8K,AIQRUBULCEZNA,M. Hunerberg,0,0,5,1252368000,zen,great for making iced green tea. same stuff they use at starbucks and the price of one box is about the same as they charge for a large drink!,positive,great for making iced green tea same stuff they use at starbucks and the price of one box is about the same as they charge for a large drink,-1,"starbucks price,box charge,price box"
350135,B000EMU2BG,A2E0WNF4ZNP0EU,Cyber Steve,0,0,4,1259625600,Good stuff!,"This hot cocoa is delicious, low in calories, and reasonably priced. Although the label only states that it is fat-free, it is also sugar-free. It tastes as good as any hot cocoa that contains fat and sugar, yet contains far fewer calories. Try it!",positive,this hot cocoa is delicious low in calories and reasonably priced although the label only states that it is fat free it is also sugar free it tastes as good as any hot cocoa that contains fat and sugar yet contains far fewer calories try it,14,"hot cocoa,cocoa delicious,cocoa"
503678,B000KHMWQS,A1GJJE09VF62AV,Earl Netwal,0,0,5,1332201600,Great Weight watching alternative,"I have been ordering polar kippers on autoship from amazon for some time. Makes a quick and easy breakfast for me, and has served as a good substitute for breakfast bacon for me. While they still have fat, they are good fats. the smoky and salty flavor satisfy my taste at the same time. I eat a whole can which is supposed to be two servings, but even then it comes to a total of 162 calories.<br /><br />I have had on occasional problem with a lid not coming off cleanly but it wasn't a big deal to work around. Also some cans will vary slightly in the contents but it all averages out, especially when you eat them on a regular basis as I do.<br /><br />Buying on autoship is the cheapest way by far to get kippers with free shipping I am usually around $1.10 or so a can vs. $1.50+ in my local grocery. Plus I get a regular supply which fits nicely into my every other day or so diet plan.",positive,i have been ordering polar kippers on autoship from amazon for some time makes a quick and easy breakfast for me and has served as a good substitute for breakfast bacon for me while they still have fat they are good fats the smoky and salty flavor satisfy my taste at the same time i eat a whole can which is supposed to be two servings but even then it comes to a total of calories i have had on occasional problem with a lid not coming off cleanly but it wasn t a big deal to work around also some cans will vary slightly in the contents but it all averages out especially when you eat them on a regular basis as i do buying on autoship is the cheapest way by far to get kippers with free shipping i am usually around or so a can vs in my local grocery plus i get a regular supply which fits nicely into my every other day or so diet plan,-1,"kippers free,kippers autoship,polar kippers"
561969,B000P15IEC,AZROB4UNA8ALA,Jolanta Pamula,3,6,1,1312416000,Way over priced,"At first, I wasn't able to find these anywhere, so I ended paying $$$ for these.  I then went to the Dollar Store randomly and found the exact same bag for $1.00.  I was very disappointed!",negative,at first i wasn t able to find these anywhere so i ended paying for these i then went to the dollar store randomly and found the exact same bag for i was very disappointed,-1,"exact bag,bag,bag disappointed"
230128,B000WB1YSE,A1J52MX2YDWSU0,these pretzels r making me thirsty,0,0,2,1336780800,I've never had Matcha before but I didn't really care for this tea,"Someone told me I should start drinking green tea because it's good for you.  So I tried some Bigelow Green Tea which I thought tasted very good and kinda gave me a little lift.  Then I read an article about how the matcha green tea was supposed to be even healthier for you so I thought I would try the Kirkland brand especially since it had so many good reviews.  Well, I didn't like the taste of it as much as I did the Bigelow.  It's not bad, I just prefer the taste of the other green tea better.  Getting through this box and then going back to the Bigelow.  I didn't feel any different as far as I can tell other than I didn't feel that little lift.  And I figure might as well drink what I like.  Maybe the matcha is better for you, maybe it does taste better than regular green tea to green tea connoisseurs, maybe I have weird tastebuds, I just prefer the Bigelow.",negative,someone told me i should start drinking green tea because it s good for you so i tried some bigelow green tea which i thought tasted very good and kinda gave me a little lift then i read an article about how the matcha green tea was supposed to be even healthier for you so i thought i would try the kirkland brand especially since it had so many good reviews well i didn t like the taste of it as much as i did the bigelow it s not bad i just prefer the taste of the other green tea better getting through this box and then going back to the bigelow i didn t feel any different as far as i can tell other than i didn t feel that little lift and i figure might as well drink what i like maybe the matcha is better for you maybe it does taste better than regular green tea to green tea connoisseurs maybe i have weird tastebuds i just prefer the bigelow,2,"green tea,tea better,tea green"
247733,B001E6GFZI,AHBMPMQISKUN6,"J-Man ""J""",0,0,5,1234656000,Doctor said I need to eat more fiber...,"Two bowls of this cereal for breakfast, and I have apparently achieved 100% of my recommended daily dietary consumption of fiber. Since I found myself spending five dollars and change for a box of this stuff at least twice a week at any supermarket in NYC, here I am on Amazon ready to order a subscription for 6 boxes for $20 with shipping. Now if they only had a variety pack...",positive,two bowls of this cereal for breakfast and i have apparently achieved of my recommended daily dietary consumption of fiber since i found myself spending five dollars and change for a box of this stuff at least twice a week at any supermarket in nyc here i am on amazon ready to order a subscription for boxes for with shipping now if they only had a variety pack,11,"bowls cereal,consumption fiber,cereal breakfast"
107077,B003M7JIHO,A22I7MDM7F462C,JACharron,1,1,1,1324857600,Disgusting.,"I purchased these for my dog...first of all, they're a disgusting black/brown color. Definitely not appetizing. They smell HORRIBLE. I could barely get one out before I had to throw the bag away from me because I thought I was going to be sick. My dog refuses to go anywhere near these things. Do not buy! Make your own!",negative,i purchased these for my dog first of all they re a disgusting black brown color definitely not appetizing they smell horrible i could barely get one out before i had to throw the bag away from me because i thought i was going to be sick my dog refuses to go anywhere near these things do not buy make your own,0,"appetizing smell,smell horrible,dog disgusting"
156934,B001GINOQC,A27PWHKLXUFOJS,Jonathan Yi,1,4,1,1316649600,this is one nasty product,I ordered some of these and some pbj sahale snacks. The PBJ is great! This product though it honestly tastes like vomit or something of similar taste enjoy if you like that taste!,negative,i ordered some of these and some pbj sahale snacks the pbj is great this product though it honestly tastes like vomit or something of similar taste enjoy if you like that taste,21,"snacks pbj,sahale snacks,snacks"
450847,B0000V8IOE,A1EJXW8O0Y68G1,MDB,0,0,5,1298764800,Great tasting coffee,"Like most coffee drinkers, I know Kona is a special coffee bean, and this brand offers great taste. At my local coffee shop, I often pick Kona when it is offered as the flavor of the day. While the coffee shop Kona is better than an average coffee, it did not seem to be anything special, and I could guess they do not sell true Kona, but a blend.  So I decided to try a true 100% Kona and picked Hawaiian Roasters.  I am very happy with this purchase---might be the best coffee I have ever had.  The flavor is strong and there is no after-taste issue.  I picked the medium roast and I plan to try the dark roast next.",positive,like most coffee drinkers i know kona is a special coffee bean and this brand offers great taste at my local coffee shop i often pick kona when it is offered as the flavor of the day while the coffee shop kona is better than an average coffee it did not seem to be anything special and i could guess they do not sell true kona but a blend so i decided to try a true kona and picked hawaiian roasters i am very happy with this purchase might be the best coffee i have ever had the flavor is strong and there is no after taste issue i picked the medium roast and i plan to try the dark roast next,1,"kona blend,shop kona,kona better"
69155,B0018KR8V0,A99QSLY0QF2YQ,J. Calouro,0,0,4,1251072000,Good tasting bar,"The taste is one of the better tasting Larabars I've had. It has a slight sour taste because of the dried fruit pieces, but it's less noticeable then some of the others. All and all it's pretty good. Definitely filling.",positive,the taste is one of the better tasting larabars i ve had it has a slight sour taste because of the dried fruit pieces but it s less noticeable then some of the others all and all it s pretty good definitely filling,9,"tasting larabars,sour taste,slight sour"
453447,B0029XLH4Y,A37VQFMLKSCNBG,mphilip,0,1,2,1304985600,Weak,I read the reviews for this coffee and bought it based on that. I can not say that I am impressed. This coffee does not have the nice aroma that the Gloria Jeans black Gold had nor does it have any taste. Not impressed.,negative,i read the reviews for this coffee and bought it based on that i can not say that i am impressed this coffee does not have the nice aroma that the gloria jeans black gold had nor does it have any taste not impressed,1,"reviews coffee,impressed coffee,aroma gloria"
372653,B0083T6HC0,A17A4SRENPLQAL,Plasticanimalz,1,1,5,1333238400,"Mmmm, these were great!","I'm really glad we got the big variety sampler because it gave us a chance to try many flavors. And they were delivered by Amazon, right to our house, so that made it really easy. Especially since you can't find that much interesting to choose from at the store. I wouldn't say I disliked any of them. Some I loved or liked better than others but they were all pretty good and it was fun to have the choice options. I would go with buying the sampler again, just because I have had so much fun sampling them so far. The blueberry...sounds weird, but it's not too bad. I love all the donought and cinnamon roll flavored ones. Mmmmm.",positive,i m really glad we got the big variety sampler because it gave us a chance to try many flavors and they were delivered by amazon right to our house so that made it really easy especially since you can t find that much interesting to choose from at the store i wouldn t say i disliked any of them some i loved or liked better than others but they were all pretty good and it was fun to have the choice options i would go with buying the sampler again just because i have had so much fun sampling them so far the blueberry sounds weird but it s not too bad i love all the donought and cinnamon roll flavored ones mmmmm,1,"buying sampler,variety sampler,sampler just"
525339,B001FA1DUA,A3OXHLG6DIBRW8,"C. F. Hill ""CFH""",0,0,5,1318291200,Great For Sharing - Highly Recommended,"These Kit Kat bars are great tasting and are also a good deal! Kit Kat is one of my daughter's favorite candy bars so we sent her these to share with friends in her college dorm and it was a great hit since everyone loves the chocolate covered wafer strips. I had sent mixed packs in the past but my daughter said that the Kit Kat bars all went first, so figured that this was a better way to go.<br /><br />Highly Recommended!<br /><br />CFH",positive,these kit kat bars are great tasting and are also a good deal kit kat is one of my daughter s favorite candy bars so we sent her these to share with friends in her college dorm and it was a great hit since everyone loves the chocolate covered wafer strips i had sent mixed packs in the past but my daughter said that the kit kat bars all went first so figured that this was a better way to go highly recommended cfh,9,"kat bars,kit kat,candy bars"
555385,B001JP7G1Q,A1VEIEXD31KY9F,603robby,1,1,5,1323734400,fi shock xp-15,"I was all but ready to give up trying to keep my cotswald sheep, because they bust thru everything including my chain link fence. This charger was my last attempt before I sold them. I have bought 3 other chargers before this one, ranging from 1-5 joules. All I can say is this is the first fi shock out of the bunch, and will be the last charger I get. The sheep actually respect this charger. I have had it up and running for a little over a month with only 1 issue. I forgot to plug it in!!!! Hands down best thing out there. The only minor issue I would say is that it could have a longer cord on it. Other than that this unit is great.",positive,i was all but ready to give up trying to keep my cotswald sheep because they bust thru everything including my chain link fence this charger was my last attempt before i sold them i have bought other chargers before this one ranging from joules all i can say is this is the first fi shock out of the bunch and will be the last charger i get the sheep actually respect this charger i have had it up and running for a little over a month with only issue i forgot to plug it in hands down best thing out there the only minor issue i would say is that it could have a longer cord on it other than that this unit is great,0,"charger sheep,fence charger,charger attempt"
447674,B0009F3PP8,A2CHC96L503Y0E,Lnanaa,33,33,5,1230854400,Works great during my pregnancy,"During my pregnancy, I read that raspberry leaf tea can help strengthen the uterus for labor. I started drinking this tea 3 times a day on my 39th week. Before I went into the hospital for a cervadil and induction, I used 2 tea bags and infused it for 30 minutes. I brought some tea bags with me to drink during my stay at the hospital. This is my 2nd pregnancy and this time was more positive and less tramatic for me. I only had to push my son out 3 times before he came out on his own. The contractions were strong enough to push him out without any help from me. I certainly believe this tea helped my labor to be shorter and easier for me. I felt better and stronger for the last 2 weeks of my pregnancy than the whole 9 months. I also like the smell and taste of this tea. I continued to drink this tea for my recovery from giving birth. This tea has become my favorite drink now. I definitely recommend drinking this tea during the last few weeks (starting 34 weeks) of pregnancy.",positive,during my pregnancy i read that raspberry leaf tea can help strengthen the uterus for labor i started drinking this tea times a day on my th week before i went into the hospital for a cervadil and induction i used tea bags and infused it for minutes i brought some tea bags with me to drink during my stay at the hospital this is my nd pregnancy and this time was more positive and less tramatic for me i only had to push my son out times before he came out on his own the contractions were strong enough to push him out without any help from me i certainly believe this tea helped my labor to be shorter and easier for me i felt better and stronger for the last weeks of my pregnancy than the whole months i also like the smell and taste of this tea i continued to drink this tea for my recovery from giving birth this tea has become my favorite drink now i definitely recommend drinking this tea during the last few weeks starting weeks of pregnancy,-1,"birth tea,leaf tea,tea help"
133114,B0090X8IPM,A2X61KKXXR6WNP,"Sean P. Logue ""If you can't win, change the r...",0,0,4,1291852800,"Fairly strong vanilla scent, not as much vanilla taste","I had high hopes for this coffee.  I sometimes enjoy having a flavored coffee, but I don't generally like the sweetness that comes with the syrups.<br /><br />When I brewed it, it had a very strong, natural vanilla smell, which I really liked.  It made my kitchen smell warm and inviting!<br /><br />The taste, however, is much more subtle.  Perhaps this is because the coffee is strong, and vanilla is a delicate flavor.  I found that most of the vanilla was really coming in through the aroma.<br /><br />So, if you are looking for something that tastes like coffee with syrup in it, this definitely isn't it. However, I think it would get a bit overpowering for my taste if it did, so I'm fine with that.  Just understand what you are getting.<br /><br />Sean P. Logue, 2010",positive,i had high hopes for this coffee i sometimes enjoy having a flavored coffee but i don t generally like the sweetness that comes with the syrups when i brewed it it had a very strong natural vanilla smell which i really liked it made my kitchen smell warm and inviting the taste however is much more subtle perhaps this is because the coffee is strong and vanilla is a delicate flavor i found that most of the vanilla was really coming in through the aroma so if you are looking for something that tastes like coffee with syrup in it this definitely isn t it however i think it would get a bit overpowering for my taste if it did so i m fine with that just understand what you are getting sean p logue,1,"coffee syrup,flavored coffee,flavor vanilla"
355169,B001E7654S,A27K5RT7VDB7BU,Stephan,0,1,5,1274572800,Tastes great!,"I purchased these bars as a meal replacement after a job during lunch.  The texture is a bit hard (moat if not all protein bars are hard) but these Special K Protein Bars tastes great!  With 10 grams of protein per bar, it is a much better alternative then other snacks out there.  I only have other protein bars that I use as meal replacements after a workout or job and these Special K bars tastes the best to me.  I will be buying more!",positive,i purchased these bars as a meal replacement after a job during lunch the texture is a bit hard moat if not all protein bars are hard but these special k protein bars tastes great with grams of protein per bar it is a much better alternative then other snacks out there i only have other protein bars that i use as meal replacements after a workout or job and these special k bars tastes the best to me i will be buying more,9,"protein bars,snacks protein,protein bar"
439511,B00388XW7Y,A3E8U5JVX955US,Kimberly L Lyon,1,1,5,1299369600,My dog loves it!,"I was using the ""raw diet"" for my little jack russell terrier and it was a pain to prepare.  I was willing to do it for my dog, but when others in the family wanted to feed her, they did not like to prepare it. I read the nutrition reviews of Blue Buffalo Wilderness and it sounded good for her.  I mix it with some of the dry and my little dog loves it and it is so easy to prepare.<br />I will continue using it...thanks!",positive,i was using the raw diet for my little jack russell terrier and it was a pain to prepare i was willing to do it for my dog but when others in the family wanted to feed her they did not like to prepare it i read the nutrition reviews of blue buffalo wilderness and it sounded good for her i mix it with some of the dry and my little dog loves it and it is so easy to prepare i will continue using it thanks,0,"raw diet,using raw,nutrition reviews"
481067,B001CO2LOQ,A2D0FYIX2Q5EWD,"Stella ""Used2BZ""",0,0,5,1307232000,It's a miracle.,"Got a shelter dog back in November... Bichon Frise.  We have been thru 7 different brands of food and also boiling chicken and rice for him as well. His digestive system is a mess, and recently we learned his pancreas  numbers were off as well. This is why we decided to go low fat.<br /><br />It has been 12 days and the improvement is remarkable. We finally have good poop. It's a miracle!  PLUS he liked it right away as well.<br /><br />I researched dozens of dog foods over the last 6 months, and recently at least 6 low fat dry foods. This one appeared to be the best, and it is definitely the best for our dog!  We are VERY HAPPY with our choice. Plus it magically comes to the door via UPS.",positive,got a shelter dog back in november bichon frise we have been thru different brands of food and also boiling chicken and rice for him as well his digestive system is a mess and recently we learned his pancreas numbers were off as well this is why we decided to go low fat it has been days and the improvement is remarkable we finally have good poop it s a miracle plus he liked it right away as well i researched dozens of dog foods over the last months and recently at least low fat dry foods this one appeared to be the best and it is definitely the best for our dog we are very happy with our choice plus it magically comes to the door via ups,0,"dog foods,bichon,bichon frise"
372684,B001HS89WK,A35R32TA60XD57,M. Torma,0,0,5,1272931200,Exceptional food!,"This is another food I have recently added to my kitties rotation of quality foods.  I bought a small can of it to see if they liked it and they went crazy for it!  They are on Wellness, Natural Value (sold here), Natural Balance, By Nature Organics and now this one.  All offer superb nutrition at very reasonable prices.  I love giving my babies the best!  They deserve it!",positive,this is another food i have recently added to my kitties rotation of quality foods i bought a small can of it to see if they liked it and they went crazy for it they are on wellness natural value sold here natural balance by nature organics and now this one all offer superb nutrition at very reasonable prices i love giving my babies the best they deserve it,5,"superb nutrition,quality foods,wellness natural"
325799,B006WLNUWG,A2XNJJ9TF70P4J,Angie,0,0,5,1320105600,Oh. My. God.,It's Rice Krispy treats. It's cereal. It's amazing. Tastes exactly like the treats only in cereal form. You can't get much better than this. I eat it dry from the box!,positive,it s rice krispy treats it s cereal it s amazing tastes exactly like the treats only in cereal form you can t get much better than this i eat it dry from the box,11,"rice krispy,treats cereal,krispy treats"
487189,B000PDWBKO,A15XG2PBR6KC5B,Gray Ranger,3,5,2,1307923200,Good & Bad,"The good:<br /> - Good taste;<br /> - Pops up plump;<br /> - Convenient.<br /><br />The bad:<br /> - Lots of unpopped kernels (far more than any other brand I've used). You get plenty of popped corn, but it seems a waste and could lead you to question freshness or quality of the corn;<br /> - Uses the coal tar dyes Yellow #5 and #6 which have been implicated in various health issues and are listed as Group I carcinogens by the IARC.<br /> - The generic term ""natural and artificial color"" is used rather than listing actual flavor contents.<br /> - No ""best by"" or expiration date on the package<br /><br />For me the bad will prevent me from ordering more of this otherwise good popcorn. I don't need questionable additives just to make my popcorn yellow, and it leaves a colorful gross residue in the pan after popping. And for flavor, if the popcorn itself, along with whatever I want to add on my own, can't carry the day, I will find a product that can stand on its own.<br /><br />Other:  You only need 4 oz, or half this bag, to completely fill a standard Whirley-Pop so you can cut back as needed. Very salty for my taste, so you may want to start with much less than the salt offered and then salt to taste till you find the amount that works for you.",negative,the good good taste pops up plump convenient the bad lots of unpopped kernels far more than any other brand i ve used you get plenty of popped corn but it seems a waste and could lead you to question freshness or quality of the corn uses the coal tar dyes yellow and which have been implicated in various health issues and are listed as group i carcinogens by the iarc the generic term natural and artificial color is used rather than listing actual flavor contents no best by or expiration date on the package for me the bad will prevent me from ordering more of this otherwise good popcorn i don t need questionable additives just to make my popcorn yellow and it leaves a colorful gross residue in the pan after popping and for flavor if the popcorn itself along with whatever i want to add on my own can t carry the day i will find a product that can stand on its own other you only need oz or half this bag to completely fill a standard whirley pop so you can cut back as needed very salty for my taste so you may want to start with much less than the salt offered and then salt to taste till you find the amount that works for you,22,"popcorn yellow,flavor popcorn,quality corn"
235007,B000KV7ZGQ,AZJXAQJZD7ZX8,"Henstina27 ""Gail""",2,2,5,1319846400,THE toy to keep your dog busy,We got this toy to keep my 6 month puppy busy when we went to work. It's a great toy for dogs that inhale their food and need some stimulation so they keep out of trouble. My dog is not a light chewer so I was worried that he would chew this to pieces but after a couple of months this toy remains intact. LOVE IT!,positive,we got this toy to keep my month puppy busy when we went to work it s a great toy for dogs that inhale their food and need some stimulation so they keep out of trouble my dog is not a light chewer so i was worried that he would chew this to pieces but after a couple of months this toy remains intact love it,0,"chew pieces,chewer worried,worried chew"
66218,B0005YMACM,A1VDPAUBS71M1B,"Dean Swiatek ""fps_dean""",2,2,5,1335571200,Dean Swiatek,"I'm a bit of a hardcore chilehead, and I've tried many hot sauces; most are far hotter than Cholula's original.  But Cholula's original, while mild by my standards is an exceptionally great tasting hot sauce.  And my 8 year old son also agrees, so I make sure to keep some in stock for him too even if I'm using something much hotter.<br /><br />This is probably the best hot sauce that you can buy in a supermarket.",positive,i m a bit of a hardcore chilehead and i ve tried many hot sauces most are far hotter than cholula s original but cholula s original while mild by my standards is an exceptionally great tasting hot sauce and my year old son also agrees so i make sure to keep some in stock for him too even if i m using something much hotter this is probably the best hot sauce that you can buy in a supermarket,4,"hotter cholula,hot sauce,original cholula"
89506,B006UH2SSO,A1O4QMADDZVFZ9,Machigua,0,0,5,1346544000,Great Product,I was very pleased with my latest order of Biscotti.  I will definitely by this product again.  Everything arrived in perfect order.,positive,i was very pleased with my latest order of biscotti i will definitely by this product again everything arrived in perfect order,-1,"order biscotti,biscotti,biscotti definitely"
548739,B001M2BM4I,A38SZY0EZU0ZK9,Karen Daiter,0,0,5,1242345600,Great coffee,"This was my first K-cup coffee and it was great.  I am a Starbucks Americano or Sumatra drinker by nature and like rich, dark coffee.  I use this all the time in my office now.  Had tried Starbucks VIA, also a really good product, but this is less expensive and just as good.  It's definitely cut my costs but not my pleasure in coffee.",positive,this was my first k cup coffee and it was great i am a starbucks americano or sumatra drinker by nature and like rich dark coffee i use this all the time in my office now had tried starbucks via also a really good product but this is less expensive and just as good it s definitely cut my costs but not my pleasure in coffee,1,"coffee great,pleasure coffee,great starbucks"
530324,B001E5E2CW,A1WV25LU9QKGDZ,Al Chartreux,1,1,5,1248566400,Excellent Tahini,"I am very pleased with this tahini from Al Wadi. All my jars arrived okay, although the plastic wrapping around the jars was a little greasy to the touch (I just washed it away with a little warm water and soap). Unopened, I believe these jars can be stored unrefrigerated, but I refrigerate mine anyway just to be safe. I use this tahini mainly in hummus, and it works well for that, but you can also make an awesome spread for falafel by putting some tahini in a food processor with lemon juice, a couple of garlic cloves, some cold water and mint leaves.",positive,i am very pleased with this tahini from al wadi all my jars arrived okay although the plastic wrapping around the jars was a little greasy to the touch i just washed it away with a little warm water and soap unopened i believe these jars can be stored unrefrigerated but i refrigerate mine anyway just to be safe i use this tahini mainly in hummus and it works well for that but you can also make an awesome spread for falafel by putting some tahini in a food processor with lemon juice a couple of garlic cloves some cold water and mint leaves,-1,"jars stored,tahini food,use tahini"
334093,B001EPQRUC,A3934NGYZU4M6O,"Katie Kate ""Kate""",4,4,5,1304553600,"Great price, product exactly as listed.","Olive oil got really expensive at our local grocery stores, so I turned to amazon and found a good deal here. It was exactly as listed and the price was pretty good.",positive,olive oil got really expensive at our local grocery stores so i turned to amazon and found a good deal here it was exactly as listed and the price was pretty good,13,"olive oil,olive,oil"
133594,B005DVUYCU,A4MQKLXB6C089,"Danilavoie ""DL""",3,3,3,1323993600,"Love the product, but the title is false advertising!  (says the cans are 12 oz, when they're only 8 oz.)","I love this stuff, but it would be nice if the product was as advertised.  I bought it thinking that I was going to get 12oz cans like it shows in the description.  Instead, when I received it, the cans were only 8oz.  Someone needs to fix the error!",neutral,i love this stuff but it would be nice if the product was as advertised i bought it thinking that i was going to get oz cans like it shows in the description instead when i received it the cans were only oz someone needs to fix the error,-1,"cans oz,oz cans,received cans"
529842,B00028HN5A,A29TJEDUADU28Q,Elizabeth A. Hughes,6,6,5,1292112000,Cats love it,"Thank you. I got this for a cat who is dying of cancer and word back is that he is very happy in his last days. So I got a tin for my cats and as soon as it is opened, everyone clusters around me to get a pinch for themselves. Good quality nip that even I can smell.",positive,thank you i got this for a cat who is dying of cancer and word back is that he is very happy in his last days so i got a tin for my cats and as soon as it is opened everyone clusters around me to get a pinch for themselves good quality nip that even i can smell,0,"tin cats,tin,nip smell"
99623,B003P9XGEU,A3DWYTUN5TMDG8,nette,1,1,5,1302652800,"Blue Buffalo dry food for small breed dogs, natural fish & rice",I have noticed a big difference in both of my dogs since they started eating this dog food. My pug-terrier mix had thinning wiry fur & her skin was inflamed. Her fur has really thickened & her skin is better. Both dogs don't eat as much either. They use to eat in the morning & evening but now eat only late afternoon. The food does seem a little expensive but since they have cut down eating so much it probably balances out to what I was spending with store bought food.,positive,i have noticed a big difference in both of my dogs since they started eating this dog food my pug terrier mix had thinning wiry fur her skin was inflamed her fur has really thickened her skin is better both dogs don t eat as much either they use to eat in the morning evening but now eat only late afternoon the food does seem a little expensive but since they have cut down eating so much it probably balances out to what i was spending with store bought food,0,"dog food,eating dog,food pug"
138189,B001EQ5BXA,A3Q8JZTT51HCHI,m,13,13,3,1256169600,"Red is good, others weak","I really wanted to like these. I bought the double pack so I would have one for home and one for school. The school used traditional food dyes and my daughter broke out in hives. Not good. But we just tried to make playdough with these colors and were unable to make blue or green or yellow. Shades of reddish-pink to purply colors were ok. Perhaps it would help if I used bleached flour . As is, I can only endorse this half-heartedly for those who aren't trying to achieve a very specific color. It's a lot of money to spend for a product that only works moderately. I wish I had just experimented with juices instead (spinach, beet, and carrot) as someone else had recommended. I still would pick these over standard food dyes since those are linked to causing cancer and no amount of fun with food dye is worth that!",neutral,i really wanted to like these i bought the double pack so i would have one for home and one for school the school used traditional food dyes and my daughter broke out in hives not good but we just tried to make playdough with these colors and were unable to make blue or green or yellow shades of reddish pink to purply colors were ok perhaps it would help if i used bleached flour as is i can only endorse this half heartedly for those who aren t trying to achieve a very specific color it s a lot of money to spend for a product that only works moderately i wish i had just experimented with juices instead spinach beet and carrot as someone else had recommended i still would pick these over standard food dyes since those are linked to causing cancer and no amount of fun with food dye is worth that,-1,"food dyes,food dye,playdough colors"
87835,B008O3G25W,A4QXTN3K865NR,"aar! ""aar!""",1,2,5,1317427200,Great Idea for Dispensing Dog Treats,"Really like the idea of a roller-ball to give treats, especially as rewards when training (skateboard, leash walking and close commands).  The dispenser is similar to a roll-on deodorant design.  Lickety Stik is a healthy all natural (according to the ads) liquid containing vitamins and low in calories in several flavors. The dispenser contains over 500 licks.  A no mess way to give rewards plus it carries the made in the USA with all-natural ingredients.  My English Bulldog puppy loves the stuff (liver flavor); however, it also comes in chicken and bacon flavors. Following  is a list for those who read the ingredients,  1)natural liver flavors, (2) cultured milk, (3) lecithin, (4) mixed tocopherols (natural preservative- a source of vitamin E), (5) scorbyl palmitate (source of vitamin C), (6) rosemary extract, (7) green tea extract.  A caution about dogs allergic to chicken - they should not be licking this stuff. Unlike most treats, the shelf life is 18 months and ""best"" licked by date is stamped on the bottom of the roll-on dispenser. The description indicates the Lickety Stik formula contains antimicrobial agents - basically no germ transfer. The stuff does not have to be refrigerated.  Naturally, you must shake the dispenser often.  Will be ordering the Lickety Stik 3 pack with all flavors from Amazon.  ""Reilly"" recommends the treat!",positive,really like the idea of a roller ball to give treats especially as rewards when training skateboard leash walking and close commands the dispenser is similar to a roll on deodorant design lickety stik is a healthy all natural according to the ads liquid containing vitamins and low in calories in several flavors the dispenser contains over licks a no mess way to give rewards plus it carries the made in the usa with all natural ingredients my english bulldog puppy loves the stuff liver flavor however it also comes in chicken and bacon flavors following is a list for those who read the ingredients natural liver flavors cultured milk lecithin mixed tocopherols natural preservative a source of vitamin e scorbyl palmitate source of vitamin c rosemary extract green tea extract a caution about dogs allergic to chicken they should not be licking this stuff unlike most treats the shelf life is months and best licked by date is stamped on the bottom of the roll on dispenser the description indicates the lickety stik formula contains antimicrobial agents basically no germ transfer the stuff does not have to be refrigerated naturally you must shake the dispenser often will be ordering the lickety stik pack with all flavors from amazon reilly recommends the treat,0,"natural ingredients,ingredients natural,liver flavors"
187740,B004UBZBMW,A3FVVC3WYT96YA,guest,0,0,5,1344297600,great product,"Great k-cup holder.  Definitely recommend it over the smaller 36 cup holder.  Top tray works well for mugs, sugar, etc.",positive,great k cup holder definitely recommend it over the smaller cup holder top tray works well for mugs sugar etc,1,"cup holder,holder tray,mugs sugar"
185175,B000294DE8,A2HORSZJLOFJ24,Seltzer7,1,1,2,1288828800,Too thin...and a quick chew.,"A bit of disappointment in this bully stick due to lack of thickness.  Product Description is: 12"" Select Bully Sticks - Pkg of 50. Select Bully Sticks are thicker and heavier than standard Bully Sticks.<br /><br />My 9 month golden retriever, who has spent a day or more on a competitor's 0.75"" diameter bully sticks, tore through the first K-nine Kountry stick in ~15 minutes.  They are obviously very tasty to the dog, but they stunk up the house upon opening the bag (which we now keep out in the garage)<br /><br />Either K-nine Kountry sent me the wrong product or my expectations are out of whack.  A majority of the sticks average 3/8"" or less in diameter.  I counted 6 of the 50 sticks that were 1/2"" to 3/4"" in diameter.  Personally, I can't imagine a bully stick getting any thinner than a majority of what I received, so the idea that they are ""Select"" is what concerns me.",negative,a bit of disappointment in this bully stick due to lack of thickness product description is select bully sticks pkg of select bully sticks are thicker and heavier than standard bully sticks my month golden retriever who has spent a day or more on a competitor s diameter bully sticks tore through the first k nine kountry stick in minutes they are obviously very tasty to the dog but they stunk up the house upon opening the bag which we now keep out in the garage either k nine kountry sent me the wrong product or my expectations are out of whack a majority of the sticks average or less in diameter i counted of the sticks that were to in diameter personally i can t imagine a bully stick getting any thinner than a majority of what i received so the idea that they are select is what concerns me,0,"sticks thicker,bully sticks,sticks diameter"
520379,B0041O89M2,ATUDSL04QKLE6,"Pat ""NanaPat""",3,4,5,1298332800,Fantastic Waffles!,"I always purchase Krusteaz products when they are available as you cannot get a better product.<br />Best waffles ever!  Great bargain, always can expect a good deal from Amazon.",positive,i always purchase krusteaz products when they are available as you cannot get a better product best waffles ever great bargain always can expect a good deal from amazon,-1,"purchase krusteaz,krusteaz products,best waffles"
398916,B001D09KAM,A36O7RRPGI5C1W,veebee,2,2,5,1335139200,Yummy!,I can't believe these are healthy for you as they are so yummy. I love them. I will be ordering more in the near future.,positive,i can t believe these are healthy for you as they are so yummy i love them i will be ordering more in the near future,5,"healthy yummy,healthy,yummy"
157990,B001EO5RFE,A3A5OR5DV04CVL,Mary Mcdonnell,1,1,5,1275004800,The best!,Nature's Path Organic Flax Plus Pumpkin Granola Cereal is one of the best cereals I've ever tried.,positive,nature s path organic flax plus pumpkin granola cereal is one of the best cereals i ve ever tried,11,"best cereals,cereal best,organic flax"
254835,B007PA32L2,ABP7SNMWBVBYB,"Ronald J. Eubanks ""Ronyon1""",1,1,5,1322524800,"I dont even like flavored coffee, but.....","This coffee is fantastic. I dont even like flavored coffee, but I think this one is the exception. I tried it on a whim, because I am a sucker for pumpkin anything, and now I am hooked on it. I brew it using the medium size selection and it it perfect every time.",positive,this coffee is fantastic i dont even like flavored coffee but i think this one is the exception i tried it on a whim because i am a sucker for pumpkin anything and now i am hooked on it i brew it using the medium size selection and it it perfect every time,1,"flavored coffee,coffee fantastic,coffee"
280194,B0018CDUOW,A3BAKCP44SYYEB,skw,0,0,5,1318204800,Prairie Dog Food,"Prairie dry dog food is difficult to find locally, so quite pleased that Amazon.com solves my dilemma.  Thank you so much.",positive,prairie dry dog food is difficult to find locally so quite pleased that amazon com solves my dilemma thank you so much,0,"dog food,dry dog,prairie dry"
406973,B0030F70HI,A2ZG7281DIDJWG,"Jamesdooo ""jamesdooo""",1,1,4,1266624000,my dog loves em,"we were looking for something heather than raw hides (Our vet always talked about her weight)and i read a article about how good sweet potatoes are for pooches so i gave em a chance. the dog, a border collie lab mix loved em and quickly forgot about raw hides end of story and we all lived happily ever after. the end.",positive,we were looking for something heather than raw hides our vet always talked about her weight and i read a article about how good sweet potatoes are for pooches so i gave em a chance the dog a border collie lab mix loved em and quickly forgot about raw hides end of story and we all lived happily ever after the end,0,"hides vet,raw hides,collie"
430393,B005K4Q1T0,A21VRPTG99PC3K,Dianne F Simonini,12,15,2,1323216000,The description does not mention that it is sugar-free,"Had I known this cocoa was sugar-free, I would not have purchased it. I realize that this will not bother some people, but I really don't like the aftertaste of fake sugar.  In the interest of fairness, this did not seem to trouble my nephew!  Just update the description.",negative,had i known this cocoa was sugar free i would not have purchased it i realize that this will not bother some people but i really don t like the aftertaste of fake sugar in the interest of fairness this did not seem to trouble my nephew just update the description,-1,"cocoa sugar,fake sugar,sugar free"
146886,B005GRCWDU,A1NBXGOYDE9ORV,M. Hendry,0,0,5,1329004800,smooth and bitter free,Having tried many different ground coffee for my espresso maker this one is rich and tasty.<br />Where it really stands out for me and my family is there is no bitter taste that is present in a lot of other coffee we have tried.,positive,having tried many different ground coffee for my espresso maker this one is rich and tasty where it really stands out for me and my family is there is no bitter taste that is present in a lot of other coffee we have tried,1,"ground coffee,coffee espresso,espresso"
297439,B00394JNAW,A246JFJ9Q6N1OM,Natalie,5,5,5,1304985600,Love it,"This is what you need if you want to make not good, not great but beyond amazing pizza dough. I've been making pizza for a decade and I thought I know what I was doing and what to use... and then, I tried this flour. Wow! Big deference: it has more elasticity to it so makes for easier tossing, and then the taste... poems should be written about the taste.<br />I've learned about Antimo Caputo ""00"" flour on Taylor's Ultimate episode - the ultimate pizza, it's where he goes to NYC, then to Italy, Naples and learns how to make pizza dough. The Italian woman who is teaching him shows him this flour and says that this is the only kind that pizzerias throughout Naples use. `Nuff said.",positive,this is what you need if you want to make not good not great but beyond amazing pizza dough i ve been making pizza for a decade and i thought i know what i was doing and what to use and then i tried this flour wow big deference it has more elasticity to it so makes for easier tossing and then the taste poems should be written about the taste i ve learned about antimo caputo flour on taylor s ultimate episode the ultimate pizza it s where he goes to nyc then to italy naples and learns how to make pizza dough the italian woman who is teaching him shows him this flour and says that this is the only kind that pizzerias throughout naples use nuff said,7,"pizza dough,dough italian,making pizza"
557016,B000H0ZJHW,A3OPFJ51F7Z3Z7,Jacquie,2,3,1,1324425600,My dog doesn't like them!,"My yellow lab, who loves any and all food, does not like these! I get them out and she doesn't come running, so that's the perfect indication. I pull out some other snacks to lure her into her crate and she bounds in - but not with these!",negative,my yellow lab who loves any and all food does not like these i get them out and she doesn t come running so that s the perfect indication i pull out some other snacks to lure her into her crate and she bounds in but not with these,0,"yellow lab,pull snacks,snacks lure"
246504,B002D4DY8G,AVZ1SYMD26S4R,Peggy Jentoft,0,1,5,1258934400,Smells great and OMG! This is GOOD!,"The first taste of the black coffee was somewhat bitter with a clean chocolate after taste. The addition of Sugar mellowed it out and eliminated the bitterness. The addition of milk turned it into ambrosia. I kind of expected to be disappointed because other chocolate flavored coffees I've tried have not been very good. This is good, the chocolate flavor is excellent.  The smell is absolutely delightful,it drew family members into the kitchen to ask what that wonderful fragrance was.The lovely aroma was so enthralling that the family member who dislikes/hates coffee insisted on having a cup. She loved it sweetened with milk added and will drink it again.  We joked about using it as a room freshener or wearing it as perfume. This is a very fine grind, a rounded tablespoon of coffee to 6 ounces of water makes a very strong brew. It can be diluted and retains its flavor. My husband loved it too and wants me to buy it when it is available. I think this tastes best sweetened.",positive,the first taste of the black coffee was somewhat bitter with a clean chocolate after taste the addition of sugar mellowed it out and eliminated the bitterness the addition of milk turned it into ambrosia i kind of expected to be disappointed because other chocolate flavored coffees i ve tried have not been very good this is good the chocolate flavor is excellent the smell is absolutely delightful it drew family members into the kitchen to ask what that wonderful fragrance was the lovely aroma was so enthralling that the family member who dislikes hates coffee insisted on having a cup she loved it sweetened with milk added and will drink it again we joked about using it as a room freshener or wearing it as perfume this is a very fine grind a rounded tablespoon of coffee to ounces of water makes a very strong brew it can be diluted and retains its flavor my husband loved it too and wants me to buy it when it is available i think this tastes best sweetened,1,"flavored coffees,chocolate flavor,chocolate taste"
291383,B0000GHXSQ,AINWDSHLD3WSM,dpapa550,0,0,4,1324080000,"Great product, quick shipping","I received this product from a friend of mine who is from AZ and immediately fell in love with it.  It's slightly thicker than Tabasco and Trappey's, but not as sour, and with a little bit more heat.  It goes well with almost EVERYTHING.  So, I knew what to expect.<br /><br />I bought two large bottles.  The seller shipped the package quickly, except that the cap on one of the bottles was loose, so the hot sauce leaked a little bit; otherwise, I would have given them 5 stars.  But that won't stop me from buying from them again next time I run out.<br /><br />Highly recommend to those who want a little bit of heat, without having too much of a vinegar base.",positive,i received this product from a friend of mine who is from az and immediately fell in love with it it s slightly thicker than tabasco and trappey s but not as sour and with a little bit more heat it goes well with almost everything so i knew what to expect i bought two large bottles the seller shipped the package quickly except that the cap on one of the bottles was loose so the hot sauce leaked a little bit otherwise i would have given them stars but that won t stop me from buying from them again next time i run out highly recommend to those who want a little bit of heat without having too much of a vinegar base,4,"thicker tabasco,tabasco trappey,tabasco"
138597,B004XWD1AW,A1UYEADWBKIP4D,tomlott,2,4,2,1305763200,Fica tree is not worth the money,The base of the fica tree looks like a child's bucket.  The tree is so small.  The box it came in bent the limbs badly.  Overall a waste of money.,negative,the base of the fica tree looks like a child s bucket the tree is so small the box it came in bent the limbs badly overall a waste of money,-1,"fica tree,base fica,tree looks"
540652,B001D0GV90,A30LG8G6RSA77H,PLB,1,1,5,1185926400,Great Strong Coffee,"If you like strong coffee, this is great stuff.  Some of the Keurig stuff comes out pretty weak if you brew it with the most water.  (My machine has three size settings...)",positive,if you like strong coffee this is great stuff some of the keurig stuff comes out pretty weak if you brew it with the most water my machine has three size settings,1,"strong coffee,stuff keurig,keurig stuff"
542057,B00333QK1O,A6UH48BHD9QN1,Shirl,3,5,4,1316649600,protein bars,I order the Jaybar Fudge Brownie Bars and the Cashew Coconut Bars on a regular basis.  They are a sweet treat with 14 grams of protein and the ingredients are o.k.  I buy them because of the ingredients that are NOT in them and because of the amount of protein that are in them. I store them in the fridge because I like them cold.,positive,i order the jaybar fudge brownie bars and the cashew coconut bars on a regular basis they are a sweet treat with grams of protein and the ingredients are o k i buy them because of the ingredients that are not in them and because of the amount of protein that are in them i store them in the fridge because i like them cold,9,"bars cashew,coconut bars,brownie bars"
505254,B0088Q299I,A37SICXE18029G,Ali,0,0,5,1348963200,"Feed Adam Bulk Organic, Naturally Gluten-free Quinoa Flour, 25 Pounds","I would recommend this flour it is very heathy and a neutral produckt.I will buy it again,as soon as I run out of this bag.",positive,i would recommend this flour it is very heathy and a neutral produckt i will buy it again as soon as i run out of this bag,7,"recommend flour,flour heathy,flour"
226664,B000XKCCV2,A3U4FCEAT75XLS,Cynesige,2,2,5,1315872000,My cats like it and are healthy,"This is a good product.  It's more expensive than typical supermarket cat foods, but you get what you pay for.  Blue Buffalo is one of about a half-dozen upscale, healthier, more expensive cat food brands.  Though there are proponents and detractors of each brand, honestly, they seem all to be on a similar plane in terms of the quality and healthiness of the food (Blue Buffalo, Evo, Innova, Wellness, etc.).  After reading a gazillion websites, I concluded that Wellness Core is probably the healthiest dry food out there, but our three cats don't like it much - it's like feeding string beans day after day to a kid; they just won't eat it.  They *love* the taste of Blue Buffalo.  So we mix 1/2 Wellness Core with 1/2 Blue Buffalo Indoor Cat Dry to try to get the best of both worlds.  I can't overemphasize how much all three of our cats like the taste of the BB dry.  They will eat it as a meal, or mixed in with wet food, or even as their 11 pm snack-treat, when they are at their most finicky and demanding. All three of our cats like a wide variety of the Blue Buffalo flavors, but this particular product (for whatever reason) has really worked out well as the core of their diet.  There's no question that a lot of things improved with our cats, from digestion to fecal habits to coat shininess and smoothness, when we transitioned them over to Blue Buffalo.  I'm very satisfied with Blue Buffalo and with this product.",positive,this is a good product it s more expensive than typical supermarket cat foods but you get what you pay for blue buffalo is one of about a half dozen upscale healthier more expensive cat food brands though there are proponents and detractors of each brand honestly they seem all to be on a similar plane in terms of the quality and healthiness of the food blue buffalo evo innova wellness etc after reading a gazillion websites i concluded that wellness core is probably the healthiest dry food out there but our three cats don t like it much it s like feeding string beans day after day to a kid they just won t eat it they love the taste of blue buffalo so we mix wellness core with blue buffalo indoor cat dry to try to get the best of both worlds i can t overemphasize how much all three of our cats like the taste of the bb dry they will eat it as a meal or mixed in with wet food or even as their pm snack treat when they are at their most finicky and demanding all three of our cats like a wide variety of the blue buffalo flavors but this particular product for whatever reason has really worked out well as the core of their diet there s no question that a lot of things improved with our cats from digestion to fecal habits to coat shininess and smoothness when we transitioned them over to blue buffalo i m very satisfied with blue buffalo and with this product,0,"cat foods,cat food,food cats"
333431,B004UB4WS6,A150XXNO8GKJLE,Kgs,0,0,1,1348444800,Off-putting flavor,"I like to have a jar of curry sauce in the pantry for quick suppers when I don't have time to make it from scratch.  I've been testing several brands, including Maya Kaimal.  The consistency of this sauce is a bit thin compared to most others.  I liked the packaging and the ingredients list.  However, this brand's combination of ingredients was really unpleasant.  There's some sort of sweet, off-putting tinge to this sauce.  I think a Madras simmer sauce should be rather spicy but this particular brand was not for me.  I would not purchase it again.  I've found that <a href=""http://www.amazon.com/gp/product/B001SB4Q8M"">Seeds of Change Simmer Sce, Og, Madras, 12-Ounce (Pack of 6)</a> is much tastier and can't seem to get enough of it!",negative,i like to have a jar of curry sauce in the pantry for quick suppers when i don t have time to make it from scratch i ve been testing several brands including maya kaimal the consistency of this sauce is a bit thin compared to most others i liked the packaging and the ingredients list however this brand s combination of ingredients was really unpleasant there s some sort of sweet off putting tinge to this sauce i think a madras simmer sauce should be rather spicy but this particular brand was not for me i would not purchase it again i ve found that seeds of change simmer sce og madras ounce pack of is much tastier and can t seem to get enough of it,4,"curry sauce,madras simmer,simmer sauce"
493374,B003ULFXWQ,A16JH4ERWMVFJY,"Misha011 ""misha011""",3,3,5,1297036800,favorite green tea,"Numi's Jasmine Green Tea is my favorite green tea. It's pleasant flavored and very nice smelling. What I like best is that if I over steep, it doesn't turn bitter like other green teas. I like a little sweetness so add a spoon of turbinado sugar. This tea can be a little pricey and the grocery store, so I like the 3-pack, which helps lower the price. Amazon used to offer a 6-pack, which was nice because I drink this every day and would not have to order it as frequently. Now I just order 2 of the 3-packs. Other details that make this a standout company in tea bags is that it's organic and free trade.",positive,numi s jasmine green tea is my favorite green tea it s pleasant flavored and very nice smelling what i like best is that if i over steep it doesn t turn bitter like other green teas i like a little sweetness so add a spoon of turbinado sugar this tea can be a little pricey and the grocery store so i like the pack which helps lower the price amazon used to offer a pack which was nice because i drink this every day and would not have to order it as frequently now i just order of the packs other details that make this a standout company in tea bags is that it s organic and free trade,2,"tea pleasant,green tea,green teas"
324497,B002GWFAXW,A1P1MEDLRPXEH8,"James Parkinson ""James""",0,0,5,1313971200,Such a deal!,"It's good, it's inexpensive and it's delivered to your door. What's wrong with this picture? I can't find anything wrong with it myself. I'm sure there will be people who don't appreciate the coffee for one reason or another. I've not met any of them and we've served many cups.",positive,it s good it s inexpensive and it s delivered to your door what s wrong with this picture i can t find anything wrong with it myself i m sure there will be people who don t appreciate the coffee for one reason or another i ve not met any of them and we ve served many cups,1,"coffee reason,appreciate coffee,coffee"
540805,B002ZJ4J7Y,A23JS83P6DI6OE,Ashley D.,0,0,3,1350345600,nuts are great,"These nuts are great and have the best price anywhere. I keep the used containers for storing all sorts of stuff. Laundry detergent, ice melt, coffee, cereal etc. The wide mouth jar lid is easy to spin on and off.",neutral,these nuts are great and have the best price anywhere i keep the used containers for storing all sorts of stuff laundry detergent ice melt coffee cereal etc the wide mouth jar lid is easy to spin on and off,16,"containers storing,jar lid,nuts great"
27287,B002ZJQ3L4,A1YL64NA0K1YMN,Dustin H,7,9,3,1302912000,Salty,"This jerky is okay at best unless you're salt fanatic.  I'm a heavy salter, but this stuff is over the top...",neutral,this jerky is okay at best unless you re salt fanatic i m a heavy salter but this stuff is over the top,17,"salter stuff,heavy salter,salt fanatic"
376242,B009AFH6Y4,A24B622DUKWEKL,kona,8,13,1,1301097600,Nasty!,"If you're looking for a quality cold-pressed coconut oil, this is NOT the one!!! Stay away! When I first opened it, it looked fine and smelled nice and 'coconutty'. Upon melting it to pour into another container, I was appalled at the nasty bacon grease smell and the yellow color. This is a heat-processed oil, likely using poor quality coconut. I will never ever buy this brand again.",negative,if you re looking for a quality cold pressed coconut oil this is not the one stay away when i first opened it it looked fine and smelled nice and coconutty upon melting it to pour into another container i was appalled at the nasty bacon grease smell and the yellow color this is a heat processed oil likely using poor quality coconut i will never ever buy this brand again,13,"coconut oil,quality coconut,bacon grease"
259291,B000H7LVKY,A169N2TE19W6UV,Miss Adela,1,1,5,1199923200,Perfect for adding and snacking..,"I love dried fruit..ALL of it.<br />These are the best dried cherries I have ever had.<br />I was making waffle batter when the UPS truck pulled up and I stopped everything in midstream to open these. I immediately chopped up a couple handfulls and into the waffle batter they went plus a half teaspoon of almond extract.<br />Sooo good. I was eating them out of the bag while I was cooking.<br />So moist, so big so juicy, so perfect.<br />Since then I have made chocolate cookies with almonds,white chunks and cherries. I add them to oatmeal, trail mix and muffin batter.<br />They are the best period.",positive,i love dried fruit all of it these are the best dried cherries i have ever had i was making waffle batter when the ups truck pulled up and i stopped everything in midstream to open these i immediately chopped up a couple handfulls and into the waffle batter they went plus a half teaspoon of almond extract sooo good i was eating them out of the bag while i was cooking so moist so big so juicy so perfect since then i have made chocolate cookies with almonds white chunks and cherries i add them to oatmeal trail mix and muffin batter they are the best period,5,"dried cherries,dried fruit,fruit best"
181071,B007Y59HVM,A10H24TDLK2VDP,William Jens Jensen,0,0,5,1339632000,This is the best one yet!,"""Fog Chaser""...a great description! Extremely fresh. The taste is surprisingly deep and rich for a medium roast, or ""Full City."" I usually drink a darker roast just to get the extra bit of flavor, but this one is even better than San Francisco Bay's French Roast. The only other coffees that come close are <a href=""http://www.amazon.com/gp/product/B006Q822L0"">Brooklyn Bean Roastery ""Fuhgeddaboudit""</a> and <a href=""http://www.amazon.com/gp/product/B006Q82652"">""Cyclone,""</a> two of my other favorites, along with <a href=""http://www.amazon.com/gp/product/B006N3I5DM"">Green Mountain Revv</a>.<br /><br />Keep in mind that these are ""pods"" rather than actual k-cups, so after you open the bag, you will need to seal the unused capsules in a zip bag, preferably in the refrigerator (not the freezer). Doing this, I've never had the coffee go stale. If you like deep, flavorful coffee, I recommend you give this one a try.",positive,fog chaser a great description extremely fresh the taste is surprisingly deep and rich for a medium roast or full city i usually drink a darker roast just to get the extra bit of flavor but this one is even better than san francisco bay s french roast the only other coffees that come close are brooklyn bean roastery fuhgeddaboudit and cyclone two of my other favorites along with green mountain revv keep in mind that these are pods rather than actual k cups so after you open the bag you will need to seal the unused capsules in a zip bag preferably in the refrigerator not the freezer doing this i ve never had the coffee go stale if you like deep flavorful coffee i recommend you give this one a try,1,"flavorful coffee,roast coffees,coffee stale"
474655,B001FA1LJ8,A1IFQYBWHT9P1M,Janice Hoffman,2,2,5,1215388800,the best tea,"I have been drinking this tea for years, and have found it to be the best.  It has gotten very hard to find lately.  But thanks to Amazon, I not only have my favorite tea, but I got it at a fraction of the price.  I couldn't be happier.  thankyou",positive,i have been drinking this tea for years and have found it to be the best it has gotten very hard to find lately but thanks to amazon i not only have my favorite tea but i got it at a fraction of the price i couldn t be happier thankyou,2,"favorite tea,drinking tea,tea"
346487,B001P777DU,A3GHANRF4H0X9I,E. Kunhardt,0,0,4,1287532800,Not bad,"I own the original and REALLY like that one, so I decided to give this a try. I don't know if I expected it to be hot, but I wasn't convinced to reorder this one. It has a hint of something I wasn't liking in my bloody mary; maybe it was the peppers? I wouldn't hesitate to reorder the original, though! Great value here, too.",positive,i own the original and really like that one so i decided to give this a try i don t know if i expected it to be hot but i wasn t convinced to reorder this one it has a hint of something i wasn t liking in my bloody mary maybe it was the peppers i wouldn t hesitate to reorder the original though great value here too,4,"reorder original,peppers,maybe peppers"
280775,B001E5DYG2,A1QEBX9SWWHVNW,Robert B. Wallot,0,0,5,1275782400,34 Degrees Rosemary Crispbread,"These are a light delicious wafer, great for a snack or party with cheese or cold meats or vegetables.",positive,these are a light delicious wafer great for a snack or party with cheese or cold meats or vegetables,-1,"delicious wafer,wafer great,wafer"
199064,B000OQ2DJQ,A29URW3C4M0IC2,Anna Tang,3,3,5,1310256000,Great product!,"Helps me sleep through the night.  And several friends who I've recommended Calm to, they've tried it and love it.  Helps de-stress which so many people need nowadays.  It's also especially good for those who have had lots of calcium in their life and their body may not have absorbed it well.  Great for those who have calcified joints - - decalcifies.  So many benefits.",positive,helps me sleep through the night and several friends who i ve recommended calm to they ve tried it and love it helps de stress which so many people need nowadays it s also especially good for those who have had lots of calcium in their life and their body may not have absorbed it well great for those who have calcified joints decalcifies so many benefits,3,"helps sleep,recommended calm,helps stress"
49018,B001710K88,ABIRBV69E1DAM,Judy,2,2,1,1324857600,Top sirloin steak review,"Received two gifts of Omaha Steaks for Christmas and anxiously looked forward to a holiday meal of steak, twice-baked potatoes and apple tartlets.  However, the steaks were tough and very disappointing-the potatoes and tartlets were delicious.  My anticipation for future meals is now quite diminished.  I will, most definitely, share my experience with the gift givers.  Ins't that a shame?",negative,received two gifts of omaha steaks for christmas and anxiously looked forward to a holiday meal of steak twice baked potatoes and apple tartlets however the steaks were tough and very disappointing the potatoes and tartlets were delicious my anticipation for future meals is now quite diminished i will most definitely share my experience with the gift givers ins t that a shame,-1,"steaks christmas,gifts omaha,omaha steaks"
511998,B0038C6X8A,A3BBCDCHC5U1VK,CAWireless,0,0,5,1323820800,Love this stuff,"I originally became a fan of pouch-based cat food with the Nutro line of pouches. However, Nutro was especially hit by the nasty recall episode from a few years back where a number of pet food manufacturers had contamination issues, and they eventually pulled their pouches. I tried a bunch of canned foods afterwards, but my cats never warmed to any of them like they did the pouches.<br /><br />Wellness came out with their ""healthy indulgence"" line of pouch foods not too long ago, and interestingly the packaging is pretty much identical to the Nutro products, down to the notches to facilitate tearing. I can only imagine that they are using the same manufacturing facilities as Nutro did, but hopefully with a superior product. Everything I've read about Wellness suggests that they make high-quality pet foods. My cats seem to love these as much as they did their old pouch foods. They have now been eating pouch foods almost daily for at least 6-7 years, so I don't have any major concerns about long-term health issues.<br /><br />Overall, these pouches are great. Each single pouch is one serving for one cat, so the costs do add up fast if you have multiple cats and serve this twice a day. I give dry food in the morning and the pouches at night to help conserve costs, but they always finish the Wellness pouches within a half hour, whereas the dry food often sits around unfinished all day. Another plus is that no spoons or forks need to be involved, since you just tear each pouch and shake the contents into the bowl. No mess or debates with spouses about putting cat food forks into the dishwasher with the rest of the dishes!",positive,i originally became a fan of pouch based cat food with the nutro line of pouches however nutro was especially hit by the nasty recall episode from a few years back where a number of pet food manufacturers had contamination issues and they eventually pulled their pouches i tried a bunch of canned foods afterwards but my cats never warmed to any of them like they did the pouches wellness came out with their healthy indulgence line of pouch foods not too long ago and interestingly the packaging is pretty much identical to the nutro products down to the notches to facilitate tearing i can only imagine that they are using the same manufacturing facilities as nutro did but hopefully with a superior product everything i ve read about wellness suggests that they make high quality pet foods my cats seem to love these as much as they did their old pouch foods they have now been eating pouch foods almost daily for at least years so i don t have any major concerns about long term health issues overall these pouches are great each single pouch is one serving for one cat so the costs do add up fast if you have multiple cats and serve this twice a day i give dry food in the morning and the pouches at night to help conserve costs but they always finish the wellness pouches within a half hour whereas the dry food often sits around unfinished all day another plus is that no spoons or forks need to be involved since you just tear each pouch and shake the contents into the bowl no mess or debates with spouses about putting cat food forks into the dishwasher with the rest of the dishes,0,"pouches nutro,pouch foods,pouches wellness"
64161,B001E6EJX8,A363CWAFMIG1A3,C. Maylett,1,2,1,1327449600,Yuck!,"I've been eating PowerBars for years, and thought I'd try a double chocolate Kellogg's Meal Bar.<br /><br />Holy cow! It's like biting into a ground-up mixture of styrofoam and dirt that's been compressed into a semi-solid then dipped in overly sweeten chocolate. The beach sand residue left in my mouth from this thing is horrible. I've got half the bar sitting here in front of me, and I really don't think I can finish it off. Yuck!<br /><br />Judging from the other reviews, maybe these gross, awful things are an acquired taste or maybe my taster is just seriously out of whack. Whatever the case, they're downright nasty! Even the smell is bad!",negative,i ve been eating powerbars for years and thought i d try a double chocolate kellogg s meal bar holy cow it s like biting into a ground up mixture of styrofoam and dirt that s been compressed into a semi solid then dipped in overly sweeten chocolate the beach sand residue left in my mouth from this thing is horrible i ve got half the bar sitting here in front of me and i really don t think i can finish it off yuck judging from the other reviews maybe these gross awful things are an acquired taste or maybe my taster is just seriously out of whack whatever the case they re downright nasty even the smell is bad,9,"eating powerbars,meal bar,chocolate kellogg"
245103,B002FDK8YI,A3CZR0CZLICWZ1,seaside dreaming,0,0,5,1309737600,12 pack handmade Ocarinas from Peru,Great value pack of 12 Ocarinas.  All handmade in Peru with handpainted designs.  Very original and colourful.  Great for an unusual gift or to use for yourself. Very well made and beautifully packaged.  Comes with basic instructions on how to play.,positive,great value pack of ocarinas all handmade in peru with handpainted designs very original and colourful great for an unusual gift or to use for yourself very well made and beautifully packaged comes with basic instructions on how to play,-1,"ocarinas handmade,handmade peru,pack ocarinas"
487444,B002G0CA6O,A3TXPUQ1W32FW0,Fun Shopper,0,0,5,1348963200,The Diet Soda I have been waiting for!!,I have been waiting a long time for a diet soda that has no bad aftertaste and no artificial sweeteners.I found it with the Zevia brand of no calorie sodas . The black cherry soda is one of my favorites and tastes like regular soda. It is cherry licious!!!,positive,i have been waiting a long time for a diet soda that has no bad aftertaste and no artificial sweeteners i found it with the zevia brand of no calorie sodas the black cherry soda is one of my favorites and tastes like regular soda it is cherry licious,3,"diet soda,cherry soda,soda cherry"
258612,B007QTQ95I,A2MDAFKCPAY4C,Ztheman99,0,1,5,1322006400,Awesome,"I've purchased these twice before and found they are delicious and awesome, dry very flavor full and just right. I placed my next order already.",positive,i ve purchased these twice before and found they are delicious and awesome dry very flavor full and just right i placed my next order already,-1,"dry flavor,twice delicious,flavor"
499326,B000LKYTRY,A2GP6XJ1V3MM3L,"Roxanne Mchenry ""eBook Publishing Expert, Wri...",5,5,5,1300320000,Quality Kombu that Makes Delicious Dishes -- High in Iodine and No Fishy Taste,"I've used Eden Foods Kombu for years to make Japanese soup stock for Miso Soup and as a natural flavor additive to any dish. It's very shelf stable and keeps for years, if you just want to have some in the pantry. I used it recently to flavor the stock for my standby Portuguese kale soup, with no fishy flavor at all unlike you get with nori -- my soup was delicious as ever.<br /><br />With the concerns about getting iodine in your diet naturally, I used this kombu to cook rice and make a meat chili with canned kidney beans and diced tomatoes. Adds more flavor to anything boiled (it does contain a natural MSG from the sea) and sea minerals like potassium and calcium to your food besides the big iodine boost -- I completely recommend it.",positive,i ve used eden foods kombu for years to make japanese soup stock for miso soup and as a natural flavor additive to any dish it s very shelf stable and keeps for years if you just want to have some in the pantry i used it recently to flavor the stock for my standby portuguese kale soup with no fishy flavor at all unlike you get with nori my soup was delicious as ever with the concerns about getting iodine in your diet naturally i used this kombu to cook rice and make a meat chili with canned kidney beans and diced tomatoes adds more flavor to anything boiled it does contain a natural msg from the sea and sea minerals like potassium and calcium to your food besides the big iodine boost i completely recommend it,19,"iodine diet,iodine boost,foods kombu"
29412,B000PDY3P0,A2K9BQAJOSLOXW,Mrs. G,0,0,5,1324512000,Awesome Taste,I would say this is the best tasting popcorn  have eaten.  It to me is better than movie thearte popcorn.  It has the right mixed of salt and oil to give it a really good flavor,positive,i would say this is the best tasting popcorn have eaten it to me is better than movie thearte popcorn it has the right mixed of salt and oil to give it a really good flavor,22,"tasting popcorn,popcorn right,thearte popcorn"
334121,B001EQ4ATQ,AE88YOLLFI9Z2,Amber Hathaway,3,4,4,1267660800,"Always an excellent and delicious cereal, if a little ""crush""-y","I love Cinnamon Toast Crunch, and somehow I doubt that people decide to purchase a particular cereal based on customer reviews on a website, so I'll spare you all my warm feelings about how tasty the cereal is.  But believe me, it is AWESOME.  That being said, I've ordered several multi-packs of cereal from Amazon in the past, and each time I find that at least a few of the boxes look like someone sat on them before they got put in the larger box.  The cereal is fine, but the boxes always look distressed and mildly crushed.  It's annoying to get items that are already damaged, and even though the food is okay, it still bothers me a great deal.",positive,i love cinnamon toast crunch and somehow i doubt that people decide to purchase a particular cereal based on customer reviews on a website so i ll spare you all my warm feelings about how tasty the cereal is but believe me it is awesome that being said i ve ordered several multi packs of cereal from amazon in the past and each time i find that at least a few of the boxes look like someone sat on them before they got put in the larger box the cereal is fine but the boxes always look distressed and mildly crushed it s annoying to get items that are already damaged and even though the food is okay it still bothers me a great deal,11,"tasty cereal,box cereal,cereal fine"
449634,B001D0GVAO,A1W9C4TZA5YCBL,"buddaman1260 ""buddaman1260""",0,5,2,1261872000,not so jazzie,this coffee leaves a nasty after taste!  i will not buy again.i found another that you can buy right here on amazon!,negative,this coffee leaves a nasty after taste i will not buy again i found another that you can buy right here on amazon,1,"coffee,coffee leaves,taste buy"
396018,B0019LRWH8,A2MERRUK87KP8M,Annabanana,0,0,3,1341619200,"Tasty, good price, but poor bottling","Picked this up at my local natural foods store. Price was right and it's very tasty.  But, every time I uncap it at least a half a teaspoon spills out of it.  (When you shake it, whatever is clinging to the cap spills out open opening.) Have to be sure to open it above the glass. Since I'm not generally an anal retentive pourer, I found this annoying. Not a major deal, but for an expensive juice, I would have liked more care taken to ensure there is no waste.",neutral,picked this up at my local natural foods store price was right and it s very tasty but every time i uncap it at least a half a teaspoon spills out of it when you shake it whatever is clinging to the cap spills out open opening have to be sure to open it above the glass since i m not generally an anal retentive pourer i found this annoying not a major deal but for an expensive juice i would have liked more care taken to ensure there is no waste,-1,"expensive juice,spills shake,teaspoon spills"
424299,B001E5DRC8,A3HRF2F1UAH7L4,"Patricia A. Merewether ""patsarts""",16,16,5,1229299200,Best Ever!,"These are the sweetest, freshest, most delicious dates I've ever eaten. They're nothing like the dates I've purchased over the years in the grocery store.  You have to experience these to appreciate this review! Five stars and more!",positive,these are the sweetest freshest most delicious dates i ve ever eaten they re nothing like the dates i ve purchased over the years in the grocery store you have to experience these to appreciate this review five stars and more,-1,"delicious dates,freshest delicious,dates"
419792,B000FULQIU,A3RV0ITFS6RBPC,Yvonne,1,1,5,1185148800,Absolutely The Best!,I've tried many...this one takes the cake!  I am truly a fan of this brand of low carb pasta.  First experience and I'm sold.  Thank you Dreamfields for a product that supports my low carb lifestyle choice.,positive,i ve tried many this one takes the cake i am truly a fan of this brand of low carb pasta first experience and i m sold thank you dreamfields for a product that supports my low carb lifestyle choice,15,"carb pasta,low carb,carb lifestyle"
45697,B0041NYV8E,A1H6JP5UC5WVT7,Edward Durney,0,0,2,1328313600,Didn't tickle my taste buds,"Although touted as an all natural beverage, it did not taste that way. I caught what seemed a taste of an artificial sweetener. The maker says it is sweetened by honey, glucose and sucrose. Not anything artificial there. My tongue must have misled me.<br /><br />It matters little, though, since I did not like the taste. I'm fond of ginger, of honey, and of lemon in hot drinks. So I thought this one would tickle my taste buds. But no.",negative,although touted as an all natural beverage it did not taste that way i caught what seemed a taste of an artificial sweetener the maker says it is sweetened by honey glucose and sucrose not anything artificial there my tongue must have misled me it matters little though since i did not like the taste i m fond of ginger of honey and of lemon in hot drinks so i thought this one would tickle my taste buds but no,-1,"taste artificial,artificial sweetener,sweetened honey"
515507,B000RI1W9S,A2CPZEKW5LE7JQ,Chetan Shenoy,1,1,5,1343952000,Best Sunflower Seeds EVER,"I'm not one to resort to hyperbole but as sunflower seed enthusiast, these seeds are great. To be fair, not every bag is the same. Some seeds are lower quality than others but it does balance out if you have around 1 bag per week. Some people claim the flavor can be too much, which I understand, but for me it's perfect. While the BBQ flavored ones are sort of sweet, these are packed with jalapeno and salsa flavor.<br /><br />I used to go out of my way to find these Jalape&ntilde;o flavored seeds around DC but only two 7-11 stores had them. It was awful. Then came along Amazon. Packaging 12 packs in one box is genius. Now I'm stocked for a good 2 months and pay a great bulk price (since I end up buying the same amount over the same time period). It's just great.",positive,i m not one to resort to hyperbole but as sunflower seed enthusiast these seeds are great to be fair not every bag is the same some seeds are lower quality than others but it does balance out if you have around bag per week some people claim the flavor can be too much which i understand but for me it s perfect while the bbq flavored ones are sort of sweet these are packed with jalapeno and salsa flavor i used to go out of my way to find these jalape ntilde o flavored seeds around dc but only two stores had them it was awful then came along amazon packaging packs in one box is genius now i m stocked for a good months and pay a great bulk price since i end up buying the same amount over the same time period it s just great,-1,"flavored seeds,sunflower seed,seeds great"
355308,B000M646KM,A1KADQBN8K90YU,Joseph P. Lacerra,0,1,4,1272672000,Nice Intro to Bonsai,"This little plant arrived in ingenious packaging, fresh, healthy, and well-shaped.  It is smaller than I imagined, but actually quite lovely.  The ""Glazed Japanese Container"" is a porous clay affair with no evidence of glazing - but it does have a Japanese character painted on the side.  No biggie!  Nice plant.",positive,this little plant arrived in ingenious packaging fresh healthy and well shaped it is smaller than i imagined but actually quite lovely the glazed japanese container is a porous clay affair with no evidence of glazing but it does have a japanese character painted on the side no biggie nice plant,-1,"glazed japanese,japanese container,little plant"
557937,B001BMDERC,A23DGRCYD5XDLZ,Deborah D. Conicelli,2,2,5,1332547200,DE BOLES PASTA SHELLS,"i Love pasta, but it is fattening.  This pasta is delicious and has no starch to turn to sugar and then fat.  It is made with artichoke flour.  Dr. Oz has said it is the pasta he eats all of the time.  Not only is it good for you, but it tastes exactly like the white flour pasta.  You can eat it with sauce and also butter and parmesian cheese and it is amazing. You can also add it to your soups, and it will be great tasting and less than half the calories of the white flour pasta per bowl.  I will order this again,and again.  I just wish they had it in a smaller box, but the pasta is wonderful.  It also comes in  angel hair pasta and fettachini.  I would recommend this to all the pasta lovers who don't want to get fat.  It arrived on time, was packaged securely.  I will use this vendor again.",positive,i love pasta but it is fattening this pasta is delicious and has no starch to turn to sugar and then fat it is made with artichoke flour dr oz has said it is the pasta he eats all of the time not only is it good for you but it tastes exactly like the white flour pasta you can eat it with sauce and also butter and parmesian cheese and it is amazing you can also add it to your soups and it will be great tasting and less than half the calories of the white flour pasta per bowl i will order this again and again i just wish they had it in a smaller box but the pasta is wonderful it also comes in angel hair pasta and fettachini i would recommend this to all the pasta lovers who don t want to get fat it arrived on time was packaged securely i will use this vendor again,15,"pasta delicious,flour pasta,fattening pasta"
161017,B003OGKCDC,A1I6JGVCZY6PPL,awaldusky,1,1,5,1338336000,Love this product,"Our family started using coconut oil as a replacement for butter.  I have made gluten free biscuits, scones, granola bars, pie crusts, cookies and breads with this brand and love it's versatility.  I have had other brands 'bake out' of my foods, but this one acts like butter when baking.  I like the taste, and I am not a coconut enthusiast.  I also use it to make a natural sugar scrub for the shower, lotion bars and for moisturizing bath salts.  This is the best price I have found, especially with the free shipping.  The health benefits of this oil are just a bonus for our family, it makes baking gluten/dairy/egg free much easier and tastier!!",positive,our family started using coconut oil as a replacement for butter i have made gluten free biscuits scones granola bars pie crusts cookies and breads with this brand and love it s versatility i have had other brands bake out of my foods but this one acts like butter when baking i like the taste and i am not a coconut enthusiast i also use it to make a natural sugar scrub for the shower lotion bars and for moisturizing bath salts this is the best price i have found especially with the free shipping the health benefits of this oil are just a bonus for our family it makes baking gluten dairy egg free much easier and tastier,13,"butter baking,coconut oil,butter gluten"
420073,B000FPM22O,A3NXCL9NJTL3TF,Target Shopaholic,4,4,5,1286496000,Like cheetos for babies,"My baby is almost 8 months old and she's showing an interest for finger foods. She hasn't learned the pincher grasp with her fingers yet so she can't feed herself cheerios but she sure loves to hold sticks of food in her hands. I try everything my baby eats and when I first tasted these, they reminded me of Cheetos. The cheddar flavor is very evident. Some pieces are small -- some even too short for her to hold -- looks like sizes vary slightly. She hasn't had any choking issues with these since they melt in your mouth fairly quickly. Sodium value is also fairly decent. I have noticed though that if opened (with lid on) for more than 1 week, it starts to become less crunchy and more on the chewy side.<br /><br />Nutrition Facts from label:<br />Calories 35, Serving Size 18 pieces, Servings per container 6, Sodium 50mg<br />% Daily Value for infants 0-1:<br />Protein 0%, Vitamin A 0%, Vitamin C 0%, Calcium 6%, Iron 10%, Vitamin E 20%, Zinc 15%",positive,my baby is almost months old and she s showing an interest for finger foods she hasn t learned the pincher grasp with her fingers yet so she can t feed herself cheerios but she sure loves to hold sticks of food in her hands i try everything my baby eats and when i first tasted these they reminded me of cheetos the cheddar flavor is very evident some pieces are small some even too short for her to hold looks like sizes vary slightly she hasn t had any choking issues with these since they melt in your mouth fairly quickly sodium value is also fairly decent i have noticed though that if opened with lid on for more than week it starts to become less crunchy and more on the chewy side nutrition facts from label calories serving size pieces servings per container sodium mg daily value for infants protein vitamin a vitamin c calcium iron vitamin e zinc,5,"chewy nutrition,finger foods,baby eats"
24750,2734888454,A13ISQV0U9GZIC,Sandikaye,1,1,2,1192060800,made in china,"My dogs loves this chicken but its a product from China, so we wont be buying it anymore.  Its very hard to find any chicken products made in the USA but they are out there, but this one isnt.  Its too bad too because its a good product but I wont take any chances till they know what is going on with the china imports.",negative,my dogs loves this chicken but its a product from china so we wont be buying it anymore its very hard to find any chicken products made in the usa but they are out there but this one isnt its too bad too because its a good product but i wont take any chances till they know what is going on with the china imports,0,"chicken products,chicken product,product china"
245387,B0006GZA6C,A18XOBH52BUBJ1,"R. Rose ""RofaRose""",17,17,5,1156377600,"Great taste, fun to chew, strong scientific backing for health claims of Xylitol","After using an ""all-natural"" gum (that contained cane sugar) and getting my first cavity in 12 years after 6 months of use, I knew I needed a switch. I heard about Xylitol from a naturopathic student, that basically, the bad bacteria in your mouth feed on Xylitol but they can't digest it, and the good bacteria can eat it, so they proliferate. I thought I had tried other Xylitol gums in the past and didn't like them, but I decided to give this another chance because I want a gum to chew after meals that is actually good for my teeth. I was pleasantly surprised at the Spry gum! It has a great flavor (which goes away pretty soon after chewing, but it's a nice shot of good taste), but the best part is that the gum itself has a great texture to it and continues to be fun to chew for as long as you want. It doesn't even turn hard after drinking water like most gums do. I am a medical student so I did a search of the research literature and the claims of Xylitol are more than proven. However, all of the literature and research studies explain that you need 4-12 g of Xylitol a day (no need to get more than 15), but the average piece of gum has .75-1 g, so you'll need to chew at least 4-5 pieces a day to get the dental benefits (chewing it only sporadically, i.e. once a day, did NOT show any dental benefits). No problem for me, I chew one after every meal (I have 5-6 a day), and love having the fresh clean feeling as well as knowing that I'm doing something great for my teeth.",positive,after using an all natural gum that contained cane sugar and getting my first cavity in years after months of use i knew i needed a switch i heard about xylitol from a naturopathic student that basically the bad bacteria in your mouth feed on xylitol but they can t digest it and the good bacteria can eat it so they proliferate i thought i had tried other xylitol gums in the past and didn t like them but i decided to give this another chance because i want a gum to chew after meals that is actually good for my teeth i was pleasantly surprised at the spry gum it has a great flavor which goes away pretty soon after chewing but it s a nice shot of good taste but the best part is that the gum itself has a great texture to it and continues to be fun to chew for as long as you want it doesn t even turn hard after drinking water like most gums do i am a medical student so i did a search of the research literature and the claims of xylitol are more than proven however all of the literature and research studies explain that you need g of xylitol a day no need to get more than but the average piece of gum has g so you ll need to chew at least pieces a day to get the dental benefits chewing it only sporadically i e once a day did not show any dental benefits no problem for me i chew one after every meal i have a day and love having the fresh clean feeling as well as knowing that i m doing something great for my teeth,-1,"xylitol gums,natural gum,best gum"
343439,B00004RBDU,A2R5WKSDHN2NQY,Moondogie,0,0,1,1314230400,Flea Trap Paper,"I received the flea traps five and the waxed paper would not peal off so I could use them two per trap 12 total. You have to peel off top wax paper to reveal the sticky trap no luck.<br /><br />The extra packs I ordered were on back order and the paper pealed off them. The 12 free ones I had to toss. Hope they will replace bad ones. ( Don't think this will happen ).<br /><br />Moondogie<br />Denver, Co<br />August 24, 2011",negative,i received the flea traps five and the waxed paper would not peal off so i could use them two per trap total you have to peel off top wax paper to reveal the sticky trap no luck the extra packs i ordered were on back order and the paper pealed off them the free ones i had to toss hope they will replace bad ones don t think this will happen moondogie denver co august,-1,"flea traps,trap total,traps waxed"
53046,B004L2NXCU,A35V32HZEGZH04,"W. Easley ""Opa""",1,1,5,1327190400,Exquisite Brew,".<br /><br />The name of this coffee shouts to me ""powerful"".  Thunder in the Rocky Mountains can be very loud and strong.  So I decided I must try this product,<br /><br />I have often been disappointed about my coffee selections. I became rather fond of strong but smooth coffee while serving in the military. After my retirement, my strong coffee turned bitter and my mild coffee was weak. Reducing the portion before brewing seldom helped strong coffee from becoming bitter. Increasing the portion did not help the mild coffee gain strength. So, I am now on a quest for better coffee.<br /><br />Boyer's Rocky Mountain Coffee is my second choice from Boyers. I selected Rocky Mountain because it was advertised as a strong coffee. Rocky Mountain is a dark roast Guatemalan coffee that claims to have a distinct smoky flavor.<br /><br />Rocky Mountain is really good coffee. It is not bitter, but rather is very smooth, full flavored, and rich. Rocky Mountain titillates my taste. It is a pleasing drink, with a taste that lingers awhile. I endorse Boyer's Rocky Mountain Coffee to those who are strong coffee lovers. I judge the coffee superior, and highly recommend it.",positive,the name of this coffee shouts to me powerful thunder in the rocky mountains can be very loud and strong so i decided i must try this product i have often been disappointed about my coffee selections i became rather fond of strong but smooth coffee while serving in the military after my retirement my strong coffee turned bitter and my mild coffee was weak reducing the portion before brewing seldom helped strong coffee from becoming bitter increasing the portion did not help the mild coffee gain strength so i am now on a quest for better coffee boyer s rocky mountain coffee is my second choice from boyers i selected rocky mountain because it was advertised as a strong coffee rocky mountain is a dark roast guatemalan coffee that claims to have a distinct smoky flavor rocky mountain is really good coffee it is not bitter but rather is very smooth full flavored and rich rocky mountain titillates my taste it is a pleasing drink with a taste that lingers awhile i endorse boyer s rocky mountain coffee to those who are strong coffee lovers i judge the coffee superior and highly recommend it,1,"mountain coffee,coffee rocky,strong coffee"
553999,B001E5E0D8,A2848F375X8BHW,"T. Hamblin ""lite roamin'""",3,6,1,1322524800,"Bland , wimpy coffee",Tried this based on positive reviews. Very disappointed. Just slightly better(and more expensive) than grocery store coffee. Lavazza should be sued for false advertising for putting the word gusto on the package! I will go sprinting back to my BOLD Starbucks and happily pay the modest difference!,negative,tried this based on positive reviews very disappointed just slightly better and more expensive than grocery store coffee lavazza should be sued for false advertising for putting the word gusto on the package i will go sprinting back to my bold starbucks and happily pay the modest difference,1,"coffee lavazza,gusto package,word gusto"
141783,B003GTR8IO,ARTA78TP6H73D,"R. Angeloni ""slicktiger28""",0,0,4,1292371200,Consistently Very Good,"I have sampled various types of Starbucks flavored coffee over the years, and I have found that Starbucks coffee, no matter what the flavor, is usually very consistent.  Upon opening the bag and brewing my first cup, I knew that Starbucks had a winner here.<br />I like my coffee strong; perhaps this comes from drinking it daily. In any event I found that the vanilla flavored Natural Fusions coffee produced a strong (but not bitter) cup of coffee. The vanilla is a nice balance to the bold Starbucks coffee and makes this a good coffee to drink both iced and hot. One thing I did notice, which I did not like, was a sweet aftertaste. The vanilla flavoring is not overwhelming, so I was surprised with the aftertaste. Of course taste is totally subjective, and others who drink this coffee may not notice, or be bothered, by the aftertaste.<br />Bottom line, I would certainly recommend this, especially if you like vanilla ground coffee.",positive,i have sampled various types of starbucks flavored coffee over the years and i have found that starbucks coffee no matter what the flavor is usually very consistent upon opening the bag and brewing my first cup i knew that starbucks had a winner here i like my coffee strong perhaps this comes from drinking it daily in any event i found that the vanilla flavored natural fusions coffee produced a strong but not bitter cup of coffee the vanilla is a nice balance to the bold starbucks coffee and makes this a good coffee to drink both iced and hot one thing i did notice which i did not like was a sweet aftertaste the vanilla flavoring is not overwhelming so i was surprised with the aftertaste of course taste is totally subjective and others who drink this coffee may not notice or be bothered by the aftertaste bottom line i would certainly recommend this especially if you like vanilla ground coffee,1,"flavored coffee,coffee vanilla,starbucks flavored"
184340,B001EO5SBW,A25OE2QSYV6J38,H. Skelcher,1,1,5,1244505600,LOVE this cereal,"Oh, man do we love this cereal!  My family tried the Natures Path Organic Flax Plus and loved it so much that I bought a case from Amazon and while I was at it, decided to try it with raisins.  Oh my goodness!  Crazy Good!  I'm going to have to up the deliveries of this.  Everyone loves it, and we use the Flax Plus on occation on it's own, but usually in parfaits now.  TRY THIS CEREAL!!",positive,oh man do we love this cereal my family tried the natures path organic flax plus and loved it so much that i bought a case from amazon and while i was at it decided to try it with raisins oh my goodness crazy good i m going to have to up the deliveries of this everyone loves it and we use the flax plus on occation on it s own but usually in parfaits now try this cereal,11,"love cereal,flax plus,try cereal"
478999,B001E5E074,A1DLGNLSDI4N0L,Zewen,9,18,1,1153785600,Stays a bit too crunchy,"Tastes great, has lots of fiber, lots of protein, and stays crunchy all the way through the bowl.  BUT, it stays a bit too crunchy.  This morning, I found a marble-sized, tightly-packed, super-hard piece of ""crunch"" in my bowl and removed it right away.  Unfortunately, my next spoonful had more of this hard cereal in it.  And, when I tried to chew it, my tooth broke in half.  OUCH!  Sorry, but no cereal should break your tooth, ever!  It's very unfortunate because I ate a bowl of this every day, it's good for me, and I actually liked it.  But, I need my teeth for a few more years.  EAT AT YOUR OWN RISK!",negative,tastes great has lots of fiber lots of protein and stays crunchy all the way through the bowl but it stays a bit too crunchy this morning i found a marble sized tightly packed super hard piece of crunch in my bowl and removed it right away unfortunately my next spoonful had more of this hard cereal in it and when i tried to chew it my tooth broke in half ouch sorry but no cereal should break your tooth ever it s very unfortunate because i ate a bowl of this every day it s good for me and i actually liked it but i need my teeth for a few more years eat at your own risk,11,"stays crunchy,crunch bowl,hard cereal"
456400,B005F0JM7W,A1IXNA6VS3FEX2,Matthew,1,1,5,1326412800,Almost perfect,"I don't like messy counters or appliances take up all my counter space.  The Kuerig does a good job of consuming space, and most of the storage for K cups appear to do the same.  I was originally going to make wall mountable shelf to store some, but the Coffee Keeper seems to better fit my need.<br /><br />It has double sided tape preapplied for a quick and easy installation (also some alcholol swabs to prepare the surface before applying).  Directions were simple and clear.  It also included optional screws (I thought about using them, but the tape is more than sufficient when given time to bond).<br /><br />It's a clever, useful, and evidently unique solution to K cup storage.<br /><br />There are two small cons I'd like to point out, which hopefully they correct in future versions.<br /><br />The one I received was a bit tight to pull down, obviously they should not be loose enough to drop on their own, but to pull down with a single finger would be nice.<br /><br />In fact a little pull tab in the front to grab on to would be very beneficial, rather than having to find and pull down on the edge/lip (which is hidden by your cabinet). I thought about deducting a star for this, but I've been told they will be adding it in the future and frankly it's still pretty darn convenient.",positive,i don t like messy counters or appliances take up all my counter space the kuerig does a good job of consuming space and most of the storage for k cups appear to do the same i was originally going to make wall mountable shelf to store some but the coffee keeper seems to better fit my need it has double sided tape preapplied for a quick and easy installation also some alcholol swabs to prepare the surface before applying directions were simple and clear it also included optional screws i thought about using them but the tape is more than sufficient when given time to bond it s a clever useful and evidently unique solution to k cup storage there are two small cons i d like to point out which hopefully they correct in future versions the one i received was a bit tight to pull down obviously they should not be loose enough to drop on their own but to pull down with a single finger would be nice in fact a little pull tab in the front to grab on to would be very beneficial rather than having to find and pull down on the edge lip which is hidden by your cabinet i thought about deducting a star for this but i ve been told they will be adding it in the future and frankly it s still pretty darn convenient,1,"storage cups,cup storage,store coffee"
35199,B001SJR4XS,A13TX487EQNKK7,S. Kessler,1,1,5,1329868800,Delicious Coffee,"I ordered this coffee based on all the positive reviews.  I was looking for a robust roast that would work well in a French press, which I started using about a year ago.  I have tried many different sourced beans and blends and grind them coarse in a burr grinder.  I have a few favorites, but I can't always travel to the stores that carry them.  Finding this particular coffee on Amazon was great!  It is the robust but smooth brew I was looking for.  That it is shade grown and fair trade is a major plus, as I will always search those out as a responsible consumer.  I will be ordering this again and again.",positive,i ordered this coffee based on all the positive reviews i was looking for a robust roast that would work well in a french press which i started using about a year ago i have tried many different sourced beans and blends and grind them coarse in a burr grinder i have a few favorites but i can t always travel to the stores that carry them finding this particular coffee on amazon was great it is the robust but smooth brew i was looking for that it is shade grown and fair trade is a major plus as i will always search those out as a responsible consumer i will be ordering this again and again,1,"particular coffee,robust roast,smooth brew"
489763,B000EMQF58,A3E5EUY9TMJ1K6,amy,0,0,5,1340841600,buy these all the time,We get these thruogh subscribe and save and they are always on time and my husband takes these for his snack when he works out,positive,we get these thruogh subscribe and save and they are always on time and my husband takes these for his snack when he works out,-1,"thruogh subscribe,takes snack,snack works"
462007,B0028A8YQM,A1WKEAS58297E5,"Jesus First ""Darren & Holly""",1,1,5,1273708800,The best roasted peanuts I've ever had!,"These are without a doubt, the best roasted peanuts I have ever eaten! I don't know how they do it, but they are amazingly crunchy and highly addictive. My only suggestion would be to reduce the salt a bit, but other than that...man! Talk about good!",positive,these are without a doubt the best roasted peanuts i have ever eaten i don t know how they do it but they are amazingly crunchy and highly addictive my only suggestion would be to reduce the salt a bit but other than that man talk about good,16,"roasted peanuts,peanuts eaten,peanuts"
182907,B0018AXEFY,A3RU7QI4PLON76,fancydancey,0,0,3,1349308800,not a value,"What can I say about Werther's Originals-they are just plain tasty!  I haven't met anybody who could walk past a bowl of these without sampling one.  However, these are no value here-too bad I ordered these before I realized my grocery store had the same product-FRESHER-for under $10!!!!<br /><br />Yes, eat Werthers-but check out your own store before buying them on Amazon.",neutral,what can i say about werther s originals they are just plain tasty i haven t met anybody who could walk past a bowl of these without sampling one however these are no value here too bad i ordered these before i realized my grocery store had the same product fresher for under yes eat werthers but check out your own store before buying them on amazon,-1,"werther originals,eat werthers,werthers"
481577,B008BLFJXI,A1SO1PGDNVMLXC,kalyson,2,5,1,1316044800,Aspartame is unacceptable as an ingredient,"""Ingredients:<br />The list of ingredients can be found under the Nutrition Facts label. Fiber One Original contains whole grain wheat, corn bran, modified wheat starch, guar gum, color, cellulose gum, salt, baking soda, corn oil and aspartame. The use of aspartame is controversial. The Center for Science in the Public Interest has requested the U.S. Food and Drug Administration to review a recent study conducted by the Ramazzini Foundation regarding the occurrence of tumors in laboratory animals given aspartame. You may be better off avoiding cereals with aspartame, also known as NutraSweet and Equal, opting for ones with real sugar, or maybe no sugar at all.""<br />--LiveStrong article<br /><br />The flavor was good, but some of these ingredients are pretty questionable from a health perspective.  I had to stop using it, sad to say.",negative,ingredients the list of ingredients can be found under the nutrition facts label fiber one original contains whole grain wheat corn bran modified wheat starch guar gum color cellulose gum salt baking soda corn oil and aspartame the use of aspartame is controversial the center for science in the public interest has requested the u s food and drug administration to review a recent study conducted by the ramazzini foundation regarding the occurrence of tumors in laboratory animals given aspartame you may be better off avoiding cereals with aspartame also known as nutrasweet and equal opting for ones with real sugar or maybe no sugar at all livestrong article the flavor was good but some of these ingredients are pretty questionable from a health perspective i had to stop using it sad to say,11,"cereals aspartame,aspartame known,given aspartame"
269313,B004H4N6UQ,A11ZA86TLI1SQU,her,0,0,2,1349568000,In Pieces,"The cones came in pieces.  I cannot say much more.  It was nice they were gluton free, but arriving in pieces destroyed their useful as a ice cream cone.",negative,the cones came in pieces i cannot say much more it was nice they were gluton free but arriving in pieces destroyed their useful as a ice cream cone,-1,"cones came,cones,cream cone"
174984,B000B7QMRW,ASVN7DMWQEN8U,Kemal L. Green,1,1,5,1322092800,Best Cinnamon Oil ever,"This is by far the strongest Cinnamon oil flavor I have ever used. I recommend using only half as much as the recipe calls for. We used it in apple butter and another gourde rendering, and it is exactly what you need if you want cinnamon flavor just be careful how much you use.",positive,this is by far the strongest cinnamon oil flavor i have ever used i recommend using only half as much as the recipe calls for we used it in apple butter and another gourde rendering and it is exactly what you need if you want cinnamon flavor just be careful how much you use,-1,"strongest cinnamon,cinnamon oil,cinnamon flavor"
79166,B0046HCH5Y,A390BK4CXTX9Q6,Connie,0,0,5,1323734400,Fruit Bars,Betty Lou's fruit bars are a great take-along snack for those on a gluten free diet.  All varieties have tasted great & good to put in your purse for a pick-me-up during the day!,positive,betty lou s fruit bars are a great take along snack for those on a gluten free diet all varieties have tasted great good to put in your purse for a pick me up during the day,7,"snack gluten,fruit bars,gluten free"
519622,B006N3I1HM,A5EG1G2CU1HQ6,Lana V.,2,2,5,1253577600,The Best Morning Dessert !,Love this coffee!  Makes the best 'Latte's'!.<br />I have one (or two) every morning!<br />Does not have that 'flavored' synthetic taste...........<br />Hazelnut is my very favorite and this coffee does it justice.,positive,love this coffee makes the best latte s i have one or two every morning does not have that flavored synthetic taste hazelnut is my very favorite and this coffee does it justice,1,"taste hazelnut,hazelnut favorite,hazelnut"
351001,B001EQ57DO,A10044ECXDUVKS,Dean J Copely,0,0,5,1345161600,Not available in stores,Used to get this all the time but can no longer find it in grocery stores. Use it on all poultry and some sea food. Comes in a big can that will last you a while. Need the steak magic next !,positive,used to get this all the time but can no longer find it in grocery stores use it on all poultry and some sea food comes in a big can that will last you a while need the steak magic next,-1,"steak magic,poultry sea,use poultry"
183394,B004U43ZO0,A1S3IN6CSTBPY6,"Tonya Speelman ""Hoarder of books""",0,0,5,1308614400,Grab a glass of milk!,"You are going to need it with these! Hopefully you will savor them, unlike myself. I ate the whole stinkin package!! Talk about yum. Chips Ahoy are delicious anyway, I was just craving them the other day, so these came at the perfect time. The fudge in the middle, holy guacamole!!! Just added another dimension to already yummy, soft and chewy chocolate chip cookies! Now I have to go soon and get another package, or TWO!!",positive,you are going to need it with these hopefully you will savor them unlike myself i ate the whole stinkin package talk about yum chips ahoy are delicious anyway i was just craving them the other day so these came at the perfect time the fudge in the middle holy guacamole just added another dimension to already yummy soft and chewy chocolate chip cookies now i have to go soon and get another package or two,8,"yum chips,chip cookies,chocolate chip"
138741,B001E6GFTY,A15JQVNA2VUW2N,"Rockin Angel ""City Cowgirl""",4,5,4,1187481600,A chocolate Delight,"Unlike some of the other reviewers, my cookies arrived in tact!  In fact, out of the 4 containers less than 6 cookies were broken.  The cookies were delightful.  So good in fact that these will be the cookie of choice for Santa this year.  So go grab a glass of milk and indulge in these cookies.",positive,unlike some of the other reviewers my cookies arrived in tact in fact out of the containers less than cookies were broken the cookies were delightful so good in fact that these will be the cookie of choice for santa this year so go grab a glass of milk and indulge in these cookies,10,"cookies arrived,broken cookies,indulge cookies"
349084,B0026LJ6JW,A3TRGGLZVL94SO,wsmdkm,0,0,5,1325289600,Good Gravy!,"Two years ago, this product was available at most large grocery chains, military commissaries and all pet stores.<br />Now it appears that it is only available thru on-line purchase.  Amazon's price was lower than I had ever paid - even before taxed. It is a great product and Amazon process and delivery service was prompt. I recommend both the IAMS dog gravy AND Amazon.com.",positive,two years ago this product was available at most large grocery chains military commissaries and all pet stores now it appears that it is only available thru on line purchase amazon s price was lower than i had ever paid even before taxed it is a great product and amazon process and delivery service was prompt i recommend both the iams dog gravy and amazon com,0,"pet stores,iams dog,dog gravy"
47562,B004M0Y8T8,A2QJS6MHTIFSRI,Georgie,0,0,5,1351209600,Sleeping a lot better,"Hubby and I (both 63) have been drinking about 4 oz a night for a few months now. We both found that we are falling into a deep sleep faster and for a longer time (eliminating the 2 or 4 am wake up).  My sister and her hubby also tried it and like it very much for the same reason.<a href=""http://www.amazon.com/gp/product/B004M0Y8T8"">Indian Summer 100% Juice, Montmorency Cherry, 46-Ounce Containers (Pack of 8)</a>",positive,hubby and i both have been drinking about oz a night for a few months now we both found that we are falling into a deep sleep faster and for a longer time eliminating the or am wake up my sister and her hubby also tried it and like it very much for the same reason indian summer juice montmorency cherry ounce containers pack of,3,"drinking oz,sleep faster,oz night"
513711,B000ILK9PM,A10PLD3U9HLM45,terryT,3,3,1,1329264000,Not that great,"not a whole alot of cheddar taste. mostly salt. if your looking for seasoning to mimic the taste of white cheddar that you would find in a bad brought from the supermarket, this product wont do it.",negative,not a whole alot of cheddar taste mostly salt if your looking for seasoning to mimic the taste of white cheddar that you would find in a bad brought from the supermarket this product wont do it,20,"cheddar taste,white cheddar,cheddar bad"
198904,B000OQ2DJQ,AFNE6AFYU3ZVD,A. Fink,1,1,5,1329177600,GREAT STOOL SOFTENER!,"I do not get the calm relaxing better sleeping side effects from this. What I do get though is something that keeps my bowels regular. I take a medicine that causes heavy constipation, some users resort to taking laxatives every day which is addictive and dangerous. This is the best thing to clear you out and move things along. I've had two children and they send you home with a stool softener (Collace for me) and this works far better than collace. I started out about a week on just one large teaspoon. I was very bloated and backed up the entire time, it wasn't really doing much, then I upped to two large teaspons, without being graphic, it completely fixed my problem, although there were a few times if I hadn't been very close to a bathroom it could have resulted in a very traumatizing event. I don't think it tastes bad at all, I enjoy the warm drink in the evening, I put honey in mine, and use the natural one.",positive,i do not get the calm relaxing better sleeping side effects from this what i do get though is something that keeps my bowels regular i take a medicine that causes heavy constipation some users resort to taking laxatives every day which is addictive and dangerous this is the best thing to clear you out and move things along i ve had two children and they send you home with a stool softener collace for me and this works far better than collace i started out about a week on just one large teaspoon i was very bloated and backed up the entire time it wasn t really doing much then i upped to two large teaspons without being graphic it completely fixed my problem although there were a few times if i hadn t been very close to a bathroom it could have resulted in a very traumatizing event i don t think it tastes bad at all i enjoy the warm drink in the evening i put honey in mine and use the natural one,3,"taking laxatives,heavy constipation,laxatives"
279481,B000GZSDPS,A2R4ZYEK8LQADC,Macrotek,2,2,5,1273104000,Excellent peanut butter alternative,Anyone tired of peanut butter but want the same convenience will enjoy soy butter. Tried it on a whim and now order the money saving 6 pack with free shipping. Outstanding tasting product that stays fresh (doesn't require refrigeration). Easy eating. Recommend.,positive,anyone tired of peanut butter but want the same convenience will enjoy soy butter tried it on a whim and now order the money saving pack with free shipping outstanding tasting product that stays fresh doesn t require refrigeration easy eating recommend,21,"peanut butter,soy butter,peanut"
558346,B001KTA03C,A11VYJMQ228LU9,lee wa.,0,0,5,1348272000,husband loves,"My husband has done nothing but complain since I purchased our Kurig,he did not like any of the coffee until I purchased the Green Mountain Double Black Diamond. He really likes it as it has bold flavor and no watery taste. As for myself, I prefer milder coffee, I can even reuse the Double Black Diamond for myself. But my real favorite is the Lake and Lodge.",positive,my husband has done nothing but complain since i purchased our kurig he did not like any of the coffee until i purchased the green mountain double black diamond he really likes it as it has bold flavor and no watery taste as for myself i prefer milder coffee i can even reuse the double black diamond for myself but my real favorite is the lake and lodge,1,"milder coffee,coffee reuse,coffee purchased"
350825,B004M6FNK0,A2S7JOGNUBXNPN,daddeedogdavid,0,0,5,1325376000,Most unusual banana soda,"I ordered this item with hesitation. My daughters both love everything to do with bananas so much i decided to order it for the new year. I was pleasantly surprised. The shipping was fast and the items were packed excellently! I ordered 3 bottles of banana and 3 of watermelon soda. My total shipping was just over $8 because of ordering a higher quantity of these sodas. They both tasted great! Very light on flavor, not overpowering or heavily fake, but very nice and lightly sweet. They were great! The items were so securely packed it would have taken a lot to damage them. I was very well pleased. AND THE BOTTLES!! These were the most unusual glass soda bottles I have ever seen. The top plastic piece comes off and reveals a plastic break off tool to use to open the bottle which is sealed by a glass bead. You push the tool onto the  bead and it pops inside the bottle and is securely kept inside the upper portion of the bottle. The experience of opening these sodas was as enjoyable as drinking them. I will purchase them again!!",positive,i ordered this item with hesitation my daughters both love everything to do with bananas so much i decided to order it for the new year i was pleasantly surprised the shipping was fast and the items were packed excellently i ordered bottles of banana and of watermelon soda my total shipping was just over because of ordering a higher quantity of these sodas they both tasted great very light on flavor not overpowering or heavily fake but very nice and lightly sweet they were great the items were so securely packed it would have taken a lot to damage them i was very well pleased and the bottles these were the most unusual glass soda bottles i have ever seen the top plastic piece comes off and reveals a plastic break off tool to use to open the bottle which is sealed by a glass bead you push the tool onto the bead and it pops inside the bottle and is securely kept inside the upper portion of the bottle the experience of opening these sodas was as enjoyable as drinking them i will purchase them again,-1,"bottles banana,soda bottles,opening sodas"
550558,B003BQXKDY,AVIXCL04R3O8K,"Food & Books ""What else do you need?""",0,0,5,1344816000,Love them!,"Just the classic Smarties ... the real thing.  Not small Sweet Tarts, but Smarties.  I love these babies a bit too much.  Thanks Amazon for providing a good price.",positive,just the classic smarties the real thing not small sweet tarts but smarties i love these babies a bit too much thanks amazon for providing a good price,-1,"tarts smarties,smarties,smarties real"
470210,B000EHIVIW,A23JFATICR3KZ1,Tai Chi,0,0,4,1164931200,Chocolatey Peanutty Satisfaction,Good snack. More filling than other bars. Very nutritious. The flavors are very complementary. Still on the expensive side even though ordered in bulk.,positive,good snack more filling than other bars very nutritious the flavors are very complementary still on the expensive side even though ordered in bulk,9,"bars nutritious,snack filling,nutritious flavors"
391406,B0080ZC6QI,A2G3MJ50BZ75BP,Jack Liu,0,0,4,1351036800,GOOD,"I bought those things for my Chinese friend. She said those Cereals( We called BaBaoZhou) were really closed to what she had at China. But she also said that those Cereals were way too sweet for her........<br />Oh, there were a little damage on some of bottles, but luckily, nothing got out.....",positive,i bought those things for my chinese friend she said those cereals we called babaozhou were really closed to what she had at china but she also said that those cereals were way too sweet for her oh there were a little damage on some of bottles but luckily nothing got out,11,"cereals called,cereals,said cereals"
356526,B007OXJLR4,A1DRADY6RXUQGZ,bluejourney,0,0,5,1350432000,Delicious,"I am struggling to keep this stocked for our office coffee maker. Everyone who likes light roast, flavored coffees is in love with this product.",positive,i am struggling to keep this stocked for our office coffee maker everyone who likes light roast flavored coffees is in love with this product,1,"flavored coffees,coffees love,office coffee"
229917,B000ZSX4GE,AM9LRYG6YXV83,"P. Verkhovensky ""uebermensch""",5,5,5,1212451200,"Unique product, well executed","The flavor of these nuts is similar to cinnamon toast cereal, yet they are filling and healthy, containing little sugar and almost no salt. I would deduct a star for being priced too high both here and in the supermarket, but Blue Diamond deserves credit for their restraint in using quality ingredients and in not producing a sugar encrusted candy. Now if they would only go against the trend of charging a huge markup for minimal extra processing cost...<br /><br />The other reviewer seems to think these contain lactose. The ingredients:<br />ALMONDS, EVAPORATED CANE JUICE, BROWN SUGAR, CORN MALTODEXTRIN, CINNAMON, NATURAL FLAVORS AND SALT. PEANUT FREE. MAY CONTAIN OTHER TREE NUTS. Unless OTHER TREE NUTS comes from cows, I don't think this is true.",positive,the flavor of these nuts is similar to cinnamon toast cereal yet they are filling and healthy containing little sugar and almost no salt i would deduct a star for being priced too high both here and in the supermarket but blue diamond deserves credit for their restraint in using quality ingredients and in not producing a sugar encrusted candy now if they would only go against the trend of charging a huge markup for minimal extra processing cost the other reviewer seems to think these contain lactose the ingredients almonds evaporated cane juice brown sugar corn maltodextrin cinnamon natural flavors and salt peanut free may contain other tree nuts unless other tree nuts comes from cows i don t think this is true,16,"tree nuts,flavor nuts,nuts"
168667,B0001ES9F8,A1D48MQ9KXQH2X,W. Ensign,3,4,5,1110326400,New Senseo Pods,"I just tried the new Vienna (hazelnut flavored) Senseo pods.  I'm not a big flavored coffee drinker, but I just wanted to try something different.  It's a really nice cup of coffee.  The flavor isn't too strong - which I like.  I also like the combination of the different flavors (hazelnut, chocolate, etc.).  I had tried the folgers flavors but they are way too artifical tasting - can't hardly taste the coffee.  If you want to try somthing differnet in your Senseo machines, you should check these out.",positive,i just tried the new vienna hazelnut flavored senseo pods i m not a big flavored coffee drinker but i just wanted to try something different it s a really nice cup of coffee the flavor isn t too strong which i like i also like the combination of the different flavors hazelnut chocolate etc i had tried the folgers flavors but they are way too artifical tasting can t hardly taste the coffee if you want to try somthing differnet in your senseo machines you should check these out,1,"senseo pods,flavored senseo,flavored coffee"
182316,B001EO5Q4G,A1J2ZDH9W61UWJ,SmokinDawg,0,1,1,1320883200,People are crazy,This is horrible! DO NOT BUY! This coffee tastes nothing like something from Maui nor has it sat even near to a vanilla bean or any kind of nut! You'd be better off buying foldger's or maxwell house. It was over roasted\scortched and ground way too fine. I cant believe anyone liked this at all! I have to believe the positive reviews are from friends and relatives. what a waste of my money.,negative,this is horrible do not buy this coffee tastes nothing like something from maui nor has it sat even near to a vanilla bean or any kind of nut you d be better off buying foldger s or maxwell house it was over roasted scortched and ground way too fine i cant believe anyone liked this at all i have to believe the positive reviews are from friends and relatives what a waste of my money,1,"coffee tastes,vanilla bean,coffee"
173601,B004I9FK72,A2LPUBYGTDNRH5,sew4fun,0,0,3,1343001600,Inaccurate description,"Please edit your description. It says 45 pieces of gum in each tube however, what I received was 30 pieces of gum in each tube.  The gum is great though.",neutral,please edit your description it says pieces of gum in each tube however what i received was pieces of gum in each tube the gum is great though,-1,"pieces gum,gum tube,tube gum"
324319,B000FA0VSG,A35VE8OBZS19DJ,"waltmalt ""waltmalt""",2,2,5,1158537600,Great product for milk allergy and picky eaters,"I agree with other two reviews. It is a great product for my 5 years old son, who has milk allergy and very picky eater. There is no other product available in the same kind. It is great that Amazon caries this product which makes it much easier to buy and do not have to pay shipping. I want to buy more, but currently it is out of stock. I just hope that Amazon will have it again soon.",positive,i agree with other two reviews it is a great product for my years old son who has milk allergy and very picky eater there is no other product available in the same kind it is great that amazon caries this product which makes it much easier to buy and do not have to pay shipping i want to buy more but currently it is out of stock i just hope that amazon will have it again soon,-1,"caries product,milk allergy,amazon caries"
366579,B0030FGMKE,A2S7F8L4F8K6E9,Pete W. Horne,1,1,4,1267056000,Dogswell Happy Hips Chicken and Banana,"My dog loves them and they absolutely help with his hips and joints. He is an 8 year old Lhasa Apso that did have some joint problems, but since I've started using the Happy Hips those have gone away. I just hope no one ever tells him that they are good for him.",positive,my dog loves them and they absolutely help with his hips and joints he is an year old lhasa apso that did have some joint problems but since i ve started using the happy hips those have gone away i just hope no one ever tells him that they are good for him,0,"hips joints,help hips,happy hips"
34205,B001P3NU30,A1H04EXVKOOFMR,Eileen M. Greene,0,0,5,1309132800,This product works!,"My nine year old yellow lab had bad breath and needed her teeth cleaned. My vet suggested using an enzyme product. I did a search and found this one. It's a two-fer... she loves the chew and in just one week her breath is great and her teeth are SO CLEAN. I am really impressed with this product. I wish it were a little less expensive, though.",positive,my nine year old yellow lab had bad breath and needed her teeth cleaned my vet suggested using an enzyme product i did a search and found this one it s a two fer she loves the chew and in just one week her breath is great and her teeth are so clean i am really impressed with this product i wish it were a little less expensive though,0,"cleaned vet,teeth clean,teeth cleaned"
169668,B0016BPX0E,A1M80DG29Z6OU3,R. Ruston,3,3,5,1301097600,So Lemony!,"These are so good and easy to make. The perfect amount of lemon, without being bitter. Very easy to make. I use a throw away foil pan when I make these. Chill, then cut into squares and freeze. When you want some sit them out on a plate for about 30 minutes and they are perfect.",positive,these are so good and easy to make the perfect amount of lemon without being bitter very easy to make i use a throw away foil pan when i make these chill then cut into squares and freeze when you want some sit them out on a plate for about minutes and they are perfect,-1,"perfect lemon,lemon bitter,lemon"
196539,B00283Y0EE,A140KRNC6LKRHJ,RM,0,0,5,1310860800,Received my order very quickly!,"I've purchased these seeds locally in the past.  I was very happy to find them online via Amazon Marketplace.  No shipping charges, and I received my seed packets very quickly (plus two complimentary re-usable plant markers!).  I would definitely order from them again.<br /><br />PS seed sprouted quickly and we are already enjoying tasty lemon basil!",positive,i ve purchased these seeds locally in the past i was very happy to find them online via amazon marketplace no shipping charges and i received my seed packets very quickly plus two complimentary re usable plant markers i would definitely order from them again ps seed sprouted quickly and we are already enjoying tasty lemon basil,-1,"purchased seeds,seeds locally,received seed"
31134,B007M83302,A1PAGHECG401K1,"Chel Micheline ""Chel Micheline""",2,2,5,1222992000,ADDICTIVE,"After years of being addicted to Smart Puffs, as soon as I tried these Sea Salt & Vinegar chips, I was an instant convert.<br /><br />They are light, crispy, and perfectly salty and vinegar-y.<br /><br />I think they taste amazing, however, my husband can't eat these chips because they make his eyes water. I *love* vinegar (I could drink the stuff if it wouldn't kill my stomach) so I don't understand how he's not obsessed with these chips (he likes the BBQ the best...). I guess if you're sensitive to vinegar-y tastes, this may not be the chip to you.<br /><br />However, if you LOVE Vinegar, like I do, these chips will pretty much take over your life as your favorite food. I sneak them all day. And they aren't terribly bad for you (12 grams of fat in a large bag), so if you overindulge, you won't have to add an extra mile to your workout the next day. However, you will get a raw tongue.<br /><br />My only complaint is that some of the bags are a little overcooked, and the chips are a light brown instead of golden colored. But they still taste the same, and are far and above any other Salt-and-Vinegar chip I have ever tried, including the ones that are terribly bad for you.",positive,after years of being addicted to smart puffs as soon as i tried these sea salt vinegar chips i was an instant convert they are light crispy and perfectly salty and vinegar y i think they taste amazing however my husband can t eat these chips because they make his eyes water i love vinegar i could drink the stuff if it wouldn t kill my stomach so i don t understand how he s not obsessed with these chips he likes the bbq the best i guess if you re sensitive to vinegar y tastes this may not be the chip to you however if you love vinegar like i do these chips will pretty much take over your life as your favorite food i sneak them all day and they aren t terribly bad for you grams of fat in a large bag so if you overindulge you won t have to add an extra mile to your workout the next day however you will get a raw tongue my only complaint is that some of the bags are a little overcooked and the chips are a light brown instead of golden colored but they still taste the same and are far and above any other salt and vinegar chip i have ever tried including the ones that are terribly bad for you,8,"vinegar chips,vinegar chip,eat chips"
333377,B008EE64UY,AFHUDZQYF8PMN,john redington,0,0,4,1335830400,curry powder,"good, easy to use.  mix with yogurt instead of frying in oil, does not bother wife as much. will reorder when i get low.",positive,good easy to use mix with yogurt instead of frying in oil does not bother wife as much will reorder when i get low,-1,"mix yogurt,yogurt instead,yogurt"
463395,B005HGAUZC,A3DRBN0SU9C83Q,SRAE,0,0,3,1351036800,It's O.K.,Nothing special I guess.. my fault for not reading the description well enough.  It comes with 4 different types of coffee... not 4 different flavors.,neutral,nothing special i guess my fault for not reading the description well enough it comes with different types of coffee not different flavors,1,"types coffee,coffee different,different flavors"
337632,B001ELJK4G,A1DS2PK3Z8DQEW,Kevin D. Corcoran Jr.,0,1,3,1306108800,3 stars for now,"As a Mr. Beer brewing master (brewed several batches of mr. beer and they have all been incredibly successful), I expected this wine making kit to be very similar. I gave it 3 stars for now because it is actually really complicated (you have to actually measure the amount of gravity and such) and just wanted to give a heads up to those of you (like me) who are extreme beginners! When I actually get around to making these bottles.. I'll edit my post!",neutral,as a mr beer brewing master brewed several batches of mr beer and they have all been incredibly successful i expected this wine making kit to be very similar i gave it stars for now because it is actually really complicated you have to actually measure the amount of gravity and such and just wanted to give a heads up to those of you like me who are extreme beginners when i actually get around to making these bottles i ll edit my post,-1,"making bottles,wine making,expected wine"
94612,B003M61HU6,AOGAC2WPPGMUP,DisplacedBS,0,0,5,1345507200,Awesome Product,"Been using this pretty much since birth.  This is a great product for GSD owners.  Just the right amount of protein, produces a shiny coat, lots of energy, choke-free eating and, they love it!  Plan to move to the adult formula in a few months.  Highly recommended.",positive,been using this pretty much since birth this is a great product for gsd owners just the right amount of protein produces a shiny coat lots of energy choke free eating and they love it plan to move to the adult formula in a few months highly recommended,11,"product gsd,right protein,protein"
538506,B000E4ARCS,A37RFM44IVMS9C,Harmony,0,0,3,1297987200,Delicious -  hey wait a minute.,"Our household is addicted to this stuff.  It's a little pricey, but when you break it down to the delicious, fulfilling, low-calorie, high-protein nutrition you get, it's worth it.  At least to us.  We finally got on the regular shipment plan to save 15% per month.  Yay, Amazon.<br /><br />[Time passes]<br /><br />Hmmmm... I am starting to suspect there are two versions of this product.  One you buy in the health food store and pay top dollar for... and this one.  I have never had an issue with quality control with this product before.  However, with this multi-pack I am finding that in every pouch there are a couple/few pieces that should have not made it past inspection - cut too thick to eat without soaking and/or too grisely to consider worthy of this price.<br /><br />So, hopefully it was just a few bag bags and maybe that's been straightened out.  But I hope this is not the new version.  We really do love this stuff- the high quality product we are used to, not the thick, grisely version.",neutral,our household is addicted to this stuff it s a little pricey but when you break it down to the delicious fulfilling low calorie high protein nutrition you get it s worth it at least to us we finally got on the regular shipment plan to save per month yay amazon time passes hmmmm i am starting to suspect there are two versions of this product one you buy in the health food store and pay top dollar for and this one i have never had an issue with quality control with this product before however with this multi pack i am finding that in every pouch there are a couple few pieces that should have not made it past inspection cut too thick to eat without soaking and or too grisely to consider worthy of this price so hopefully it was just a few bag bags and maybe that s been straightened out but i hope this is not the new version we really do love this stuff the high quality product we are used to not the thick grisely version,-1,"nutrition worth,bag bags,bags"
500854,B002TN49F8,A16YU3GRGCD95S,"Theresa M. Studer ""Terra57""",0,0,5,1284076800,Strong but good.,Upon opening the package I found the aroma quite strong so what we did was put one scoop of this to three scoops of regular coffee and it was absolutely wonderful.  I have also tried it straight as a latte and it was really really good.  Oh Yumm!  Latte's are my weekness and this coffee is going to be a favorite in that department.<br /><br />I don't know about the rest of you but I tend to mix and match my coffee's when brewing and I think that is the best way to have flavored coffee.  That is unless you like a strong flavor.  I also mixed this with some pumpkin spice coffee of another brand which I will not mention and oh my....love at first sight.<br /><br />I have tried this iced and hot and tend to like it iced better but it's summer so what can I say.  Will see come winter when I tend to drink it hot on how much more of less I like it.  If you really like flavored coffee then this is a great coffee for you.,positive,upon opening the package i found the aroma quite strong so what we did was put one scoop of this to three scoops of regular coffee and it was absolutely wonderful i have also tried it straight as a latte and it was really really good oh yumm latte s are my weekness and this coffee is going to be a favorite in that department i don t know about the rest of you but i tend to mix and match my coffee s when brewing and i think that is the best way to have flavored coffee that is unless you like a strong flavor i also mixed this with some pumpkin spice coffee of another brand which i will not mention and oh my love at first sight i have tried this iced and hot and tend to like it iced better but it s summer so what can i say will see come winter when i tend to drink it hot on how much more of less i like it if you really like flavored coffee then this is a great coffee for you,1,"flavored coffee,coffee great,spice coffee"
412677,B000E48IMO,A3RGN75LHYAG8U,M. Lu,0,0,5,1298332800,Gluten Free and Tastes Great!,"This cereal tastes great! It's light, crunchy and mildly sweet. You don't get any weird after tastes that other gluten free products tend to have. It tastes like real cereal and not a fake gluten free version of cereal... if you know what I mean. It stays crunchy in all milk varieties (dairy and non-dairy). I just love it!!! I even pack in little containers and take to work to eat dry as a snack. The cereal comes in environmental friendly bags. You get 6 bags per shipment. I pour a bag into a large air tight pasta jar for easy dispensing and I put the empty bangs in the recycle bin. You really can't beat the convenience and price of Amazon's Subscribe and Save. I highly recommend this product.",positive,this cereal tastes great it s light crunchy and mildly sweet you don t get any weird after tastes that other gluten free products tend to have it tastes like real cereal and not a fake gluten free version of cereal if you know what i mean it stays crunchy in all milk varieties dairy and non dairy i just love it i even pack in little containers and take to work to eat dry as a snack the cereal comes in environmental friendly bags you get bags per shipment i pour a bag into a large air tight pasta jar for easy dispensing and i put the empty bangs in the recycle bin you really can t beat the convenience and price of amazon s subscribe and save i highly recommend this product,11,"cereal tastes,tastes gluten,real cereal"
526969,B001E5E1K0,AUBZIT8VMVRSD,harold l. floyd,2,2,5,1284681600,Convenient form,"Stevia is great stuff, and this effervescent tablet form is both convenient and inexpensive.  Each tablet is roughly equivalent to half a teaspoon of sugar.  And stevia is completely plant-derived.",positive,stevia is great stuff and this effervescent tablet form is both convenient and inexpensive each tablet is roughly equivalent to half a teaspoon of sugar and stevia is completely plant derived,3,"sugar stevia,stevia completely,stevia"
148217,B000PJMRWU,A2083T59GKT1ER,"Robot Rock ""Daft Punk? No, sweet punk""",3,3,5,1257206400,my favorite cookies are back!,"thank you for carrying these amazon. you've made my day. they're my favorite cookies of all time! My order arrived today, all 6 cookie containers were in perfect condition, and the contents fresh and crisp.",positive,thank you for carrying these amazon you ve made my day they re my favorite cookies of all time my order arrived today all cookie containers were in perfect condition and the contents fresh and crisp,10,"cookie containers,favorite cookies,today cookie"
428156,B0027YYXM8,A3POAWC2JPQQQP,me,0,0,2,1330387200,weird combination of flavors,"I guess this is a personal opinion, but I don't particulary like the taste of this. It's one of those ""healthy treats trying to taste good"" type of deal... and this is coming from a health freak. There's better things to try to satisfy a sweet-tooth, like raw organic cashew nut butter mixed with a little raw organic honey!",negative,i guess this is a personal opinion but i don t particulary like the taste of this it s one of those healthy treats trying to taste good type of deal and this is coming from a health freak there s better things to try to satisfy a sweet tooth like raw organic cashew nut butter mixed with a little raw organic honey,-1,"sweet tooth,taste healthy,organic cashew"
69745,B003CK7O36,A1SCQ87CZEJKTJ,"S. Baksa ""Mamma Bear""",4,6,5,1144195200,Remarkable,"A friend of mine brought this tea to work one day to share.<br /><br />I am prepared to drop coffee altogether. It has captured my sences and ""Bravo"" to the genious behind it.",positive,a friend of mine brought this tea to work one day to share i am prepared to drop coffee altogether it has captured my sences and bravo to the genious behind it,2,"tea work,drop coffee,brought tea"
463622,B004QDA8WC,A6X4Q12FDIJVW,Sablejack,0,1,2,1334793600,So So,"I am a fan of chi but this is only okay.  I made this using the 8oz setting.  I found it to be too sweet.  I added two little half&half cups which helped a bit, but it still had the chemical sweet taste.",negative,i am a fan of chi but this is only okay i made this using the oz setting i found it to be too sweet i added two little half half cups which helped a bit but it still had the chemical sweet taste,3,"chemical sweet,setting sweet,chi"
289887,B000AYFCF4,A1SFRVA8R9D3OQ,Haxxan Dreams,1,2,5,1290729600,My Favorite Cookies,Murray's Sugar Free Pecan Shortbread Cookies are my favorite cookies. They're delicious and perfect for someone who has to watch their blood sugar levels.,positive,murray s sugar free pecan shortbread cookies are my favorite cookies they re delicious and perfect for someone who has to watch their blood sugar levels,10,"pecan shortbread,shortbread cookies,cookies delicious"
352635,B000E3ZEP4,A1GYEGLX3P2Y7P,Shala Kerrigan,0,0,5,1287705600,Wonderful flavor,"My family loves taco nights, but we don't make them often enough to justify buying bottles of seasoning that won't get used within a year so I use packaged seasoning mixes for them.<br />This one is hands down the best we've ever tried. The flavors are very clean, no msg.<br />I don't follow package directions for tacos, my family likes them made from chicken breasts, so what I do is slice up 2.5 lbs of chicken, one finely sliced onion and 3 cloves of garlic and brown it, then add two packets with a 15 ounce can of tomato sauce and a half can of water. Let that simmer for a half hour and serve up tacos. This makes more than enough meat for my family, plus leftovers for lunch the next day.<br />An absolute hit with my family. It's a mild seasoning so everyone just adds pepper to taste.",positive,my family loves taco nights but we don t make them often enough to justify buying bottles of seasoning that won t get used within a year so i use packaged seasoning mixes for them this one is hands down the best we ve ever tried the flavors are very clean no msg i don t follow package directions for tacos my family likes them made from chicken breasts so what i do is slice up lbs of chicken one finely sliced onion and cloves of garlic and brown it then add two packets with a ounce can of tomato sauce and a half can of water let that simmer for a half hour and serve up tacos this makes more than enough meat for my family plus leftovers for lunch the next day an absolute hit with my family it s a mild seasoning so everyone just adds pepper to taste,4,"serve tacos,directions tacos,tacos makes"
248756,B000NB3VEI,A17X88MY6FDOGL,"Juanny ""Juanny""",1,1,5,1320019200,Simply Awesome,"It's sweet, it's smooth and it tastes divine.<br /><br />What makes it so nice is that it is definitely not like typical store honey because it doesn't have that plain runny sticky honey flavor but at the same time it's not earthy, musty, or herbal like some of the other types.  It's just nicely sweet with a great deep texture.<br /><br />Put in the fridge... magic.",positive,it s sweet it s smooth and it tastes divine what makes it so nice is that it is definitely not like typical store honey because it doesn t have that plain runny sticky honey flavor but at the same time it s not earthy musty or herbal like some of the other types it s just nicely sweet with a great deep texture put in the fridge magic,-1,"honey flavor,sweet smooth,sticky honey"
279746,B001FA1K80,A1B9DHGQXFI66S,Robert Fogler Jr.,1,1,5,1329436800,Great Deal,"First of all, the price of this for 6 cans is an excellent deal. The chocolate taste isn't as strong as their gourmet chocolate truffle coffee, but this is still great.",positive,first of all the price of this for cans is an excellent deal the chocolate taste isn t as strong as their gourmet chocolate truffle coffee but this is still great,-1,"cans excellent,price cans,cans"
274047,B001O1Q0NA,AZR5XJMAEC0ET,Shirah B,0,1,4,1330300800,HImalayan Salt - 5 lb - Fine Ground,"Great deal for the quality of this Himalayan Salt!  I will be purchasing more and giving it as gifts.  This stuff tastes great and is actually a healthy addition to the diet, in moderation.<br /><br />Why would anyone continue using the ""white death"" table salt that is void of so many essential elements?<br /><br />I also use this to make an all-natural facial and body scrub! We should only ""feed"" our skin what we would put in our mouths!",positive,great deal for the quality of this himalayan salt i will be purchasing more and giving it as gifts this stuff tastes great and is actually a healthy addition to the diet in moderation why would anyone continue using the white death table salt that is void of so many essential elements i also use this to make an all natural facial and body scrub we should only feed our skin what we would put in our mouths,20,"himalayan salt,table salt,quality himalayan"
546815,B0012NI060,A3MPDCMX9GBULW,Michal,1,1,5,1257033600,One of my favorite teas - great cassis flavor,"I love this blackcurrant flavor tea. Unlike the other reviewer, I can easily taste and smell the cassis in the tea. This is quite different than the Twining's blackcurrant tea, and I prefer the Ahmad brand. The aroma is very distinct, almost as if perfumed. I enjoy this tea and this is the one I drink the most.",positive,i love this blackcurrant flavor tea unlike the other reviewer i can easily taste and smell the cassis in the tea this is quite different than the twining s blackcurrant tea and i prefer the ahmad brand the aroma is very distinct almost as if perfumed i enjoy this tea and this is the one i drink the most,2,"cassis tea,blackcurrant tea,tea unlike"
27108,B000EM8U1U,A301HIMD0CC6UB,Natalie,0,0,4,1299628800,Almost as good as the expensive stuff,"We were buying Starbucks way too much and this is a money saver. Can't find it on the shelves at the grocery store so buying in bulk is second-best. Great price, almost as good as Starbucks when you add cream and sugar.",positive,we were buying starbucks way too much and this is a money saver can t find it on the shelves at the grocery store so buying in bulk is second best great price almost as good as starbucks when you add cream and sugar,-1,"buying bulk,buying starbucks,bulk"
288700,B004Q4AQDW,A7E85LH2I0TAP,"a metaphysician ""of erudition""",0,0,5,1321056000,One of the best...,"One of my 3 favorite, flavored black teas.  I can't begin to describe the flavor, except to say that the rose essence is full-flavored and delightful without a trace of bitterness in this rich black tea.  Not all teas are created equal, however.  And although I haven't tasted any other brand of rose black tea, I have tasted several brands of jasmine green with noticeable disparity in quality and flavor.  I'm VERY pleased with quality of The Tao of Tea's Rose Petal Black Tea, which comes in 4 oz. tins as well as this one lb. bag, and doubt it could be topped.  The search ends here!",positive,one of my favorite flavored black teas i can t begin to describe the flavor except to say that the rose essence is full flavored and delightful without a trace of bitterness in this rich black tea not all teas are created equal however and although i haven t tasted any other brand of rose black tea i have tasted several brands of jasmine green with noticeable disparity in quality and flavor i m very pleased with quality of the tao of tea s rose petal black tea which comes in oz tins as well as this one lb bag and doubt it could be topped the search ends here,2,"tea rose,black tea,black teas"
99396,B00133071A,A100IVLI4AFIY3,"Gram T. ""Grams""",2,2,5,1344988800,Yuuum,"Using my Whirly Pop,just heat up the oil, add 2:1 ratio of corn to glaze and wow, instant delicious caramel corn. Add salt and it tastes just like the kettle corn at a fair. The cleanup of the popper is so easy if you dump the popper immediately after the wild popping stops and not a second longer. And, no unpopped kernels. The smell stays in the house a couple days and makes you want to make more. Highly recommended! Grandkids loved it!",positive,using my whirly pop just heat up the oil add ratio of corn to glaze and wow instant delicious caramel corn add salt and it tastes just like the kettle corn at a fair the cleanup of the popper is so easy if you dump the popper immediately after the wild popping stops and not a second longer and no unpopped kernels the smell stays in the house a couple days and makes you want to make more highly recommended grandkids loved it,22,"popper easy,caramel corn,pop just"
278259,B000HQPHGE,A38FT1Q27V3XBV,Adara,0,0,5,1323907200,"Morton & Bassett Organic Parsley, a High Quality Product","I have used their organic bay leaves and was thoroughly impressed. Without any hesitation I decided to try their organic parsley flakes.  Needless to say the quality is as high as I had anticipated. Their organic parsley flakes are a delicious garnish or addition to vegetables, meats, and fish. (For example mashed carrots with parsley topping is so delicious!) It is organic and very carefully prepared and handled so you know that you are getting top quality. I highly recommend this product.",positive,i have used their organic bay leaves and was thoroughly impressed without any hesitation i decided to try their organic parsley flakes needless to say the quality is as high as i had anticipated their organic parsley flakes are a delicious garnish or addition to vegetables meats and fish for example mashed carrots with parsley topping is so delicious it is organic and very carefully prepared and handled so you know that you are getting top quality i highly recommend this product,-1,"organic parsley,parsley flakes,carrots parsley"
554481,B001E5E0DI,A38YMPPYVPG58P,C. Barb,1,1,5,1243728000,Excellent quality and taste,"Rossa from Lavazza is one of the best coffees on the market.  I am used to grinding my own beans to ensure freshness, but with Rossa this is no longer necessary.  It has an intense flavor and wonderful consistency.  A taste of Italy.",positive,rossa from lavazza is one of the best coffees on the market i am used to grinding my own beans to ensure freshness but with rossa this is no longer necessary it has an intense flavor and wonderful consistency a taste of italy,1,"rossa lavazza,best coffees,freshness rossa"
246655,B003DNL9TW,AWSWTSHI5C93X,pepper,0,0,5,1346976000,Tangerine drink,It arrived in good shape.  I can't buy this locally so it's nice to be able to order Crystal Light on line.,positive,it arrived in good shape i can t buy this locally so it s nice to be able to order crystal light on line,-1,"crystal light,order crystal,crystal"
461245,B006VRTQW4,AHWMGMS3OUHS5,kellyp,0,0,5,1345680000,Great Coffee!,"I highly recommend this coffee, it is a very good blend, has a bold flavor without being bitter tasting.  Looking forward to trying some other blends Tully's.",positive,i highly recommend this coffee it is a very good blend has a bold flavor without being bitter tasting looking forward to trying some other blends tully s,1,"blends tully,recommend coffee,bitter tasting"
186153,B000JLB5NG,ACYR6O588USK,"'  Groovin' guy ""music historian""",0,0,4,1338422400,Old Mother Hubbard Biscuits,"My doggies snubbed these biscuits initially (they always act that way) before they decided that they didn't really mind them, in fact they kind of like them...now.<br /><br />These are made with natural ingredients, but they do have wheat flour and oatmeal and so I don't give them too often. I don't really like giving my dogs wheat.<br /><br />I prefer Natural Balance L.I.T. Limited Ingredients Treats over these, but this is a good product too.",positive,my doggies snubbed these biscuits initially they always act that way before they decided that they didn t really mind them in fact they kind of like them now these are made with natural ingredients but they do have wheat flour and oatmeal and so i don t give them too often i don t really like giving my dogs wheat i prefer natural balance l i t limited ingredients treats over these but this is a good product too,0,"dogs wheat,biscuits,snubbed biscuits"
43155,B0017U24LA,A39XUWX0I4WH33,Jim K.,2,2,5,1339977600,What a nice surprise!,"This is an excellent product!  I know many reviewers have written that it has a lousy taste, or no taste, but in my opinion it is very flavorful.  To me, it has sort of a spicy flavor that is not overwhelming.  The primary reason for eating McDougall's products is to enjoy a healthier lifestyle.  When I think of all the fast food that people think is flavorful, it makes me nauseous.<br /><br />The ingredients absorb all the water so it will be thick.  You can add more water if you like.  My first cup turned out perfect, and although this is a smaller-size cup it was a lot to eat.  I actually had this for my breakfast and I stayed and felt full all morning!  Actually there are only 180 calories, so that is fantastic.  Prepare yourself for a lot of gas after consuming this, but that can usually be expected after eating something so healthy.",positive,this is an excellent product i know many reviewers have written that it has a lousy taste or no taste but in my opinion it is very flavorful to me it has sort of a spicy flavor that is not overwhelming the primary reason for eating mcdougall s products is to enjoy a healthier lifestyle when i think of all the fast food that people think is flavorful it makes me nauseous the ingredients absorb all the water so it will be thick you can add more water if you like my first cup turned out perfect and although this is a smaller size cup it was a lot to eat i actually had this for my breakfast and i stayed and felt full all morning actually there are only calories so that is fantastic prepare yourself for a lot of gas after consuming this but that can usually be expected after eating something so healthy,-1,"eating mcdougall,spicy flavor,mcdougall products"
268003,B002YR97J2,A3J84V1D8KMJP2,"Deeds-n-VA ""Deeds-n-VA""",5,6,5,1297296000,Great meat substitute,"I've been eating/using vegetarian products for years - this TVP works well, is healthy, and is inexpensive.  I use it in chili, soups, etc.",positive,i ve been eating using vegetarian products for years this tvp works well is healthy and is inexpensive i use it in chili soups etc,-1,"using vegetarian,vegetarian products,vegetarian"
85299,B006ACQY3E,A24PGDMY8R6MTF,Seabiscuit,2,3,4,1326240000,Good salt,"The bag was smaller than I expected, but that's probably just me being bad at estimating things.  The salt seems good, however, I was a little disappointed that the photo showed the salt to be much more vibrantly colored than they actually are.  I mean, they are pink, just not so bright pink as it shows.  The salt has a good flavor though.  I'd say it was worth the price.",positive,the bag was smaller than i expected but that s probably just me being bad at estimating things the salt seems good however i was a little disappointed that the photo showed the salt to be much more vibrantly colored than they actually are i mean they are pink just not so bright pink as it shows the salt has a good flavor though i d say it was worth the price,20,"bag smaller,shows salt,salt vibrantly"
143782,B001NZLUYG,A2I02DGE1F6C04,KSWD,1,1,5,1336521600,Great assortment,This arrived exactly as pictured and described. The spices are wonderful and the assortment is perfect for someone who wants to experiment with Indian cooking.,positive,this arrived exactly as pictured and described the spices are wonderful and the assortment is perfect for someone who wants to experiment with indian cooking,-1,"described spices,spices wonderful,spices"
141445,B0047RQ9M0,AU7YE53YCD3FO,robbie,0,0,5,1286064000,LOVE GREEN MOUNTAIN,"After pricing out different places to purchase this coffee as a gift, we realized that Amazon was able to provide us with so many K-Cup options but we love Green Mountain it has great flavor for a morning or evening cup. Enjoy!! You will Not be disappointed in this purchase!!",positive,after pricing out different places to purchase this coffee as a gift we realized that amazon was able to provide us with so many k cup options but we love green mountain it has great flavor for a morning or evening cup enjoy you will not be disappointed in this purchase,1,"purchase coffee,coffee,cup options"
26471,B003KV7V1C,A37XRRE5STW4IV,P. Noga,0,0,3,1344470400,Good product if eaten quickly.,This is a Good product if eaten quickly. the taste was excellent. I was a little surprised at the quickness and totality of the mold that set in.  It is good if you eat all of it in 4 -5 days.,neutral,this is a good product if eaten quickly the taste was excellent i was a little surprised at the quickness and totality of the mold that set in it is good if you eat all of it in days,18,"eaten quickly,quickly taste,taste excellent"
536266,B002AN6V9O,ANYAH09YVJK6Y,"T R N ""TVTED""",0,0,5,1334707200,Not cheap!,"Both of my cats like the BFF (Tuna & Tilapia) and turn their noses up to most everything else. I have no idea how the came to be so picky, really!",positive,both of my cats like the bff tuna tilapia and turn their noses up to most everything else i have no idea how the came to be so picky really,0,"tuna tilapia,tuna,bff tuna"
455276,B002J75TH6,APQARPIN3EP9L,"S. Lang ""Circe""",0,0,5,1314316800,Delicious sugr-free jam,"This is a delicious, sugar-free product that should satisfy even the most picky eaters.  The jam was shipped peomptly and arrived in goodcondition.",positive,this is a delicious sugar free product that should satisfy even the most picky eaters the jam was shipped peomptly and arrived in goodcondition,-1,"delicious sugar,sugar free,eaters jam"
482533,B000329588,A3A75D2INEA1NC,pat black,2,2,4,1271894400,bartenders mix,I cant find the mixes in the stores anymore and they are great. My parents used them 40 years ago and they are still around. I was relieved to see that Amazon had them and that they are still available.,positive,i cant find the mixes in the stores anymore and they are great my parents used them years ago and they are still around i was relieved to see that amazon had them and that they are still available,-1,"mixes stores,mixes,stores anymore"
49628,B0000TWLJO,A3CIIVU9U21OZJ,"Patricia A. Dorn ""Patty""",0,0,5,1269820800,Best tea in the world!!,The orange spice tea is fabulous.  It needs no sweetening and it is like having a treat!,positive,the orange spice tea is fabulous it needs no sweetening and it is like having a treat,2,"spice tea,orange spice,tea fabulous"
351745,B002EY5TTW,A2EQS1M11VTRL,Houston,1,1,5,1344988800,The perfect canned tuna.,"This is such good tuna.  I've bought Kirklands brand albacore for years.  This product is even better.  Well worth the price.  Clean, solid tuna.  Nothing worse than mushy canned tuna.  I'd rather have peanut butter & jelly.",positive,this is such good tuna i ve bought kirklands brand albacore for years this product is even better well worth the price clean solid tuna nothing worse than mushy canned tuna i d rather have peanut butter jelly,-1,"canned tuna,solid tuna,tuna"
273566,B000J2HJDA,A21TL6NRHH5ULR,emily,0,0,5,1350259200,Blue Mountain coffee,"It tastes like what I brought home from Jamaica.  Blue Mountain coffee ain't cheap, but it's worth it to me- full flavor without the shakes that go with regular coffee.",positive,it tastes like what i brought home from jamaica blue mountain coffee ain t cheap but it s worth it to me full flavor without the shakes that go with regular coffee,1,"regular coffee,flavor shakes,mountain coffee"
538347,B0061IUIDY,A25KVM6GJBLISZ,John F. Wright,0,0,3,1335398400,Too Strong,"Earl Grey is perhaps my favorite flavor of tea.  But I wasn't impressed by the flavor of Higgins & Burke Earl Grey.  The first cup was far too strong.  Admittedly the second and third cups made from the same bag are much better, still the flavor is unremarkable.<br /><br />The first cup left a lot of sediment at the bottom of my cup.<br /><br />If you like Earl Grey, give ""Numi"" a try instead.",neutral,earl grey is perhaps my favorite flavor of tea but i wasn t impressed by the flavor of higgins burke earl grey the first cup was far too strong admittedly the second and third cups made from the same bag are much better still the flavor is unremarkable the first cup left a lot of sediment at the bottom of my cup if you like earl grey give numi a try instead,2,"flavor tea,earl grey,tea"
445752,B001D0GV7M,A2UEVSPN0TMGKN,Michael Cheung,0,0,5,1227916800,mild and smooth coffee,"Mocha Java is a must for those who enjoy a mild and smooth tasting coffee, it is comparable to Italian Roast. I tried a few Timothy coffee brands and must say that this is a must for those who like a mild smooth coffee.",positive,mocha java is a must for those who enjoy a mild and smooth tasting coffee it is comparable to italian roast i tried a few timothy coffee brands and must say that this is a must for those who like a mild smooth coffee,1,"mocha java,smooth coffee,coffee comparable"
494962,B00271OPVU,A247MAYVF6NYEF,"Clinton D. Chapman ""Dr. Bubba""",0,0,5,1286755200,Good stuff,"This maple syrup is very nice.  It is not too sweet, has a good maple flavor, and, to my knowledge, no added sugar or HFCS.<br /><br />You won't be disappointed by this, nor the price - I paid around $18 for a 32ounce jug.",positive,this maple syrup is very nice it is not too sweet has a good maple flavor and to my knowledge no added sugar or hfcs you won t be disappointed by this nor the price i paid around for a ounce jug,-1,"sugar hfcs,maple syrup,syrup nice"
200170,B0027CT5HS,A278X0N21YYWKE,Kathryn Dasher Childers,1,1,5,1341360000,"Sweet smelling, awesome feeling lotion","This lotion is awesome. I have gotten many compliments from people that thought I had on a body spray or even perfume. It is long lasting, goes on smoothly and is great for sensitive skin.",positive,this lotion is awesome i have gotten many compliments from people that thought i had on a body spray or even perfume it is long lasting goes on smoothly and is great for sensitive skin,13,"lotion awesome,lotion,body spray"
453369,B0029XLH4Y,A3N3CFHTR860I,"rockalittle ""The only real failure in life is...",0,0,3,1269734400,A little too bitter,"As a former St*rbucks drinker, I find I'm always looking for coffee that's ""just a little stronger"". Jet Fuel fills that need nicely. I can finally drink a good strong cup of coffee without going broke.<br />EDIT 5/6/10<br />I have returned to edit this review after trying Green Mountain's REVV. I am dropping this review to 3 stars because REVV is just so much better.<br />I found jet fuel to be a little bitter. The first time I drank it I went a little heavy on the half & half and didn't notice it. Over time the bitterness becomes quite distinct.<br />I have found that I much prefer REVV for the caffeine kick it provides while still being incredibly smooth.",neutral,as a former st rbucks drinker i find i m always looking for coffee that s just a little stronger jet fuel fills that need nicely i can finally drink a good strong cup of coffee without going broke edit i have returned to edit this review after trying green mountain s revv i am dropping this review to stars because revv is just so much better i found jet fuel to be a little bitter the first time i drank it i went a little heavy on the half half and didn t notice it over time the bitterness becomes quite distinct i have found that i much prefer revv for the caffeine kick it provides while still being incredibly smooth,1,"revv caffeine,looking coffee,coffee"
40081,B001E50X66,A2R6RA8FRBS608,Matthew G. Sherwin,10,12,4,1186444800,To Life !!!,"Sun Maid pitted plums (or, prunes) are the best brand of pitted and dried plums on your grocer's shelf--period. These dried pitted plums are rather healthy for you. There is no fat, no cholesterol and almost zero sodium to boot! They offer fiber and potassium and that's good, too.<br /><br />However, this food is not an invariable substitute for a vitamin or other fruits with fiber, minerals and vitamins. They contain sugar (12 grams per serving) and they lack vitamins. I'll have to take off one star for that.<br /><br />In addition, a few of these helps fight constipation really well! Don't eat too many--you'll have stomach trouble--trust me!<br /><br />However, if you want a healthy snack or something to add to your breakfast cereal or oatmeal, these pitted plums are excellent. They taste great and they are far better than any candy to sweeten your food. Moreover, Amazon correctly notes that they do not require refrigeration nor do they bruise or spoil easily. In my personal opinion, I love to refrigerate these and eat them cold. They are remarkably sweet, too.<br /><br />Note: There should be an expiration date printed on the container. Eat or use these before the expiration date so you get them while they're nice and fresh!<br /><br />These pitted plums are great for persons everywhere who prefer to feed their children fruits as a substitute for candy. They are perfect for people who want to sweeten their food with something 100% natural, too. Pitted Plums provide us all with a healthy snack; and that's a huge plus.<br /><br />Highly recommended--to life!",positive,sun maid pitted plums or prunes are the best brand of pitted and dried plums on your grocer s shelf period these dried pitted plums are rather healthy for you there is no fat no cholesterol and almost zero sodium to boot they offer fiber and potassium and that s good too however this food is not an invariable substitute for a vitamin or other fruits with fiber minerals and vitamins they contain sugar grams per serving and they lack vitamins i ll have to take off one star for that in addition a few of these helps fight constipation really well don t eat too many you ll have stomach trouble trust me however if you want a healthy snack or something to add to your breakfast cereal or oatmeal these pitted plums are excellent they taste great and they are far better than any candy to sweeten your food moreover amazon correctly notes that they do not require refrigeration nor do they bruise or spoil easily in my personal opinion i love to refrigerate these and eat them cold they are remarkably sweet too note there should be an expiration date printed on the container eat or use these before the expiration date so you get them while they re nice and fresh these pitted plums are great for persons everywhere who prefer to feed their children fruits as a substitute for candy they are perfect for people who want to sweeten their food with something natural too pitted plums provide us all with a healthy snack and that s a huge plus highly recommended to life,-1,"dried plums,plums healthy,pitted plums"
443662,B0034EDM2W,A1OPTRYPHBD0UQ,Wendy G. Morris,0,0,4,1343174400,Kind Bars,We absolutely love this brand of bars and have enjoyed this particular item.  My daughter wont hardly eat breakfast and she swims.  I make her eat something and she was willing to try the Kind bars. Hands down one of the best bars out there.,positive,we absolutely love this brand of bars and have enjoyed this particular item my daughter wont hardly eat breakfast and she swims i make her eat something and she was willing to try the kind bars hands down one of the best bars out there,9,"best bars,brand bars,kind bars"
23284,B001JSHRY4,ABW688RH6XGVW,"Lisa ""Cooking fool""",1,1,5,1277683200,Can't tell this chocolate is sugar-free,I bought this chocolate so I could dip fruit in it for my husband (who's diabetic).  This is the best sugar-free dark chocolate for melting that I've found.  I plan to stock up on it!,positive,i bought this chocolate so i could dip fruit in it for my husband who s diabetic this is the best sugar free dark chocolate for melting that i ve found i plan to stock up on it,14,"chocolate dip,dark chocolate,chocolate"
221462,B002JGBC96,A1APVDSGLZMWLA,"Kim Burlingham ""rural pediatrician""",3,3,4,1301356800,Not Nutella but not bad either,"I was looking for something a tad healthier to replace my infatuation with Nutella when I came across this chocolate almond butter.  I took the plunge and ordered it from Amazon, though it would have been an easier plunge if I did not have to order three jars of an unknown-to-me product at one time.  Since my goal was to replace it for Nutella I will say that it is not quite as sweet, nor as smooth nor as melt-in-your-mouth candy bar-ish as Nutella and it doesn't quite spread onto toast as easily and the total calories per serving are within 10 of each other.  Neither product has trans fats, the almond butter a bit higher in total fat but has many less total carbs and has a higher fiber content.  I think the chocolate in the almond butter is of good quality and my brain tells me it is a healthier choice because I don't tend to want to eat it straight out of the jar on a spoon like Nutella so I am automatically saving calories, right?  My taste buds tend to agree that Justin's starts out with good ingredients and to make a long story short I would buy this again (once we finish the three jars.)",positive,i was looking for something a tad healthier to replace my infatuation with nutella when i came across this chocolate almond butter i took the plunge and ordered it from amazon though it would have been an easier plunge if i did not have to order three jars of an unknown to me product at one time since my goal was to replace it for nutella i will say that it is not quite as sweet nor as smooth nor as melt in your mouth candy bar ish as nutella and it doesn t quite spread onto toast as easily and the total calories per serving are within of each other neither product has trans fats the almond butter a bit higher in total fat but has many less total carbs and has a higher fiber content i think the chocolate in the almond butter is of good quality and my brain tells me it is a healthier choice because i don t tend to want to eat it straight out of the jar on a spoon like nutella so i am automatically saving calories right my taste buds tend to agree that justin s starts out with good ingredients and to make a long story short i would buy this again once we finish the three jars,21,"nutella,infatuation nutella,chocolate almond"
523644,B004779XHI,A3AZI828WJN1CD,Becky (beckygardens),1,1,5,1314230400,satisfying hot or cold,"<span class=""tiny""> Length:: 2:06 Mins<br /><br /></span>Celestial Seasonings english breakfast black tea is delicious both hot or as iced tea. The tea has a faint perfume but not overwhelming. I like different teas but find this one to be the best for hot and cold. I love that I can control the strength of the tea. Hot I prefer the medium button, cold, I use the largest cup button. Either way I get a perfect serving of tea.",positive,length mins celestial seasonings english breakfast black tea is delicious both hot or as iced tea the tea has a faint perfume but not overwhelming i like different teas but find this one to be the best for hot and cold i love that i can control the strength of the tea hot i prefer the medium button cold i use the largest cup button either way i get a perfect serving of tea,2,"different teas,tea hot,teas best"
494456,B000VK6TD6,A1G8BC99793QKB,M. Goldstein,3,3,4,1275091200,"Good and useful, strange texture.","These candies are ok, not mazing...but very useful.<br /><br />Bought these because it says these are made with 30% fresh ginger and are supposed to be helpful.<br />The taste is ok, the candy is kind of like a taffy-but harder.<br />There is a lot of ginger taste as expcted.<br /><br />I find when my stomach turns,which os often these help a lot.<br />I have a hard time with ginger capsules as they allupset my stomach and giv hearburn.<br /><br />For getting rid of stomach issues,these work and quite well.<br />The original ginger chews are goodbut no ida howmuch ginger is in them.<br />They are also super sticky too.<br /><br />The price for these is kinda high as ginger people website sells a large 2lb bag for $10 and it is more than in these small boxes.<br /><br />But amazon has free US shipping,and no tax...so not sure what is better?<br /><br />Ginger people also has amazing candied ginger!<br />It is never hard or bitter and easy to eat (my house ate  5LB BAG in 5 weeks!)<br />Just bought some ""natural candied ginger"" from a website, brand ""The best of all"".<br />And actually spat out the piece I tried to eat.<br />Sure it was a bit cheaper,but it was bitter,fibery (in a bad way) andtoo hard to eat.<br />Normally I can eat most foods easily.<br /><br />I will be ordering these by the tuckload too :)",positive,these candies are ok not mazing but very useful bought these because it says these are made with fresh ginger and are supposed to be helpful the taste is ok the candy is kind of like a taffy but harder there is a lot of ginger taste as expcted i find when my stomach turns which os often these help a lot i have a hard time with ginger capsules as they allupset my stomach and giv hearburn for getting rid of stomach issues these work and quite well the original ginger chews are goodbut no ida howmuch ginger is in them they are also super sticky too the price for these is kinda high as ginger people website sells a large lb bag for and it is more than in these small boxes but amazon has free us shipping and no tax so not sure what is better ginger people also has amazing candied ginger it is never hard or bitter and easy to eat my house ate lb bag in weeks just bought some natural candied ginger from a website brand the best of all and actually spat out the piece i tried to eat sure it was a bit cheaper but it was bitter fibery in a bad way andtoo hard to eat normally i can eat most foods easily i will be ordering these by the tuckload too,-1,"ginger capsules,candied ginger,ginger chews"
107566,B007TJGY4Q,AE1EJCOW4WD9N,Coffee Lover,2,2,4,1191974400,"Good, but VERY strong","I generally like bold-flavored coffee, but this was too strong for me.  However, my son-in-law absolutely loves it, so if you are looking for really strong flavorful coffee, you should try this.",positive,i generally like bold flavored coffee but this was too strong for me however my son in law absolutely loves it so if you are looking for really strong flavorful coffee you should try this,1,"flavorful coffee,flavored coffee,coffee strong"
546599,B000ED9LSU,AB932903H43Q4,M. Eastman,0,0,5,1327190400,"Delicious, light, fluffy, soft. The perfect cake.","So for any gluten-free person, I'm sure you've had your incidents with grainy, dry baked goods. It's no fun is it? Look no further than this cake mix if you want the best cupcakes/cake you can possibly have in a gluten-free diet. No grainy texture, not dry; but soft, light, chocolately goodness. Not only does this taste like a real cake, it's probably the best cake from a mix I've ever had. I didn't always used to be gluten-free, either.<br /><br />I was a bit leery of the garbanzo bean flour, but this must be the secret ingredient to deliciousness. No, it does not tastes like beans.<br /><br />Why are you still reading this review? Go make some cupcakes with this mix already!",positive,so for any gluten free person i m sure you ve had your incidents with grainy dry baked goods it s no fun is it look no further than this cake mix if you want the best cupcakes cake you can possibly have in a gluten free diet no grainy texture not dry but soft light chocolately goodness not only does this taste like a real cake it s probably the best cake from a mix i ve ever had i didn t always used to be gluten free either i was a bit leery of the garbanzo bean flour but this must be the secret ingredient to deliciousness no it does not tastes like beans why are you still reading this review go make some cupcakes with this mix already,7,"gluten free,gluten,possibly gluten"
194220,B0009Y8AGI,A1OC9V2KPBUSMP,"Yoni C. Lazarus-potter ""Yoni Potter""",1,1,4,1205193600,What a good find!,"Just wanted to say that I found this tea when my milk supply had started to decrease (about 4m post baby) I didnt want to stop nursing but my little one was getting VERY frustrated with the amount that was available. I found this tea at Stop n Shop in the health food section and gave it a try. After a week I noticed that my baby girl wasnt so frustrated and I was able to get back on schedule of pumping a little extra each day. Directions say to drink one cup of prepared tea 3-5 times daily. I drank it about 2-3 times daily but found the tea chilled was much better!<br />It has a bitter taste, but is definatly drinkable.<br />Definatly worth a try!!",positive,just wanted to say that i found this tea when my milk supply had started to decrease about m post baby i didnt want to stop nursing but my little one was getting very frustrated with the amount that was available i found this tea at stop n shop in the health food section and gave it a try after a week i noticed that my baby girl wasnt so frustrated and i was able to get back on schedule of pumping a little extra each day directions say to drink one cup of prepared tea times daily i drank it about times daily but found the tea chilled was much better it has a bitter taste but is definatly drinkable definatly worth a try,-1,"tea milk,daily tea,available tea"
337132,B000F4F934,AYH845RZVYNNL,GetSheila,1,1,4,1277596800,"My favorite tea, hands down","I am never without Darjeeling tea. It is a nice mild tea that tastes good both hot and iced. I am new to loose tea so was a little surprised when I opened the first can to find such fine particles, similar to what you find inside a tea bag. I assumed all loose tea was of the larger, full leaf type. Had I read the other reviews here, I would have known better so my bad.<br /><br />My only complaint about this purchase - hence the 4 star rating - is the expiration date on the tins. They shipped February 8, 2010, with an expiration date of May 28, 2010. Under 4 months? In airtight containers, I expect tea to last at least a year. I understand they have to rotate their stock and these tins had probably been sitting around for 6 months, but it was still surprising and disappointing. As an avid tea drinker, I just finished the last tin so I only went about one month past the expiration date but still, they need to plan their inventory better.<br /><br />If you have yet to try Darjeeling tea, I highly recommend it. Twinings is a good and reputable brand and the quality and flavor never disappoints.",positive,i am never without darjeeling tea it is a nice mild tea that tastes good both hot and iced i am new to loose tea so was a little surprised when i opened the first can to find such fine particles similar to what you find inside a tea bag i assumed all loose tea was of the larger full leaf type had i read the other reviews here i would have known better so my bad my only complaint about this purchase hence the star rating is the expiration date on the tins they shipped february with an expiration date of may under months in airtight containers i expect tea to last at least a year i understand they have to rotate their stock and these tins had probably been sitting around for months but it was still surprising and disappointing as an avid tea drinker i just finished the last tin so i only went about one month past the expiration date but still they need to plan their inventory better if you have yet to try darjeeling tea i highly recommend it twinings is a good and reputable brand and the quality and flavor never disappoints,2,"darjeeling tea,tea tastes,tea highly"
31616,B0038B3A0A,ACBRXKFZ63JNZ,"Angela B. McGinn ""angemal""",8,8,5,1293667200,I would give them 10 stars if I could.,"These are excellent!  They travel quite well and are even tastier when left in the car to chill during the winter time. They are also awesome when car travelling across the Deep South and fresh green food is hard to come by!<br /><br />Highly addictive, like crack candy!",positive,these are excellent they travel quite well and are even tastier when left in the car to chill during the winter time they are also awesome when car travelling across the deep south and fresh green food is hard to come by highly addictive like crack candy,-1,"excellent travel,green food,car chill"
28168,B003AOIN3O,A17CEBYTEJMAB3,"M. S. ""peaches""",1,1,4,1293494400,Pretty Good Stuff,"It's tastes pretty good.  If you have a pretty big cup of shaved ice then by the time you get to the bottom you have a tiny bit of an after taste.  I can handle that fine. You get alot of uses out of this bottle. It has a smaller hole in the bottom so it does not POUR out, but it does come out pretty quickly. I wish there was a way to measure out the amount you use without having to go to your kitchen cabinet to get something.",positive,it s tastes pretty good if you have a pretty big cup of shaved ice then by the time you get to the bottom you have a tiny bit of an after taste i can handle that fine you get alot of uses out of this bottle it has a smaller hole in the bottom so it does not pour out but it does come out pretty quickly i wish there was a way to measure out the amount you use without having to go to your kitchen cabinet to get something,3,"taste handle,tastes pretty,does pour"
385908,B000MGWIH0,ADAWGY31CTJ1H,"Susan Graye ""bunni""",2,2,5,1252281600,Stevia sweetener,"Great price.  Fast shipping.  Be aware of this alternative to sugar.  Plant based, no calories, no carbs, no artificial ingredients, no chemicals!",positive,great price fast shipping be aware of this alternative to sugar plant based no calories no carbs no artificial ingredients no chemicals,3,"alternative sugar,sugar plant,carbs artificial"
488124,B0013A0QXC,A3GZNJWU9P5S7L,"R. sills ""onlineorderqueen""",0,0,5,1316131200,great robust coffee,Great coffee pods that go with the Senseo coffee pot.  Dark roast is best because it gives a taste just below the strength of an expresso and is not as strong as the coffee at exclusive coffee shops.  It's just right.,positive,great coffee pods that go with the senseo coffee pot dark roast is best because it gives a taste just below the strength of an expresso and is not as strong as the coffee at exclusive coffee shops it s just right,1,"senseo coffee,coffee pods,pods senseo"
410705,B000FIZW00,A2HFCYPV9ENQZO,"Lori L. Myers ""trixie""",3,3,5,1252713600,single slice spam,I love these individual packages!  Now I don't have to waste half a can if only one person wants it.  My sister sends these in her husbands lunch.  They're great!,positive,i love these individual packages now i don t have to waste half a can if only one person wants it my sister sends these in her husbands lunch they re great,-1,"individual packages,packages,packages don"
458566,B000FFIL92,A1BTHZO04GVCS6,HB,0,0,5,1241395200,gift,I bought this to give as a gift and I was very happy with everything about it. I might even get one for myself... It also arrived before expected.,positive,i bought this to give as a gift and i was very happy with everything about it i might even get one for myself it also arrived before expected,6,"gift happy,bought gift,gift"
301196,B003Z6ZGZK,ARCNZNUMDCAS7,P. Masuda,0,0,5,1336608000,coffee,"For those who want a quick jolt of Starbuks coffee, these quick packs have a great taste and the ease of making it at home or work without having to go to a Starbucks.",positive,for those who want a quick jolt of starbuks coffee these quick packs have a great taste and the ease of making it at home or work without having to go to a starbucks,1,"starbuks coffee,coffee quick,jolt starbuks"
145226,B000W2GXKC,A339BVHLJVG9SO,Susan Reinholz,0,0,5,1334016000,English Toffee Stevia,This is by far my favorite flavor of liquid Stevia.I always have a back-up on hand so I never run out.,positive,this is by far my favorite flavor of liquid stevia i always have a back up on hand so i never run out,3,"liquid stevia,stevia,stevia hand"
424163,B0016N1GNK,AJIUUQ748X0II,Cynthia G. Hartman,0,0,4,1263081600,Great gift for those who don't need anything,"This was a Christmas gift for my father and step-mother, she got a real kick out of identifying the candies from her childhood.  I wasn't with them when they opened it, but she seemed very happy with it.  A good gift to give when there's just nothing else needed.",positive,this was a christmas gift for my father and step mother she got a real kick out of identifying the candies from her childhood i wasn t with them when they opened it but she seemed very happy with it a good gift to give when there s just nothing else needed,12,"identifying candies,candies childhood,candies"
123501,B001T7HGRS,A3V54VTCAT3SCS,Elizabeth Howard,0,0,5,1241740800,GOING ORGANIC AND SWEET!!,"I bought these cookies as Easter gifts for two different family members and both RAVED about the clor, shape and flavor of these organiz cookies. They're sure to please everyone!",positive,i bought these cookies as easter gifts for two different family members and both raved about the clor shape and flavor of these organiz cookies they re sure to please everyone,10,"organiz cookies,cookies easter,shape flavor"
312379,B003FD41QI,A1D7Y6NN33Z7OK,Dean Tanti,1,2,5,1340668800,The feel good for you drink,This is awesome! It's so much better for you than regular soda. It actually perks you up when you drink it and you want to share it with others. So good for you. Drink up to your health!,positive,this is awesome it s so much better for you than regular soda it actually perks you up when you drink it and you want to share it with others so good for you drink up to your health,3,"regular soda,soda,soda actually"
404284,B004A6W57Q,A3PW1SRE8IJ7BU,"Teaching Mama ""Teaching Mama""",1,1,3,1301788800,Sweet,"Not too bad, very cute.  I got these for 6 at an anime convention recently.  The jelly ones are similar to the fruit chewy sugar coated candies in the USA and the breaded ones are similar to Twinkies.  The overall sweetness is about the same as mochi or marshmallows.",neutral,not too bad very cute i got these for at an anime convention recently the jelly ones are similar to the fruit chewy sugar coated candies in the usa and the breaded ones are similar to twinkies the overall sweetness is about the same as mochi or marshmallows,12,"mochi marshmallows,jelly ones,sweetness mochi"
336807,B004IFKSLY,A1ZHKM3AMH9BJL,Marie,1,1,2,1338163200,Not for everyone,"It didn't work for my pet, but it has for other pets I know.<br />It never hurts to try it.<br />I've seen the outcome on a friend of mines dog and it was truly amazing.",negative,it didn t work for my pet but it has for other pets i know it never hurts to try it i ve seen the outcome on a friend of mines dog and it was truly amazing,0,"pet pets,pets,pets know"
448948,B001ONVOC0,AXJ1QYBUL86ON,"HarpswellWoman ""HarpswellWoman""",1,1,5,1300665600,Great taste and texture - and high fiber!,"Although a number of reviewers have expressed concern about gas and bloating, I have not had any problems with these bars - yet. I eat beans and high fiber cereal regularly, and I put inulin supplement powder in my coffee, tea or yogurt when I think to do so.  It doesn't surprise me that these bars can cause gastric upset because I have experienced mild symptoms with the inulin powder put out by Metamucil under the name FiberSure - but not the embarrassing flatulence that some people speak of with these bars.  The key fiber ingredient in the bars is inulin from chicory root.<br />The dark chocolate almond flavor is excellent and there is no aftertaste or weird texture to the bars.  I bought a few boxes at BigLots for $2 and I hope to buy some more, but if not, with Subscribe and Save, a box of five bars costs $2.38.<br />The ingredients may not be entirely organic or wholesome, but the sugar and fat content compare very favorably with other bars.  I would recommend that you add a high protein food such as nuts, peanut butter or Greek yogurt to create a more balanced ""meal"" or snack since the bars do not contain a significant amount of protein.  Of course, you should add fruits or vegetables to make a more complete meal.<br /><br />Happy Snacking!",positive,although a number of reviewers have expressed concern about gas and bloating i have not had any problems with these bars yet i eat beans and high fiber cereal regularly and i put inulin supplement powder in my coffee tea or yogurt when i think to do so it doesn t surprise me that these bars can cause gastric upset because i have experienced mild symptoms with the inulin powder put out by metamucil under the name fibersure but not the embarrassing flatulence that some people speak of with these bars the key fiber ingredient in the bars is inulin from chicory root the dark chocolate almond flavor is excellent and there is no aftertaste or weird texture to the bars i bought a few boxes at biglots for and i hope to buy some more but if not with subscribe and save a box of five bars costs the ingredients may not be entirely organic or wholesome but the sugar and fat content compare very favorably with other bars i would recommend that you add a high protein food such as nuts peanut butter or greek yogurt to create a more balanced meal or snack since the bars do not contain a significant amount of protein of course you should add fruits or vegetables to make a more complete meal happy snacking,9,"gastric upset,bars inulin,bloating problems"
232309,B001TO5HEU,AF8AD9NFSF60A,Love my dog,0,0,5,1332115200,The Best,"Delicious. Put it on EVERYTHING! Great for steak sauce. Don't know mustard if you haven't tried this one!<br />The jar looks good too! We got one for ourselves and on second ocassion, another for a friend. One jar had plastic lid and second one had cork lid. Our friend found the cork lid easier to put on/take off than the one with plastic lid.",positive,delicious put it on everything great for steak sauce don t know mustard if you haven t tried this one the jar looks good too we got one for ourselves and on second ocassion another for a friend one jar had plastic lid and second one had cork lid our friend found the cork lid easier to put on take off than the one with plastic lid,4,"mustard,steak sauce,mustard haven"
509381,B004KNIASW,AUIZIJ3D9XL9I,Metzell,0,2,4,1320278400,Chill Out,Tic Tac Chills are excellent breath mints.  The minty taste lasts a long time.  The best part is they are sugar free.,positive,tic tac chills are excellent breath mints the minty taste lasts a long time the best part is they are sugar free,-1,"breath mints,tac chills,minty taste"
378147,B008FHUGNQ,AUHM3WCYV8YM,JPIII,0,0,5,1346889600,"Great Flavor, Great Price","We have enjoyed Jet Fuel Dark Roast many times.  We love the full flavor and the aroma is very coffee like, kind of along the lines of a strong expresso.  The flavor is earthy, strong and has a full flavor like you would expect from a dark roast.  It is not overbearing as far as the flavor and I find it is good with many different creamers.  The smell is what you notice first but the taste is something you can't forget.  If you like strong coffee that is rich and aromatic then try Jet Fuel, you will not be disappointed.",positive,we have enjoyed jet fuel dark roast many times we love the full flavor and the aroma is very coffee like kind of along the lines of a strong expresso the flavor is earthy strong and has a full flavor like you would expect from a dark roast it is not overbearing as far as the flavor and i find it is good with many different creamers the smell is what you notice first but the taste is something you can t forget if you like strong coffee that is rich and aromatic then try jet fuel you will not be disappointed,1,"aroma coffee,dark roast,flavor aroma"
313681,B005OVPK9G,A21VGNU5959O85,Laura Terese Henri,1,1,4,1337904000,Brown Sugar How Come You Taste So Good?,"Who orders cereal in the mail? apparently I do. This box came, and It felt like there was a box of rocks in my hand!<br /><br />Oatmeal Squares are tiny boxes of brown sugary-ness, and they are heavy in more weighs than one (Im Punny). They taste very much like <a href=""http://www.amazon.com/gp/product/B003W07CN8"">Golden Grahams Cereal, 16-Ounce Boxes (Pack of 5)</a> BUT with a earthier, Hay like aftertaste. If that makes sense. about a 1/2 a cup would fill you right on up for the whole morning.<br /><br />I liked them well enough. Maybe would get them again in the future.",positive,who orders cereal in the mail apparently i do this box came and it felt like there was a box of rocks in my hand oatmeal squares are tiny boxes of brown sugary ness and they are heavy in more weighs than one im punny they taste very much like golden grahams cereal ounce boxes pack of but with a earthier hay like aftertaste if that makes sense about a a cup would fill you right on up for the whole morning i liked them well enough maybe would get them again in the future,11,"orders cereal,cereal mail,cereal"
53965,B000EGZ2L2,A1V0D3XFFNVPU2,Darrel T Schreck,3,3,5,1303603200,Aboslutely wonderful for my pitbull,"I ordered this after reading a ton of awesome reviews and in hopes that it may hope with my dog, Kitty, a 65 pound, 2 year-old pit bull's recent issues with her skin. It turns out that her problem was in fact due to corn and other fillers used in lesser quality dog foods (in this case, Purina One). Overall, this product alone made it completely worth the cost to subscribe to Amazon Prime for the extremely fast and cheap shipping, so for less money (as Kitty now requires less food, since she's more full from eating less of the higher quality food and we make sure to only feed her what the vet recommends,) I no longer have to drive to the store and pick up a 40 pound bag of dog food and load it into the back of one of my GTIs. So far, Kitty's been gaining weight and muscle at a pretty decent rate, in my opinion. (Over the past 2 months, she's gone from approximately 59 pounds to 67.5 pounds currently, and is quite fit and happy.) All this, is of course in addition to daily exercise, walks, et cetera, but her temperament lately has also been much better. On the lesser quality dog chow, she used to mope around the house every few days, but lately, she's been very happy, energetic and outgoing. She seems to be much less easily stressed out, which is great for her, as she tend to be a bit anxious, although an absolute sweetheart.<br /><br />Bottom Line: I could not recommend this or any other Canidae Dog Food product highly enough. By word of mouth at work alone, I've converted over ten people since switching at the beginning of the year (2011).",positive,i ordered this after reading a ton of awesome reviews and in hopes that it may hope with my dog kitty a pound year old pit bull s recent issues with her skin it turns out that her problem was in fact due to corn and other fillers used in lesser quality dog foods in this case purina one overall this product alone made it completely worth the cost to subscribe to amazon prime for the extremely fast and cheap shipping so for less money as kitty now requires less food since she s more full from eating less of the higher quality food and we make sure to only feed her what the vet recommends i no longer have to drive to the store and pick up a pound bag of dog food and load it into the back of one of my gtis so far kitty s been gaining weight and muscle at a pretty decent rate in my opinion over the past months she s gone from approximately pounds to pounds currently and is quite fit and happy all this is of course in addition to daily exercise walks et cetera but her temperament lately has also been much better on the lesser quality dog chow she used to mope around the house every few days but lately she s been very happy energetic and outgoing she seems to be much less easily stressed out which is great for her as she tend to be a bit anxious although an absolute sweetheart bottom line i could not recommend this or any other canidae dog food product highly enough by word of mouth at work alone i ve converted over ten people since switching at the beginning of the year,0,"feed vet,dog food,dog foods"
262009,B001926R3M,A3PGXVOX6T6RYJ,Paul Williams,1,1,1,1304899200,Didn't Grow. Went Moldy.,"I'm not sure what I did wrong... but I watered it once and followed the directions and waited for it to grow and nothing happened. It simply got fuzzy, and didn't sprout.<br /><br />After reading the reviews (I wish I had ahead of my purchase) I see it turned moldy for other people as well.",negative,i m not sure what i did wrong but i watered it once and followed the directions and waited for it to grow and nothing happened it simply got fuzzy and didn t sprout after reading the reviews i wish i had ahead of my purchase i see it turned moldy for other people as well,-1,"wrong watered,sprout,sprout reading"
140311,B003DNL9RY,A39ZI76NG5VG0N,Rosanna M. Gatens,0,0,5,1343520000,Bring back Crystal Light in Ruby Red,"I love Ruby Red Crystal Light! I have been looking all over for it for months, finally turned to the internet. I have drunk it for years.  Please bring it back!!!  Dr. Walter Renn",positive,i love ruby red crystal light i have been looking all over for it for months finally turned to the internet i have drunk it for years please bring it back dr walter renn,3,"red crystal,crystal light,ruby red"
134360,B003E728CE,A32KLZ6X5V6932,RJR,0,0,5,1318118400,"Pill pockets, what a great idea!","This is the best thing ever for giving meds in pill form to a pet.  Each little ""pocket"" is the consistency of a soft brownie.  So they are easy to mold around even a large pill.  I have 2 dogs and both take meds with these, no picking them apart, they just swallow them whole!  Both of my dogs are small (20#) so I usually don't even use a whole pocket for their meds, I break one in half and it's plenty to cover the pill.  Great solution and really makes things so much easier when pets are sick and not even wanting to eat.  I will always keep these on hand now.",positive,this is the best thing ever for giving meds in pill form to a pet each little pocket is the consistency of a soft brownie so they are easy to mold around even a large pill i have dogs and both take meds with these no picking them apart they just swallow them whole both of my dogs are small so i usually don t even use a whole pocket for their meds i break one in half and it s plenty to cover the pill great solution and really makes things so much easier when pets are sick and not even wanting to eat i will always keep these on hand now,0,"pill dogs,pocket meds,dogs meds"
308782,B001EO5RF4,A3RYMO6S22FMM5,"Vanessa Strange ""porph princess""",3,3,5,1183766400,Great tasting sweetener,"I've read some reviews on Stevia which surprise me. I recently switched off of sugar, and am really enjoying the various Stevia products, I love the flavored liquid ones, like this English Toffee and the Vanilla Creme. I use more than some people, I guess, at least 4-6 drops, I think it's yummy.",positive,i ve read some reviews on stevia which surprise me i recently switched off of sugar and am really enjoying the various stevia products i love the flavored liquid ones like this english toffee and the vanilla creme i use more than some people i guess at least drops i think it s yummy,3,"reviews stevia,various stevia,stevia"
281615,B007RTR9DS,A1DQHS7MOVYYYA,A. Boston,0,0,1,1345075200,Gross,"First off, it would be great if there were any directions to go with this product, then maybe everyone wouldn't end up hating it. I used some of this on the ends of my hair since it's been really dry. I have straight, color treated hair and very rarely use hot styling tools, but I think anyone's tresses could use a pick me up and a good dose of moisture. Unfortunately, even though I used sparingly, I was left with my hair looking wet 24/7 for 3 days. I had to wash it at least 5 times if not more with a clarifying shampoo. My hair is now in worse condition then before I used it. Would never, ever use again, especially after reading that the main ingredients are Petrolatum & Mineral Oil. I can make a better hair treatment at home on my own with 100% almond and coconut oil with a little Shea butter mixed in.",negative,first off it would be great if there were any directions to go with this product then maybe everyone wouldn t end up hating it i used some of this on the ends of my hair since it s been really dry i have straight color treated hair and very rarely use hot styling tools but i think anyone s tresses could use a pick me up and a good dose of moisture unfortunately even though i used sparingly i was left with my hair looking wet for days i had to wash it at least times if not more with a clarifying shampoo my hair is now in worse condition then before i used it would never ever use again especially after reading that the main ingredients are petrolatum mineral oil i can make a better hair treatment at home on my own with almond and coconut oil with a little shea butter mixed in,13,"hair treatment,treated hair,shampoo"
117890,B000X1Q1G8,A33MSZ57UM8VTA,Rickymare,1,1,1,1312243200,Why did I think this was a good idea?,I bought some last week and I thought it was retched! I tried mixing it around in my mouth for a few minutes and it was horrible. for the rest of the weekend I could not get the flavor out of my mouth.,negative,i bought some last week and i thought it was retched i tried mixing it around in my mouth for a few minutes and it was horrible for the rest of the weekend i could not get the flavor out of my mouth,18,"mixing mouth,flavor mouth,retched tried"
374606,B000N33NSA,A2QSGOAKJD399A,Meg Hayes,0,0,5,1273276800,"Delicious filling, quality breakfast","*First I want to point out that the actual product I purchase lists whole rolled oats on the package as the first ingredient, not the second as is listed on the Amazon website.  Check out [...] to read the actual ingredients fresh from the baker.*<br /><br />I work in a facility that stocks these in their employee cafe, where I pay $2 a pop for each - it is well-worth it!  As an on-the-go mom and employee, I often don't get to eat breakfast at all, let alone sit down to enjoy it.  What I love best about these cookies is that they are made with quality ingredients, yet there are flavor options.  That seems so rare these days!<br /><br />I'm a major chocoholic, so I reach for the only chocolate flavor my work stocks: this vegan chocolate chunk.  As another reviewer pointed out - these chocolate chunks aren't plentiful, but they are big.  I like the fruity flavor, so then its a treat when I bite into a bite of chocolate.  I detect a hint of banana when I eat mine, but definitely not overpowering or even obvious unless you are trying to pinpoint the flavor.  I think they are sufficiently moist, not crumbly, and filled with flavor.<br /><br />The sticker shock of 300 calories and 54g of carbs initially took me by surprise, despite how big these are and the whole oats as the first ingredient.  The cafe employee assured me these were a ""whole meal in a cookie"" but I was still skeptical until I ate one.  The first one I had... I ate less than half around 10am, and then finished it as a dessert after lunch (1pm).  I was beyond satisfied, and FULL!  Then I started eating them for breakfast and I am just amazed.  It usually takes me about an hour or more to get through one (and I'm normally a mindless eater - just shovel in the fuel) but not with these.  They fill me up after just a few bites, so I'm able to slow down my eating.  If I eat the cookie by 9am I am full until lunchtime (or beyond).  In fact, on my long 12-hour days, I am able to push my lunch hour back by 2 hours so I can enjoy dinner with my family instead of out of a take-out container.  I just couldn't ask for a better option - to keep me full, be good-for-me, and be convenient.  In fact, I'm ordering regular ones for myself and the minis for my 4-year old.  What a FANTASTIC treat to help our mornings!!!  (And since they are cookies, she'll think they are an incentive to move along faster LOL).",positive,first i want to point out that the actual product i purchase lists whole rolled oats on the package as the first ingredient not the second as is listed on the amazon website check out to read the actual ingredients fresh from the baker i work in a facility that stocks these in their employee cafe where i pay a pop for each it is well worth it as an on the go mom and employee i often don t get to eat breakfast at all let alone sit down to enjoy it what i love best about these cookies is that they are made with quality ingredients yet there are flavor options that seems so rare these days i m a major chocoholic so i reach for the only chocolate flavor my work stocks this vegan chocolate chunk as another reviewer pointed out these chocolate chunks aren t plentiful but they are big i like the fruity flavor so then its a treat when i bite into a bite of chocolate i detect a hint of banana when i eat mine but definitely not overpowering or even obvious unless you are trying to pinpoint the flavor i think they are sufficiently moist not crumbly and filled with flavor the sticker shock of calories and g of carbs initially took me by surprise despite how big these are and the whole oats as the first ingredient the cafe employee assured me these were a whole meal in a cookie but i was still skeptical until i ate one the first one i had i ate less than half around am and then finished it as a dessert after lunch pm i was beyond satisfied and full then i started eating them for breakfast and i am just amazed it usually takes me about an hour or more to get through one and i m normally a mindless eater just shovel in the fuel but not with these they fill me up after just a few bites so i m able to slow down my eating if i eat the cookie by am i am full until lunchtime or beyond in fact on my long hour days i am able to push my lunch hour back by hours so i can enjoy dinner with my family instead of out of a take out container i just couldn t ask for a better option to keep me full be good for me and be convenient in fact i m ordering regular ones for myself and the minis for my year old what a fantastic treat to help our mornings and since they are cookies she ll think they are an incentive to move along faster lol,10,"chocolate flavor,vegan chocolate,chocolate chunks"
343776,B00284TTG2,A1QF2TZHEUODS4,Terri Soro,0,0,5,1309392000,Get Stok'd baby!,"I absolutely love Stok. Stop buying those fancy designer ""trendy"" coffee drinks. You're wasting your money! If you subscribe to this product, it is less than 18.00 for 264 shots of this blissful potion. I usually take two in the afternoon at the office and it takes me thru the day. They're virtually taste-free in coffee. Have not tried it straight out of the cup ... yet. Highly recommend Stok if you need a little extra flip in your dip. It totally rocks!!",positive,i absolutely love stok stop buying those fancy designer trendy coffee drinks you re wasting your money if you subscribe to this product it is less than for shots of this blissful potion i usually take two in the afternoon at the office and it takes me thru the day they re virtually taste free in coffee have not tried it straight out of the cup yet highly recommend stok if you need a little extra flip in your dip it totally rocks,1,"recommend stok,love stok,stok"
358008,B006MNCIOU,A3RVW73IX5CDSL,Brian K. Watson,0,0,5,1343174400,Best sardines out there,I've tried many brands of sardines and find these to be the best out there. Small sardines that are packed well with a pleasant smell to them. The price is also very good too for this quality. They use a packing plant in Poland which received the highest award possible in food safety recently. I eat my sardines with saltine crackers and Tabasco original red hot sauce. YUM!!!!!!,positive,i ve tried many brands of sardines and find these to be the best out there small sardines that are packed well with a pleasant smell to them the price is also very good too for this quality they use a packing plant in poland which received the highest award possible in food safety recently i eat my sardines with saltine crackers and tabasco original red hot sauce yum,-1,"sardines best,small sardines,brands sardines"
368174,B000FCI6K4,A35E34ZV723NJ5,Carol L. Roy,6,6,5,1270080000,Awesome Flavoring & So Glad I Finally Found It!,I had looked for this extract for years and was unable to find it anywhere because its so rare. One day I got the idea to check Amazon.com and was elated to see that they had it. My mother used to use this in cakes when I was a little girl and they were absolutely delicious- like nothing I'd ever tasted then or since. I had tried to replicate her cakes for many years but could never do it until she finally told me her secret ingredient: rose extract. I bought 2 bottles to ensure that I have it for awhile (you only need to use a little bit at a time). This is now my family's favorite type of cake. Another plus is that the seller had it to me in 2 days!,positive,i had looked for this extract for years and was unable to find it anywhere because its so rare one day i got the idea to check amazon com and was elated to see that they had it my mother used to use this in cakes when i was a little girl and they were absolutely delicious like nothing i d ever tasted then or since i had tried to replicate her cakes for many years but could never do it until she finally told me her secret ingredient rose extract i bought bottles to ensure that i have it for awhile you only need to use a little bit at a time this is now my family s favorite type of cake another plus is that the seller had it to me in days,18,"rose extract,ingredient rose,extract bought"
52059,B0009YD8ME,A3U2Q35SQVT2CJ,D.K.,0,1,3,1294790400,Not a EVERLASTING treat,"Does not last more than 15 min, I have a Terrier mix dog about 55 Ib It took him 5 min to eat one half of the everlasting treat. It is good treat but has nothing to do with it's name.",neutral,does not last more than min i have a terrier mix dog about ib it took him min to eat one half of the everlasting treat it is good treat but has nothing to do with it s name,0,"dog ib,min terrier,terrier mix"
95332,B000ER5EKA,A1ODR76RZ5KDJT,Bobolou,0,0,5,1338940800,Healthy snack,"Our son loves these.  He eats a lot of healthy foods, but when he decides to be a picky eater this is a healthy way to let him have something quick and easy.  It's also a lot easier to throw in a bag if we will be out awhile.",positive,our son loves these he eats a lot of healthy foods but when he decides to be a picky eater this is a healthy way to let him have something quick and easy it s also a lot easier to throw in a bag if we will be out awhile,5,"picky eater,eater healthy,foods decides"
395771,B001CWSKFC,AMF8LYHLY7MS1,"GF Grandma ""Kathy""",0,0,5,1273622400,Best Pretzels,"If you have't tried these pretzels, they are a MUST for your list.<br />By far the BEST GF snack product on the market.  I have shared these with many of my gluten eating friends and they all agree that these pretzels are the best!",positive,if you have t tried these pretzels they are a must for your list by far the best gf snack product on the market i have shared these with many of my gluten eating friends and they all agree that these pretzels are the best,7,"pretzels best,pretzels list,agree pretzels"
441761,B004E4HUMY,A1SY4X1WWNOBX5,"theShepherdz ""theShepherdz""",0,0,4,1326931200,A Cool Way to Improve Water Intake,"I have enjoyed this MIO Sweet Tea. It is easier to add to your water than the individual powdered drinks that always seem to end up with powder everywhere. Squirting the concentrated flavor takes a little practice - my first glass was WAY too strong, but it has a good sweet tea flavor. This would be great to drop in your purse - the plastic snap lid won't leak. I like the idea behind this and would be interested in trying other flavors to see if they are as good as the sweet tea one!",positive,i have enjoyed this mio sweet tea it is easier to add to your water than the individual powdered drinks that always seem to end up with powder everywhere squirting the concentrated flavor takes a little practice my first glass was way too strong but it has a good sweet tea flavor this would be great to drop in your purse the plastic snap lid won t leak i like the idea behind this and would be interested in trying other flavors to see if they are as good as the sweet tea one,2,"tea flavor,sweet tea,powdered drinks"
369029,B001D0DMMY,AC9NHBI16OSZ3,John M. Fox,1,5,2,1312070400,High Glycemic,"If you've got sensitive blood sugar, DO NOT eat Kind bars. They are certainly not Kind. I crashed on them a few times before I realized their ""glycemic index"" numbers were false and misleading. They pump a lot of sugar into these bars and then juke the numbers. The best alternative is Mrs. Mays Trio Bars. I've been eating them for the last two years and never crashed.<a href=""http://www.amazon.com/gp/product/B002HFPW6I"">Mrs. May's  Trio Bar Variety Pack, 1.2-Ounce bars (Pack of 20)</a>",negative,if you ve got sensitive blood sugar do not eat kind bars they are certainly not kind i crashed on them a few times before i realized their glycemic index numbers were false and misleading they pump a lot of sugar into these bars and then juke the numbers the best alternative is mrs mays trio bars i ve been eating them for the last two years and never crashed mrs may s trio bar variety pack ounce bars pack of,9,"sugar bars,kind bars,sugar eat"
438070,B0000DBN2G,A11P335DE3Y7F6,K. Boyle,1,6,3,1233014400,Dissapointingly weak,"Although this tea has a very nice blend of flavors with terragon and lemongrass, it is simply too weak to use normally. I cannot use this with my regular 10 oz oversized teacup because the tea is simply too weak! There is half as much tea in these bags as there is in higher end teas such as Harney and Sons (my favorite peppermint)!",neutral,although this tea has a very nice blend of flavors with terragon and lemongrass it is simply too weak to use normally i cannot use this with my regular oz oversized teacup because the tea is simply too weak there is half as much tea in these bags as there is in higher end teas such as harney and sons my favorite peppermint,2,"teacup tea,tea,flavors terragon"
383773,B00451WLYI,A1C40QFIJZBR3,Connie Rose,2,2,5,1307491200,Wow!  Now that's a cuppa coffee!,"This stuff rocks!  Absolutely fabulous cup of coffee.  I do wish that it were a lot less expensive than $1 per cup, though...like maybe Starbuck's would make it available by the pound!",positive,this stuff rocks absolutely fabulous cup of coffee i do wish that it were a lot less expensive than per cup though like maybe starbuck s would make it available by the pound,1,"expensive cup,cup coffee,coffee"
165969,B0034C2CO8,A56C48DNDFX41,Patrick D Porter,0,0,5,1325721600,Fantastic products.....,"Honest I am not Patrick. I am Patrick's wife :)<br />On with the review.....<br /><br />The yellow is probably the best tasting to me. My kids like it too followed by the pink and then the purple varieties. Each can contains 2 servings. The product uses melatonin and Valerian as it's ""relaxation"" ingredients. Other ingredients include sugar, b vitamins, rose hips, acai berry and natural flavors.<br /><br />I split a can between my 4 kids when we are transitioning from a ""break"" schedule back to a ""school"" schedule. We are all night owls and early mornings can be rough for us. So when I need to get them back into a schedule we rely on this stuff. Within a half hour or so they are in their beds asleep. I of course tried it for myself and it really does calm the body down making it easier to fall asleep. I highly recommend this product if you can find it. I can't say much about the price since it varies from each vendor. I find mine locally at the gas station here. You may go to  their site and see if it has places you can purchase in your town/city.",positive,honest i am not patrick i am patrick s wife on with the review the yellow is probably the best tasting to me my kids like it too followed by the pink and then the purple varieties each can contains servings the product uses melatonin and valerian as it s relaxation ingredients other ingredients include sugar b vitamins rose hips acai berry and natural flavors i split a can between my kids when we are transitioning from a break schedule back to a school schedule we are all night owls and early mornings can be rough for us so when i need to get them back into a schedule we rely on this stuff within a half hour or so they are in their beds asleep i of course tried it for myself and it really does calm the body down making it easier to fall asleep i highly recommend this product if you can find it i can t say much about the price since it varies from each vendor i find mine locally at the gas station here you may go to their site and see if it has places you can purchase in your town city,3,"uses melatonin,melatonin,melatonin valerian"
98385,B004GW6O9E,A1MCMCJKKP4548,"Linda C. Kustra ""Casey""",0,0,5,1348704000,Yummy,"Very good for a treat or something to eat when out as I have allergies to wheat and potatoes, but I can eat this.  Walmart use to carry these in my area in packs of five, but no longer do.",positive,very good for a treat or something to eat when out as i have allergies to wheat and potatoes but i can eat this walmart use to carry these in my area in packs of five but no longer do,5,"wheat potatoes,allergies wheat,wheat"
32025,B0062A87HA,A291KO368YRYCR,Vanessa,4,5,3,1289433600,Dented Cans!,"I ordered a few days ago and some of my cans arrived dented. Multiple cans were on the outside edge of the box, but only one row (3 cans total with 2 severely dented) was dented. So, I guess packaging could have been a small factor. BUT these cans are amazingly malleable. Simply squeezing the can in my hand caused it to yield. The small area containing air space is very weak. Libby's canned pumpkin, the brand I've used my entire life, does not have this issue.<br /><br />I already cooked with one of the non-dented cans. The color is different than what I'm used to, it's more of a dirty orange-sepia color, and the texture seems a bit thicker, but it tastes fine.<br /><br />My order also had a long expiration date, 2013.<br /><br />(FYI The packaging consisted of a large box containing a smaller box of cans with bags of air to keep it from rattling. There was no damage or excessive wear on the box. )",neutral,i ordered a few days ago and some of my cans arrived dented multiple cans were on the outside edge of the box but only one row cans total with severely dented was dented so i guess packaging could have been a small factor but these cans are amazingly malleable simply squeezing the can in my hand caused it to yield the small area containing air space is very weak libby s canned pumpkin the brand i ve used my entire life does not have this issue i already cooked with one of the non dented cans the color is different than what i m used to it s more of a dirty orange sepia color and the texture seems a bit thicker but it tastes fine my order also had a long expiration date fyi the packaging consisted of a large box containing a smaller box of cans with bags of air to keep it from rattling there was no damage or excessive wear on the box,-1,"dented cans,cans arrived,cans amazingly"
93059,B004YV80OE,AT1RF4WNPGGLC,"Michael Mcart ""Mick McArt""",0,1,5,1314921600,Quick and Delicious,"I am a fan of Velveeta cheese so I thought I would like this, and I did. My 2 year old even liked it and he is a very picky eater. I had good chicken to go with it though, and that probably helped it. There was enough to feed my family of 3, but I debate if it could feed four. I liked it enough to keep buying it. Good job, Kraft!",positive,i am a fan of velveeta cheese so i thought i would like this and i did my year old even liked it and he is a very picky eater i had good chicken to go with it though and that probably helped it there was enough to feed my family of but i debate if it could feed four i liked it enough to keep buying it good job kraft,-1,"velveeta cheese,cheese,cheese thought"
322808,B002GECBG4,A2WM9STL1K11GF,Erna Flores,1,1,5,1272326400,This works!,I got my order super fast - great product - plus it helps me sleep straight thru the night :),positive,i got my order super fast great product plus it helps me sleep straight thru the night,3,"order super,helps sleep,got order"
506398,B001C15JCU,A3OYX56JBS5YA5,"Carl Melville ""^Carl.""",1,2,1,1322870400,My Greyhound loves these,"IGNORE MY PREVIOUS REVIEW BELOW: This product is from China and was among Chinese pet food products to be found UNSAFE for your pet. If you have any, return them to the merchant. Do not feed them to your pet.<br /><br />---- old review begins here ---<br />I have one of the pickiest eaters you could imagine. She likes very few treats. She loves these.<br /><br />At 74 pounds, she a big female Greyhound. We watch her weight carefully. She's within ounces of her track weight - which is important for joint health. It's another reason we like these treats.<br /><br />Since they are made from sweet potatoes and a bit of chicken jerky, they are healthier than most other pre-packaged treats you can give a dog.  (I've toured pet food plants - you have no idea how low the standards are for on non-human foods)<br /><br />By contrast, these treats are of a very high quality. I've read a few other reviews here and it seems like some pets had a bad reaction to them. Every dog is different, but mine has no problem with them at all. They are by far her favorite treat.<br /><br />My Costco used to sell them but stopped carrying them. Luckily they are on Amazon.<br /><br />Give them a try.",negative,ignore my previous review below this product is from china and was among chinese pet food products to be found unsafe for your pet if you have any return them to the merchant do not feed them to your pet old review begins here i have one of the pickiest eaters you could imagine she likes very few treats she loves these at pounds she a big female greyhound we watch her weight carefully she s within ounces of her track weight which is important for joint health it s another reason we like these treats since they are made from sweet potatoes and a bit of chicken jerky they are healthier than most other pre packaged treats you can give a dog i ve toured pet food plants you have no idea how low the standards are for on non human foods by contrast these treats are of a very high quality i ve read a few other reviews here and it seems like some pets had a bad reaction to them every dog is different but mine has no problem with them at all they are by far her favorite treat my costco used to sell them but stopped carrying them luckily they are on amazon give them a try,0,"pet food,treats dog,chinese pet"
106476,B001AZX0PQ,A1UWE64CPO197G,Doug Martin,0,0,5,1321228800,Very Addictive,This is a great guarana soda from brazil. It tastes unique from any soda in the united states. A local brazilian restaurant sells these and I had to buy some for the house because they are so good.,positive,this is a great guarana soda from brazil it tastes unique from any soda in the united states a local brazilian restaurant sells these and i had to buy some for the house because they are so good,-1,"soda brazil,guarana soda,brazil tastes"
479751,B00005U2FA,A2HC25FUS1MZ3O,Jesse M,0,0,5,1350691200,Yes it works,A longer stroke would be nice so it would evacuate more quickly but it gets the job done and it does hold a seal. A very handy tool!,positive,a longer stroke would be nice so it would evacuate more quickly but it gets the job done and it does hold a seal a very handy tool,-1,"longer stroke,evacuate quickly,hold seal"
39630,B004Q9QIPM,A3FKVUW68OQIF4,twintowers,0,0,3,1350259200,Brown sugar beef jerky,"I wanted to try this product which looks good, so I ordered 1 pk, couldn't wait to open it when I recv'd it, when I did, It didn't satisfied my taste buds as I would have like to, it was just ok.<br /><br />I personally wouldn't by this item again",neutral,i wanted to try this product which looks good so i ordered pk couldn t wait to open it when i recv d it when i did it didn t satisfied my taste buds as i would have like to it was just ok i personally wouldn t by this item again,18,"ordered pk,satisfied taste,taste buds"
182407,B008RWUKXK,A1AG7F4Z1EOO5L,Natanya,0,0,4,1320796800,Super healthy & guilt-free snacking,"I've seen the KIND brand bars in stores but never had the chance to try their granola.  As you can see in the description, there's a plethora of ""good for you"" grains, such as amaranth, quinoa (grain of the Incas that is loaded with amino acids and fiber), oats, millet and buckwheat.  Plus it also has flax which we know is beneficial for its omega-3 fatty acids plus adds more fiber to the mix.  As for the taste, this is not your typical sweet granola with a lot of added sugar -- instead KIND granola contains evaporated cane juice & molasses as sweeteners.  I recommend adding it to yogurt with fruit if you are used to a sweeter tasting granola.  It's not bad on its own but may be lacking in the typical granola flavor for some.",positive,i ve seen the kind brand bars in stores but never had the chance to try their granola as you can see in the description there s a plethora of good for you grains such as amaranth quinoa grain of the incas that is loaded with amino acids and fiber oats millet and buckwheat plus it also has flax which we know is beneficial for its omega fatty acids plus adds more fiber to the mix as for the taste this is not your typical sweet granola with a lot of added sugar instead kind granola contains evaporated cane juice molasses as sweeteners i recommend adding it to yogurt with fruit if you are used to a sweeter tasting granola it s not bad on its own but may be lacking in the typical granola flavor for some,-1,"tasting granola,granola flavor,sweet granola"
431744,B002TMV3CG,A2AC6GQ24S45GA,Patrick Oden,0,0,5,1282089600,a coffee black and tan,"Some coffees try to impress by including a particular strong added flavor or mixing in a variety of tastes so as to distract from the often bitter taste of the coffee itself.<br /><br />This Melitta Cafe doesn't do that.  Rather it has a very pure, direct and yes smooth taste that is surprisingly not bitter.  It is a coffee for those who enjoy sitting down with a hot beverage and enjoying the moment.  It does not grab your attention, but that's not what I'm looking for in a cup of coffee.<br /><br />The mix of dark and light roasts are very finely blended, and give the coffee a robust flavor, and a great, welcomed dose of caffeine.<br /><br />I'd definitely get this again.",positive,some coffees try to impress by including a particular strong added flavor or mixing in a variety of tastes so as to distract from the often bitter taste of the coffee itself this melitta cafe doesn t do that rather it has a very pure direct and yes smooth taste that is surprisingly not bitter it is a coffee for those who enjoy sitting down with a hot beverage and enjoying the moment it does not grab your attention but that s not what i m looking for in a cup of coffee the mix of dark and light roasts are very finely blended and give the coffee a robust flavor and a great welcomed dose of caffeine i d definitely get this again,1,"bitter coffee,coffee melitta,taste coffee"
249502,B001LGGH54,A2W0XCWOK3MW6F,"Karen Woodworth Roman ""Happy Librarian""",0,0,5,1236988800,The Yummy Bubbly Juice,"The logo on The Switch says 100% of what you want and 0% of what you don't. The ingredients reads 100% juice (filtered) sparking water sufficient to reconstitute juice concentrates Grape, Apple, Acerola, Strawberry and Watermelon juice concentrates, natural flavors, ascorbic acid (vitamin C) I'm on a health kick and I don't like to eat HFCS or corn syrup. I sometimes look at ""natural"" pop and am surprised to see corn syrup.  The taste of The Switch is outstanding, but I think it tastes more like grape/apple/strawberry than watermelon.  It has 140 calories in a dainty 8.3 fluid ounce can. If one is watching calories or carbs, I'm sure this would still taste good mixed with more soda water as it is a little sweet straight up.  I'll buy The Switch again.",positive,the logo on the switch says of what you want and of what you don t the ingredients reads juice filtered sparking water sufficient to reconstitute juice concentrates grape apple acerola strawberry and watermelon juice concentrates natural flavors ascorbic acid vitamin c i m on a health kick and i don t like to eat hfcs or corn syrup i sometimes look at natural pop and am surprised to see corn syrup the taste of the switch is outstanding but i think it tastes more like grape apple strawberry than watermelon it has calories in a dainty fluid ounce can if one is watching calories or carbs i m sure this would still taste good mixed with more soda water as it is a little sweet straight up i ll buy the switch again,3,"watermelon juice,taste switch,juice filtered"
431332,B000EVIDWW,A34O0980YBRQMS,"judy ""Jeehithere Celiac""",0,0,5,1236038400,Not just for Celiacs,"Most GF pretzels, cookies, etc. that are trying to be substitutes for wheat products always taste ""off.""  These pretzels are great! Crunchy, slightly salty, no dry rice taste. My boyfriend likes them as well as regular wheat based pretzels.  Watch for a sale and they are a terrific deal.",positive,most gf pretzels cookies etc that are trying to be substitutes for wheat products always taste off these pretzels are great crunchy slightly salty no dry rice taste my boyfriend likes them as well as regular wheat based pretzels watch for a sale and they are a terrific deal,7,"pretzels cookies,taste pretzels,gf pretzels"
68989,B0018KR8V0,A1AFBACUB20VZ3,srg,1,1,5,1173312000,hummm,"These lemon Larabars are my favorite flavor. They are quite tasty and good for you, too.",positive,these lemon larabars are my favorite flavor they are quite tasty and good for you too,9,"lemon larabars,larabars favorite,larabars"
459782,B00014D37W,A3TIDW0P096CG4,"R. Pearson ""Graeta's Mommy""",2,2,5,1339545600,Great for eczema!,"I bought this after coming to my wit's end trying to find something to help my daughter's eczema.  Lotions, no matter what we tried, only soothed the itching at the most & never hydrated her skin enough to begin to heal it.  We've had to rely on Cortisone 10 for months now just to keep the inflammation manageable & her pediatrician was talking about having to prescribe something stronger.<br /><br />We've been using the coconut oil for just a few days now -- a tiny amount rubbed into the eczema affected area 4 times per day.  Finally we found something that is actually working to heal her!  The redness is now nearly completely gone, there's only one tiny spot left & it's nowhere near as red as it was before.  The inflammation is gone.  Her skin is no longer dry & chapped, even the color of her skin is beginning to come back where the Cortisone had bleached it out!",positive,i bought this after coming to my wit s end trying to find something to help my daughter s eczema lotions no matter what we tried only soothed the itching at the most never hydrated her skin enough to begin to heal it we ve had to rely on cortisone for months now just to keep the inflammation manageable her pediatrician was talking about having to prescribe something stronger we ve been using the coconut oil for just a few days now a tiny amount rubbed into the eczema affected area times per day finally we found something that is actually working to heal her the redness is now nearly completely gone there s only one tiny spot left it s nowhere near as red as it was before the inflammation is gone her skin is no longer dry chapped even the color of her skin is beginning to come back where the cortisone had bleached it out,13,"daughter eczema,rubbed eczema,eczema lotions"
66917,B006J4MAIQ,A1H4OOUVRTZYNS,Lisa the Nerd,0,0,5,1333411200,Subtly Sweet,"This reminds me of Cocoa Pebbles in granola form - and it is delicious! The granola isn't coated in chocolate, which is nice. There is a dusting of cocoa that gives it a little chocolate flavor without going overboard. If you ARE looking for a bit more chocolate, that's where those little chunks of semi-dark chocolate come in! The chocolate chunks provide a nice variety of texture and flavor that kept me going back for more.<br /><br />This was great on its own as a snack, but would also be fantastic mixed in with yogurt. There weren't as many berries in the mix as I expected, but that didn't really bother me. Obviously, I was in it for the chocolate!<br /><br />A great snack when you're looking for something just a little sweet.",positive,this reminds me of cocoa pebbles in granola form and it is delicious the granola isn t coated in chocolate which is nice there is a dusting of cocoa that gives it a little chocolate flavor without going overboard if you are looking for a bit more chocolate that s where those little chunks of semi dark chocolate come in the chocolate chunks provide a nice variety of texture and flavor that kept me going back for more this was great on its own as a snack but would also be fantastic mixed in with yogurt there weren t as many berries in the mix as i expected but that didn t really bother me obviously i was in it for the chocolate a great snack when you re looking for something just a little sweet,14,"chocolate flavor,chocolate chunks,chocolate great"
340438,B0023VBVIY,A2P2SDXLCUXDM8,Tiger Woods,2,2,2,1278892800,Very disapointed,They shipped the far worse Taiwan version even though they both pictured a different product as well as putting Japanese in the description.,negative,they shipped the far worse taiwan version even though they both pictured a different product as well as putting japanese in the description,-1,"taiwan version,worse taiwan,taiwan"
40936,B001TL0BIA,A2KA3BJDFJ0QYK,"Maria C. Cruz ""Maggie's Mom""",0,0,2,1284768000,Disappointing,"From the picture that is shown, I thought this was going to be a full sized cake (8 or 9 inch diameter), enough for several dogs to share, specially given the price.  It is a tiny thing, barely big enough for one large Lab.  It smelled good and our dog loved it, but it seems like something you could easily make yourself.  So save your money, google a ""canine cake"" recipe, and you'll be much happier with the results.",negative,from the picture that is shown i thought this was going to be a full sized cake or inch diameter enough for several dogs to share specially given the price it is a tiny thing barely big enough for one large lab it smelled good and our dog loved it but it seems like something you could easily make yourself so save your money google a canine cake recipe and you ll be much happier with the results,0,"canine cake,diameter dogs,sized cake"
208228,B001EO5S6M,ACGGGZYS19VQN,Stephanie B,0,0,2,1332028800,Glutino makes better bars than these,"I didn't like these at all.  They are filing when you're in a pinch, but I would much rather have one of Glutino's chocolate banana bars - better texture, much better flavor.  I doubt I'd buy this flavor again.",negative,i didn t like these at all they are filing when you re in a pinch but i would much rather have one of glutino s chocolate banana bars better texture much better flavor i doubt i d buy this flavor again,9,"glutino chocolate,banana bars,chocolate banana"
169418,B001EQ4ABO,AVZW6VXMGEYI9,"Milt H. Meyers Jr. ""Milt Meyers""",0,0,5,1291075200,really good freshest we have had,"this is the only twizzler my wife will eat and these are the freshest we could have found. The stores around here never has this flavor and when they do it's stale we will be buying from you all the while, thanks for having this and so many other things we love.",positive,this is the only twizzler my wife will eat and these are the freshest we could have found the stores around here never has this flavor and when they do it s stale we will be buying from you all the while thanks for having this and so many other things we love,-1,"flavor stale,twizzler wife,stores flavor"
548758,B001M2BM4I,A1T4XNA6LM3EYS,Joe Smith,0,1,1,1338076800,Undrinkable,"Wow, this stuff is nasty. I'm glad I only ordered one box. This coffee is so bitter and acidic. Everlasting, horrible aftertaste. Will not be buying this again. I'm a big fan of the extra bold k-cups my current favorite being Timothy's Midnight Magic.",negative,wow this stuff is nasty i m glad i only ordered one box this coffee is so bitter and acidic everlasting horrible aftertaste will not be buying this again i m a big fan of the extra bold k cups my current favorite being timothy s midnight magic,1,"box coffee,coffee bitter,coffee"
1462,B0040WHJQM,AF42HX1CY5TTA,E. McGinnis,7,7,5,1301097600,One of my favorites,I love the McDougall Asian Entr&eacute;es and although I haven't tried all of them this one is amazing. It has a really peanutty flavor that you wouldn't expect in a product containing only 3 grams of fat per serving. I would imagine these would make a great dinner added to a pound of mixed stir-fry vegetables...I am buying a case now to test just that! The peanut flavor is strong enough that I bet it'd distribute among a fair amount of vegetables or tofu when added so you wouldn't get very saucy noodles and dry veggies.<br /><br />I recommend this product. The best-tasting peanut noodle you'll be able to find for only 3 grams of fat.,positive,i love the mcdougall asian entr eacute es and although i haven t tried all of them this one is amazing it has a really peanutty flavor that you wouldn t expect in a product containing only grams of fat per serving i would imagine these would make a great dinner added to a pound of mixed stir fry vegetables i am buying a case now to test just that the peanut flavor is strong enough that i bet it d distribute among a fair amount of vegetables or tofu when added so you wouldn t get very saucy noodles and dry veggies i recommend this product the best tasting peanut noodle you ll be able to find for only grams of fat,4,"fat serving,fry vegetables,veggies recommend"
250278,B000IZPWH8,A2K385CKTGX58U,Diane Miller,0,0,5,1328918400,heavenly,"These are the best chocolate around, forget Hershey's, Cadbury flakes are to die for!!! These take me back to my youth when I visited England with my mom and tasted them for he first time. Love them!!!",positive,these are the best chocolate around forget hershey s cadbury flakes are to die for these take me back to my youth when i visited england with my mom and tasted them for he first time love them,14,"cadbury flakes,hershey cadbury,best chocolate"
421202,B000G7X0MW,A9J5SLYXUCWO1,"Gwendolyn Norcross ""gardenia""",0,0,4,1337040000,Lundberg Countrywild,"Gourmet Blend, Whole Grain Brown Rice.  Yummy!  A tummy pleaser.  My husband LOVES this rice - a little more than I do. I've made three cups at a time rather than the two-cup recipe so that my husband will have some left over for an evening treat or next day treat.  I use Tones Chicken or Beef Base along with some Orzo and Spice Classics vegetable flakes, thereby making my own Rice-A-Roni.  My cupboard is full of rice.  I also bought the 6-pack of Lundberg Wild Rice and Brown Rice Blend.  I'm not worried about expiration dates as long as the rice stays dry.  I think we will use up both boxes this year.  Good stuff.",positive,gourmet blend whole grain brown rice yummy a tummy pleaser my husband loves this rice a little more than i do i ve made three cups at a time rather than the two cup recipe so that my husband will have some left over for an evening treat or next day treat i use tones chicken or beef base along with some orzo and spice classics vegetable flakes thereby making my own rice a roni my cupboard is full of rice i also bought the pack of lundberg wild rice and brown rice blend i m not worried about expiration dates as long as the rice stays dry i think we will use up both boxes this year good stuff,-1,"rice blend,rice yummy,making rice"
16228,B007TJGZ54,A3634N7I8OXGYR,Jane Simmons,0,0,5,1344297600,Great coffee,We love our Keuring brewer and we love this coffee. The value for the 50 count pack is right on.,positive,we love our keuring brewer and we love this coffee the value for the count pack is right on,1,"coffee value,keuring brewer,love coffee"
536639,B0002LDAHC,A6SANB5L4DFDU,helixfrag,1,1,5,1324166400,Flavorful Coffee,"I grew up with this can around my house -my parents, like me, are coffee drinkers. Somehow it got phased out by my teens but I picked up a can at my local asian supermarket around three months ago.<br /><br />The first couple of cups of this was wonderful, dark, and flavorful. I loved the taste but got bored. Then I went back to my Columbian Coffee. Something still wasn't right. Now I use a 1:2 ratio of Cafe Du Monde to Columbian and haven't looked back. I cannot have my coffee any other way now. My local coffee shops rarely see my face these days because of this small orange can.<br /><br />Cafe Du Monde is coarsely grounded and has a darker brown color than most other coffees. It's not hard to see the difference if you mixed the two in a single can (which I did). Coffee Addicts need to get a can at least once in their life.",positive,i grew up with this can around my house my parents like me are coffee drinkers somehow it got phased out by my teens but i picked up a can at my local asian supermarket around three months ago the first couple of cups of this was wonderful dark and flavorful i loved the taste but got bored then i went back to my columbian coffee something still wasn t right now i use a ratio of cafe du monde to columbian and haven t looked back i cannot have my coffee any other way now my local coffee shops rarely see my face these days because of this small orange can cafe du monde is coarsely grounded and has a darker brown color than most other coffees it s not hard to see the difference if you mixed the two in a single can which i did coffee addicts need to get a can at least once in their life,1,"color coffees,coffees hard,columbian coffee"
528312,B004UGNT6M,A3RTD3FH5ZDVR8,"D. Cousins ""homedecnut""",0,0,5,1323561600,Delicious - even my kids like them,2 WW points plus each. Delicious. Taste like something I would buy at the bakery. Highly Recommend. Great with low fat ice cream for a low calorie brownie sundae - you won't miss the real thing!,positive,ww points plus each delicious taste like something i would buy at the bakery highly recommend great with low fat ice cream for a low calorie brownie sundae you won t miss the real thing,10,"brownie sundae,ice cream,calorie brownie"
311367,B001G0MG14,A3T5P5809CW3Y4,dano,0,0,5,1338768000,Mmmm Mmmmm Good,"Was not always a fan of Ghiradelli - just a lover of really good chocolate.  But Ghiradelli has made really good chocolate in these little squares.  Absolutely addicting.  Love the Truffle squares that they make as well.  Some of the squares broke in shipping and the caramel oozed out.  While a bit messy, still tasty.",positive,was not always a fan of ghiradelli just a lover of really good chocolate but ghiradelli has made really good chocolate in these little squares absolutely addicting love the truffle squares that they make as well some of the squares broke in shipping and the caramel oozed out while a bit messy still tasty,-1,"chocolate ghiradelli,ghiradelli really,ghiradelli just"
204628,B000EKEYEY,A2QMXEUIZK3YE5,Arariel,0,0,5,1335052800,delicious,"I've been using this hot sauce for years as part of my collection of sauces.  If you are looking for a strong vinegar based hot sauce this is not it.  But if you are looking for a sweet-n-hot sauce, this is perfect.  I've never been fond of the way most of the hot sauces are dominated by an overpowering vinegar tart.  They have their place, but as a straight sauce on most foods, by the time you have the food warm to the taste, there may be little taste of the food left.<br /><br />I've found this sauce a delightful departure from ketchups and other similar condiments, used right on fresh foods including just plain rice.",positive,i ve been using this hot sauce for years as part of my collection of sauces if you are looking for a strong vinegar based hot sauce this is not it but if you are looking for a sweet n hot sauce this is perfect i ve never been fond of the way most of the hot sauces are dominated by an overpowering vinegar tart they have their place but as a straight sauce on most foods by the time you have the food warm to the taste there may be little taste of the food left i ve found this sauce a delightful departure from ketchups and other similar condiments used right on fresh foods including just plain rice,4,"sauce foods,hot sauce,hot sauces"
432381,B003A199AI,A39ILC0QR4E09L,A. Schneider,3,3,5,1318636800,Yum!  I like these better than popchips!,"The smart fries are really tasty!  I ordered the 6 flavor variety pack.  While I did enjoy all of the flavors, my two favorites had to be the Jalapeno Trio and the Honey Mustard and Onion.<br /><br />I will be ordering these again, but I will pick and choose the flavors I like best.<br /><br />These make a great potato chip alternative.  I've also tried the popchips and I do prefer these.  the serving size is actually very large!  When I saw the size of the bag I figured it had to be all air, or that there were multiple servings in the bag.  Nope!  Granted it is 110 calories vs the popchip's 100 calories.  But honestly, I get way more satisfaction out of these.",positive,the smart fries are really tasty i ordered the flavor variety pack while i did enjoy all of the flavors my two favorites had to be the jalapeno trio and the honey mustard and onion i will be ordering these again but i will pick and choose the flavors i like best these make a great potato chip alternative i ve also tried the popchips and i do prefer these the serving size is actually very large when i saw the size of the bag i figured it had to be all air or that there were multiple servings in the bag nope granted it is calories vs the popchip s calories but honestly i get way more satisfaction out of these,8,"smart fries,fries really,popchip calories"
515898,B005HUVI0E,A2IMTQLJ1NBSD1,Diana,0,0,5,1332547200,The best K-Cup,"Have tried may K-Cups this one is the best. It is a strong brew, so if you prefer something more mild, this one might not be for you.",positive,have tried may k cups this one is the best it is a strong brew so if you prefer something more mild this one might not be for you,1,"brew prefer,brew,cups best"
523619,B004779XHI,A3ECI859GVJ2K,LisaVA,0,0,5,1293840000,NIcely Spiced,This is the only chai brand that i've tried so far but it seems to be very good. nicely spiced. not to strong or weak.,positive,this is the only chai brand that i ve tried so far but it seems to be very good nicely spiced not to strong or weak,-1,"chai brand,chai,spiced strong"
136701,B000CQ01NS,A91Y979O6RFOM,Donna M. Armstrong,2,2,4,1225152000,Good quick meak,"My husband and I do not usually eat packaged food, but we did need something for those evenings we were too tired to cook.  With my husband being gluten intolerant, we found no quick meals at any nearby markets. When I saw the gluten free mac and cheese, I was really pleased.  I ordered a package, and found it had real cheese.  When we first ate it, we were pleased with the taste and quality. We will continue to buy it",positive,my husband and i do not usually eat packaged food but we did need something for those evenings we were too tired to cook with my husband being gluten intolerant we found no quick meals at any nearby markets when i saw the gluten free mac and cheese i was really pleased i ordered a package and found it had real cheese when we first ate it we were pleased with the taste and quality we will continue to buy it,-1,"eat packaged,packaged food,mac cheese"
77367,B001EO5WM2,AXLB13LOPS1E2,"Math Maven ""Mare""",0,0,4,1179273600,Just add frozen green beans for Loubia polo,"This is surprisingly easy, and tastes great for a ""kit"" version of estamboli polo.",positive,this is surprisingly easy and tastes great for a kit version of estamboli polo,-1,"estamboli polo,polo,version estamboli"
378847,B000LKV2YW,AHLHMD64KH0AB,"Minime ""Sandy""",0,0,5,1347321600,Love these beans.,"I never thought I would ever eat black beans, the thought of even the name was ykkk. I tried Eden's Organic Carribean black beans & now I'm a convert. Forget everyday plain black beans, Eden's is above them all & they are organic. I use them as an add in for wraps, and just as a side dish, instead of Kidney beans in Chilli, I use Eden's Black beans. And I use Amazon for most of my online orders, love them!",positive,i never thought i would ever eat black beans the thought of even the name was ykkk i tried eden s organic carribean black beans now i m a convert forget everyday plain black beans eden s is above them all they are organic i use them as an add in for wraps and just as a side dish instead of kidney beans in chilli i use eden s black beans and i use amazon for most of my online orders love them,-1,"black beans,eat black,kidney beans"
549943,B004KARTKU,A36FPYO7LBM63L,sweetsixteen,0,1,5,1300752000,Pleasantly Surprised,This is my first time to order on Amazon.  The product was delivered to my house within two days.  I did not purchased an expedited shipping rate. I am so happy that I have just ordered more supplies for the party!!,positive,this is my first time to order on amazon the product was delivered to my house within two days i did not purchased an expedited shipping rate i am so happy that i have just ordered more supplies for the party,6,"expedited shipping,purchased expedited,expedited"
64350,B002C1XZL6,A2MIVFDI26W9B9,"Buttercup NYY ""Buttercup""",0,0,5,1303862400,Looks LIke Food network dish!,"I was so surprised when I opened the can to see real shrimp prawns like the ones served in shrimp cocktail! The chicken looks like the canned white meat chicken that my husband and I purchase from Costco to make our homemade sandwiches with.  This is not your usual ground mystery meat that one usually thinks of when talking about wet dog food. This is whole food in a can that looks fit for a human. In fact, I called my husband after I opened the can to tell him that our new puppy was eating shrimp prawns and shredded chicken breast with kale and sweet potatoes and beans. Hubby wanted to know why the dog was eating better than he does. My 3 month old puppy wasn't eating that well and not gaining weight. I will continue to mix this with her dry food because she devoured it and was wagging her tail like crazy during the meal. I will have to see if she gains weight with this.",positive,i was so surprised when i opened the can to see real shrimp prawns like the ones served in shrimp cocktail the chicken looks like the canned white meat chicken that my husband and i purchase from costco to make our homemade sandwiches with this is not your usual ground mystery meat that one usually thinks of when talking about wet dog food this is whole food in a can that looks fit for a human in fact i called my husband after i opened the can to tell him that our new puppy was eating shrimp prawns and shredded chicken breast with kale and sweet potatoes and beans hubby wanted to know why the dog was eating better than he does my month old puppy wasn t eating that well and not gaining weight i will continue to mix this with her dry food because she devoured it and was wagging her tail like crazy during the meal i will have to see if she gains weight with this,0,"eating shrimp,served shrimp,puppy eating"
65239,B00063KNX0,A2NP69UGTOW13F,Linda K. Mountain,0,0,5,1265760000,prompt delivery and good price,This was a no nonsense purchase.  My purchase quickly in good condition.  I found it to much cheaper than a retail store along with the convenience.,positive,this was a no nonsense purchase my purchase quickly in good condition i found it to much cheaper than a retail store along with the convenience,6,"cheaper retail,store convenience,retail store"
386872,B000PGQQFC,A1R377IPZOKLMM,"Gina B ""It's a dry heat!""",0,0,5,1290297600,Great cinnamon tea!,"This tea is exactly what I wanted - rich, warm, spicy cinnamon tea!  The tea is so well-packaged that you can't even smell the tea bag without opening the foil pouches, which means they're keeping the tea fresh.  I've brewed this tea in hot milk also for a very nice cinnamon milk tea.  Perfect tea for a chilly night and goes wonderfully with a piece of pumpkin pie.  :)",positive,this tea is exactly what i wanted rich warm spicy cinnamon tea the tea is so well packaged that you can t even smell the tea bag without opening the foil pouches which means they re keeping the tea fresh i ve brewed this tea in hot milk also for a very nice cinnamon milk tea perfect tea for a chilly night and goes wonderfully with a piece of pumpkin pie,2,"cinnamon tea,tea hot,tea perfect"
393031,B003VXL0V6,A3QDKPAWB7GDL2,vem,0,0,5,1309392000,Jamaica Me Crazy K-Cups,"As always, I LOVE this coffee, it's about the only kind I buy for myself.  The turn around time is terrific.  When I have about a week's worth of cups left, I order and have the next batch in perfect timing.  Very happy with everything about this product.",positive,as always i love this coffee it s about the only kind i buy for myself the turn around time is terrific when i have about a week s worth of cups left i order and have the next batch in perfect timing very happy with everything about this product,1,"coffee kind,love coffee,coffee"
316980,B005DZHYAG,AAAWOCJ6XFJMS,ACgypsy,10,17,1,1327708800,weak if anything,Used to make a brew and no effect: if even mild. Wouldn't waste $ on it even if it seems to be cost effective!,negative,used to make a brew and no effect if even mild wouldn t waste on it even if it seems to be cost effective,1,"brew effect,make brew,effect mild"
507254,B000GKEYT2,A3FVY6OK3M7J1O,momkaz,0,0,5,1329004800,happy death rain fan.,"Fell in love with these chips years ago when I got outta a vending machine at a previous employer.  They are hotter then any chip I've tried but tastey as all heck.  I research and found out u can only GE these via internet not in any store,  which is a bummer but extreme food website and Amazon always have great special.  So I recommended purchaseing a lot so you don't run out.<br />These are a great conversation piece at parties everybody always says same 2 things<br />1.  OMG THESE ARE SO HOT.<br />2.  I can't stop eating because these are so good.<br />Definitely have milk around to help the heat factor.  I now have my boyfriend hooked and a fan.  This last purchase I orders him the 14/5oz bag set.  He is in 7th heaven.  Definitely will last a while cause u can only eat so many cause of the heat but so tastey u wanna keep going back for more.<br />Remember have milk on hand LOL enjoy.",positive,fell in love with these chips years ago when i got outta a vending machine at a previous employer they are hotter then any chip i ve tried but tastey as all heck i research and found out u can only ge these via internet not in any store which is a bummer but extreme food website and amazon always have great special so i recommended purchaseing a lot so you don t run out these are a great conversation piece at parties everybody always says same things omg these are so hot i can t stop eating because these are so good definitely have milk around to help the heat factor i now have my boyfriend hooked and a fan this last purchase i orders him the oz bag set he is in th heaven definitely will last a while cause u can only eat so many cause of the heat but so tastey u wanna keep going back for more remember have milk on hand lol enjoy,8,"hotter chip,heat tastey,love chips"
48276,B004SRH2B6,A3NBRHDRGPM1H5,Pretty girl,1,1,5,1339200000,Mounds bar in a bottle!,Fantastic and delicious after a workout! This is probably the best electrolyte replenishing drink on the market! Coconut water is even better than intravenous fluids per some medical literature I have read.,positive,fantastic and delicious after a workout this is probably the best electrolyte replenishing drink on the market coconut water is even better than intravenous fluids per some medical literature i have read,-1,"coconut water,delicious workout,best electrolyte"
362179,B006N3HZ6K,ASUIO8KC4VJOY,AL,1,1,5,1278892800,Good Stuff,"Bold tasting coffee, not for someone that dosent like a strong tasting coffee. I have bought this coffee a few time and I really like it.",positive,bold tasting coffee not for someone that dosent like a strong tasting coffee i have bought this coffee a few time and i really like it,1,"bold tasting,tasting coffee,coffee"
340621,B006HXL6QG,AVK8NCLIBYKXD,"Rik ""Rik""",0,0,2,1326672000,Do people really purchase without knowing the size of the package?,"The 2 stars is for the listing, not the product.  The listing makes no indication of the size of the package.  For all we know we could be paying for 2 roasted peas.",negative,the stars is for the listing not the product the listing makes no indication of the size of the package for all we know we could be paying for roasted peas,-1,"roasted peas,stars listing,stars"
7300,B0000V1B4I,A2OKO8K525D7CA,"Francois ""CCB""",1,1,4,1228003200,Good value,"Decent every-day loose-leaf tea. The China Mist brand is good, the only downside is some of the tea is pulverized too fine, so there is sediment in the tea. I recommend letting the tea settle before serving. China Mist is not extremely high-quality, just a nice every-day tea that tastes fine. The sample pack gives you a chance to try some variety, and it lasts a while.",positive,decent every day loose leaf tea the china mist brand is good the only downside is some of the tea is pulverized too fine so there is sediment in the tea i recommend letting the tea settle before serving china mist is not extremely high quality just a nice every day tea that tastes fine the sample pack gives you a chance to try some variety and it lasts a while,2,"tea recommend,leaf tea,downside tea"
45441,B003AUWZUK,A3N9FMVPEBHCTQ,JY,0,2,1,1329523200,Extremely Salty,The seasoning on these chips is by far the strongest of any chips I've ever tasted. Way to salty and heavily drowned in the crab seasoning.,negative,the seasoning on these chips is by far the strongest of any chips i ve ever tasted way to salty and heavily drowned in the crab seasoning,8,"seasoning chips,crab seasoning,strongest chips"
24511,B0016JJEFG,A10OT5QSMTI1EF,TEAna,2,2,5,1266105600,quali TEA,"When my supermarket discontinued Newman's Own Organic Black Tea (Royal Tea) I started ordering it from Amazon. I order it a case at a time and it arrives promptly.<br />The tea itself is one of the only organic black teas that come in boxes of 100.<br />Royal Tea is a full bodied black tea. It is a smooth tasting tea. Strong brewed is never bitter.<br />The more you drink, the more money is donated to charity. What a bonus!",positive,when my supermarket discontinued newman s own organic black tea royal tea i started ordering it from amazon i order it a case at a time and it arrives promptly the tea itself is one of the only organic black teas that come in boxes of royal tea is a full bodied black tea it is a smooth tasting tea strong brewed is never bitter the more you drink the more money is donated to charity what a bonus,2,"black tea,tea organic,black teas"
201828,B000PBJ66I,A2RBQF0WC2VH05,Susan Schuster,0,0,3,1340841600,cheaper at walmart,"excellent product!  Easy to prepare and tastes very close to restaurant quality meal.  However, do note that it is over a dollar cheaper per single package  at walmart.",neutral,excellent product easy to prepare and tastes very close to restaurant quality meal however do note that it is over a dollar cheaper per single package at walmart,-1,"quality meal,restaurant quality,meal note"
349683,B0006U7SEA,A320O1Z5XQ12UR,Amanda S.,1,1,3,1327017600,Doesn't last very long with a very aggressive chewer,"I bought this 24"" rawhide because several reviewers said their dogs worked on it for a very long time.  Unfortunately, this was not the case with my 100 lb. Labrodane.  He was pulling off large shreds within 2 minutes, had it broken in half within 10 minutes and chewed one half down to the knot in less than an hour.  While I don't think this is a bad quality bone, the rawhide is not as thick as other bones I have purchased, which I am assuming is why he was able to tear it apart so fast.",neutral,i bought this rawhide because several reviewers said their dogs worked on it for a very long time unfortunately this was not the case with my lb labrodane he was pulling off large shreds within minutes had it broken in half within minutes and chewed one half down to the knot in less than an hour while i don t think this is a bad quality bone the rawhide is not as thick as other bones i have purchased which i am assuming is why he was able to tear it apart so fast,0,"bone rawhide,rawhide bones,quality bone"
545971,B005QRPGYW,A1YGIUSI2JTTSC,Dan Bobinski,0,0,5,1321488000,"Slowly approached, but definitely enjoyed","My pups (aged 6 & 5) both enjoyed these, but since they talk I couldn't get their ""official"" position on them.  That said, having trained them extensively I'm pretty good at watching their body language.  When presented with these both pups were eager for a 'treat,' but after getting these in their mouths they both were slightly tentative to dig in.  Perhaps its because my pups normally get high-protein snacks like dried chicken breast, and they're not used to brown rice flour, quinoa flour, pea flour, & tapioca starch. Or perhaps it was the vanilla/mint flavor. Either way, it sort of reminded me of kids acting with trepidation about eating a new vegetable. But, after a few fleeting moments the question marks popping out of their heads went away and both pups earnestly chewed up their treats.<br /><br />The package says ""Dental Chews"" which normally speaks to an ability to remove tartar or freshen breath. The package states that the product ""freshens breath naturally,""  so I assume the mint serves as a breath freshener, thus earning the title ""dental chew"" instead of ""treat.""<br /><br />That said, I'm pleased to know the product is wheat-free and corn-free, as I'm not a fan of feeding my pups either one of those all-too-common ingredients.  I was going to give the product four stars because the dogs didn't jump on them like white on rice, but then I realized that this is a very healthy treat that is a whole lot better for them than most of the stuff that's out there, and after the slight hesitation, both dogs seemed to enjoy these very much ... so five stars it is.",positive,my pups aged both enjoyed these but since they talk i couldn t get their official position on them that said having trained them extensively i m pretty good at watching their body language when presented with these both pups were eager for a treat but after getting these in their mouths they both were slightly tentative to dig in perhaps its because my pups normally get high protein snacks like dried chicken breast and they re not used to brown rice flour quinoa flour pea flour tapioca starch or perhaps it was the vanilla mint flavor either way it sort of reminded me of kids acting with trepidation about eating a new vegetable but after a few fleeting moments the question marks popping out of their heads went away and both pups earnestly chewed up their treats the package says dental chews which normally speaks to an ability to remove tartar or freshen breath the package states that the product freshens breath naturally so i assume the mint serves as a breath freshener thus earning the title dental chew instead of treat that said i m pleased to know the product is wheat free and corn free as i m not a fan of feeding my pups either one of those all too common ingredients i was going to give the product four stars because the dogs didn t jump on them like white on rice but then i realized that this is a very healthy treat that is a whole lot better for them than most of the stuff that s out there and after the slight hesitation both dogs seemed to enjoy these very much so five stars it is,0,"chewed treats,dental chews,chews normally"
422258,B0000D9N9X,A1JJ9FQCR70Q8A,Jasmine D.,0,0,3,1235606400,Okay product..,"The taste was okay, but different. The product was not bad, but I just doubt that I'd order these again. They actually do taste like pickles, which is good, but the taste is definitely an acquired one and I haven't acquired it yet.",neutral,the taste was okay but different the product was not bad but i just doubt that i d order these again they actually do taste like pickles which is good but the taste is definitely an acquired one and i haven t acquired it yet,-1,"pickles good,taste like,taste okay"
383909,B0030VJ8PE,A2D5R2ZIXAFDHS,Mom of Triplets,0,0,5,1294790400,Happy Baby Organics - LOVE THEM!,"My children love the happy baby organics. I just wish they had more of a selection on Amazon. I have tried the food, as I try everything before giving it to my kids, and they taste great. I highly recommend it to any mom that wants their children to eat organic. It is easy to use, easy to travel with, and healthy for them!",positive,my children love the happy baby organics i just wish they had more of a selection on amazon i have tried the food as i try everything before giving it to my kids and they taste great i highly recommend it to any mom that wants their children to eat organic it is easy to use easy to travel with and healthy for them,5,"baby organics,eat organic,organic easy"
183569,B000S6908Y,A10ZW5C8IAU5T,"Virginia T. Couillard ""gini-aka-mimi""",0,0,5,1264982400,Osem Israeli Couscous,"Excellent product.  When  our local grocer no longer carried the 5-lb. bags of this item, I ordered the 22-lb. bag from Amazon and shared it with some family members.  We all now have enough of the couscous for a year or more!",positive,excellent product when our local grocer no longer carried the lb bags of this item i ordered the lb bag from amazon and shared it with some family members we all now have enough of the couscous for a year or more,-1,"couscous,couscous year,members couscous"
459217,B001BBXRAW,AYT1XYPAY96O0,B. Kneeland,0,0,5,1349827200,SEN SEN 12ct,"I don't know how many years it was since I had tasted these. I was wondering if they would still be the same when I ordered. Sure enough, they still had the original Sen Sen taste, bursting full of strong licorice.",positive,i don t know how many years it was since i had tasted these i was wondering if they would still be the same when i ordered sure enough they still had the original sen sen taste bursting full of strong licorice,-1,"years tasted,sen taste,original sen"
21779,B000KV61FC,AYGPOPHTHD5ED,lizyohn,1,1,5,1323302400,very engaging!,"This toy occupies my 55 pound pit for about an hour when loaded with one cup of kibble.  It is durable as well as engaging, and the dog caught on to it very quickly.  Highly recommended!",positive,this toy occupies my pound pit for about an hour when loaded with one cup of kibble it is durable as well as engaging and the dog caught on to it very quickly highly recommended,0,"kibble durable,pound pit,kibble"
255385,B002OFU8JC,AMYVS60VI71VE,Vernon White,0,0,5,1236902400,Tasty Nuggets of Goodness,I love the Beef Teriyaki Nuggets and the Buffalo Chicken Nuggets. Now I have a 3rd kind to eat. These are great tasting and easy to eat (important for post bariatric surgery people). I love Jack Link's Nuggets line!,positive,i love the beef teriyaki nuggets and the buffalo chicken nuggets now i have a rd kind to eat these are great tasting and easy to eat important for post bariatric surgery people i love jack link s nuggets line,17,"chicken nuggets,nuggets buffalo,nuggets rd"
310808,B000Y6Z0DM,A39RU15LO1YS70,"broncosfreak ""broncosfreak""",3,3,5,1262649600,I love this stuff!,I think this product is fantastic! I blend it in with my smoothies. I tried it with just juice one day but didn't like the taste so i just use it in the blender with my other smoothie ingredients.It will turn everything green and it does have a unique taste but I love it and will keep buying it.,positive,i think this product is fantastic i blend it in with my smoothies i tried it with just juice one day but didn t like the taste so i just use it in the blender with my other smoothie ingredients it will turn everything green and it does have a unique taste but i love it and will keep buying it,-1,"blend smoothies,blender smoothie,smoothie"
93254,B000E3ZFBC,A18ZQ2X5C8QAR3,Valery,1,2,1,1343088000,BUGS!!!,Bought this product from our local Publix where it's often buy 1 get 1 free.<br />We ate it a couple of times and I must saw we did like the taste.<br /><br />One day I tore open the packaging when my son started crying. I went to him and left the packaging on the counter. I came back a minute later and my countertop was crawling with tiny little bugs that could have been mistaken for spices if they weren't moving! I emptied the back in a zip-loc and it was full of these little bugs crawling around. If I would of put the packaging directly in the water i'm sure the bugs would have died instantly in the water.<br /><br />I was completely disgusted and called the company. The woman on the line was completely unfazed saying it seemed that my product was contaminated and that these things happen! Happen to who?!!<br />She continued to say she could send me free boxes or some coupons if I would provide my address.<br />I informed her that the last thing I want is an other box of this stuff in my house and hung up.<br />DO NOT BUY!,negative,bought this product from our local publix where it s often buy get free we ate it a couple of times and i must saw we did like the taste one day i tore open the packaging when my son started crying i went to him and left the packaging on the counter i came back a minute later and my countertop was crawling with tiny little bugs that could have been mistaken for spices if they weren t moving i emptied the back in a zip loc and it was full of these little bugs crawling around if i would of put the packaging directly in the water i m sure the bugs would have died instantly in the water i was completely disgusted and called the company the woman on the line was completely unfazed saying it seemed that my product was contaminated and that these things happen happen to who she continued to say she could send me free boxes or some coupons if i would provide my address i informed her that the last thing i want is an other box of this stuff in my house and hung up do not buy,-1,"product contaminated,contaminated things,contaminated"
500886,B002TN49F8,A1VJ7HYM1EC94M,"G P Padillo ""paolo""",0,0,4,1282780800,For flavored coffee - this stuff is great!,"I'm an old-fashioned kind of coffee man - good, strong, black - sometimes with cream and sugar, but rarely do flavored coffees do it for me or satisfy.  I made a pot for friends and they oohed and ahhed over this stuff.  I tried a cup in lieu of dessert (with cream and sugar) and found it had a vaguely creme brulee type of taste that I found delicious!  Quel surprise!<br /><br />Getting the vacuum packed bag open was a bit of a chore (more easily accomplished with a pair of scissors), but I'll be getting this stuff again - and maybe not just for guests!",positive,i m an old fashioned kind of coffee man good strong black sometimes with cream and sugar but rarely do flavored coffees do it for me or satisfy i made a pot for friends and they oohed and ahhed over this stuff i tried a cup in lieu of dessert with cream and sugar and found it had a vaguely creme brulee type of taste that i found delicious quel surprise getting the vacuum packed bag open was a bit of a chore more easily accomplished with a pair of scissors but i ll be getting this stuff again and maybe not just for guests,1,"flavored coffees,kind coffee,coffees satisfy"
306201,B003705VL8,A2COCS52PDAS3,Angebuddha,0,0,5,1350259200,Amazing!,"Where have you been all my life Barney Butter? I'm so happy I found you! I have tried a few others, some of which were good, but this is by far the best nut butter/ peanut butter alternative I've tried. My boyfriend and I both love it. He can eat peanut butter but now prefers my Barney Butter. Just like peanut butter, only better!",positive,where have you been all my life barney butter i m so happy i found you i have tried a few others some of which were good but this is by far the best nut butter peanut butter alternative i ve tried my boyfriend and i both love it he can eat peanut butter but now prefers my barney butter just like peanut butter only better,21,"barney butter,peanut butter,butter peanut"
10090,B003EML8PM,A2AEBH3O9EKFV4,"David Dosch ""IB Dave""",0,0,5,1338681600,"Tasty, easy no carb snack.","Really easy to prepare and very yummy. With my microwave I put them in for 1:40 and they turn out perfect. Warm, crunchy and tasty. And without the carbs, they don't impact your blood sugar which is a real boon for us diabetics.",positive,really easy to prepare and very yummy with my microwave i put them in for and they turn out perfect warm crunchy and tasty and without the carbs they don t impact your blood sugar which is a real boon for us diabetics,5,"yummy microwave,crunchy tasty,tasty carbs"
504460,B007I7YZJK,AKHKBZEHJ36FQ,Kevin Joseph,1,2,4,1337212800,A Refreshing Beverage,"This sugar-free berry-flavored ice tea has a refreshing taste.  With separate powder packages intended for single servings, this is a product that's perfect for use at the office or on travel.  My only complaint is that the amount of power seems excessive for a sincle serving, making it difficult to dissolve the entire packet even in a pint-sized glass and leaving unwanted residue in the glass.",positive,this sugar free berry flavored ice tea has a refreshing taste with separate powder packages intended for single servings this is a product that s perfect for use at the office or on travel my only complaint is that the amount of power seems excessive for a sincle serving making it difficult to dissolve the entire packet even in a pint sized glass and leaving unwanted residue in the glass,2,"ice tea,flavored ice,single servings"
497828,B000LKVD5U,A1DW1FK1H3F2TM,EuReka,0,0,5,1231977600,These are AWESOME!,These are some of the best chips that I have ever had... They sure beat anything else out there and are even cooked in a way that is better for you than most other name brands. They are tangy and crisp and satisfy any craving at the time! These will be the only chips that I buy from now on and I thank amazon for letting me buy them online in bulk and save some money at the same time!,positive,these are some of the best chips that i have ever had they sure beat anything else out there and are even cooked in a way that is better for you than most other name brands they are tangy and crisp and satisfy any craving at the time these will be the only chips that i buy from now on and i thank amazon for letting me buy them online in bulk and save some money at the same time,8,"best chips,chips buy,chips"
202382,B003RYCUS6,A1LGQ84E950C6M,DP,0,0,5,1278374400,Office Coffee,We just recieved this coffee as part of our standard office coffee service.  Its a lot better then the other brand we used to get.  Good to see you can order on Amazon.,positive,we just recieved this coffee as part of our standard office coffee service its a lot better then the other brand we used to get good to see you can order on amazon,1,"coffee standard,office coffee,recieved coffee"
448132,B003MOXA6C,A1RRMZKOMZ2M7J,"Sue Katz ""Honey Bee""",1,1,4,1280361600,Decent but heavy on the peanuts,"These are decent ... and MUCH better than the other think thin bars. However, the #1 ingredient is PEANUTs. I'm not sure that ""mixed nuts"" is apt but it's tasty for being so low in sodium (90mg) & sugars (3g) and gluten-free. I'd buy them again but would wait until they're on sale.<br /><br />Nutrition: 190 cal, 11g fat, 10g protein, 5g fiber<br /><br />Major Ingredients: Peanuts, soy crisps, almonds, chickory extract, cashews, maltitol, brown rice syrup, honey, soy lecithin, flavoring, salt.",positive,these are decent and much better than the other think thin bars however the ingredient is peanuts i m not sure that mixed nuts is apt but it s tasty for being so low in sodium mg sugars g and gluten free i d buy them again but would wait until they re on sale nutrition cal g fat g protein g fiber major ingredients peanuts soy crisps almonds chickory extract cashews maltitol brown rice syrup honey soy lecithin flavoring salt,9,"mixed nuts,bars ingredient,ingredient peanuts"
326975,B007GYQ6LA,A1VQE409H7IYVI,"April Larson ""&#34;Muscle Mom&#34;""",0,0,5,1240617600,good for kids,"These snacks are great for kids.  My three year old is very picky, and he loves them.  They are easily portable, since the bag is resealable.  I like the fact that there are no additives, it's just fruit.  Highly recommend them to all.",positive,these snacks are great for kids my three year old is very picky and he loves them they are easily portable since the bag is resealable i like the fact that there are no additives it s just fruit highly recommend them to all,5,"snacks great,snacks,kids"
237395,B002MGCWBU,AO4CU3U9B0VBH,ABurdy,0,0,3,1324598400,mini is right!,"Although they are a good idea in theory, these bottles are much much smaller than I thought a mini bottles would be. We ended up having to buy another set of hot sauces because it was just embarrassing to give these as a gift alone.",neutral,although they are a good idea in theory these bottles are much much smaller than i thought a mini bottles would be we ended up having to buy another set of hot sauces because it was just embarrassing to give these as a gift alone,4,"mini bottles,bottles smaller,theory bottles"
369087,B001D0DMMY,A2E4ROH3UVXCEJ,Jake,1,1,2,1340582400,Good but maybe my package was old.,I thought that these bars were very tasty if a bit on the expensive side.  My main complaint is that the bars disintegrate as you open up the packaging. Since the bars are also very sticky remain stuck to the rapper as they break apart so you are stuck having to pick off pieces of the bar from the inside of the wrapper (which is difficult because the wrapper is plastic not foil). I don't know if I got an old box of these or if they're all like this. Regardless I probably won't risk getting another box like the first.,negative,i thought that these bars were very tasty if a bit on the expensive side my main complaint is that the bars disintegrate as you open up the packaging since the bars are also very sticky remain stuck to the rapper as they break apart so you are stuck having to pick off pieces of the bar from the inside of the wrapper which is difficult because the wrapper is plastic not foil i don t know if i got an old box of these or if they re all like this regardless i probably won t risk getting another box like the first,9,"packaging bars,bars tasty,bars"
373279,B001ELL4ZY,A2B3XYQJCJ8ZJY,KJ Green,2,2,5,1273449600,Bold taste,"If you enjoy your coffee on the stronger side, try this one.  The taste is bold without some of the bitterness or bite that you find in other dark coffees.",positive,if you enjoy your coffee on the stronger side try this one the taste is bold without some of the bitterness or bite that you find in other dark coffees,1,"dark coffees,coffee stronger,taste bold"
346405,B000LKXGKU,A2NV6EVUDPV0OP,"Mary Jfitzpatrick ""CrazyMary""",0,0,5,1319500800,Carrot cake anyone?,"This mix can make spice cake, carrot cake, walnut cake, or gingerbread. Good texture. As a spice cake or gingerbread, freezes well. All of the Namaste mixes are exceptionally good.",positive,this mix can make spice cake carrot cake walnut cake or gingerbread good texture as a spice cake or gingerbread freezes well all of the namaste mixes are exceptionally good,7,"spice cake,namaste mixes,mixes"
459621,B0078EZHZE,AZR5XJMAEC0ET,Shirah B,0,1,4,1330300800,HImalayan Salt - 5 lb - Fine Ground,"Great deal for the quality of this Himalayan Salt!  I will be purchasing more and giving it as gifts.  This stuff tastes great and is actually a healthy addition to the diet, in moderation.<br /><br />Why would anyone continue using the ""white death"" table salt that is void of so many essential elements?<br /><br />I also use this to make an all-natural facial and body scrub! We should only ""feed"" our skin what we would put in our mouths!",positive,great deal for the quality of this himalayan salt i will be purchasing more and giving it as gifts this stuff tastes great and is actually a healthy addition to the diet in moderation why would anyone continue using the white death table salt that is void of so many essential elements i also use this to make an all natural facial and body scrub we should only feed our skin what we would put in our mouths,20,"himalayan salt,table salt,quality himalayan"
5878,B000FL0A9K,A27GFBJWVL0J2,"Scott M. Sargent ""Scott""",0,0,5,1299801600,yummy - LOVE this stuff and all the other Big Train products,This coffee mix is so easy to make and taste great.  I enjoy ALL their flavors as my kids do too.  Hard to keep around.  Buying a box of it at a time helps.,positive,this coffee mix is so easy to make and taste great i enjoy all their flavors as my kids do too hard to keep around buying a box of it at a time helps,-1,"coffee mix,mix easy,flavors kids"
467064,B004283EQS,A2XJTOELA0HJJ3,"Jennifer Lilley ""Mommy2Cameron&ChayaRose""",0,0,5,1341878400,Sugar Free Dark Almonds,In one word these are AMAZING!  I just love them and it satisfies my craving for chocolate.  I highly recommend.,positive,in one word these are amazing i just love them and it satisfies my craving for chocolate i highly recommend,14,"craving chocolate,chocolate,chocolate highly"
516508,B000H1217M,A1MJER6HSVLBEL,ladyd,0,0,5,1289779200,Work like a charm,"I purchased the peanut butter treats.  My goldendoodle seems to really enjoy them.  The only drawback is that they do dry out quickly, so keep the bag sealed.",positive,i purchased the peanut butter treats my goldendoodle seems to really enjoy them the only drawback is that they do dry out quickly so keep the bag sealed,0,"butter treats,treats goldendoodle,treats"
526481,B007PA30TG,A91INLQ22MC46,medxowner,0,0,5,1341360000,Great tast and price,"Green Mountain K-cups are consistently a great value. Breakfast Blend isn't too strong or too weak, just right for my whole family.",positive,green mountain k cups are consistently a great value breakfast blend isn t too strong or too weak just right for my whole family,1,"breakfast blend,value breakfast,mountain cups"
459591,B0078EZHZE,ATD02TDCN0Q2W,"Dubs70 ""dubs70""",0,0,5,1343606400,Good Salt,"This actually was delivered as two 5 lbs bags in the same box. As an added bonus two spoons came in the box, I am not sure what we will actually use them for. Overall this is our favorite salt, we have been getting 1 or 2 pound bags and decided to move up 10 lbs to save money.",positive,this actually was delivered as two lbs bags in the same box as an added bonus two spoons came in the box i am not sure what we will actually use them for overall this is our favorite salt we have been getting or pound bags and decided to move up lbs to save money,-1,"lbs bags,pound bags,bags box"
210400,B001TM70V0,A3AHPHSLJJ30A1,"Margaret A. Bussa ""cat lady""",1,1,5,1275696000,Wonderful Grain Free Cat Food - A hit with my 4 kitties!,"I cannot find this product in Maine (in my area) and when I discovered that I could get it at Amazon with Free Super Saver Shipping, I pounced on the deal! Great prices on quality food and now both I and my family of cats are very well pleased! I searched for grain free due to my diabetic cat's dietary needs but he turned his nose up at any other brand I brought home.<br /><br />My cats prefer the Fish Flavors in Gravy, and rarely do they leave any on the plate like they used to with Fancy Feast. I'm sure the other flavors are great too but my cats just don't like them.",positive,i cannot find this product in maine in my area and when i discovered that i could get it at amazon with free super saver shipping i pounced on the deal great prices on quality food and now both i and my family of cats are very well pleased i searched for grain free due to my diabetic cat s dietary needs but he turned his nose up at any other brand i brought home my cats prefer the fish flavors in gravy and rarely do they leave any on the plate like they used to with fancy feast i m sure the other flavors are great too but my cats just don t like them,0,"product maine,cat dietary,maine"
331976,B0058AMYTC,A3M174IC0VXOS2,Gail Cooke,2,3,5,1245024000,"CRISPY, CRUNCHY, AND ROBUST","We've long enjoyed this brand of chip, so when we began to think seriously about limiting out salt intake we were particularly pleased to find these.<br /><br />  Granted I bought them somewhat reluctantly because I'm a confirmed salt-aholic, generously sprinkling it on everything from eggs to green beans.  I was more than pleasantly surprised as these chips have a very satisfying robust taste and are crispy to boot.<br /><br />  How nice to be able to munch on these without worrying about too much salt.",positive,we ve long enjoyed this brand of chip so when we began to think seriously about limiting out salt intake we were particularly pleased to find these granted i bought them somewhat reluctantly because i m a confirmed salt aholic generously sprinkling it on everything from eggs to green beans i was more than pleasantly surprised as these chips have a very satisfying robust taste and are crispy to boot how nice to be able to munch on these without worrying about too much salt,8,"salt intake,limiting salt,worrying salt"
250116,B0013MEB40,A3NEAETOSXDBOM,Stephen M. Charme,0,0,5,1299801600,Our favorite grocery store chocolate chip cookie,"This is not a gourmet chocolate chip cookie, but is the best chocolate chip cookie that we have found in the grocery store. It is not too firm or soft, has a good amount of flavorful chocolate chips, and makes for a nice snack or dessert. We have eaten these for years in my house.",positive,this is not a gourmet chocolate chip cookie but is the best chocolate chip cookie that we have found in the grocery store it is not too firm or soft has a good amount of flavorful chocolate chips and makes for a nice snack or dessert we have eaten these for years in my house,10,"chip cookie,chocolate chip,cookie best"
535723,B003VXHGDM,A1B5T3IUHLZ2UU,"Stacie Gregory ""ThriftyMama""",7,10,1,1295222400,FLAVORED COFFEE??,Nowhere in the description does it mention anything about this coffee being flavored. I'm still not sure what flavor it is. Some type of nut. I wrongly assumed that Jamaican coffee would be similar to the Blue Mountain coffee which Jamaica is known for! How silly of me to assume that! I hate flavored coffees so I was so disappointed to now own 2 boxes of such a horrible coffee. It only says flavored very small on the box so I didn't notice it before I opened it. Hopefully I can pawn it off to visitors and buy some regular bold coffee-flavored coffee for myself!,negative,nowhere in the description does it mention anything about this coffee being flavored i m still not sure what flavor it is some type of nut i wrongly assumed that jamaican coffee would be similar to the blue mountain coffee which jamaica is known for how silly of me to assume that i hate flavored coffees so i was so disappointed to now own boxes of such a horrible coffee it only says flavored very small on the box so i didn t notice it before i opened it hopefully i can pawn it off to visitors and buy some regular bold coffee flavored coffee for myself,1,"flavored coffee,coffee flavored,flavored coffees"
336704,B005GX8MMO,A2RZGMKLZEZET3,Crazy cat lady,1,4,5,1269475200,Please help:  is this ground for fine for the espresso machine?  TIA!,"Is this variety ground fine for espresso machines?  I am confused because it says, ""ground coffee""  but also, ""espresso.""  TIA!",positive,is this variety ground fine for espresso machines i am confused because it says ground coffee but also espresso tia,1,"ground coffee,coffee espresso,espresso machines"
120724,B005K4Q37A,A13T0V3LHOTHDL,"E. Treants ""tree""",3,3,3,1322697600,Good for K-Cup Instant Gratification,Why do some reviewers seem to expect Italian coffee house products in each and every product made for K-Cups?  This is a Very Nice Cappuccino / French Vanilla flavored drink.  It is well above what you find in some gas stations - and not as good as in some others.  Just because you get it in a gas station does not make it bad - go to Italy and find out.  This makes a very acceptable cup using the middle or lowest setting.  Remember - less is stronger.<br /><br />60 cal (40 fat)  --  4.5g fat sat  --  9 carb  --  5g sugar  --  0g fiber,neutral,why do some reviewers seem to expect italian coffee house products in each and every product made for k cups this is a very nice cappuccino french vanilla flavored drink it is well above what you find in some gas stations and not as good as in some others just because you get it in a gas station does not make it bad go to italy and find out this makes a very acceptable cup using the middle or lowest setting remember less is stronger cal fat g fat sat carb g sugar g fiber,1,"italian coffee,italy makes,coffee"
38151,B00416HHBY,ADZVWAYD69MFC,"Captain ""captain""",0,0,5,1350864000,Great candy- chocolate and mint,"this is a wonderful candy, any time of year. Cool mint, creamy white chocolate. Individually wrapped, one big bag has like 28 pieces. Sadly, when I open a bag, I usually eat about half of it. :/ No wheat ingredients listed, but not listed as gluten free.",positive,this is a wonderful candy any time of year cool mint creamy white chocolate individually wrapped one big bag has like pieces sadly when i open a bag i usually eat about half of it no wheat ingredients listed but not listed as gluten free,7,"gluten free,listed gluten,gluten"
498993,B000NMHYO0,A2HVN8XNT6CQRM,Lynn Urich,0,0,5,1318204800,Atomic Fireballs,"These are Hot!  Hot!  Hot!  If you like hot foods, you will love Atomic Fireballs!  They are a hot cinnamon-flavored jawbreaker and last a long, long time in your mouth.  Resist biting them though - I broke a tooth on one - but that can't keep me from having at least two every day ... MAJOR YUM!",positive,these are hot hot hot if you like hot foods you will love atomic fireballs they are a hot cinnamon flavored jawbreaker and last a long long time in your mouth resist biting them though i broke a tooth on one but that can t keep me from having at least two every day major yum,-1,"fireballs hot,hot foods,hot cinnamon"
552530,B000F42DYW,A3JQXKDTMK4Z9H,Bunadoo,1,2,3,1252713600,Not as good as Yorkshire Gold,"I love Yorkshire Gold tea.  When I found out that one of the main differences between Yorkshire and Yorkshire Gold was the addition of Ntingwe Kwazulu to the Gold,  I thought I would be getting 100% of that special ""note"" I find so enjoyable in YG.  Not so, unfortunately.  There is a flatness to this tea which is disappointing.  For me, it works best as an addition to other loose teas where it seems to round out the flavor. Guess I just like blends.  My daughter brought back some grocery store teas from South Africa which were really great and I was hoping this tea would be as good but it's not .  Maybe the years have jaded my taste buds and my palate is not as sensitive to the nuances of this tea, but I would never buy it again.",neutral,i love yorkshire gold tea when i found out that one of the main differences between yorkshire and yorkshire gold was the addition of ntingwe kwazulu to the gold i thought i would be getting of that special note i find so enjoyable in yg not so unfortunately there is a flatness to this tea which is disappointing for me it works best as an addition to other loose teas where it seems to round out the flavor guess i just like blends my daughter brought back some grocery store teas from south africa which were really great and i was hoping this tea would be as good but it s not maybe the years have jaded my taste buds and my palate is not as sensitive to the nuances of this tea but i would never buy it again,2,"gold tea,flatness tea,tea disappointing"
250326,B001NXHY8Y,A3NJW996S3A1MY,"Amelia Parrish ""mamamelia""",0,0,5,1252022400,awesome baby snacks,my now 15-month old loves these. he is still working on chewing well & doesn't have very many teeth.,positive,my now month old loves these he is still working on chewing well doesn t have very many teeth,0,"chewing doesn,chewing,working chewing"
299648,B001KWEZTO,A1O83SA3VV31ZS,Amazon Customer,2,2,5,1347926400,Use Cold Water...Cold Flour,I have used this for years..it stores well inside your fridge..I've made bread dough many ways...but...have found that when you refrige the flour..sugar...yeast...and use cold water you'll have the best dough..<br /><br />Its more elastic and rises well..much better method here than using the hot water method..I mix all my (cold)dry ingredients first then add cold water and mix...Let it rest in the fridge for ten minutes and add more cold flour and kneed it..<br /><br />When you knead.. fold the dough...press it down..repeat...rest it in the refridge..It only takes two good kneading secession's and she's ready...<br /><br />Cold dough making is far superior than the traditional warm method..Give it a try..,positive,i have used this for years it stores well inside your fridge i ve made bread dough many ways but have found that when you refrige the flour sugar yeast and use cold water you ll have the best dough its more elastic and rises well much better method here than using the hot water method i mix all my cold dry ingredients first then add cold water and mix let it rest in the fridge for ten minutes and add more cold flour and kneed it when you knead fold the dough press it down repeat rest it in the refridge it only takes two good kneading secession s and she s ready cold dough making is far superior than the traditional warm method give it a try,7,"cold dough,fold dough,bread dough"
282411,B00292BM7W,A2YYMZ0ZV1NSRV,HAPPY IN INDIANA,0,0,5,1349481600,AMAZING TREATS,"Amazing --both  my Senior dog and the new pup loves these. Quality ingredients---will break in half easily for a really small puppy.<br /><br />I've re-ordered more than once--always very fresh ""use by "" dates.<br /><br />QUALITY--",positive,amazing both my senior dog and the new pup loves these quality ingredients will break in half easily for a really small puppy i ve re ordered more than once always very fresh use by dates quality,0,"quality ingredients,dates quality,senior dog"
543705,B006MONQMC,A3EAP2VG0BVYWX,nekojita,0,0,3,1332374400,'it's okay' about sums it up,"A bit ambivalent about this drink, as it has its pros and cons.  The fruit punch has a nice flavor to it, not too sweet but about what you'd expect for a flavor enhancer.  It says that one squeeze will do for 8 ounces, but mileage can vary per that squeeze (depending on how much force you use).  Maybe I'm not squeezing that much.  You have to be careful removing the inner seal, something that can be a bit nerve-wracking considering the red coloring of the contents.  I'm also not sure how much of a boost the caffeine will give.  If you want to carry this around to flavor your water all day, you might want to rethink that considering the size (similar to that of a ketchup bottle).<br /><br />That said, it does have a nice list of vitamins and no carbs or calories (which is a lot better than most 'vitamin' waters out there that you buy by the bottle at quite the cost - as long as you don't mind fake sugar) and should last you a while.  It's great to keep at the office or home.",neutral,a bit ambivalent about this drink as it has its pros and cons the fruit punch has a nice flavor to it not too sweet but about what you d expect for a flavor enhancer it says that one squeeze will do for ounces but mileage can vary per that squeeze depending on how much force you use maybe i m not squeezing that much you have to be careful removing the inner seal something that can be a bit nerve wracking considering the red coloring of the contents i m also not sure how much of a boost the caffeine will give if you want to carry this around to flavor your water all day you might want to rethink that considering the size similar to that of a ketchup bottle that said it does have a nice list of vitamins and no carbs or calories which is a lot better than most vitamin waters out there that you buy by the bottle at quite the cost as long as you don t mind fake sugar and should last you a while it s great to keep at the office or home,3,"boost caffeine,flavor enhancer,flavor water"
311244,B0040WCWN2,AX4EJPMBBNP90,T.S. Ward,1,2,1,1315699200,Deceptive,1 star for not selling what is pictured. If you want to sell a small container for a rip-off price that's fine but you should at least take a picture of the small container instead of the largest container you have. Crooks.,negative,star for not selling what is pictured if you want to sell a small container for a rip off price that s fine but you should at least take a picture of the small container instead of the largest container you have crooks,-1,"selling pictured,small container,star selling"
458973,B003WZS3TA,A3LILKXIB2TH7N,"mrshaggs ""Amazon Addict""",0,0,5,1334620800,Great Substitute for Energy Drinks!,"I am a caffeine junkie, constantly buying the 16 ounce cans of Rockstar, Amp, whatever was handy that had caffeine.  I purchased a box of the Crystal Light energy at the local grocery and was pleasantly surprised.  Each packet has 120 mg of caffeine, and I usually put it in a 32 ounce bottle of water, which really stretches it.  I noticed a change in my weight after a few weeks, and realized that part of the reason I drank so many energy drinks was just a developed routine.  I feel much healthier, because of my additional water intake.<br />I definitely recommend these to anyone that needs that caffeine boost, without all the sugar highs and lows that come with the sodas and energy drinks.  They even have a peach mango flavor, which is quite good.",positive,i am a caffeine junkie constantly buying the ounce cans of rockstar amp whatever was handy that had caffeine i purchased a box of the crystal light energy at the local grocery and was pleasantly surprised each packet has mg of caffeine and i usually put it in a ounce bottle of water which really stretches it i noticed a change in my weight after a few weeks and realized that part of the reason i drank so many energy drinks was just a developed routine i feel much healthier because of my additional water intake i definitely recommend these to anyone that needs that caffeine boost without all the sugar highs and lows that come with the sodas and energy drinks they even have a peach mango flavor which is quite good,3,"energy drinks,caffeine junkie,caffeine boost"
487625,B001E95K6K,A3V74ZBH4OEUIR,Ken,0,1,2,1343347200,Car freshener for the body,"I've never used a body spray before and thought I'd try one. I don't understand all the hype about Axe. The product doesn't smell that bad, but it's not really something I would wear. It smells just like a car freshener and it's very overpowering. Pep Boys carries better scents, I wouldn't even use this in my car.",negative,i ve never used a body spray before and thought i d try one i don t understand all the hype about axe the product doesn t smell that bad but it s not really something i would wear it smells just like a car freshener and it s very overpowering pep boys carries better scents i wouldn t even use this in my car,13,"body spray,axe product,wear smells"
391977,B000CQBZPG,A3J9MVICLD48E3,arls,1,1,5,1334102400,stash double bergamot tea,Bought this at a public store a few years ago but couldn't find it again.  Went to another brand from England and they stopped exporting it.  If you love bergamot then this is for you.  Full taste and bold.  Was thrilled when my daughter told me to look at Amazon.  And there it was.  So much better than any other earl greys.,positive,bought this at a public store a few years ago but couldn t find it again went to another brand from england and they stopped exporting it if you love bergamot then this is for you full taste and bold was thrilled when my daughter told me to look at amazon and there it was so much better than any other earl greys,-1,"bergamot taste,love bergamot,bergamot"
429238,B003MWBFMK,A3TVZM3ZIXG8YW,christopher hayes,3,3,1,1291420800,"Filler food is empty, leaves your cat always needing more","This review will make me sound really stupid, but whatever. I don't really care as long as people find out what's real and can avoid my mistakes.<br /><br />I got my wonderful little sweet Bella Bean when she was a few days shy of three years old. She had been bounced around from house to house and eating whatever was cheap. I have had cats around me my entire life, for about twenty-five years now. My mother always just fed them whatever, the kinds of food you buy in the supermarket - Friskies, Nine Lives, Kit & Kaboodle, stuff like that. And our cats were always fine, at least in terms of their eating habits. They would eat in the morning, stop when they were done, come back, and eat some more when they got hungry.<br /><br />My housemate at the time was working for Hill's and assured me that this was the best food ever made, so great, so on and so forth. I now know that she is an utter buffoon, but I initially trusted her judgment, which is so unfortunate because she doesn't think. She also had plenty of coupons for free or deeply discounted bags, which made it a much more attractive choice.<br /><br />I first tried feeding the little Bean an unmeasured amount of Science Diet in a bowl, but that didn't work, as she would devour it in one sitting. So then I took to measuring it, and she did the same thing. Then I started parsing it out to twice a day. That didn't work either, because she would start going crazy in the middle of the day, running around, intentionally destroying things, deliberately spilling her water, crying, etc., until she got more food. So then I split it into three servings. Same thing. Then it got to be four servings. That was a little better, but it was too much maintenance and unrealistic to be around every day to feed her four times. So then it went back to three. All the while, I was trying to reduce the amount of food I was feeding her to less than 3/4 of a cup because she was a little chubby. Reducing was hell. She became even more hungry, but I figured she would get used to it. Not really.<br /><br />For over a year, she would wake me up every morning looking for food in a serious way, knocking things off my desk, ripping up any paper she could find, scratching at the door and committing general acts of mischief. As soon as she got food, she was back to her sweet self, but only for three or four hours.<br /><br />We thought she was bored, we thought she was a little nutty, and maybe even had a kitty eating disorder. She always wanted food. It was kind of funny but in the end it was just sad.<br /><br />A few weeks back, we took her to a new (good, non-money factory) vet for her second checkup since I've had her. I talked with him about her being always hungry. He asked what she ate, and I told him the adult indoor Science Diet. Without saying as much, he basically told me that this food is garbage and I should look for something else. He said cat food should have a protein followed by a carbohydrate as the first two ingredients. Science Diet does, in a very loose, by-product kind of way - ground up slaughterhouse leftovers and corn dust. Then they put a bunch of vitamins in it to make it ""healthy,"" instead of just using good ingredients from the beginning. Not that I care about spending money on the Bean, but this food is way too expensive for what it is.<br /><br />So we began transitioning her onto Wellness indoor formula about two weeks ago. She is still eating 50 percent Science Diet with 50 percent Wellness (you really shouldn't just give a cat different food one day out of the blue) but SHE NEVER FREAKS OUT ANYMORE. It's amazing. And it's 100 percent because she is eating real food now, along with that sawdust and chicken hearts I still regrettable have to feed her. We have her down to eating twice a day, only 1/3 cup in TOTAL. She was eating three times a day, 5/8 of a cup in total. Now she eats some in the morning, walks away, eats some more a few hours later, and then looks for dinner about twelve hours after her initial feeding. No more knocking things over, no more trashing Dad's papers on the desk, no more howling, no more deliberately spilled water on the floor. It's incredible.<br /><br />I feel so bad that I was doing this to her for so long. We really thought she was just being dramatic or whatever. But no, she was genuinely hungry because she wasn't eating any real food.<br /><br />Do your cat a favor - buy her or him so food made with real ingredients, things you would eat - Wellness, Halo, Innova, Evo, whatever. Figure it out for yourself, but please don't feed your cat this. It's garbage.",negative,this review will make me sound really stupid but whatever i don t really care as long as people find out what s real and can avoid my mistakes i got my wonderful little sweet bella bean when she was a few days shy of three years old she had been bounced around from house to house and eating whatever was cheap i have had cats around me my entire life for about twenty five years now my mother always just fed them whatever the kinds of food you buy in the supermarket friskies nine lives kit kaboodle stuff like that and our cats were always fine at least in terms of their eating habits they would eat in the morning stop when they were done come back and eat some more when they got hungry my housemate at the time was working for hill s and assured me that this was the best food ever made so great so on and so forth i now know that she is an utter buffoon but i initially trusted her judgment which is so unfortunate because she doesn t think she also had plenty of coupons for free or deeply discounted bags which made it a much more attractive choice i first tried feeding the little bean an unmeasured amount of science diet in a bowl but that didn t work as she would devour it in one sitting so then i took to measuring it and she did the same thing then i started parsing it out to twice a day that didn t work either because she would start going crazy in the middle of the day running around intentionally destroying things deliberately spilling her water crying etc until she got more food so then i split it into three servings same thing then it got to be four servings that was a little better but it was too much maintenance and unrealistic to be around every day to feed her four times so then it went back to three all the while i was trying to reduce the amount of food i was feeding her to less than of a cup because she was a little chubby reducing was hell she became even more hungry but i figured she would get used to it not really for over a year she would wake me up every morning looking for food in a serious way knocking things off my desk ripping up any paper she could find scratching at the door and committing general acts of mischief as soon as she got food she was back to her sweet self but only for three or four hours we thought she was bored we thought she was a little nutty and maybe even had a kitty eating disorder she always wanted food it was kind of funny but in the end it was just sad a few weeks back we took her to a new good non money factory vet for her second checkup since i ve had her i talked with him about her being always hungry he asked what she ate and i told him the adult indoor science diet without saying as much he basically told me that this food is garbage and i should look for something else he said cat food should have a protein followed by a carbohydrate as the first two ingredients science diet does in a very loose by product kind of way ground up slaughterhouse leftovers and corn dust then they put a bunch of vitamins in it to make it healthy instead of just using good ingredients from the beginning not that i care about spending money on the bean but this food is way too expensive for what it is so we began transitioning her onto wellness indoor formula about two weeks ago she is still eating percent science diet with percent wellness you really shouldn t just give a cat different food one day out of the blue but she never freaks out anymore it s amazing and it s percent because she is eating real food now along with that sawdust and chicken hearts i still regrettable have to feed her we have her down to eating twice a day only cup in total she was eating three times a day of a cup in total now she eats some in the morning walks away eats some more a few hours later and then looks for dinner about twelve hours after her initial feeding no more knocking things over no more trashing dad s papers on the desk no more howling no more deliberately spilled water on the floor it s incredible i feel so bad that i was doing this to her for so long we really thought she was just being dramatic or whatever but no she was genuinely hungry because she wasn t eating any real food do your cat a favor buy her or him so food made with real ingredients things you would eat wellness halo innova evo whatever figure it out for yourself but please don t feed your cat this it s garbage,0,"cat food,food cat,kitty eating"
8937,B0007A0AP8,A3NWHK8FRD594U,essential researcher,9,9,5,1224460800,chewy treats,My golden retriever loves them. You can chop them into squares if you want smaller treats.,positive,my golden retriever loves them you can chop them into squares if you want smaller treats,0,"smaller treats,chop squares,treats"
218415,B002UTCI2M,AXV18SQFZWN09,M. Cheung,1,1,4,1317340800,THe best,"Compared a lot of cat food and their philosophy on cat food, We love Blue wild. My cat put on many pounds for no reason, and after we switch to blue. Her weight is down, more energy and more playful. She looks so pretty now!",positive,compared a lot of cat food and their philosophy on cat food we love blue wild my cat put on many pounds for no reason and after we switch to blue her weight is down more energy and more playful she looks so pretty now,0,"cat food,cat pounds,wild cat"
536503,B001EQ4SRU,A3NLXO3TZ4KFZG,Gail R. Cnudde,3,4,4,1185580800,Hazelnut coffee,The coffee is good but it does not have the hazelnut flavor. I was disapointed because it just taste like regular coffee.,positive,the coffee is good but it does not have the hazelnut flavor i was disapointed because it just taste like regular coffee,1,"hazelnut flavor,does hazelnut,hazelnut"
202984,B000JKJJHG,A7UZUY1JXQH2C,Michael Buza,0,0,5,1323129600,Very hot but great sauce!,"I bought this because the standard Tobasco, Franks Red Hot, etc wasn't enough for me. I love to feel the burn as I eat. I DEFINITELY bought the right product! When I first got this sauce, I could only stand about 2 drops per bowl of food. Over time, I worked my way up to 4 drops per bowl. When a sauce is that hot that 2 drops does it for a whole bowl of food, that speaks volumes about it's heat!",positive,i bought this because the standard tobasco franks red hot etc wasn t enough for me i love to feel the burn as i eat i definitely bought the right product when i first got this sauce i could only stand about drops per bowl of food over time i worked my way up to drops per bowl when a sauce is that hot that drops does it for a whole bowl of food that speaks volumes about it s heat,4,"sauce hot,bowl sauce,hot drops"
184148,B001GH19PG,A4D2PSM4IQ344,Leanna,0,0,5,1339545600,My puppies are crazy for this,"I have a mini American Eskimo and a toy Pom and they both go CRAZY when I shake this treat container. They know the smell from miles away and would jump all over me just for a little piece. Oh and my Eskimo is one picky eater, shes very picky with her food and her treats but these chicken liver is the only treat she will continuously eat and it is her favorite",positive,i have a mini american eskimo and a toy pom and they both go crazy when i shake this treat container they know the smell from miles away and would jump all over me just for a little piece oh and my eskimo is one picky eater shes very picky with her food and her treats but these chicken liver is the only treat she will continuously eat and it is her favorite,0,"food treats,eskimo toy,treats chicken"
505973,B0046WPRQA,A1VILR21LY2PJQ,"Kris C. Wilfong ""wilfongk""",1,1,3,1328659200,Dissapointing,"If you check their website, it says there are 8-10 fish per can. Both cans I've opened had only three huge fish in it. They are packed in soy oil, which the amazon description fails to tell. Nice smoke flavor though seemingly artificial.",neutral,if you check their website it says there are fish per can both cans i ve opened had only three huge fish in it they are packed in soy oil which the amazon description fails to tell nice smoke flavor though seemingly artificial,-1,"fish cans,cans,cans ve"
42404,B001BDI0RA,A1D106CTACVIA1,Maddy,3,3,5,1282953600,great starter food for kitten,"I have a year old cat and she's at the end of her very last bag of Purina One Healthy Kitten Formula. I am very skeptical on what kinds of food I allow her to eat. I want the very best food for her and this product seemed to be the best. I had to also decide about Hills Science Diet but she would hardly even taste it! There are so many different kinds of dry cat/kitten foods that when all was said and done, Purina One really worked well. Purina One not only is good for her, but in addition also helped her develop a very shiny, soft coat. The ingredients are good/healthy. I'm now at the point of researching what kind of cat food she will be eating, but wanted to share that she (and I) had a very positive experience with Purina One Healthy Kitten Formula and would recommend it to future kittens!!",positive,i have a year old cat and she s at the end of her very last bag of purina one healthy kitten formula i am very skeptical on what kinds of food i allow her to eat i want the very best food for her and this product seemed to be the best i had to also decide about hills science diet but she would hardly even taste it there are so many different kinds of dry cat kitten foods that when all was said and done purina one really worked well purina one not only is good for her but in addition also helped her develop a very shiny soft coat the ingredients are good healthy i m now at the point of researching what kind of cat food she will be eating but wanted to share that she and i had a very positive experience with purina one healthy kitten formula and would recommend it to future kittens,0,"kitten foods,cat food,kitten formula"
7643,B000TRFGGM,A2PBVXMAR1OCQZ,Linda M. Sutherland,0,0,5,1324339200,Fly Trap,Fly traps were for a science fair experiment. They arrived promptly and were in very good shape.All approximately the same size-important for the experiment.,positive,fly traps were for a science fair experiment they arrived promptly and were in very good shape all approximately the same size important for the experiment,-1,"fly traps,traps science,traps"
116522,B002YJ0118,A1SKN3OEMHN5UL,JG,0,0,5,1299024000,Great popcorn! Just like the movies!,"I have been searching to find that perfect movie theater popcorn that I can make at home; well, I found it! I recently purchased a Stir Crazy popper and this popcorn works great with it. The seasoning and oil combines to make a perfect and delicious batch every time. At first I was concerned about buying such a large quantity of popcorn without knowing how it would taste, but I can already tell that I'll be going through this box fast. A+ recommended!",positive,i have been searching to find that perfect movie theater popcorn that i can make at home well i found it i recently purchased a stir crazy popper and this popcorn works great with it the seasoning and oil combines to make a perfect and delicious batch every time at first i was concerned about buying such a large quantity of popcorn without knowing how it would taste but i can already tell that i ll be going through this box fast a recommended,22,"popcorn make,popper popcorn,theater popcorn"
514376,B002GWQ3V0,A1LAUTQ9M2M43C,"Lawrence Kibbe ""Lawrence""",0,1,1,1322611200,Coffee Bean Direct Decaf Sumatra Whole Bean 16-Ounce 3 Pack.,"This coffee arrived stale and couldn't have come from the roaster.  I read somewhere that Amazon buys this coffee and stores it in a warehouse and I have to agree.  I know stale coffee when I taste it I could tell just by the smell I have gotten better coffee from Starbucks.  This coffee goes back to Amazon.  It's unfortunate that my first post rating an item has to be so negative.<br /><br />I just discovered that grocery items can't be returned so I will have to deep six all of this coffee, too bad.  I have had a great shopping experience at Amazon and will continue to shop there, but I won't be doing anymore of this type shopping.",negative,this coffee arrived stale and couldn t have come from the roaster i read somewhere that amazon buys this coffee and stores it in a warehouse and i have to agree i know stale coffee when i taste it i could tell just by the smell i have gotten better coffee from starbucks this coffee goes back to amazon it s unfortunate that my first post rating an item has to be so negative i just discovered that grocery items can t be returned so i will have to deep six all of this coffee too bad i have had a great shopping experience at amazon and will continue to shop there but i won t be doing anymore of this type shopping,1,"stale coffee,coffee taste,buys coffee"
330163,B001OHX1ZY,A1H4R7TY2G50DH,"Max Power ""Max Power""",13,13,5,1297036800,Super food - ultimate protein - body building - for food sensitivities,"I am lactose intolerant. Eggs give me crazy gas. I don't eat meat. Nuts give me gas. Beans give me gas.<br /><br />I also body build. That leaves me with little options for protein. Luckily there is hemp, and this is the part of the plant my body needs most. As stated in the product description hemp is the plant kingdoms gold standard, much like eggs are the gold standard in the animal kingdom. And really the two are very comparable. Hemp is much cheaper though.<br /><br />It dissolves very easy in water, unlike egg protein. It is easy to digest, unlike egg protein. It tastes great, and is quite mild, almost nutty flavor -egg protein always tastes like crap because they always put artificial flavors in, which make no doubt about it, are chemicals that are bad for your body. The hemp + fiber variety Nutiva makes is too gritty for me. This 50% protein is more expensive because more of the fiber is sifted out. Being a vegetarian I get plenty of fiber as it is anyway.<br /><br />I eat probably 6 heaping scoops (like a standard protein extract measuring cup) of this stuff a day, and never get sick of it. It's great between meals, or with meals, or mixed into meals, and you can mix it into almost anything because of the quite neutral flavor. I recover from workouts faster.<br /><br />It never gives me gas or makes me feel bloated. It has little fat, and the small amount of beneficial healthy fats it does have are needed to build muscle. Since this is plant sourced protein it also has anti-oxidants I am sure, it's green color is a testament to that.<br /><br />I could not be without this product.",positive,i am lactose intolerant eggs give me crazy gas i don t eat meat nuts give me gas beans give me gas i also body build that leaves me with little options for protein luckily there is hemp and this is the part of the plant my body needs most as stated in the product description hemp is the plant kingdoms gold standard much like eggs are the gold standard in the animal kingdom and really the two are very comparable hemp is much cheaper though it dissolves very easy in water unlike egg protein it is easy to digest unlike egg protein it tastes great and is quite mild almost nutty flavor egg protein always tastes like crap because they always put artificial flavors in which make no doubt about it are chemicals that are bad for your body the hemp fiber variety nutiva makes is too gritty for me this protein is more expensive because more of the fiber is sifted out being a vegetarian i get plenty of fiber as it is anyway i eat probably heaping scoops like a standard protein extract measuring cup of this stuff a day and never get sick of it it s great between meals or with meals or mixed into meals and you can mix it into almost anything because of the quite neutral flavor i recover from workouts faster it never gives me gas or makes me feel bloated it has little fat and the small amount of beneficial healthy fats it does have are needed to build muscle since this is plant sourced protein it also has anti oxidants i am sure it s green color is a testament to that i could not be without this product,-1,"hemp fiber,egg protein,hemp"
514433,B005M16TDY,A1NJH2VUXKZMS5,Dinda S. Evans,2,2,4,1343606400,outside critters are eating it,"I have been feeding abandoned cats..and vagabond racoons...but the more expensive brands.  they were standoffish at first but after a day or so began eating this as if it was the ""good"" stuff and that helps my budget alot.",positive,i have been feeding abandoned cats and vagabond racoons but the more expensive brands they were standoffish at first but after a day or so began eating this as if it was the good stuff and that helps my budget alot,0,"feeding abandoned,racoons expensive,vagabond racoons"
407139,B001D0ILPW,A1N46OABJJWM5A,kac,0,0,5,1341360000,orgran gluten free corn muffin mix,my son loves these muffins.  he has them everyday for breakfast.  he has had celiac for 6 years and i am so grateful i can buy this product at amazon as it is very hard to purchase at the specialty food stores,positive,my son loves these muffins he has them everyday for breakfast he has had celiac for years and i am so grateful i can buy this product at amazon as it is very hard to purchase at the specialty food stores,7,"breakfast celiac,muffins everyday,loves muffins"
16075,B0054TWQ2C,A224KM22RQ5CD4,Amazon_Junkie,0,0,3,1329782400,Lacks flavor,"I've been a fan of Nong Shim spicy noodles for years, so when this instant version came along I had to try it. I love Korean style fat noodles and the fact that it's instant is a big plus. Unfortunately, it didn't taste as flavorful as their other lines and by comparison I find this version a little plain. No comments on the health factor since instant noodles by nature is junk food. But there's a time and place for them.",neutral,i ve been a fan of nong shim spicy noodles for years so when this instant version came along i had to try it i love korean style fat noodles and the fact that it s instant is a big plus unfortunately it didn t taste as flavorful as their other lines and by comparison i find this version a little plain no comments on the health factor since instant noodles by nature is junk food but there s a time and place for them,15,"instant noodles,spicy noodles,noodles nature"
50188,B000KGW2C8,A3TSQVDK4TZ1VD,yosemite sam,0,0,5,1305763200,great,"i have nothing to compare it to, never having using anchoy paste before.<br /><br />but what was i missing, this tastes great. i have used it in salad dressing, on toast with grated sheese, in spaghetti sauce, as a sort of 'pesto' in milaneze style spaghetti...odd, i eve added toasted shredded coconut to it on top of toast...and it was pretty good-just seems an odd grouping.<br /><br />we do not feel cheated in any way and would buy again when depleted.",positive,i have nothing to compare it to never having using anchoy paste before but what was i missing this tastes great i have used it in salad dressing on toast with grated sheese in spaghetti sauce as a sort of pesto in milaneze style spaghetti odd i eve added toasted shredded coconut to it on top of toast and it was pretty good just seems an odd grouping we do not feel cheated in any way and would buy again when depleted,4,"anchoy paste,using anchoy,dressing toast"
20692,B003ZNXCKE,A9WNKYOYBB0TI,R. R. Riyanto,0,0,5,1338336000,my Dog loves these!!!!!!!!!!!!!!!!!!,"there wonderful, my dog loves them, and I feel good giving them to him, I will always get these for him.",positive,there wonderful my dog loves them and i feel good giving them to him i will always get these for him,0,"dog loves,wonderful dog,good giving"
248042,B001E5E0H4,A1XGAVI3FXA84W,Mish,2,2,5,1184544000,Awesome Stuff!,"I've been buying these for years. They are not only delicious but perfect for a cookout, picnic, tailgate etc. They travel well to parties and make no mess. I also buy the Margarita bags...they're great frozen! I rave about them to everyone and they're always a hit at a party!",positive,i ve been buying these for years they are not only delicious but perfect for a cookout picnic tailgate etc they travel well to parties and make no mess i also buy the margarita bags they re great frozen i rave about them to everyone and they re always a hit at a party,-1,"margarita bags,buy margarita,bags great"
249386,B004TPKAN4,A1F9Z42CFF9IAY,Mediahound,0,0,2,1347235200,Too hard/crisp,The ginger taste in these cookies is just about right but I would have preferred a cookie a bit less hard/crispy. These are a bit too difficult to eat in that respect for my liking although I guess that's why the call 'em 'snaps'.,negative,the ginger taste in these cookies is just about right but i would have preferred a cookie a bit less hard crispy these are a bit too difficult to eat in that respect for my liking although i guess that s why the call em snaps,-1,"ginger taste,taste cookies,preferred cookie"
67138,B001DQ381I,A32MGLBXJ802XE,exhiled,0,0,5,1344902400,Very Tasty,"This mix is exactly as advertised . I Decided to add chopped onion ,sesame seeds and a small amount of Chile paste and  the results were outstanding . I also used .75 lbs of Ahi instead of the full LB. and it worked fine .I would buy this product again .",positive,this mix is exactly as advertised i decided to add chopped onion sesame seeds and a small amount of chile paste and the results were outstanding i also used lbs of ahi instead of the full lb and it worked fine i would buy this product again,-1,"onion sesame,sesame seeds,sesame"
