Id,ProductId,UserId,ProfileName,HelpfulnessNumerator,HelpfulnessDenominator,Score,Time,Summary,Text,sentiment,clean_text,transformer_pred
167616,B006BXUZVO,A1CFU5XJXN3PV4,Home Studio,0,0,3,1337126400,"Thin Box, Thin Flavor","While no worse than your average bowl of Raisin Bran, I was disappointed that I didn't find this to be noticeably better. The flavor of cinnamon could certainly be stronger (for my tastes, anyway), and the little slivers of almonds didn't really add to the ""crunch"" in any sort of meaningful way. And unlike the experience of some other reviewers, I found that this Raisin Bran got soggy remarkably fast after the milk was added, turning to slurry by the last few bites. I've definitely had other Raisin and Bran products that remained crisp longer.<br /><br />I was also a bit taken aback by the box, which holds only 14.5 ounces of cereal. It's the same height and width as the regular cereal box you'd see on the store shelf, but to hide the fact that you're not getting much cereal, the box is so skinny that I actually had trouble getting it to stand on end a time or two. And maybe this is common to a lot of cereals these days - it was just new to me.<br /><br />Overall, I've got nothing bad to say about this product...but to give it a rating of more than 3 stars, I'd have to feel like it was ""better than average"" somehow. And it simply wasn't.",neutral,while no worse than your average bowl of raisin bran i was disappointed that i didn t find this to be noticeably better the flavor of cinnamon could certainly be stronger for my tastes anyway and the little slivers of almonds didn t really add to the crunch in any sort of meaningful way and unlike the experience of some other reviewers i found that this raisin bran got soggy remarkably fast after the milk was added turning to slurry by the last few bites i ve definitely had other raisin and bran products that remained crisp longer i was also a bit taken aback by the box which holds only ounces of cereal it s the same height and width as the regular cereal box you d see on the store shelf but to hide the fact that you re not getting much cereal the box is so skinny that i actually had trouble getting it to stand on end a time or two and maybe this is common to a lot of cereals these days it was just new to me overall i ve got nothing bad to say about this product but to give it a rating of more than stars i d have to feel like it was better than average somehow and it simply wasn t,negative
370298,B000ZSZ5S4,A2TMY1YEB4TA6,H. BURGESS,2,3,5,1268352000,Great taste.,"Almonds are super nutritional food and while high in fat, are certainly better than cheese puffs!",positive,almonds are super nutritional food and while high in fat are certainly better than cheese puffs,positive
236755,B005Y110NQ,A3JNDZML3MI4TJ,"RLHT ""NYC to NJ to DC and back""",6,6,2,1326672000,"Completely new recipe, and not in a good way",These are not the old SB bars we came to love. I was so excited to see these back on shelves...until I tried them. They are not crispy like a PB rice crispy treat anymore. They are not sweet nor crispy. They are just disappointing.,negative,these are not the old sb bars we came to love i was so excited to see these back on shelves until i tried them they are not crispy like a pb rice crispy treat anymore they are not sweet nor crispy they are just disappointing,negative
509317,B001397WYY,AKA9ZOPO81X5H,Anthony,0,0,5,1326326400,Organic goodness for the furry ones,"I have been feeding my cats Newman's Own Organics Organic Beef and Liver for years now and their health is the better for it.  Whenever I go to the vet and mention that I'm feeding them this they have nothing but good things to say.  The kitties love it and their hairless ape of a dad loves it to... loves to watch them love it, I don't eat it myself... not yet.",positive,i have been feeding my cats newman s own organics organic beef and liver for years now and their health is the better for it whenever i go to the vet and mention that i m feeding them this they have nothing but good things to say the kitties love it and their hairless ape of a dad loves it to loves to watch them love it i don t eat it myself not yet,positive
536313,B0051ZCNIQ,A2IUBJJBH9PF9R,J. Raney,5,5,5,1271462400,Extremely healthy for you dogs!,"I highly recommend ALL Wellness products!! My Shih Tzu's were plaqued with severe allergy problems,, Spent $$$$ after $$$$ at vet for relief for them, nothing seemed to work.. I did extensive research on dog food and found out the mainstream brands are all crap, nothing but by products, additives, nothing natural about any of them.. Did research on Wellness and Blue Buffalo, look them up, you will find out for yourself.. Their products are all natural, no additives, no preservatives, 100% meat from animals that are NOT fed growth hormones, etc.. My dogs have been on this food, both wet and dry and they are thriving and the picture of health, bright eyes, shiny coats, full of energy and NO MORE allergies..",positive,i highly recommend all wellness products my shih tzu s were plaqued with severe allergy problems spent after at vet for relief for them nothing seemed to work i did extensive research on dog food and found out the mainstream brands are all crap nothing but by products additives nothing natural about any of them did research on wellness and blue buffalo look them up you will find out for yourself their products are all natural no additives no preservatives meat from animals that are not fed growth hormones etc my dogs have been on this food both wet and dry and they are thriving and the picture of health bright eyes shiny coats full of energy and no more allergies,negative
490266,B0027IQC78,A1VVMEYTVZ2Q0G,April Silver,1,4,5,1301097600,"No more ""stinkies""","I initially ordered Sojos Complete Dog Food Mix to eliminate our French Bulldog puppy Boogie's ""stinkies"". Post research my boyfriend read that raw diet is the solution to ""stinkies"". Sojos Complete Dog Food Mix is all natural, convenient and smells flavorful. Sojos Complete Dog Food Mix is fresh and usually born within the same month of purchase. I regret the lack of transition from Solid Gold Just A Wee Bit to Sojos Complete Dog Food Mix for my two year old Dachshund Frankie. Frankie ate Sojos Complete Dog Food Mix for a couple of days and then completely stopped. I currently purchase Solid Gold Just A Wee Bit for Frankie. Boogie's ""stinkies"" are eliminated.",positive,i initially ordered sojos complete dog food mix to eliminate our french bulldog puppy boogie s stinkies post research my boyfriend read that raw diet is the solution to stinkies sojos complete dog food mix is all natural convenient and smells flavorful sojos complete dog food mix is fresh and usually born within the same month of purchase i regret the lack of transition from solid gold just a wee bit to sojos complete dog food mix for my two year old dachshund frankie frankie ate sojos complete dog food mix for a couple of days and then completely stopped i currently purchase solid gold just a wee bit for frankie boogie s stinkies are eliminated,positive
95764,B001CX58IS,ABGKH1T5ASBWW,Cat lover,1,2,5,1265760000,Best chips ever!,"I have been looking everywhere for olive oil and rosemary potato chips since my local Italian grocer stopped carrying them. Was so surprised when I accidentally ran across them at Amazon and haven't been able to stop eating them since they arrived. These are the best chips I think I have ever had--fresh, crunchy, lightly flavored with rosemary, and best of all--made with heart healthy olive oil. I know that olive oil doesn't outweight the negative of eating these chips---but who cares--they're awesome!",positive,i have been looking everywhere for olive oil and rosemary potato chips since my local italian grocer stopped carrying them was so surprised when i accidentally ran across them at amazon and haven t been able to stop eating them since they arrived these are the best chips i think i have ever had fresh crunchy lightly flavored with rosemary and best of all made with heart healthy olive oil i know that olive oil doesn t outweight the negative of eating these chips but who cares they re awesome,positive
494531,B003G1ZRTY,A2WCB04X1TTSDS,A. Holloway,9,10,2,1288828800,Not for me!,"I tried.. I really tried... I honestly tried...but I couldn't eat these things.  I will stick to the kind i purchase locally int he grocery store as they are crisp (really crisp) and not bad on taste with 19% fiber.<br />Even though these Scandinavian brand was recommended by Dr. Os and lots of others I just can't handle them. Tsate is not good in my opinion, texture is horrible, and Sahara Desert sand would be more moist.  I bought a large quantity of these things so regret doing that.  I though thet would be like my regular Crispbread.  I might be good for others but not for me.",negative,i tried i really tried i honestly tried but i couldn t eat these things i will stick to the kind i purchase locally int he grocery store as they are crisp really crisp and not bad on taste with fiber even though these scandinavian brand was recommended by dr os and lots of others i just can t handle them tsate is not good in my opinion texture is horrible and sahara desert sand would be more moist i bought a large quantity of these things so regret doing that i though thet would be like my regular crispbread i might be good for others but not for me,negative
466947,B0015MY6PC,A3JJUCA6K4P31H,Elliot Knapp,0,0,5,1248307200,Great fruit snacks; not just for kids,"It's nice to see Clif branching out into a different range of products (like not just energy bars) without sacrificing the quality of ingredients that go into them.  These fruit snacks were great; nice flavor, not too small or too big, and obviously made from real strawberries.  There's not much else to say, other than that I'm not a kid and I'd buy these for myself.  Don't judge me!",positive,it s nice to see clif branching out into a different range of products like not just energy bars without sacrificing the quality of ingredients that go into them these fruit snacks were great nice flavor not too small or too big and obviously made from real strawberries there s not much else to say other than that i m not a kid and i d buy these for myself don t judge me,positive
210349,B001TM70V0,AUW5XC67E9MIL,"Cold In Seattle ""Penny Pinching""",4,4,5,1300924800,"Green Eggs & Chicken, 3 Paws Up (includes a 17 yo and 7 yo picky Debutantes). Great Human Grade Cat Food Experience","During the cat food recalls of 2007, I became aware that the dry food I always fed my cats was not a good diet. In fact - at the time - I prided myself on feeding cats @ $8.00 a month.  Luckily, this Generic was not using the Gluten that was the cause of the Recalls.  After trying various tastes, my budget and cats decided on Holistic (use to be Eagle Pack Holistic) Chicken dry and Wellness Chicken Grain Free.<br /><br />Then, we had a problem with the Wellness Canned Cat Food Recently (it was pulled from Amazon - and now my Canned Chicken food doesn't show up in a review).  I then went to the Wellpet site, and noticed mostly dry food was offered from many online retailers.  THIS told me something was afoot - and I went back to the forum which helped me with cat food research.  Unfortunately, many folks had gone back to fish as a main part of their cats food.  However, they did bring up the rotation aspect - this means never feeding the same type of cat food concurrently, and also picking up some locally first, to make sure your cats will eat the darn thing.<br /><br />Locally, Chicken was the least affected of the Wellness foods, and the store I get it from, Wellness is manufactured at ANI (code begins MW).  This means I could also get a food that was produced at Menu/Simmons.  However, Weruva was raved about in the forums, so without knowing where it was manufactured - I gave a few cans a shot (Green Eggs & Chicken was the first flavor I read - so that is what I tried).  All cats slopped that food right up with no ill effects (Siberia is a 13 yo with sensi tummy issues, and there were none with this food - even after he gulped it up).<br /><br />I then looked up Weruva on the Internet, and found out it was manufactured in Thailand.  This first gave me pause, but they do guarantee Human Grade Food, and the food in the cans look quite edible (and no, I'm not eating it - but in an emergency ;-).<br /><br />Amazon has a better deal on this food than my local retailer. So my order for the cans went in (I had read some negative reviews here about the quality of the food, but with the Amazon Guarantee - how can you go wrong?)  I am pleased to announce that the food received from Amazon looked and tasted (according to the cats), as good as that purchased locally.  So for Weruva, Amazon has my business.<br /><br />With rotation, you can circumvent the cost of Weruva in a multi-cat household, AND being on a fixed income, through rotating.  I've settled on four canned food varieties, and one dry food (I may also be inclined to try some Weruva Paw Licken' Chicken, but for now - I have plenty of food).  The cost for multi-cat households is also offset by buying the larger canned varieties - 12.5oz to 13oz, and learning how to store them in the Refrigerator.<br /><br />On Amazon, I recommend the following:<br /><br /><a href=""http://www.amazon.com/gp/product/B001TM70WY"">Weruva Green Eggs & Chicken Cat Food, 5.5-Ounce Cans (Pack of 24)</a><br />Wellness Adult Turkey Canned Cat Food (I prefer the Chicken, but until it reappears, this will do just as well).<br /><a href=""http://www.amazon.com/gp/product/B000WFMCCM"">Felidae Canned Cat Food for Adult Cats and Kittens, Chicken and Rice Formula in Chicken Broth (Pack of 12 13 Ounce Cans)</a> (Its not grain free, but I personally don't like the mix for the regular, and neither do my cats).<br /><a href=""http://www.amazon.com/gp/product/B000F74248"">Innova Cat and Kitten Formula Canned Cat Food</a> (I had used it in 2007, and decided it wouldn't hurt them in a rotation.  Its the only wet food that contains some fish).<br /><a href=""http://www.amazon.com/gp/product/B0012PZ7U0"">Holistic Select Feline Radiant Adult and Kitten Health Chicken Meal Recipe Dry Cat Food, 3-Pound Bag</a> (I have tried to go all wet, but Baby Girl - 17, has had problems with all Grain Free, so a little dry didn't hurt her).<br /><br />I feed a little dry first thing in morning every day.  Then 1/2 can of one flavor, remainder placed in refrig plastic lid.  Then 1/2 can of another flavor, same storage.  The next day, those cans are used up by adding a little hot water and nuking from 5 to 8 secs (this depends on your microwave and amount of food).  The next day, we have 5.5 oz can of Weruva split between 3 cats, and 1/2 can of the last flavor.  The next day we have another 5.5 oz can, and the remainder of the previous can.  That is four days, fifth day we are back to the beginning.<br /><br />A side note, many supplement with Friskies canned in order to cut costs.  I personally have yet to get over the meat by-product thing.  However, if it would help your budget - <a href=""http://www.amazon.com/gp/product/B002CJAOR6"">Friskies Cat Food Classic Pate, Turkey & Giblets Dinner, 5.5-Ounce Cans (Pack of 24)</a> is THE best one to use for this purpose (no glutens).<br /><br />3 paws up for Weruva.",positive,during the cat food recalls of i became aware that the dry food i always fed my cats was not a good diet in fact at the time i prided myself on feeding cats a month luckily this generic was not using the gluten that was the cause of the recalls after trying various tastes my budget and cats decided on holistic use to be eagle pack holistic chicken dry and wellness chicken grain free then we had a problem with the wellness canned cat food recently it was pulled from amazon and now my canned chicken food doesn t show up in a review i then went to the wellpet site and noticed mostly dry food was offered from many online retailers this told me something was afoot and i went back to the forum which helped me with cat food research unfortunately many folks had gone back to fish as a main part of their cats food however they did bring up the rotation aspect this means never feeding the same type of cat food concurrently and also picking up some locally first to make sure your cats will eat the darn thing locally chicken was the least affected of the wellness foods and the store i get it from wellness is manufactured at ani code begins mw this means i could also get a food that was produced at menu simmons however weruva was raved about in the forums so without knowing where it was manufactured i gave a few cans a shot green eggs chicken was the first flavor i read so that is what i tried all cats slopped that food right up with no ill effects siberia is a yo with sensi tummy issues and there were none with this food even after he gulped it up i then looked up weruva on the internet and found out it was manufactured in thailand this first gave me pause but they do guarantee human grade food and the food in the cans look quite edible and no i m not eating it but in an emergency amazon has a better deal on this food than my local retailer so my order for the cans went in i had read some negative reviews here about the quality of the food but with the amazon guarantee how can you go wrong i am pleased to announce that the food received from amazon looked and tasted according to the cats as good as that purchased locally so for weruva amazon has my business with rotation you can circumvent the cost of weruva in a multi cat household and being on a fixed income through rotating i ve settled on four canned food varieties and one dry food i may also be inclined to try some weruva paw licken chicken but for now i have plenty of food the cost for multi cat households is also offset by buying the larger canned varieties oz to oz and learning how to store them in the refrigerator on amazon i recommend the following weruva green eggs chicken cat food ounce cans pack of wellness adult turkey canned cat food i prefer the chicken but until it reappears this will do just as well felidae canned cat food for adult cats and kittens chicken and rice formula in chicken broth pack of ounce cans its not grain free but i personally don t like the mix for the regular and neither do my cats innova cat and kitten formula canned cat food i had used it in and decided it wouldn t hurt them in a rotation its the only wet food that contains some fish holistic select feline radiant adult and kitten health chicken meal recipe dry cat food pound bag i have tried to go all wet but baby girl has had problems with all grain free so a little dry didn t hurt her i feed a little dry first thing in morning every day then can of one flavor remainder placed in refrig plastic lid then can of another flavor same storage the next day those cans are used up by adding a little hot water and nuking from to secs this depends on your microwave and amount of food the next day we have oz can of weruva split between cats and can of the last flavor the next day we have another oz can and the remainder of the previous can that is four days fifth day we are back to the beginning a side note many supplement with friskies canned in order to cut costs i personally have yet to get over the meat by product thing however if it would help your budget friskies cat food classic pate turkey giblets dinner ounce cans pack of is the best one to use for this purpose no glutens paws up for weruva,negative
436431,B001EQ5EWI,A3MFU0GVZUVH3K,"Betty L. Dravis ""BETTY DRAVIS, author/reviewer""",16,20,5,1211068800,"Not only saves $$$ ... It's tasty, terrific, healthy and easy!","We're suffering a heat wave, and it was a sweltering 103 degrees here yesterday. Since my air conditioner went out and the repairman couldn't come until Monday, my daughter Allie decided to get me out of the heat ... a drive to see some friends, followed by a nice dinner in a cool, relaxing restaurant.<br /><br />The ac in her car felt like Heaven, so after I got comfortable, I reached for my water bottle.  When I did, Allie handed me this tiny packet (resembled an elongated version of those packets of salt in fast-food places), instructing me to pour it into my water. She knew I liked Crystal Light lemonade, so thought I would like this too. My bottle held 16.9 ounces of water and since I had already drunk half, it was perfect for eight ounces of this delicious drink. I tapped the powder into the water, swirled the bottle to mix it well, then took a sample sip. I liked it so well, I gulped with gusto.<br /><br />I've always appreciated the health benefits of green tea and the flavor of mangos, so it was a no-brainer that I'd like this tasty beverage. How well my daughter knows me!<br /><br />Allie nodded when I told her I had never seen these tiny packets, since the lemonade had come in small tubs that made an entire pitcher, and she laughed when I raved over the convenience and ease of use, marveling at the genius of the manufacturer.<br /><br />When I came on-line to order this viitamin-enhanced green tea peach mango mixture and the lemonade for the kids, I did some quick math, realizing that when mixed with filtered tap water, the price per eight ounces is thirty-two and one-quarter cents a bottle. I prefer the 16-oz. bottles, so I use two of these packets, which figures to be sixty-four and a-half cents. ... Much cheaper than soda--and decidedly tastier and healthier!<br /><br />I ordered this mixture for myself and lemonade flavor for my grandchildren. Johnny doesn't like water too much, so hogs every bottle of soda that we buy. I plan to give him his own supply to take to school because they fit so easily into his pocket and are so easy to mix on the run.<br /><br />One final tip Allie passed on: Some of her friends simply add a half- or fourth-packet, preferring a milder refreshing.  Sounds good to me!  Thanks, Allie ... not only for treating me to dinner but for introducing me to a healthy new taste treat, one that I can mix on the go!<br /><br />Reviewed by: Betty Dravis, 2008<br />author of: Millennium Babe: The Prophecy",positive,we re suffering a heat wave and it was a sweltering degrees here yesterday since my air conditioner went out and the repairman couldn t come until monday my daughter allie decided to get me out of the heat a drive to see some friends followed by a nice dinner in a cool relaxing restaurant the ac in her car felt like heaven so after i got comfortable i reached for my water bottle when i did allie handed me this tiny packet resembled an elongated version of those packets of salt in fast food places instructing me to pour it into my water she knew i liked crystal light lemonade so thought i would like this too my bottle held ounces of water and since i had already drunk half it was perfect for eight ounces of this delicious drink i tapped the powder into the water swirled the bottle to mix it well then took a sample sip i liked it so well i gulped with gusto i ve always appreciated the health benefits of green tea and the flavor of mangos so it was a no brainer that i d like this tasty beverage how well my daughter knows me allie nodded when i told her i had never seen these tiny packets since the lemonade had come in small tubs that made an entire pitcher and she laughed when i raved over the convenience and ease of use marveling at the genius of the manufacturer when i came on line to order this viitamin enhanced green tea peach mango mixture and the lemonade for the kids i did some quick math realizing that when mixed with filtered tap water the price per eight ounces is thirty two and one quarter cents a bottle i prefer the oz bottles so i use two of these packets which figures to be sixty four and a half cents much cheaper than soda and decidedly tastier and healthier i ordered this mixture for myself and lemonade flavor for my grandchildren johnny doesn t like water too much so hogs every bottle of soda that we buy i plan to give him his own supply to take to school because they fit so easily into his pocket and are so easy to mix on the run one final tip allie passed on some of her friends simply add a half or fourth packet preferring a milder refreshing sounds good to me thanks allie not only for treating me to dinner but for introducing me to a healthy new taste treat one that i can mix on the go reviewed by betty dravis author of millennium babe the prophecy,positive
546127,B0009WSCRW,A2N3CVR8BVL4CU,KaLoCube,3,3,5,1197763200,It's expensive but definitely worth it!,"I really love these marzipan candies. They are great all year, but especially during the holiday season. This product has a fine almond taste  and it is NOT SO SWEET like the usual stuff which only tastes of sugar! Yes, they are expensive and the shipping is even more expensive, but for me they are worth it.",positive,i really love these marzipan candies they are great all year but especially during the holiday season this product has a fine almond taste and it is not so sweet like the usual stuff which only tastes of sugar yes they are expensive and the shipping is even more expensive but for me they are worth it,positive
337993,B003ZNXCIQ,AZ8J06AAWV990,Aisha W,0,0,5,1340928000,My dog loves these!,"My dog loves the flavor and texture of these bones! Since they are dried, they allow that stiff resistance for bigger dogs mouths without the rawhide. Great product.",positive,my dog loves the flavor and texture of these bones since they are dried they allow that stiff resistance for bigger dogs mouths without the rawhide great product,positive
237967,B00443W2W8,AVT1Y2EZL1ZMV,JJ,1,1,5,1323993600,A GREAT PRODUCT !!,"We Bought a cotton candy maker for a party, But I forgot to purchase the sugar candy floss when I purchased the machine. I purchased the 5 flavor pack from COTTON CANDY EXPRESS and it saved the day! The kids loved the flavors, not over powering but just right. The adults even had a good time. I must say it will bring out the kid in you. I also want to mention that it goes a long way so you get good servings out of all 5 containers. Buy this, you will be glad you did.",positive,we bought a cotton candy maker for a party but i forgot to purchase the sugar candy floss when i purchased the machine i purchased the flavor pack from cotton candy express and it saved the day the kids loved the flavors not over powering but just right the adults even had a good time i must say it will bring out the kid in you i also want to mention that it goes a long way so you get good servings out of all containers buy this you will be glad you did,positive
262507,B0007KLGC4,A1P51R2I1JDI5J,Sleepwalker,3,5,1,1297036800,YUCK.,"Me and my girlfriend were eager to try these out as they had three foods we like:  marshmallow, coconut, and chocolate.<br /><br />These candies somehow were able to disgust us.  They tasted old and the marshmallow inside had the most vile consistency.  To top it off, you could NOT even taste any of the coconut.<br /><br />Now i have a box of these nasty things sitting my drawer, I wouldn't even give these to my least liked friends.  They are that terrible.<br /><br />These were truly a disappointment.  I now know better to blindly trust the judgement of other shoppers of Amazon even when they all say the product is great.<br /><br />Just remember next time you see all the reviews on a product that are claiming its the best candy ever....caveat emptor.",negative,me and my girlfriend were eager to try these out as they had three foods we like marshmallow coconut and chocolate these candies somehow were able to disgust us they tasted old and the marshmallow inside had the most vile consistency to top it off you could not even taste any of the coconut now i have a box of these nasty things sitting my drawer i wouldn t even give these to my least liked friends they are that terrible these were truly a disappointment i now know better to blindly trust the judgement of other shoppers of amazon even when they all say the product is great just remember next time you see all the reviews on a product that are claiming its the best candy ever caveat emptor,negative
286716,B0021I5AKE,A21XUSS7STBPPY,"Laurence E. Spaner ""Lee Spaner""",3,4,5,1295222400,The greatest tea in the world.,"Its the right price , but if you love green tea you will pay any price for this tea. The roses in it are amazing and the taste is not to be believed. If you are a person who can take a chance in life on something new, then go for it. It has become one of my favorites only in the evening before bed. I have many teas none like this.<br />Most of my teas are from Rishi, a name you certainly can trust.<br />However, you always want to stay away from Morrocon Mint.LOL",positive,its the right price but if you love green tea you will pay any price for this tea the roses in it are amazing and the taste is not to be believed if you are a person who can take a chance in life on something new then go for it it has become one of my favorites only in the evening before bed i have many teas none like this most of my teas are from rishi a name you certainly can trust however you always want to stay away from morrocon mint lol,positive
253532,B002WQ21S4,A2EK1WCNYMAWO8,"Jane Gala ""Walking By Faith Mom""",0,0,4,1317254400,Great Gluten Free Pasta at a great price,"I found this GF pasta at WMart recently, and since it was inexpensive ($2.99) I bought a couple of bags. We had it last night for dinner. I was really suprised! It was firm (almost too aldente) and had a nice flavor. When compared to DeBoles it is no contest; Heartland wins. Tinkyada is what we normally buy, but with the price of Heartland & good taste I think I would choose it over Tinkyada for the pastas that are similar in shape. I only saw the Penne at WM, so Amazon has a better variety.<br /><br />I still will buy Tinkyada GF Pasta for shapes I need that I have not found in Heartland.",positive,i found this gf pasta at wmart recently and since it was inexpensive i bought a couple of bags we had it last night for dinner i was really suprised it was firm almost too aldente and had a nice flavor when compared to deboles it is no contest heartland wins tinkyada is what we normally buy but with the price of heartland good taste i think i would choose it over tinkyada for the pastas that are similar in shape i only saw the penne at wm so amazon has a better variety i still will buy tinkyada gf pasta for shapes i need that i have not found in heartland,positive
230236,B00004RYGX,A3FKPWE7YBKPCO,N. Marple,0,0,5,1217030400,Good Movie For Halloween,"This is a good classic movie to put on at Halloween.  It was in Geena DAvis, Alex Baldwin and Micheal Keaton earlier days.  They all did such a good job ... real cute movie",positive,this is a good classic movie to put on at halloween it was in geena davis alex baldwin and micheal keaton earlier days they all did such a good job real cute movie,positive
191997,B000Q5X876,A17YKKA6C49BN,"Ben's Mom ""First Time Mom""",0,0,4,1245628800,My son loves them....,"Great, quick snack for my toddler.  He loves them and I feel ""good"" about giving it to him.",positive,great quick snack for my toddler he loves them and i feel good about giving it to him,positive
245255,B0029XDZKI,A1IP1U8MPHTCL8,H. D. Klinkerman,0,0,5,1269648000,Great Treat,What a great find--my favorite coffee flavor with stress-free ordering and shipping.  And a really good price to add to its appeal.  My Keurig and I appreciate this product!,positive,what a great find my favorite coffee flavor with stress free ordering and shipping and a really good price to add to its appeal my keurig and i appreciate this product,positive
419127,B001KEWW7E,A1XSU4YEUW5P2H,Purely Golden,0,0,5,1266364800,"6"" Bully Stick","Perfect for the puppy chewing stage. Distracts the nipper, keeps the chewer busy for long periods of time. No mess!",positive,perfect for the puppy chewing stage distracts the nipper keeps the chewer busy for long periods of time no mess,positive
479502,B0002I0GVS,A93OVQE7171W0,GSrepo,3,3,2,1297900800,Dog doesn't like it.,"This was the first food I fed my puppy. She's always been skinny and we can leave food out for her to nibble on all day. That is until we switched to a different dog food (Wellness core). As soon she tried her new food she ate the whole bowl! It's only her third day eating the new stuff and she's already visibly gained weight. It's kinda sad to realize that she's just been forcing herself to eat this food.<br /><br />I give it 2 stars because there's nothing wrong with the ingredients that I know of, but make sure your dog is willing to eat this bland food.",negative,this was the first food i fed my puppy she s always been skinny and we can leave food out for her to nibble on all day that is until we switched to a different dog food wellness core as soon she tried her new food she ate the whole bowl it s only her third day eating the new stuff and she s already visibly gained weight it s kinda sad to realize that she s just been forcing herself to eat this food i give it stars because there s nothing wrong with the ingredients that i know of but make sure your dog is willing to eat this bland food,negative
335910,B0009XQWDM,A8KKVKZU3LK4Y,Chelsea Fox,1,1,5,1316304000,Canidae Dry Dog Food,"This is a great product. It is very healthy for all of our dogs, and it is the first food that they all love to eat. It helped my older dog lose weight and my 10 year old lab gain the weight he needed to be healthy.",positive,this is a great product it is very healthy for all of our dogs and it is the first food that they all love to eat it helped my older dog lose weight and my year old lab gain the weight he needed to be healthy,positive
211160,B00013VHFS,AFUB9A6DKAFTC,"M. CHau ""mad kitty""",0,1,4,1263168000,Fastachi Cranberry Nut Mix,"This is a great mix and very fresh.  I would have given it 5 star, the the 1 less star is because it is very pricey!  I can finish one bag in a couple hours.",positive,this is a great mix and very fresh i would have given it star the the less star is because it is very pricey i can finish one bag in a couple hours,positive
201292,B000GW46DE,A1EUNOH8MS18P5,Office Supplies,0,0,5,1299110400,Great taste!,"I order this for my office and everyone seems to love it. After much taste testing, we chose Jack Links for the great taste, variety, and value.",positive,i order this for my office and everyone seems to love it after much taste testing we chose jack links for the great taste variety and value,positive
230198,B00004RYGX,A3IPGCVNG88DSR,"S. Murphy ""Gadget Guru""",0,0,5,1348185600,Just gets better with age!,This is a review for Beetlejuice Blu-Ray.  The video transfer from Warner Bros. is pretty good given the films 25 yr pedigree.  On my disc you must manually select the Dolby TrueHD 5.1 lossless auidio track; it defaults to the Lossy DD 5.1.<br /><br />The Orig. 1.85:1 is slightly stretched to properly fill a 16:9 screen.  Danny Elfman's musical score is showing its age as it is not as crisp as a typical new movie.  Although it is noticebly better than the DVD audio track.<br /><br />It was a must have to fill my ever growing Blu-ray collection!,positive,this is a review for beetlejuice blu ray the video transfer from warner bros is pretty good given the films yr pedigree on my disc you must manually select the dolby truehd lossless auidio track it defaults to the lossy dd the orig is slightly stretched to properly fill a screen danny elfman s musical score is showing its age as it is not as crisp as a typical new movie although it is noticebly better than the dvd audio track it was a must have to fill my ever growing blu ray collection,negative
492723,B000FAABY0,ARKPP0PWZBDYS,abeja,0,0,5,1335052800,The Best and most safe,"My husband has always loved black licorice, but so many brands have artificial flavors. I discovered the Scottie Dogs at TJ Maxx and would buy every bag I could find, but suddenly they stopped carrying them. I was glad to find them through Amazon as we had checked at every candy store. Not only is this a true licorice, it is also soft and not sticky. One time a piece of sticky licorice pulled off a cap. Additionally, the flavor lasts longer than others. My husband sings and depends on Scotties to soothe his throat before a performance.",positive,my husband has always loved black licorice but so many brands have artificial flavors i discovered the scottie dogs at tj maxx and would buy every bag i could find but suddenly they stopped carrying them i was glad to find them through amazon as we had checked at every candy store not only is this a true licorice it is also soft and not sticky one time a piece of sticky licorice pulled off a cap additionally the flavor lasts longer than others my husband sings and depends on scotties to soothe his throat before a performance,positive
124424,B000084388,A1FQAE9EJTCIFK,"S. Daniel ""Ukdeelite""",2,2,5,1182816000,Great toy and teeth flosser for dogs!,Our dog loves this toy and so does our vet. He can't believe how clean our dog's teeth are because of this toy.,positive,our dog loves this toy and so does our vet he can t believe how clean our dog s teeth are because of this toy,negative
154599,B002AQ0OL2,A1X7WMTV1E3KEX,mitzi,0,0,2,1328486400,not strong enough,bought this recently and will not purchase again.  for someone who likes strong coffe this did not do it for me.,negative,bought this recently and will not purchase again for someone who likes strong coffe this did not do it for me,negative
501544,B009M2LUEW,A1KWFGX17RET5K,Scooterpdx,1,1,5,1252800000,Soda without guilt,"I love this stuff! I don't allow my kids to have soda at home, so they were pleasantly surprised when I brought this home. They love the cola and root beer the best. Great flavors without the all the corn syrup and sugars.",positive,i love this stuff i don t allow my kids to have soda at home so they were pleasantly surprised when i brought this home they love the cola and root beer the best great flavors without the all the corn syrup and sugars,positive
237901,B00472A4BM,A2P3BQNIAGDS8V,CTJodi,0,0,5,1349740800,Wonderful pasta,"First, beware that this is ""heavy"" pasta, as it should be.  It has a delicious taste; I shared some bags with friends and they all loved it too and got online and ordered from Amazon.  Highly recommend it, but do understand that it is a traditional heavy pasta.",positive,first beware that this is heavy pasta as it should be it has a delicious taste i shared some bags with friends and they all loved it too and got online and ordered from amazon highly recommend it but do understand that it is a traditional heavy pasta,positive
313118,B000LKU3K6,A221633P5RKKQ6,"Tammy ""California Girl""",6,7,5,1219190400,Great Vegan food!,"These jerky strips are delicious!  I've been a vegetarian for 13 years and I'm always looking for tasty vegetarian ""meat replacement"" foods.  These strips definitely work for me. I keep a couple in my car to snack on when I don't have time to stop and eat.  The texture is so ""meat-like"" you will question yourself and re-read the ingredients to be sure is isn't made from animal flesh. I bought a case of the Texas BBQ and a case of the Hickory Smoked.  They are both fantastic, and the Texas BBQ has a nice spicy kick! I think you'll really enjoy this product. I do. <a href=""http://www.amazon.com/gp/product/B000LKZD4W"">Primal Spirit Vegan Meat Alternative Jerky, Texas Barbecue Flavor, 1-Ounce Pouch  (Pack of 24)</a>",positive,these jerky strips are delicious i ve been a vegetarian for years and i m always looking for tasty vegetarian meat replacement foods these strips definitely work for me i keep a couple in my car to snack on when i don t have time to stop and eat the texture is so meat like you will question yourself and re read the ingredients to be sure is isn t made from animal flesh i bought a case of the texas bbq and a case of the hickory smoked they are both fantastic and the texas bbq has a nice spicy kick i think you ll really enjoy this product i do primal spirit vegan meat alternative jerky texas barbecue flavor ounce pouch pack of,positive
204557,B001QY03TC,A23KY3XMQYOB3D,LaVonne Wright,1,1,2,1321574400,let down,"this product did not meet my tastes. i expected more and actually hated the taste, but i am a very picky person, it is worth a try",negative,this product did not meet my tastes i expected more and actually hated the taste but i am a very picky person it is worth a try,positive
421202,B000G7X0MW,A9J5SLYXUCWO1,"Gwendolyn Norcross ""gardenia""",0,0,4,1337040000,Lundberg Countrywild,"Gourmet Blend, Whole Grain Brown Rice.  Yummy!  A tummy pleaser.  My husband LOVES this rice - a little more than I do. I've made three cups at a time rather than the two-cup recipe so that my husband will have some left over for an evening treat or next day treat.  I use Tones Chicken or Beef Base along with some Orzo and Spice Classics vegetable flakes, thereby making my own Rice-A-Roni.  My cupboard is full of rice.  I also bought the 6-pack of Lundberg Wild Rice and Brown Rice Blend.  I'm not worried about expiration dates as long as the rice stays dry.  I think we will use up both boxes this year.  Good stuff.",positive,gourmet blend whole grain brown rice yummy a tummy pleaser my husband loves this rice a little more than i do i ve made three cups at a time rather than the two cup recipe so that my husband will have some left over for an evening treat or next day treat i use tones chicken or beef base along with some orzo and spice classics vegetable flakes thereby making my own rice a roni my cupboard is full of rice i also bought the pack of lundberg wild rice and brown rice blend i m not worried about expiration dates as long as the rice stays dry i think we will use up both boxes this year good stuff,positive
482107,B0018KLPFK,A1H2MI0LQ2856G,"susie smith ""SS""",2,3,5,1170892800,fab healthy snack!,"its sooo good. yummy, filling, natural. what more could you ask for!",positive,its sooo good yummy filling natural what more could you ask for,positive
517491,B000RJVO0O,A361PLXEWB9UC1,"*Auntie Lynn* ""color & pigment specialist; wa...",2,2,5,1206748800,Mmmmmm,"I always worry when folks not from the southwest start cooking with jalapenos.  As a rule, they call mildly spicy foods by adjectives like BOLD.<br /><br />Don't get me wrong -- these are really good almonds. And they're soooo fresh they practically explode when you bite into them.  I intend to buy more.  But they've got just the smallest, itty-bittiest bit of jalapeno flavor to them.  And after the first two or three -- you can't even taste it at all, so basically it is a handful of smoked almonds.<br /><br />So far, all these ""bold"" varieties I've tried have been good.  But as far as I can tell, ""bold"" is just show-business for ""our newest flavors.""",positive,i always worry when folks not from the southwest start cooking with jalapenos as a rule they call mildly spicy foods by adjectives like bold don t get me wrong these are really good almonds and they re soooo fresh they practically explode when you bite into them i intend to buy more but they ve got just the smallest itty bittiest bit of jalapeno flavor to them and after the first two or three you can t even taste it at all so basically it is a handful of smoked almonds so far all these bold varieties i ve tried have been good but as far as i can tell bold is just show business for our newest flavors,negative
442018,B003760Z90,A2O4VJ1SOFIXLT,rmcbogie,1,1,5,1315008000,My cats delight.,My cat is so pleased with friskies she starts meowing when its time to eat. I do use the grinder to get it into smaller pieces. The price is so much cheaper than the stores for the same product. Join the<br />friskies cllub and save even more.,positive,my cat is so pleased with friskies she starts meowing when its time to eat i do use the grinder to get it into smaller pieces the price is so much cheaper than the stores for the same product join the friskies cllub and save even more,positive
343439,B00004RBDU,A2R5WKSDHN2NQY,Moondogie,0,0,1,1314230400,Flea Trap Paper,"I received the flea traps five and the waxed paper would not peal off so I could use them two per trap 12 total. You have to peel off top wax paper to reveal the sticky trap no luck.<br /><br />The extra packs I ordered were on back order and the paper pealed off them. The 12 free ones I had to toss. Hope they will replace bad ones. ( Don't think this will happen ).<br /><br />Moondogie<br />Denver, Co<br />August 24, 2011",negative,i received the flea traps five and the waxed paper would not peal off so i could use them two per trap total you have to peel off top wax paper to reveal the sticky trap no luck the extra packs i ordered were on back order and the paper pealed off them the free ones i had to toss hope they will replace bad ones don t think this will happen moondogie denver co august,negative
148229,B000PJMRWU,A2VL7RPMJSRL2I,"K. A. Tappe ""Incurable Book Worm""",1,1,4,1209945600,"Great cookies, bad shipping","I LOVE these cookies. They are liking eating mint chocolate chip ice cream, but without the calories. 10 calories per cookies, can't beat that! Nice little chocolate chip crunch as well. Those with food sensitivites, beware, the cookies are dyed green using FD&C Yellow No. 5.<br /><br />However... meringues, being the delicate little buggers that are, probably shouldn't be shipped excessively. My 6 containers had a lot of shards and dust in the bottom, but unlike the one other reviewer mentioning this, I would say that 80% of the cookies were still intact. Still, for a gift, might be better to buy them for a bit more money at your local Sh*pR*te or Wh*le F**ds (who generally carry the larger sized mint meringues.)",positive,i love these cookies they are liking eating mint chocolate chip ice cream but without the calories calories per cookies can t beat that nice little chocolate chip crunch as well those with food sensitivites beware the cookies are dyed green using fd c yellow no however meringues being the delicate little buggers that are probably shouldn t be shipped excessively my containers had a lot of shards and dust in the bottom but unlike the one other reviewer mentioning this i would say that of the cookies were still intact still for a gift might be better to buy them for a bit more money at your local sh pr te or wh le f ds who generally carry the larger sized mint meringues,negative
224870,B001ELLADK,A2MATLUO176SR1,Review,4,5,2,1243296000,Product of Chile -not mentioned in the description,"I was looking for a French grapeseed oil.  That is what I wanted.  I was fooled by the name and the fact that the product description makes no mention of the country of origin.<br /><br />Now, Chile is a leading exporter of agricultural products, and I am not critical of their products.  I am critical of how this product is marketed.<br /><br />Taste: Three stars.  The can I received looked to be a retail reject (dented).  The flavor was neutral as expected.  The color was slightly greener than others I have purchased, which I disliked.",negative,i was looking for a french grapeseed oil that is what i wanted i was fooled by the name and the fact that the product description makes no mention of the country of origin now chile is a leading exporter of agricultural products and i am not critical of their products i am critical of how this product is marketed taste three stars the can i received looked to be a retail reject dented the flavor was neutral as expected the color was slightly greener than others i have purchased which i disliked,negative
251556,B001SITYJ6,A1RTUXC9W70SIF,S. Guffey,6,6,5,1242950400,Great,"I bought this flavor for the first time at the store, when they were out of my favorite (Sweet N Hot). My kids (ages 4 and 2) were begging me for some when we got back to the car. I told them they could try it, but that it would be spicy. They agreed, took the small bites I gave them and continued to ask for more until the entire package was gone! The flavor is exactly as the title describes. It's sweet and spicy, and reminds me of a dish I would order at a Thai restaurant. It's not as Spicy as the Sweet N Hot, but it still has quite a kick. It's not my favorite flavor, but I still give it 5 stars for the great texture and good flavor (and the fact that my kids devoured it). I bought this package with my kids in mind. I am all for natural products that they enjoy!",positive,i bought this flavor for the first time at the store when they were out of my favorite sweet n hot my kids ages and were begging me for some when we got back to the car i told them they could try it but that it would be spicy they agreed took the small bites i gave them and continued to ask for more until the entire package was gone the flavor is exactly as the title describes it s sweet and spicy and reminds me of a dish i would order at a thai restaurant it s not as spicy as the sweet n hot but it still has quite a kick it s not my favorite flavor but i still give it stars for the great texture and good flavor and the fact that my kids devoured it i bought this package with my kids in mind i am all for natural products that they enjoy,negative
557897,B005HUVJ0I,A1AVPWGPV8ZOGZ,malcolmstewart,0,0,4,1325203200,I Like It!,"I'm having a cup of this coffee as I am writing this review. It was the deal most of all that made me buy this Tully's blend. I think Tully does make some of the best kcups I have had though. Love the Kona blend but now is quite expensive. This has a nice flavor to me but could be a bit stronger. That being said, if I get another deal on this blend, I will definately by it again.",positive,i m having a cup of this coffee as i am writing this review it was the deal most of all that made me buy this tully s blend i think tully does make some of the best kcups i have had though love the kona blend but now is quite expensive this has a nice flavor to me but could be a bit stronger that being said if i get another deal on this blend i will definately by it again,positive
1754,B001RVFDOO,A3SMY5NBC6XZ6G,L. Henry,0,0,5,1270598400,Great low-cal snack!,"For 100 calories a bag, these are the closest thing you will get to regular potato chips, they have great crunch and flavor.",positive,for calories a bag these are the closest thing you will get to regular potato chips they have great crunch and flavor,negative
513616,B000VK33C6,A2EZW502SEA2N9,Linda Freitag,88,89,5,1226448000,Newman's Own Organics Dog Food,"I cannot express enough how pleased I am with this dog food. I feed my 11 year old German Shepard, and my two year old Pittie Girl this food every day, and the benefits are astounding.  For most of my Shepards life I fed her a well known, vet recommended food, and yet she always had stomach problems.  Trying many things, it was not until I rescued, and I should really say she rescued me, and the dog food recall, that I began doing research on brands of food.  After a long investigation, I decided on Newman's Own, not only because there had been no recall on the food, but because of the ingredients, and that the proceeds going to charity. Now, choosing this brand, would mean that I would have to order it online, because my local stores did not carry it, but that was all right with me, because not only do I enjoy online ordering, but I am an older, disabled woman, and getting to the store and hauling in packages is very hard for me.  Well, I want to tell you, My 11 year old thrives on this food, with no more digestive issues, and a beautiful white coat, and she loves eating it with vigor. My two year old American Pit Bull Terrier, another love of my life, also thrives on this food, has the most beautiful shiny coat ever, and people say all the time how beautiful her coat is.  I do spoil my fur kids, but their health and well being is my number one priority.  I have just recently switched over feeding my 4 cats Newman's Own cat food, both dry and canned food, and since then, I have noticed the difference in the elimination of hair balls.  I know that I am truly a pet lover, but I believe that if you love your pets and want only the best well being for them, unnecessary medical issues, and all around good health, a good balanced, safe, natural food is the way to go.  I highly recommend Newman's Own dog and cat food.  I also feed my two dogs Newman's Own biscuits as treats.",positive,i cannot express enough how pleased i am with this dog food i feed my year old german shepard and my two year old pittie girl this food every day and the benefits are astounding for most of my shepards life i fed her a well known vet recommended food and yet she always had stomach problems trying many things it was not until i rescued and i should really say she rescued me and the dog food recall that i began doing research on brands of food after a long investigation i decided on newman s own not only because there had been no recall on the food but because of the ingredients and that the proceeds going to charity now choosing this brand would mean that i would have to order it online because my local stores did not carry it but that was all right with me because not only do i enjoy online ordering but i am an older disabled woman and getting to the store and hauling in packages is very hard for me well i want to tell you my year old thrives on this food with no more digestive issues and a beautiful white coat and she loves eating it with vigor my two year old american pit bull terrier another love of my life also thrives on this food has the most beautiful shiny coat ever and people say all the time how beautiful her coat is i do spoil my fur kids but their health and well being is my number one priority i have just recently switched over feeding my cats newman s own cat food both dry and canned food and since then i have noticed the difference in the elimination of hair balls i know that i am truly a pet lover but i believe that if you love your pets and want only the best well being for them unnecessary medical issues and all around good health a good balanced safe natural food is the way to go i highly recommend newman s own dog and cat food i also feed my two dogs newman s own biscuits as treats,positive
99864,B003Y19D82,A2SSAXVEXOLK3H,Dylan,0,0,5,1319414400,Price raise,"Started ordering this with the subscribe and save option, prices used to be $12.81, then they're $15.73, and now it appears to have went up to $17.",positive,started ordering this with the subscribe and save option prices used to be then they re and now it appears to have went up to,negative
502831,B000LKWXRM,A3QFVEQNX2FQ8P,"Deja Vu ""Angela""",1,2,5,1236816000,Hard to Resist!,"The Duplex cookies are delicious!  It is difficult to keep a package in the cabinet for long periods of time because everyone needs ""just one more.""  Excellent organic cookie that I will be purchasing regularly.",positive,the duplex cookies are delicious it is difficult to keep a package in the cabinet for long periods of time because everyone needs just one more excellent organic cookie that i will be purchasing regularly,neutral
59477,B002SN8AH2,A2XG4XBSHGFJE6,Eve,0,0,4,1316044800,Nice flavor,My baby likes the flavor. The only reason this is missing a star is that I wish this is organic.,positive,my baby likes the flavor the only reason this is missing a star is that i wish this is organic,negative
463603,B004QDA8WC,A170WPF1CUA9ZH,Dani,0,0,5,1341619200,Really Good Chai Latte,"If you like Chai Latte tea and don't want to fuss with making it the 'old Fashion"" way, this is a good alternative.  Of course, you have to own a K-Cup coffee machine.  I've bought a few of these boxes of 24 k-cups.  The last time I ordered them they came in a package of 2 boxes (48 total) for about $32.  Now it looks like amazon is selling them as 1 box (24 k-cups) for about $18.  To me the key to buying this (or almost any item) on amazon is to do a search first.  There are many different sellers here and they all seem to have different prices and a different number of k-cups in their boxes.  Some add shipping and some have free shipping.<br /><br />As far as the tea goes, I really like it and would highly recommend it!",positive,if you like chai latte tea and don t want to fuss with making it the old fashion way this is a good alternative of course you have to own a k cup coffee machine i ve bought a few of these boxes of k cups the last time i ordered them they came in a package of boxes total for about now it looks like amazon is selling them as box k cups for about to me the key to buying this or almost any item on amazon is to do a search first there are many different sellers here and they all seem to have different prices and a different number of k cups in their boxes some add shipping and some have free shipping as far as the tea goes i really like it and would highly recommend it,negative
35304,B002DVVP6W,A1I4CBX3YJ0T6R,ronb,0,0,5,1335312000,Great Healthy Snack,Somersaults are a terrific snack...addictive really.  Healthier than most snacks and very convenient packaging.  Be warned you will want more.,positive,somersaults are a terrific snack addictive really healthier than most snacks and very convenient packaging be warned you will want more,positive
378123,B008FHUGNQ,A206N14SKZP8VH,"Bonnie D. ""bondem777""",0,0,5,1350259200,Perfect for my Iced Coffee,"Needed a strong coffee for the iced coffee I love to make, something that wouldn't taste weak loaded with ice, and this is it.  Wonderful rich flavor, even in a cup of ice.",positive,needed a strong coffee for the iced coffee i love to make something that wouldn t taste weak loaded with ice and this is it wonderful rich flavor even in a cup of ice,positive
171556,B000FSH3MA,A34H55BL0JP3G6,everythingryan,0,0,4,1293926400,best beef jerky ive had in a long time,this tastes like home made beef jerky to me. there is also a ton of it in one bag. for 20.00 i thought it might be a little pricey but its a good deal compared to store brands and a lot better. i did not find the meat to soy saucey or tough like some others mentioned. i went ahead and bought another bag.,positive,this tastes like home made beef jerky to me there is also a ton of it in one bag for i thought it might be a little pricey but its a good deal compared to store brands and a lot better i did not find the meat to soy saucey or tough like some others mentioned i went ahead and bought another bag,neutral
327122,B000Y3F4UE,A39WMIUJSCX9S6,"Animal Lover ""Millie""",1,1,4,1324425600,My dogs love these Bully Sticks!,About once or twice a month I enjoy hours of peace while my three dogs enjoy their bully sticks. The medium size dog goes through them in two the three hours. The other small dogs can get four times as much time out of them. I think the braided bully's last longer as they are three bully's twisted together. These did not have any significant smell to them. I do not let my dogs chew on anything without me being right there to watch over them in case of choking. I thought that these bully's were well worth the price.,positive,about once or twice a month i enjoy hours of peace while my three dogs enjoy their bully sticks the medium size dog goes through them in two the three hours the other small dogs can get four times as much time out of them i think the braided bully s last longer as they are three bully s twisted together these did not have any significant smell to them i do not let my dogs chew on anything without me being right there to watch over them in case of choking i thought that these bully s were well worth the price,negative
246826,B003C5RLGG,A27GVC4UW8FFOA,bully,0,0,5,1291507200,look no further!,"I have a english bulldog that has never had a solid stool in his life (1 year old) I have tried numerous foods, even home cooked - this stuff is great! He loves it and had solid stools right away! look no further! try this food - you will be glad you did (and your dog will!)",positive,i have a english bulldog that has never had a solid stool in his life year old i have tried numerous foods even home cooked this stuff is great he loves it and had solid stools right away look no further try this food you will be glad you did and your dog will,positive
392888,B003VXL0V6,A64D484BZKW7C,mai nomura,0,0,4,1336003200,thanks!!!,"great service and delivery for a really good product. i am constantly looking for a good hazelnut coffee and so far this is the best, along with green mountain...",positive,great service and delivery for a really good product i am constantly looking for a good hazelnut coffee and so far this is the best along with green mountain,positive
370112,B00016UX1E,A1W05NSMY0JFUO,"1000Books ""1000Books""",8,9,5,1257811200,Known to be one of the best,"I use to purchase this brand, but over the years it's gotten more and more expensive (I use a lot of oyster sauce).  That said, I used to purchase it exclusively because it was the best. If you are looking for one of the best, then definitely purchase this one. Otherwise, you can get the non-premium Lee Kim Kee or Panda Brand.",positive,i use to purchase this brand but over the years it s gotten more and more expensive i use a lot of oyster sauce that said i used to purchase it exclusively because it was the best if you are looking for one of the best then definitely purchase this one otherwise you can get the non premium lee kim kee or panda brand,negative
145031,B004ESXE70,A3JXPGYLNXJZB5,"J. Robatzek ""jody r""",7,7,5,1305590400,good variety,"I bought this variety pack as a recently bought a breadmachine. I received a bag of cornmeal, pastry flour, whole wheat bread flour, and unbleached bread flour. The product itself is good,it rises nicely, and the price was much cheaper than buying from the grocery store.",positive,i bought this variety pack as a recently bought a breadmachine i received a bag of cornmeal pastry flour whole wheat bread flour and unbleached bread flour the product itself is good it rises nicely and the price was much cheaper than buying from the grocery store,positive
72080,B007K449CE,A3DIS5O83SQJWW,"D. Rapson ""geekacres""",0,0,4,1338854400,A good alternative,"I recently had the opportunity to try the CLEAR MEN SCALP THERAPY and I was pleasantly surprised. Like many, I'm a long time <a href=""http://www.amazon.com/gp/product/B001F51RNI"">Head & Shoulders Classic Clean Dandruff Shampoo 23.7 Fluid ounce (Pack of 2)</a> guy. But I'm always open to other solutions. For the time that I have been using the shampoo, it does seem to be doing a good job at handling my dandruff. At least as well as the old standby, H&S. The bottle says its scent is a mix of ginseng, tea, and mint. Its a good blend, pleasant - without being overpowering. With the product being relatively new, Amazon seems to be trying to price it competitively. The bottle itself has a convenient, self-contained flip top that dispenses the shampoo easily without spilling too much out at any one time. If I have any gripe, its that the bottle does seem to be smaller than those I am used to, so there's less product.",positive,i recently had the opportunity to try the clear men scalp therapy and i was pleasantly surprised like many i m a long time head shoulders classic clean dandruff shampoo fluid ounce pack of guy but i m always open to other solutions for the time that i have been using the shampoo it does seem to be doing a good job at handling my dandruff at least as well as the old standby h s the bottle says its scent is a mix of ginseng tea and mint its a good blend pleasant without being overpowering with the product being relatively new amazon seems to be trying to price it competitively the bottle itself has a convenient self contained flip top that dispenses the shampoo easily without spilling too much out at any one time if i have any gripe its that the bottle does seem to be smaller than those i am used to so there s less product,positive
9645,B001LXYA5Q,A2PNCZT8WTWT3A,"Sybil Dorsett ""qvcnut""",2,8,1,1295222400,Pass on the HYPE...Save Yourself Some Bank!,"Not much to say, other than the product solicitation is all hype! I carefully followed the directions on the packaging of the ""mberry Miracle Fruit Tablets"" and the results were about as miraculous as one of those potato chips baring the face of Mary Magdelene! Sorry ""Believers of Miracles""... this is one that won't make ""The Tonight Show""!",negative,not much to say other than the product solicitation is all hype i carefully followed the directions on the packaging of the mberry miracle fruit tablets and the results were about as miraculous as one of those potato chips baring the face of mary magdelene sorry believers of miracles this is one that won t make the tonight show,negative
481145,B000WN5L5E,A10UFDBFY89V1C,"Joyce Maddux Jennings ""Gift Giver""",0,0,4,1231372800,Cookies for Cats to Enjoy,Our cats loved the liver treats. Packaging tore during shipping so had to patch the packet.,positive,our cats loved the liver treats packaging tore during shipping so had to patch the packet,negative
93810,B001EO6CLW,ATMHSONJ55YN6,B. Clark,0,0,3,1332979200,"Not real bad, but not good enough to try again.","On our search for that perfect beef jerky, we came across this promising beef jerky.<br /><br />This beef jerky comes in a resealable bag, so you don't have to eat it all at one sitting or transfer it to a resealable container.<br /><br />The taste is on the sweet side, salty, not too smokey & not too hot (spicy), but that's a good thing.  The pieces range from ""huge"" to tiny.  I didn't find any gristle or inedible pieces.  My son said he noticed an unpleasant aftertaste.<br /><br />This beef jerky isn't terrible, but in our opinion, it's not good enough for another try.",neutral,on our search for that perfect beef jerky we came across this promising beef jerky this beef jerky comes in a resealable bag so you don t have to eat it all at one sitting or transfer it to a resealable container the taste is on the sweet side salty not too smokey not too hot spicy but that s a good thing the pieces range from huge to tiny i didn t find any gristle or inedible pieces my son said he noticed an unpleasant aftertaste this beef jerky isn t terrible but in our opinion it s not good enough for another try,negative
241427,B0018CG13Y,A239IN9RW930IA,kristixs,2,2,4,1332806400,Mid-Grade Cat Food Product for a Great Price,"This product has better grade materials used to create it than other ""general feed"" brands such as Fri$kies, Me0w M!x, Pur1na, etc because they are essentially just a bunch of fillers, this has at least some chicken meal as the main ingredient setting it far above them in quality. At a price of 30 for 40LB its less than a dollar pound, and the cheapest food prices i have seen are around 60 - 75 cents per lb so its a great price considering its quality. You can use this as a filler mixed in with better brands if your cats dont get snobby and refuse to eat the cheaper stuff when better food is in the bowl with it. Diamond makes another version, <a href=""http://www.amazon.com/gp/product/B000OH73FO"">Diamond Naturals Dry Food for Adult Cats, Active Cat Chicken and Rice Formula, 18 Pound Bag</a>  which is a premium type and much healthier. This mixes well 60/40 with it so i dont spend a fortune and they get very healthy meals. My cats like this just as much as the premium. I have a public wish list of other brands of healthy premium food here on amazon at good prices (around 1.50 - 2.00 lb)if anyone is interested. Hope this helps all your kitties!",positive,this product has better grade materials used to create it than other general feed brands such as fri kies me w m x pur na etc because they are essentially just a bunch of fillers this has at least some chicken meal as the main ingredient setting it far above them in quality at a price of for lb its less than a dollar pound and the cheapest food prices i have seen are around cents per lb so its a great price considering its quality you can use this as a filler mixed in with better brands if your cats dont get snobby and refuse to eat the cheaper stuff when better food is in the bowl with it diamond makes another version diamond naturals dry food for adult cats active cat chicken and rice formula pound bag which is a premium type and much healthier this mixes well with it so i dont spend a fortune and they get very healthy meals my cats like this just as much as the premium i have a public wish list of other brands of healthy premium food here on amazon at good prices around lb if anyone is interested hope this helps all your kitties,negative
378847,B000LKV2YW,AHLHMD64KH0AB,"Minime ""Sandy""",0,0,5,1347321600,Love these beans.,"I never thought I would ever eat black beans, the thought of even the name was ykkk. I tried Eden's Organic Carribean black beans & now I'm a convert. Forget everyday plain black beans, Eden's is above them all & they are organic. I use them as an add in for wraps, and just as a side dish, instead of Kidney beans in Chilli, I use Eden's Black beans. And I use Amazon for most of my online orders, love them!",positive,i never thought i would ever eat black beans the thought of even the name was ykkk i tried eden s organic carribean black beans now i m a convert forget everyday plain black beans eden s is above them all they are organic i use them as an add in for wraps and just as a side dish instead of kidney beans in chilli i use eden s black beans and i use amazon for most of my online orders love them,positive
140571,B0024V5LYI,A3R8LMCMV86PML,christie,0,0,5,1345939200,very tasty,I've tried many of the MTR ready to eat meals and this is one of the tastiest. I will buy again.,positive,i ve tried many of the mtr ready to eat meals and this is one of the tastiest i will buy again,positive
431015,B005GEYS94,A10080F3BO83XV,Shirley Clipner-Spencer,8,9,5,1335571200,Great Item to Try,"I use this in my lunches that I pack everyday. I trust the ingredients and the flavors are quenching. I use empty water bottles to pre mix the Propel and set in refrigerator to chill before I put it into the lunch box with an ice block. I will carry extra with me to a restaurant and do not have to pay 2.00 for one drink, I order water and use my own flavor, it is cheaper on the restaurant bill for me.",positive,i use this in my lunches that i pack everyday i trust the ingredients and the flavors are quenching i use empty water bottles to pre mix the propel and set in refrigerator to chill before i put it into the lunch box with an ice block i will carry extra with me to a restaurant and do not have to pay for one drink i order water and use my own flavor it is cheaper on the restaurant bill for me,neutral
300104,B007BENTO2,A1TRF1LYABI4X0,352pro,0,0,5,1348876800,"Thank you, Amazon! Zagnuts are the best!!","Thank you, Amazon! Oh my God, I can finally find Zagnuts! These are hands down, no question the absolute best candy bar on earth. When I was a kid, I searched every candy store I visited in hope of finding Zagnuts. Nobody carried them. The only sellers were random gas stations that I would come across during a family road trip. When I found one, I would empty my pockets of every dollar I had to buy as many as possible.<br /><br />I just received my package yesterday. Yesterday was the first time I had had a Zagnut in about 10 years. It's exactly how I remember it. Just to give you an idea how much I love these things, yesterday was the first candy bar I had had in over one year...no Snickers, Mars Bars,...anything like that. Yet I've already had two Zagnuts this morning. Cheers.",positive,thank you amazon oh my god i can finally find zagnuts these are hands down no question the absolute best candy bar on earth when i was a kid i searched every candy store i visited in hope of finding zagnuts nobody carried them the only sellers were random gas stations that i would come across during a family road trip when i found one i would empty my pockets of every dollar i had to buy as many as possible i just received my package yesterday yesterday was the first time i had had a zagnut in about years it s exactly how i remember it just to give you an idea how much i love these things yesterday was the first candy bar i had had in over one year no snickers mars bars anything like that yet i ve already had two zagnuts this morning cheers,positive
49825,B000EUIZ8K,AIQRUBULCEZNA,M. Hunerberg,0,0,5,1252368000,zen,great for making iced green tea. same stuff they use at starbucks and the price of one box is about the same as they charge for a large drink!,positive,great for making iced green tea same stuff they use at starbucks and the price of one box is about the same as they charge for a large drink,negative
276498,B004WZ4HC6,A1SAC729TVBB8M,CharlotteRT,1,5,2,1334620800,Review,"I'll stick with plain or spinach. Did like that it was fettuccine instead of angel hair. Nothing really wrong with it, just didn't impress me as worth the difference.",negative,i ll stick with plain or spinach did like that it was fettuccine instead of angel hair nothing really wrong with it just didn t impress me as worth the difference,negative
63485,B002IEZJMA,A303SURN4JXPS8,Maggie,5,8,4,1305676800,Very smooth taste,"Very flavor of this canned expresso. Better than the starbucks one.<br />Thus, the Calories should be only 50 instead of 100 in this product description. I will say great item for expresso lover",positive,very flavor of this canned expresso better than the starbucks one thus the calories should be only instead of in this product description i will say great item for expresso lover,positive
11585,B001EQ4JS8,A34UUVK87O7M0D,ChristoP,0,0,5,1313625600,Heaven In A Tin,"I've been drinking other brands of black tea, but I'm going to switch to this one. Other English Breakfast mixes taste like strong black tea. Good, but not worth writing about. This one tastes like ... I can't put names to all the things happening in my mouth; but I know the blend is worth every penny.",positive,i ve been drinking other brands of black tea but i m going to switch to this one other english breakfast mixes taste like strong black tea good but not worth writing about this one tastes like i can t put names to all the things happening in my mouth but i know the blend is worth every penny,positive
457771,B000FIWIWU,A1QLF8UW2LPDWW,BlueAZ,0,0,5,1338940800,I'm in Love with these!,"I like to suck on a xylitol candy while working, and have had others before.  But these Xyla Licorice ones knock my socks off!  High-definition flavor and all natural ingredients.  No sugar-coating, just compressed tablets of flavor bliss!  In case you don't know, xylitol is the one sweetner that's good for teeth.  With these, I'm not only getting that benefit, but the herbal benefits of licorice, anise and fennel.  Love it!!",positive,i like to suck on a xylitol candy while working and have had others before but these xyla licorice ones knock my socks off high definition flavor and all natural ingredients no sugar coating just compressed tablets of flavor bliss in case you don t know xylitol is the one sweetner that s good for teeth with these i m not only getting that benefit but the herbal benefits of licorice anise and fennel love it,positive
206207,B001HTI5XC,AIGQR3T8EWZOB,Quincy,2,2,5,1325462400,Refreshed -- anytime of the day.,"I had this tea first at a local bar and was shocked at the complexity of its mint flavors.  Add the tea to a glass of ice and you truly have a great, refreshing beverage.  One of the best iced teas I have ever tasted.",positive,i had this tea first at a local bar and was shocked at the complexity of its mint flavors add the tea to a glass of ice and you truly have a great refreshing beverage one of the best iced teas i have ever tasted,positive
100940,B00497XVW4,ANYFFX3SIZ57U,suzie,0,1,2,1319587200,Shipment successful,"This chips weren't as crispy as I'd hoped.  The package and box indicate they are 'crispy', but they seemed a bit stale.",negative,this chips weren t as crispy as i d hoped the package and box indicate they are crispy but they seemed a bit stale,negative
376473,B001F2AV42,A14HQ5J8BOOBI,"C. Newman ""RetLEO""",1,1,5,1316995200,My Dogs Love It!,"With one dog who'll eat anything and another who's quite finicky it was good to find something they both liked.  Not a ""stand alone"" food, it's meant to be mixed with kibble for a complete diet.  My fussy boy loves it...and he doesn't love much!",positive,with one dog who ll eat anything and another who s quite finicky it was good to find something they both liked not a stand alone food it s meant to be mixed with kibble for a complete diet my fussy boy loves it and he doesn t love much,negative
360767,B00020HHHC,A22CJHEXKM5Z8F,Alley,0,1,1,1306972800,This stuff Smells so baaaad,This tea smells so bad I cant get the smell outta my house.  I know Valerian root doesn't smell like roses but this smell is putrid.  The affects work ok but not the best,negative,this tea smells so bad i cant get the smell outta my house i know valerian root doesn t smell like roses but this smell is putrid the affects work ok but not the best,negative
510549,B004VLVMPG,AYGJ96W5KQMUJ,SJP,4,4,5,1326326400,Love this flour!,"I know I can get Asian sweet rice flour somewhat cheaper, and I've tried it.  It comes in boxes that don't reseal or in flimsy plastic bags that I find somewhat difficult to handle.  I find the Bob's Red Mill sweet rice worth the small difference in price.  I trust their products, and the bags are the same as those for their other GF flours - a nice size, and a shape that isn't difficult to handle - I can stand one up on the counter while measuring from it, and don't spill flour all over the place.",positive,i know i can get asian sweet rice flour somewhat cheaper and i ve tried it it comes in boxes that don t reseal or in flimsy plastic bags that i find somewhat difficult to handle i find the bob s red mill sweet rice worth the small difference in price i trust their products and the bags are the same as those for their other gf flours a nice size and a shape that isn t difficult to handle i can stand one up on the counter while measuring from it and don t spill flour all over the place,negative
48569,B006H34CUS,A27OLJFSHW6SP,residentevilbmm,0,0,3,1343174400,Quaker Soft Baked Banana Nut Bar,"Muffins with out the mess! Easy portable on the go snack!Kids love them,and adults do too! Quaker is a brand you can trust.",neutral,muffins with out the mess easy portable on the go snack kids love them and adults do too quaker is a brand you can trust,positive
54221,B007Q3VIAA,AF8QHJ5POU1WX,Reema Siddiqui,0,0,5,1347235200,LOVE the chocolate,"I absolutely love the chocolate macaroons. They taste like german chocolate cake in a bite. These are very high in MCT's and therefore make a great pre-cardio munch -on or even before training. I gave the blonde macaroons to my boyfriend as a gift because he likes those better. The empty tins are being used as containers for jewelery, you;ve got to love the crown design on them, they actually look pretty nice placed on your dressing table.",positive,i absolutely love the chocolate macaroons they taste like german chocolate cake in a bite these are very high in mct s and therefore make a great pre cardio munch on or even before training i gave the blonde macaroons to my boyfriend as a gift because he likes those better the empty tins are being used as containers for jewelery you ve got to love the crown design on them they actually look pretty nice placed on your dressing table,positive
309211,B000WFNW4O,A25JMYLCBYKEKL,Griffin Girl,3,3,5,1301184000,Wellness is excellent!,"My pups LOVE this food!  WELLNESS products have consistently proven to be top of the line food for dogs and cats and their Chicken Stew is no exception!<br />This is so well made and although the sauce is kinda slimy, it is a healthy slimy and one that nourishes my dearest of creatures!  Please note that this food is not meant as a dish all unto itself, but rather, it is a food topper to go with dry food nuggets.  Together the nutrition abounds!",positive,my pups love this food wellness products have consistently proven to be top of the line food for dogs and cats and their chicken stew is no exception this is so well made and although the sauce is kinda slimy it is a healthy slimy and one that nourishes my dearest of creatures please note that this food is not meant as a dish all unto itself but rather it is a food topper to go with dry food nuggets together the nutrition abounds,positive
91207,B006G1C6K4,A26NFIQ7KWI8Y7,kt rose,0,0,5,1329696000,saved my Keurig,"I was so disappointed when I tried my new Keurig.  The coffee was weak and some of it tasted like bad diner coffee.  The Starbucks French Roast k-cup saved it for me.  Flavorful, strong without bitterness or ""diner"" taste.  I brew the 7oz size.<br /><br />For reference purposes my in store drink is a Starbucks Americano.<br /><br />My favorite k-cups are:<br />Starbucks French Roast<br />Starbucks Caffe Verona<br />Starbucks Pike Place Roast<br />Green Mountain Xtra Bold Sumatran Reserve<br />Green Mountain Double Black Diamond<br />Green Mountain Revv<br />Green Mountain Dark Magic<br /><br />Other k-cups I've tried:  Coffee People Jet Fuel ,Green Mountain Dark Magic Decaf, Emeril Jazzed up Decaf, Starbucks Caffe Verona, Coffee People Black Tiger,  Starbucks House Blend, Starbucks Breakfast Blend, Starbucks Sumatra, Wolfgang Puck French Roast, Green Mountain Lake and Lodge, Green Mountain French Roast, Caribou Mahogony, Wolfgang Puck Sumatra Kopi Raya, Emeril Big Easy Bold",positive,i was so disappointed when i tried my new keurig the coffee was weak and some of it tasted like bad diner coffee the starbucks french roast k cup saved it for me flavorful strong without bitterness or diner taste i brew the oz size for reference purposes my in store drink is a starbucks americano my favorite k cups are starbucks french roast starbucks caffe verona starbucks pike place roast green mountain xtra bold sumatran reserve green mountain double black diamond green mountain revv green mountain dark magic other k cups i ve tried coffee people jet fuel green mountain dark magic decaf emeril jazzed up decaf starbucks caffe verona coffee people black tiger starbucks house blend starbucks breakfast blend starbucks sumatra wolfgang puck french roast green mountain lake and lodge green mountain french roast caribou mahogony wolfgang puck sumatra kopi raya emeril big easy bold,negative
331976,B0058AMYTC,A3M174IC0VXOS2,Gail Cooke,2,3,5,1245024000,"CRISPY, CRUNCHY, AND ROBUST","We've long enjoyed this brand of chip, so when we began to think seriously about limiting out salt intake we were particularly pleased to find these.<br /><br />  Granted I bought them somewhat reluctantly because I'm a confirmed salt-aholic, generously sprinkling it on everything from eggs to green beans.  I was more than pleasantly surprised as these chips have a very satisfying robust taste and are crispy to boot.<br /><br />  How nice to be able to munch on these without worrying about too much salt.",positive,we ve long enjoyed this brand of chip so when we began to think seriously about limiting out salt intake we were particularly pleased to find these granted i bought them somewhat reluctantly because i m a confirmed salt aholic generously sprinkling it on everything from eggs to green beans i was more than pleasantly surprised as these chips have a very satisfying robust taste and are crispy to boot how nice to be able to munch on these without worrying about too much salt,positive
67881,B000G6MBUA,A2JFHMA59G55MJ,MisterJym,2,2,5,1329091200,Favorite Kettle flavor and a great value!,"After reading some of the reviews, I got nervous and opened a bag from my recent order expecting the worst! No worries here. All bags are in great shape and expiration dates aren't until June. Chips, at least from the first bag, taste like they are supposed to and all is good in the world! By the way, fifteen bags for under thirty dollars is a ton less expensive than the going price around here at the local grocery store so, yay team!",positive,after reading some of the reviews i got nervous and opened a bag from my recent order expecting the worst no worries here all bags are in great shape and expiration dates aren t until june chips at least from the first bag taste like they are supposed to and all is good in the world by the way fifteen bags for under thirty dollars is a ton less expensive than the going price around here at the local grocery store so yay team,positive
80711,B000MXHQR0,A3EI12AOWO9O66,J. Li,0,1,4,1311292800,Could be better,"I bought several case of it, thinking my little baby girl will like it.  Nope, she does not like it mixed with water or milk.  It does not mix well with soup.  Since it has a mild sweet taste to it, it will ruin the flavor of the soup.  She is picky, what can I say.<br /><br />Finally, after many tries, we finally figured out a way to feed her the cereal:  mix the cereal with formula/milk; pour into a pan and warm it up on the stove; while heating it up, stir constantly to ensure they are mixed together; once well mixed, let it cool and then pour into bottle to feed.  I had to cut the silicone nipple in order to accommodate the thick liquid.<br /><br />We feed her this mix once or twice daily.  As she grows, formula/milk alone do not last as long as they used to.  To keep her stomach content, night time feeding is essential, so she does not awake from hunger in the middle of the night.  A bit of work, but I think it is worth it.",positive,i bought several case of it thinking my little baby girl will like it nope she does not like it mixed with water or milk it does not mix well with soup since it has a mild sweet taste to it it will ruin the flavor of the soup she is picky what can i say finally after many tries we finally figured out a way to feed her the cereal mix the cereal with formula milk pour into a pan and warm it up on the stove while heating it up stir constantly to ensure they are mixed together once well mixed let it cool and then pour into bottle to feed i had to cut the silicone nipple in order to accommodate the thick liquid we feed her this mix once or twice daily as she grows formula milk alone do not last as long as they used to to keep her stomach content night time feeding is essential so she does not awake from hunger in the middle of the night a bit of work but i think it is worth it,negative
350280,B001VS62GQ,AS8NWX6417U50,Eric Klein,0,0,3,1297209600,"Tasty, but not that useful for me","These are really tasty, and make a decent snack, but I've found that they aren't that helpful for running. When I'm doing a long run (10+ miles), they are too sweet, and leave my mouth feeling weird. I had also thought I was ordering the version w/ caffeine, but... appears not (mea culpa). Anyway, lastly, don't seem to give my system much of a boost, so... these go into the snack pile, but I'll not be using them for endurance sports.",neutral,these are really tasty and make a decent snack but i ve found that they aren t that helpful for running when i m doing a long run miles they are too sweet and leave my mouth feeling weird i had also thought i was ordering the version w caffeine but appears not mea culpa anyway lastly don t seem to give my system much of a boost so these go into the snack pile but i ll not be using them for endurance sports,negative
444466,B000LRH6DQ,A2CCDK0WAOAC62,iluvcats,6,6,5,1267920000,The best basmati rice we've found,"We eat a lot of basmati rice and the Royal brand is our favorite.  It has a superior flavor and aroma over the other basmatis we've tried, and the grains cook up so much nicer and fluffier.<br /><br />To truly appreciate this fine rice, I would highly recommend following the directions to rinse the rice first.  It DOES make a difference.",positive,we eat a lot of basmati rice and the royal brand is our favorite it has a superior flavor and aroma over the other basmatis we ve tried and the grains cook up so much nicer and fluffier to truly appreciate this fine rice i would highly recommend following the directions to rinse the rice first it does make a difference,positive
136457,B006Q820X0,A1V5DV8U5V8JXQ,Marcos,7,15,1,1333929600,Poor KCup manufacturing and OK coffee-- UPDATE,"I received this last week and was surprised that there were coffee grounds all over the amazon box.  I thought it might be one of the kcups inside had broken and that was the case but it appeared that none of the kcups inside were damaged.  That being said the outside packaging looked promising, great design.  Overall I have been underwhelmed by the quality of the coffee.  It tastes old and weak.  Plus the Kcups look like they were hand done and don't have the uniformity I would expect from a professional Kcup manufacturer. I've ordered multiple different brews from the Brooklyn Bean Roastery so I'm hoping some of the next versions will be done with higher quality.  While it isn't my favorite coffee by any means it is drinkable and I'm going to try different size cups to see if I can get it to be a bit more bold and rich.<br /><br />-----UPDATE:<br />So I finally received the rest of my order Fuhgeddaboudit and Cyclone.  All of these have been less than average.  The kcup packaging is flawed in each case I received.  I also dislike all of the different coffee styles.  Each one tastes like the grounds are dry and stale.  Although I'd like to blame quality control I really think the coffee itself is just bad. Either way I will definitely not be buying coffee from this company again and I would warn everyone reading these reviews to stay away as well.  All their 5 star reviews are from people that don't have verified orders.<br /><br />I wasted my money... don't waste yours.",negative,i received this last week and was surprised that there were coffee grounds all over the amazon box i thought it might be one of the kcups inside had broken and that was the case but it appeared that none of the kcups inside were damaged that being said the outside packaging looked promising great design overall i have been underwhelmed by the quality of the coffee it tastes old and weak plus the kcups look like they were hand done and don t have the uniformity i would expect from a professional kcup manufacturer i ve ordered multiple different brews from the brooklyn bean roastery so i m hoping some of the next versions will be done with higher quality while it isn t my favorite coffee by any means it is drinkable and i m going to try different size cups to see if i can get it to be a bit more bold and rich update so i finally received the rest of my order fuhgeddaboudit and cyclone all of these have been less than average the kcup packaging is flawed in each case i received i also dislike all of the different coffee styles each one tastes like the grounds are dry and stale although i d like to blame quality control i really think the coffee itself is just bad either way i will definitely not be buying coffee from this company again and i would warn everyone reading these reviews to stay away as well all their star reviews are from people that don t have verified orders i wasted my money don t waste yours,negative
209676,B00474JKPG,A3J3JVKUCDMX4T,Elizabeth S. Crozier,0,0,5,1320278400,GREAT LEMON TASTE,"I love lemon on everything, especially on vegetables.  With these little packages, I can even take them with me to the restaurants.  THey are also great poured into cans of diet SPRITE.  It adds a little more zest to my drinks.  I love this product!",positive,i love lemon on everything especially on vegetables with these little packages i can even take them with me to the restaurants they are also great poured into cans of diet sprite it adds a little more zest to my drinks i love this product,positive
147266,B000GZUBAS,A2OG9GXCPHFFFH,Mom to Lovely Lizzie,2,2,4,1203552000,Great for my baby,"I bought these purely from the reveiws here as I had never heard of them.  My 6.5 month old seems to really like them and its the only thing that I let her feed herself.  She makes a bit of a mess (of course) but seems to like to feed herself and does really well with them - I was concerned as I just started giving her any solids at 5.5 months.  I watch her closely, of course, but she has not had any trouble with the crackers at all so far.  I've tasted them and they are quite good.",positive,i bought these purely from the reveiws here as i had never heard of them my month old seems to really like them and its the only thing that i let her feed herself she makes a bit of a mess of course but seems to like to feed herself and does really well with them i was concerned as i just started giving her any solids at months i watch her closely of course but she has not had any trouble with the crackers at all so far i ve tasted them and they are quite good,positive
283248,B002ACSA7G,A3KZT9QS67FGFD,"C. A. Mcmanus ""Ms.LaDeeDa""",0,0,5,1252972800,Yummy,"Yummy and healthy don't necessarily always go together in the same sentence -- but these grilled cheese puffs are a hit in our house. And the good news is I don't feel guilty about having them around!<br /><br />For the record I love cheesy stuff and my 2 kids do as well. These have great crunch, cheesy flavor and are suprisingly low in calories and fat.-- 120 cal. 5 gm fat per one ounce serving. Comparatively, an ounce of Cheetos contains 10 grams of fat per serving.<br /><br />Can you say ""yum?""<br /><br />Best yet: For those with wheat/gluten intolerance these are fabulously gluten-free. My nephew has Celiac's Disease and can't eat many snacks. He can eat these and LOVES them.<br /><br />Healthy and tasty can in fact gloriously co-exist...and these little puffs prove it!!",positive,yummy and healthy don t necessarily always go together in the same sentence but these grilled cheese puffs are a hit in our house and the good news is i don t feel guilty about having them around for the record i love cheesy stuff and my kids do as well these have great crunch cheesy flavor and are suprisingly low in calories and fat cal gm fat per one ounce serving comparatively an ounce of cheetos contains grams of fat per serving can you say yum best yet for those with wheat gluten intolerance these are fabulously gluten free my nephew has celiac s disease and can t eat many snacks he can eat these and loves them healthy and tasty can in fact gloriously co exist and these little puffs prove it,negative
163599,B002ADB8X8,A1MVQ241XL5E4N,Jon986,0,0,5,1312761600,really cool,"These seeds turn puffy and expand when they soak in water. Then, they can be added to drinks for texture. They have a very slight licorice flavor. The notable experience using these seeds is that they add texture to drinks. Some traditional Indian drinks use them. I have, however, used them in cold teas, juices, and other mixtures. It is said that they can cool the core temperature of the body. I have not experienced this.",positive,these seeds turn puffy and expand when they soak in water then they can be added to drinks for texture they have a very slight licorice flavor the notable experience using these seeds is that they add texture to drinks some traditional indian drinks use them i have however used them in cold teas juices and other mixtures it is said that they can cool the core temperature of the body i have not experienced this,positive
288473,B000ENUC3S,A2QN7FECIWB7D2,"Pm Rodgers ""pmiker""",0,1,5,1312070400,Real Cherry Flavor,"While I did not at any time imagine that I was eating a real piece of pie, the flavor of real cherries is there.  Not too many ingredients so I did not have to worry about allergies.  It caused no stomach distress during bicycle riding.",positive,while i did not at any time imagine that i was eating a real piece of pie the flavor of real cherries is there not too many ingredients so i did not have to worry about allergies it caused no stomach distress during bicycle riding,positive
508381,B000FDQV3C,AUEU401H66HL1,shopping crazy,0,0,5,1255910400,Great tasting soup and it saves time,I love this Lentil soup. I was thrilled to see it available on Amazon.com. It can be difficult to find in the grocery store.<br />The price is terrific on Amazon!,positive,i love this lentil soup i was thrilled to see it available on amazon com it can be difficult to find in the grocery store the price is terrific on amazon,positive
420665,B008JKSJJ2,A1HA8EAOD4VAHL,R. Lahr,1,1,4,1341360000,dark chocolate balls,"This dark chocolate candy covers a center of blueberry and Acai berriesm and the peanut butter is not prominent. Very tasty! I wish the chocolate covering were more dense, as it gets on your hands during hot weather.",positive,this dark chocolate candy covers a center of blueberry and acai berriesm and the peanut butter is not prominent very tasty i wish the chocolate covering were more dense as it gets on your hands during hot weather,negative
121649,B002ANCDMS,A34VRVJ0DKQ5NF,"Moretti ""Moretti""",2,2,5,1289088000,Great for our discriminating feline friends,"Our cats love this food. One of them is elderly  and doesn't normally eat enough---but she pays attention when we open one of these cans. She is doing very well on it. Our kitten, though, is now spoiled rotten and doesn't want anything else! They both like it better than canned tuna, which is saying a lot. They also really like the ""tuna so cool"" flavor. The one flavor they weren't crazy about was the tuna and vegetables, big surprise.",positive,our cats love this food one of them is elderly and doesn t normally eat enough but she pays attention when we open one of these cans she is doing very well on it our kitten though is now spoiled rotten and doesn t want anything else they both like it better than canned tuna which is saying a lot they also really like the tuna so cool flavor the one flavor they weren t crazy about was the tuna and vegetables big surprise,positive
103742,B000Q6XR0S,A2DEVM6T8AAV6N,SigEpHunter,0,0,5,1323302400,Delicious!,"Our whole family (daddy, mommy, and 16 month old) love these!  They're delicious and healthy, what more could we ask for!",positive,our whole family daddy mommy and month old love these they re delicious and healthy what more could we ask for,positive
249942,B006Q7YG56,A28WXDXJA1P0MC,T. Casto,0,0,5,1345593600,My 3 dogs loved these,"I have a bullmastiff, Rottweiler, and shih tzu who looooved these. Not many come in the bag so if you have big dogs they might not be worth it to spend money on, but I broke these into quarters for my shih tzu. Due to so many pet food and treat recalls over the last couple years I am wary about many things I feed my pets. These being made in the U.S. made me more comfortable than some things made in China. I will stock these for my small dog but at the price they are now I won't buy them for my large dogs.",positive,i have a bullmastiff rottweiler and shih tzu who looooved these not many come in the bag so if you have big dogs they might not be worth it to spend money on but i broke these into quarters for my shih tzu due to so many pet food and treat recalls over the last couple years i am wary about many things i feed my pets these being made in the u s made me more comfortable than some things made in china i will stock these for my small dog but at the price they are now i won t buy them for my large dogs,negative
481577,B008BLFJXI,A1SO1PGDNVMLXC,kalyson,2,5,1,1316044800,Aspartame is unacceptable as an ingredient,"""Ingredients:<br />The list of ingredients can be found under the Nutrition Facts label. Fiber One Original contains whole grain wheat, corn bran, modified wheat starch, guar gum, color, cellulose gum, salt, baking soda, corn oil and aspartame. The use of aspartame is controversial. The Center for Science in the Public Interest has requested the U.S. Food and Drug Administration to review a recent study conducted by the Ramazzini Foundation regarding the occurrence of tumors in laboratory animals given aspartame. You may be better off avoiding cereals with aspartame, also known as NutraSweet and Equal, opting for ones with real sugar, or maybe no sugar at all.""<br />--LiveStrong article<br /><br />The flavor was good, but some of these ingredients are pretty questionable from a health perspective.  I had to stop using it, sad to say.",negative,ingredients the list of ingredients can be found under the nutrition facts label fiber one original contains whole grain wheat corn bran modified wheat starch guar gum color cellulose gum salt baking soda corn oil and aspartame the use of aspartame is controversial the center for science in the public interest has requested the u s food and drug administration to review a recent study conducted by the ramazzini foundation regarding the occurrence of tumors in laboratory animals given aspartame you may be better off avoiding cereals with aspartame also known as nutrasweet and equal opting for ones with real sugar or maybe no sugar at all livestrong article the flavor was good but some of these ingredients are pretty questionable from a health perspective i had to stop using it sad to say,negative
383510,B00451WLYI,A31SJB4ACVTQ5F,tolly's mom,1,1,5,1300233600,easy....quick....convenient,"We are northwest coffee snobs.  My husband makes our coffee each morning with our espresso machine.  It makes us happy.  But we have done alot of travel in the last six months.  We had a system of grinding our beans and doing a cup at a time with our coffee that we brought with us.  We ran out in the middle of not coffee country.  We did find a Starbucks and got some Via to tide us over.  It isn't the Americano my husband does for us at home, but it has become a good substitute when we are traveling.  Still love our own beans...but this is good.  Certainly not like any other instant I have tasted...much, much, much better.",positive,we are northwest coffee snobs my husband makes our coffee each morning with our espresso machine it makes us happy but we have done alot of travel in the last six months we had a system of grinding our beans and doing a cup at a time with our coffee that we brought with us we ran out in the middle of not coffee country we did find a starbucks and got some via to tide us over it isn t the americano my husband does for us at home but it has become a good substitute when we are traveling still love our own beans but this is good certainly not like any other instant i have tasted much much much better,positive
503370,B000MUK2P6,A1JYWQQPAIZ5UE,"CO Finn ""engineer""",1,1,5,1283040000,Go Raw charges $63 a box,"How do you get $103 for a box of 30?  The product is fabulous but I won't buy from this retailer!  That's what I would be charged if I bought each bar individually at full price in a store, maybe.... plus tax.",positive,how do you get for a box of the product is fabulous but i won t buy from this retailer that s what i would be charged if i bought each bar individually at full price in a store maybe plus tax,negative
381859,B003UKFW8W,A1YUL9PCJR3JTY,"O. Brown ""Ms. O. Khannah-Brown""",1,1,5,1282003200,Lovely Lemon Ginger Green Tea,"*****<br />Stash's Organic Premium Lemon Ginger Green Tea has the pure, true flavor of ginger and lemongrass---not flavorings. I am not usually a fan of Stash's teas, but this premium tea is as good as much more expensive and higher-end teas. Everything in this tea is organic---the organic ginger, the organic green tea, and the organic lemongrass. Although it does contain caffeine, I think it is a much milder green tea, because I tasted the ginger and lemongrass dramatically more than the green tea. This balance made the tea even more enjoyable---a sort of different kind of teasan, one balanced with a little green tea.<br /><br />Stash Tea has been around for over 35 years, and I love the direction they are moving with their teas, towards more organic and loose teas, more true flavors instead of artificial flavorings.<br /><br />I would highly recommend Stash's Organic Premium Lemon Ginger Green Tea unless you do not care for ginger or for spicier teas; otherwise you are certain to be delighted!<br /><br />Highly recommended.<br />*****",positive,stash s organic premium lemon ginger green tea has the pure true flavor of ginger and lemongrass not flavorings i am not usually a fan of stash s teas but this premium tea is as good as much more expensive and higher end teas everything in this tea is organic the organic ginger the organic green tea and the organic lemongrass although it does contain caffeine i think it is a much milder green tea because i tasted the ginger and lemongrass dramatically more than the green tea this balance made the tea even more enjoyable a sort of different kind of teasan one balanced with a little green tea stash tea has been around for over years and i love the direction they are moving with their teas towards more organic and loose teas more true flavors instead of artificial flavorings i would highly recommend stash s organic premium lemon ginger green tea unless you do not care for ginger or for spicier teas otherwise you are certain to be delighted highly recommended,positive
430307,B005K4Q1T0,A19N2TU4D31BT6,Lee Strain,0,0,4,1327449600,Peppermint is our favorite,"All three tastes rich and chocolaty, not chalky at all. We were surprised how good they are, better than any other K-cup cocoa we've tried.",positive,all three tastes rich and chocolaty not chalky at all we were surprised how good they are better than any other k cup cocoa we ve tried,positive
213315,B007RTR898,ANEEEFP4BL7ZX,"Lynda Lippin ""Lynda Lippin""",0,0,3,1336003200,A Decent Shampoo,"Texture is good, smell is a bit strong for me (like perfume). Cleans well, but the conditioner doesn't feel like it rinses out fully. My hair feels a bit heavy/oily after use.",neutral,texture is good smell is a bit strong for me like perfume cleans well but the conditioner doesn t feel like it rinses out fully my hair feels a bit heavy oily after use,negative
146886,B005GRCWDU,A1NBXGOYDE9ORV,M. Hendry,0,0,5,1329004800,smooth and bitter free,Having tried many different ground coffee for my espresso maker this one is rich and tasty.<br />Where it really stands out for me and my family is there is no bitter taste that is present in a lot of other coffee we have tried.,positive,having tried many different ground coffee for my espresso maker this one is rich and tasty where it really stands out for me and my family is there is no bitter taste that is present in a lot of other coffee we have tried,positive
474560,B0019SP8UO,A1CRIZ7FCVX1HT,Tammy,2,3,4,1227312000,Very nice change.  Tasty.,"This coffee is very good. It is a nice change from the other Senseo pods. I have been buying more pods from Melitta and others just to change it up.  It was nice to try one from Senseo.  The chocolate is subtle, as others have mentioned.  But you can tell its there. I recommend it!!",positive,this coffee is very good it is a nice change from the other senseo pods i have been buying more pods from melitta and others just to change it up it was nice to try one from senseo the chocolate is subtle as others have mentioned but you can tell its there i recommend it,positive
550686,B004YV7KGS,AGIL17YL359KL,ritodelpadre,0,0,4,1330300800,Good coffee substitute,"I wanted a coffee substitute with no caffeine.  This does the trick, although I do drink it with creamer and sugar.",positive,i wanted a coffee substitute with no caffeine this does the trick although i do drink it with creamer and sugar,negative
526184,B001ABOC4S,A3UXQ0ZA7VWAFH,"Lori Jean ""Reading Mom""",2,2,1,1226620800,This does NOT pass for Thai tea  :(,"If you're looking for something remotely close to the great Thai tea you get in good Thai restaurants (heck, even BAD Thai restaurants!) then this is NOT the product.  It doesn't taste like anything I've ever had.  Move along folks... nothing to see here.  What a disappointment.",negative,if you re looking for something remotely close to the great thai tea you get in good thai restaurants heck even bad thai restaurants then this is not the product it doesn t taste like anything i ve ever had move along folks nothing to see here what a disappointment,negative
191154,B004HZ1XSC,A11A2H6W4H87IC,Lynnielou,1,1,5,1317081600,Love this!,Tried it in the DR while on vacation and fell in love!  I usually have to frou-frou my coffee to make it drinkable; not this- a little milk is all I need!!  So glad I can buy it in the States now!  Try this stuff and you'll never want to settle again!  Starbucks has nothing on this!,positive,tried it in the dr while on vacation and fell in love i usually have to frou frou my coffee to make it drinkable not this a little milk is all i need so glad i can buy it in the states now try this stuff and you ll never want to settle again starbucks has nothing on this,negative
6925,B001LG945O,A2GF9I8Y6D3FFD,Professional Book Buyer,0,0,5,1305417600,"My Son's Favorite ""Soda""","We really have to limit additives and sugar for our son with Autism. Switch Orange Tangerine really fills the bill. He feels like he's getting ""real"" fizzy soda, and mommy is happy it's not loaded with chemicals and additives and actually has real juice in it. A total win-win.",positive,we really have to limit additives and sugar for our son with autism switch orange tangerine really fills the bill he feels like he s getting real fizzy soda and mommy is happy it s not loaded with chemicals and additives and actually has real juice in it a total win win,positive
137111,B001P05K7M,A3T5XX3QZUN8LI,Dragon77,0,1,5,1244764800,Excellent price & service!  Would certainly buy from again!,C.E.T. HEXtra Chews are the BEST on the market for cleaning the tartar buildup on your dog's teeth and freshening their breath!  Get them!  You won't be sorry.  :),positive,c e t hextra chews are the best on the market for cleaning the tartar buildup on your dog s teeth and freshening their breath get them you won t be sorry,positive
364006,B000G6RYOI,AS6MJDJM8NCKQ,Hazel M. Geier,0,0,5,1252713600,These chips are addictive,"These are great chips, low in fat, high in potassium. When I had difficulty finding them in Publix, I cheched out Amazon.com. Happy that I did. Not only is it more convenient, but less expensive, also!",positive,these are great chips low in fat high in potassium when i had difficulty finding them in publix i cheched out amazon com happy that i did not only is it more convenient but less expensive also,negative
250346,B001NXHY8Y,AECQLWLETPUFZ,Tamara Irving,0,1,5,1274572800,My toddler loves these,"Not only do my 3 year old like these but my 6 month old stares them down and can't wait to try them!I can't wait etiher, they are so much healthier than the other brands.",positive,not only do my year old like these but my month old stares them down and can t wait to try them i can t wait etiher they are so much healthier than the other brands,positive
62070,B000CQG8K8,A3JLECMNWC4LDY,Lorinzo,1,4,1,1326758400,Vicks Vapor Rub,"I'm really curious as to what ""blended black tea"", means. It doesn't say it on the ingredients list, but it smells and tastes just like menthol, camphor and eucalyptus oil, with a nice blend of cinnamon, which it does list. In removing it from the wrapper, it had such a strong aroma of Vick's Vapor Rub, that it gave me second thoughts as to whether it was safe to drink. However, I did want to try it, so here I am, alive and still kicking. The only positive thing I can say is that it has a nice cinnamon flavor that pleasantly lingers in my mouth, and the packaging is easy on the eyes. Not sure what the manufacturers were thinking though, in putting this product out in the public arena as a beverage. The ingredients are: blended black tea, ginger root, cinnamon, cinnamon oil, clove oil, allspice, nutemeg, clove, and cardamon oil. Because of the unknown element, I wouldn't be surprised if they started marketing it, as a familiar cold remedy. Todd Wilbur?...you missed one.",negative,i m really curious as to what blended black tea means it doesn t say it on the ingredients list but it smells and tastes just like menthol camphor and eucalyptus oil with a nice blend of cinnamon which it does list in removing it from the wrapper it had such a strong aroma of vick s vapor rub that it gave me second thoughts as to whether it was safe to drink however i did want to try it so here i am alive and still kicking the only positive thing i can say is that it has a nice cinnamon flavor that pleasantly lingers in my mouth and the packaging is easy on the eyes not sure what the manufacturers were thinking though in putting this product out in the public arena as a beverage the ingredients are blended black tea ginger root cinnamon cinnamon oil clove oil allspice nutemeg clove and cardamon oil because of the unknown element i wouldn t be surprised if they started marketing it as a familiar cold remedy todd wilbur you missed one,positive
390273,B002KEJYGA,AJWBU88HV78UB,"Jennifer Baier ""Jenni""",9,9,1,1315699200,It's actually 16.99 PER BOTTLE!!!!,"This purchase was an extreme disappointment to me. The item description states that it is a package of SIX bottles. I ordered two of this listing -- which means I should have received TWELVE bottles. I received two single twelve ounce bottles.<br /><br />Sent feedback, but no response from the seller. Stay away from these guys.",negative,this purchase was an extreme disappointment to me the item description states that it is a package of six bottles i ordered two of this listing which means i should have received twelve bottles i received two single twelve ounce bottles sent feedback but no response from the seller stay away from these guys,negative
334961,B003D4MW38,ACKAZVADOU8EG,K. Cirignano,1,1,5,1322438400,Great Bulk Product,"This tea is a great price, and is very good. I drink it almost every night before bed and have no complaints. Overall, great purchase.",positive,this tea is a great price and is very good i drink it almost every night before bed and have no complaints overall great purchase,positive
504007,B001E4S8GO,A127E9227N1AR7,tkn66,0,0,5,1308614400,Skippy Natural,"I was a bit skeptical at first because my kids love peanut butter but are very picky about it.  Skippy Natural passed the test easily.  They love it!  Will continue with the autoship as it will be gone before the next shipment.  Good job, Skippy and thanks Amazon for the easy purchase",positive,i was a bit skeptical at first because my kids love peanut butter but are very picky about it skippy natural passed the test easily they love it will continue with the autoship as it will be gone before the next shipment good job skippy and thanks amazon for the easy purchase,positive
203577,B004OQ257C,A2561PYW9TTMYD,Lori Calabrese &#34;Children's Books Examiner...,1,1,2,1316649600,Choose an all-natural sweetener like Stevia instead,"The SPLENDA® ESSENTIALS(tm) No Calorie Sweetener Products have the same taste as the regular SPLENDA® No Calorie Sweetener, so if you're a big Splenda user, you'll find that these will work well in your coffee, and anywhere else you might substitute sugar. Although they state that when cooking, you should expect to see some losses in the potency of the vitamins in the product with the heat exposure involved in cooking and baking, which makes sense.<br /><br />I like the idea of adding antioxidants to a widely used product, but you would think most people are getting their Vitamins C and E from a multi-vitamin, so I do wonder if this product is really necessary.<br /><br />I've been reading a lot about No Calorie Sweeteners lately and I used to use Splenda by the boatload, but I've learned that artificial sweeteners may put us in even greater metabolic danger than sugar or High Fructose Corn Syrup. If you're looking for a natural alternative, Stevia offers a safe, all-natural, alternative to these artificial sweeteners and Stevia is much sweeter than sugar and has none of sugar's unhealthy drawbacks.",negative,the splenda essentials tm no calorie sweetener products have the same taste as the regular splenda no calorie sweetener so if you re a big splenda user you ll find that these will work well in your coffee and anywhere else you might substitute sugar although they state that when cooking you should expect to see some losses in the potency of the vitamins in the product with the heat exposure involved in cooking and baking which makes sense i like the idea of adding antioxidants to a widely used product but you would think most people are getting their vitamins c and e from a multi vitamin so i do wonder if this product is really necessary i ve been reading a lot about no calorie sweeteners lately and i used to use splenda by the boatload but i ve learned that artificial sweeteners may put us in even greater metabolic danger than sugar or high fructose corn syrup if you re looking for a natural alternative stevia offers a safe all natural alternative to these artificial sweeteners and stevia is much sweeter than sugar and has none of sugar s unhealthy drawbacks,negative
260772,B002AK88SY,A1QB9DL94EXMUT,Shawn,30,38,3,1311465600,"Warning, non-diet syrup contains Sucralose (Splenda)","This stuff would be pretty good if it wasn't for the artificial sweetener.  I'm not sure why they insist on putting sucralose into a product labeled as non-diet, especially after touting that it contains real cane sugar.  It does, in fact, contain real sugar.  But the advantage is negated by the unmistakable aftertaste caused by the sucralose.<br /><br />I think they're trying to keep the calorie count down by creating a ""half diet"" drink.  But I don't like diet drinks.  I've never had one that didn't have some sort of weird taste or aftertaste.  I don't drink a lot of colas either, but I like to treat myself to one every now and then.  So, when I do drink one, I want one with real sugar, no HFCS, and no artificial sweeteners.  I used to seek out Mexican Coke for this, and I was hoping to get a similar product with the Sodastream.<br /><br />I think a lot of people are attracted to the Sodastream by the prospect of getting a purer product.  They're going to be disappointed by the presence of artificial sweeteners in these syrups.  It's not a big deal to me because I mostly use the Sodastream to make plain seltzer, but I'm sure their syrups would sell better if they would get rid of the sucralose.",neutral,this stuff would be pretty good if it wasn t for the artificial sweetener i m not sure why they insist on putting sucralose into a product labeled as non diet especially after touting that it contains real cane sugar it does in fact contain real sugar but the advantage is negated by the unmistakable aftertaste caused by the sucralose i think they re trying to keep the calorie count down by creating a half diet drink but i don t like diet drinks i ve never had one that didn t have some sort of weird taste or aftertaste i don t drink a lot of colas either but i like to treat myself to one every now and then so when i do drink one i want one with real sugar no hfcs and no artificial sweeteners i used to seek out mexican coke for this and i was hoping to get a similar product with the sodastream i think a lot of people are attracted to the sodastream by the prospect of getting a purer product they re going to be disappointed by the presence of artificial sweeteners in these syrups it s not a big deal to me because i mostly use the sodastream to make plain seltzer but i m sure their syrups would sell better if they would get rid of the sucralose,negative
456007,B0029JHX2S,A1UBYT0SXDGAL3,"J. Penrose ""Elvanion""",2,3,5,1255132800,Dangerously good snack food,"These things probably should be illegal.  I find them both hard to find and hard to resist.  if you like salty snacks, get a case of these and hoard them.  :)",positive,these things probably should be illegal i find them both hard to find and hard to resist if you like salty snacks get a case of these and hoard them,positive
308764,B0002MS8GY,A24R9TIX80FJV7,"Ocean Research ""OW""",0,0,5,1176854400,The Best!,"These coffee cakes are simply the best!!! Absolutely delicious.  They freeze perfectly too, so you can store them for when you have company.",positive,these coffee cakes are simply the best absolutely delicious they freeze perfectly too so you can store them for when you have company,positive
9942,B001CGTN1I,A2CB6F0TPMCCL2,J. L. Luu,7,10,4,1264032000,Cha Cha Cha Chia!~,"I got this here last week, its yummy.<br />I soak some in juice overnight and put it in smoothies<br />or mix it with yogurt.",positive,i got this here last week its yummy i soak some in juice overnight and put it in smoothies or mix it with yogurt,neutral
53163,B001BCUBFK,A2TEY65RIXGNBX,"A. Wolthers ""crazyroxygirl""",1,1,5,1308096000,Begging for more!!!!,My dogs love this food!!!  at times i see them picking out the dried veggies in this mix and eating those first....Kinda Funny!  well before i started my dogs on this food.... they were having some really bad gas problems.... They would stink me out of a room.... when they started eating this one.... No more Stinky gas!!!,positive,my dogs love this food at times i see them picking out the dried veggies in this mix and eating those first kinda funny well before i started my dogs on this food they were having some really bad gas problems they would stink me out of a room when they started eating this one no more stinky gas,negative
356330,B003SSWCJI,A3AGNSUSDXX21K,K. Lee,1,1,5,1321142400,Great Product,I love this supplement! It has helped me with stress and to improve the quality of my sleep. I feel that it also helps with muscle aches after working out.,positive,i love this supplement it has helped me with stress and to improve the quality of my sleep i feel that it also helps with muscle aches after working out,positive
358966,B003CIBPN8,A2S8DZBN24EV2J,"Sam Szeto ""Sam S""",6,13,5,1274227200,Best coconut water I've ever had,Love the taste. Dont know why this drink has such bad reviews but I personally like this much more than O.N.E's coconut water.,positive,love the taste dont know why this drink has such bad reviews but i personally like this much more than o n e s coconut water,positive
558396,B001KVPC8I,A368USVQJ2DUC,Sanibeljac,0,0,5,1349827200,The best tasting almonds; lower sodium is just a bonus,"I love nuts of all kinds, and eat some almonds and walnuts every day. I've tried all the brands of almonds--salted, unsalted, raw, dry-roasted, spiced, cocoa covered, you name it. These are by far the tastiest of all brands and types I've tried. Great texture, a hint of salt...just right. The only problem with these is that they're so delicious its hard to stop eating them. Plus, Amazon beats the store price. Love them...",positive,i love nuts of all kinds and eat some almonds and walnuts every day i ve tried all the brands of almonds salted unsalted raw dry roasted spiced cocoa covered you name it these are by far the tastiest of all brands and types i ve tried great texture a hint of salt just right the only problem with these is that they re so delicious its hard to stop eating them plus amazon beats the store price love them,positive
550681,B0046HTF1S,A2332SE5OE5R1S,"Robert Rodgers ""real deal""",0,1,4,1322092800,Healthy,"A very nice addition to my morning coffee routine. I mix this in with my morning coffee with no added sugar, and it fits the bill. Plus I like the fact that this is an organic product.",positive,a very nice addition to my morning coffee routine i mix this in with my morning coffee with no added sugar and it fits the bill plus i like the fact that this is an organic product,positive
213080,B003VIWN1M,A25JMYLCBYKEKL,Griffin Girl,3,3,5,1301184000,Wellness is excellent!,"My pups LOVE this food!  WELLNESS products have consistently proven to be top of the line food for dogs and cats and their Chicken Stew is no exception!<br />This is so well made and although the sauce is kinda slimy, it is a healthy slimy and one that nourishes my dearest of creatures!  Please note that this food is not meant as a dish all unto itself, but rather, it is a food topper to go with dry food nuggets.  Together the nutrition abounds!",positive,my pups love this food wellness products have consistently proven to be top of the line food for dogs and cats and their chicken stew is no exception this is so well made and although the sauce is kinda slimy it is a healthy slimy and one that nourishes my dearest of creatures please note that this food is not meant as a dish all unto itself but rather it is a food topper to go with dry food nuggets together the nutrition abounds,positive
194634,B003ZT61E2,A3E3GD3TABXKU1,Loren w Christensen,0,0,5,1321920000,Perfect,It's crazy stormy outside on this November day in Oregon and my cup of peppermint Mocha Latte hits the spot wonderfully. It's the perfect blend of mocha and peppermint to make a steaming cup of pleasure on such a yucky day.<br /><br />Another reviewer said she added a few t-spoons of this to her brownie batter and it turned out fantastic. So next time I'm going to have a cup and a brownie. Hello sugar high!<br /><br />I'm ordering more right now.,positive,it s crazy stormy outside on this november day in oregon and my cup of peppermint mocha latte hits the spot wonderfully it s the perfect blend of mocha and peppermint to make a steaming cup of pleasure on such a yucky day another reviewer said she added a few t spoons of this to her brownie batter and it turned out fantastic so next time i m going to have a cup and a brownie hello sugar high i m ordering more right now,positive
129065,B002AUF0UI,AINI5I3WFPNMF,Michelle F.,0,0,5,1257033600,Truly a Wonderful Thing!,"I have been gluten-free for over 5 years and dairy and soy-free for 9 months. My daughter has been corn-free for quite some time and gluten and dairy-free for the past 10 months. We were ecstatic when we learned about Glutenfreeda's Oatmeal being safe for both of us. It had been soooo long since I could make a packet of flavored oatmeal in a jiffy. And with my daughter's corn-allergy, it has been even longer for her. We are now in heaven and love all three flavors, but my daughter's favorite is the Maple Raisin. We eat it for breakfast, snacks, whatever. It isn't as sweet as we both like it, but a spoon of demerara organic sugar and we're both ready to enjoy.<br /><br />Anyone who can buy any brand or kind of instant oatmeal off the shelf just can not fathom our excitement, but it is truly a wonderful thing to be able to enjoy instant oatmeal again!!",positive,i have been gluten free for over years and dairy and soy free for months my daughter has been corn free for quite some time and gluten and dairy free for the past months we were ecstatic when we learned about glutenfreeda s oatmeal being safe for both of us it had been soooo long since i could make a packet of flavored oatmeal in a jiffy and with my daughter s corn allergy it has been even longer for her we are now in heaven and love all three flavors but my daughter s favorite is the maple raisin we eat it for breakfast snacks whatever it isn t as sweet as we both like it but a spoon of demerara organic sugar and we re both ready to enjoy anyone who can buy any brand or kind of instant oatmeal off the shelf just can not fathom our excitement but it is truly a wonderful thing to be able to enjoy instant oatmeal again,positive
456062,B002PB0RBO,A1NCAKTN4XQLM6,wheatfreebaby,0,0,4,1267228800,Great for little ones,"This is a great snack/animal cracker for young children who have many allergies.  My son loves to chew on crackers of any kind, but it is very hard to find ones that are free from all the food allergies he has.  These are perfect for when I need a snack for him when we are wandering around town.  Taste wise, they are ok, but since my son is only 18 months old and eats anything he is given, he's not too picky when it comes to flavor.  For a wheat free, nut free, egg free, dairy free, soy free cookie, they are not too bad.",positive,this is a great snack animal cracker for young children who have many allergies my son loves to chew on crackers of any kind but it is very hard to find ones that are free from all the food allergies he has these are perfect for when i need a snack for him when we are wandering around town taste wise they are ok but since my son is only months old and eats anything he is given he s not too picky when it comes to flavor for a wheat free nut free egg free dairy free soy free cookie they are not too bad,positive
156397,B000633Z8A,A2OWXUIXV9ES5M,"Nick Mancuso ""Nick""",10,10,5,1190246400,There's nothing better,"I can give her a tiny crumb and she'd be thrilled.  This bag is going to last me months.  She will do anything for a chance at a lamb munchie.<br /><br />When she was a puppy, she wouldn't touch any treats.  I brought her to a doggy bakery - we spent 15 minutes trying to get her to eat all sorts of treats.  Finally the lady pulls out one of these lamb treats and says 'when all else fails'.  Sure enough :)",positive,i can give her a tiny crumb and she d be thrilled this bag is going to last me months she will do anything for a chance at a lamb munchie when she was a puppy she wouldn t touch any treats i brought her to a doggy bakery we spent minutes trying to get her to eat all sorts of treats finally the lady pulls out one of these lamb treats and says when all else fails sure enough,negative
258708,B004CPCQBU,A2028C6JTZXEKR,Patricia G.,1,1,5,1339027200,Best mustard ever but hard to find,"Happy to get Heinz mustard,  everyone carries the ketchup but not the mustard.  I searched for a long time and had to sign up and wait for amazon to get it.  What can I say, throw out what you have for basic mustard and try the Heinz.",positive,happy to get heinz mustard everyone carries the ketchup but not the mustard i searched for a long time and had to sign up and wait for amazon to get it what can i say throw out what you have for basic mustard and try the heinz,negative
291435,B001E5E2I6,A153PPBMOAX9UD,YoRoss,0,0,1,1342569600,Maybe I'm just Spoiled,"Received this today. It was not good at all. Maybe I was just spoiled by another online company who specialized in dried fruits and nuts. I had only had their dried strawberries before. Their strawberries were accual strawberry size and excellants taste. These just a little larger than a raisin and don't taste very good. They took the rotten strawberries from the patch to make these. I will have to use them in salads, if I use them at all. I don't usually review products. But felt I had to review this one.",negative,received this today it was not good at all maybe i was just spoiled by another online company who specialized in dried fruits and nuts i had only had their dried strawberries before their strawberries were accual strawberry size and excellants taste these just a little larger than a raisin and don t taste very good they took the rotten strawberries from the patch to make these i will have to use them in salads if i use them at all i don t usually review products but felt i had to review this one,negative
35322,B000NNGQRA,A1NC21CAPUI380,Pogo and Pepe,3,5,5,1260748800,I love it!,"The first time I had this tea was at Starbucks, the Grove.  I had diarrhea that day, not feeling well, so I ordered this tea.  I was intrigued by the fine packaging and the fresh looking mint leaves in it.  The flavor was soothing, my stomach felt much better after that.  This is how I got to know Harney & Sons... I love their teas but one flavor...",positive,the first time i had this tea was at starbucks the grove i had diarrhea that day not feeling well so i ordered this tea i was intrigued by the fine packaging and the fresh looking mint leaves in it the flavor was soothing my stomach felt much better after that this is how i got to know harney sons i love their teas but one flavor,positive
515507,B000RI1W9S,A2CPZEKW5LE7JQ,Chetan Shenoy,1,1,5,1343952000,Best Sunflower Seeds EVER,"I'm not one to resort to hyperbole but as sunflower seed enthusiast, these seeds are great. To be fair, not every bag is the same. Some seeds are lower quality than others but it does balance out if you have around 1 bag per week. Some people claim the flavor can be too much, which I understand, but for me it's perfect. While the BBQ flavored ones are sort of sweet, these are packed with jalapeno and salsa flavor.<br /><br />I used to go out of my way to find these Jalape&ntilde;o flavored seeds around DC but only two 7-11 stores had them. It was awful. Then came along Amazon. Packaging 12 packs in one box is genius. Now I'm stocked for a good 2 months and pay a great bulk price (since I end up buying the same amount over the same time period). It's just great.",positive,i m not one to resort to hyperbole but as sunflower seed enthusiast these seeds are great to be fair not every bag is the same some seeds are lower quality than others but it does balance out if you have around bag per week some people claim the flavor can be too much which i understand but for me it s perfect while the bbq flavored ones are sort of sweet these are packed with jalapeno and salsa flavor i used to go out of my way to find these jalape ntilde o flavored seeds around dc but only two stores had them it was awful then came along amazon packaging packs in one box is genius now i m stocked for a good months and pay a great bulk price since i end up buying the same amount over the same time period it s just great,positive
128466,B007L3NVKU,A2UMDJW1ZE6NNL,BigRed,0,0,5,1323216000,Delicious !,"Wow, I tried this coffee and it was love at first taste for me !..lol..  It is rich, flavorable and strong, but not too strong.  It is the best coffe I have tasted in a long time. I use a hazlenut creamer and both flavors are great together.  Try this one. It is delicious !",positive,wow i tried this coffee and it was love at first taste for me lol it is rich flavorable and strong but not too strong it is the best coffe i have tasted in a long time i use a hazlenut creamer and both flavors are great together try this one it is delicious,positive
363418,B001Q9EFVY,A2OZ6PW2W5FQTP,Kathy,1,1,5,1245628800,My dogs really liked them,"My dogs started eating these the minute I gave them to them, and they seemed to last a little longer than other biscuits I've bought for them.  I can't say if these biscuits really will cut down on the amount of tarter on their teeth just yet, but I'm sure time will tell.  For now I see no harm in giving them the 2 two biscuits each day that the box recommends, and hopefully it will help cut down on the tarter.  That they really liked them was an added bonus.",positive,my dogs started eating these the minute i gave them to them and they seemed to last a little longer than other biscuits i ve bought for them i can t say if these biscuits really will cut down on the amount of tarter on their teeth just yet but i m sure time will tell for now i see no harm in giving them the two biscuits each day that the box recommends and hopefully it will help cut down on the tarter that they really liked them was an added bonus,positive
287246,B001GVIUSG,A1MG8AXFTO2BXN,Mary,0,0,5,1291680000,best cereal ever,"This is one of my favorite cereals. It's healthy and full of good nutrition. Unfortunately, it's hard to find, however, Amazon has a great price and of course great service to match.",positive,this is one of my favorite cereals it s healthy and full of good nutrition unfortunately it s hard to find however amazon has a great price and of course great service to match,positive
509927,B001EQ4MPI,A14R86XDLX34EK,"Paul Forster ""Paul""",20,20,5,1171324800,Really great tea!!!,"I first discovered Bentley's tea by purchasing an assortment of tea like this in order to have a nice container.  What I was surprised by was how great the teas are.  The teas (except for the green tea) are black-tea based and all but the English Breakfast are flavored (none are herbal like a previous review implied). The black tea base is the smoothest black tea I've ever encountered.  It really has an outstanding flavor.  The flavored versions seem to use this tea base and add a flavor above it.  The flavor isn't as strong as in many teas.  However, given how good the black tea that Bentley's uses tastes, it shouldn't be.<br /><br />By ordering this off Amazon, I'm not paying any more than tea costs in the supermarket on sale, and getting far better tea.  Hope you enjoy this tea as much as I do!",positive,i first discovered bentley s tea by purchasing an assortment of tea like this in order to have a nice container what i was surprised by was how great the teas are the teas except for the green tea are black tea based and all but the english breakfast are flavored none are herbal like a previous review implied the black tea base is the smoothest black tea i ve ever encountered it really has an outstanding flavor the flavored versions seem to use this tea base and add a flavor above it the flavor isn t as strong as in many teas however given how good the black tea that bentley s uses tastes it shouldn t be by ordering this off amazon i m not paying any more than tea costs in the supermarket on sale and getting far better tea hope you enjoy this tea as much as i do,positive
391944,B000CQBZPG,A32EF8CKB8RSRT,Lonely Tourist,1,4,3,1296000000,If you like cloves...,"First time I tried Stash Chai Spice Black Tea, I hated it.  Something about the smell did not appeal to me.  It inspired me to go to the local Indian grocer and purchase my own spices to make chai from scratch.  That was very successful (with help from the Internet and advice from an Indian friend).  I finally came back to try Stash's Chai again today and the first thing that hit me was the strong clove scent, which doesn't bother me as much after a few minutes.  I think the chai tastes a bit better this time around than when I first tried it.  Kinda grows on you, I guess.  However, it's not GREAT chai by any means.  It's okay for chai in a teabag.  Convenient.  But I'll stick to making it from scratch when I finally finish this box (waste not).",neutral,first time i tried stash chai spice black tea i hated it something about the smell did not appeal to me it inspired me to go to the local indian grocer and purchase my own spices to make chai from scratch that was very successful with help from the internet and advice from an indian friend i finally came back to try stash s chai again today and the first thing that hit me was the strong clove scent which doesn t bother me as much after a few minutes i think the chai tastes a bit better this time around than when i first tried it kinda grows on you i guess however it s not great chai by any means it s okay for chai in a teabag convenient but i ll stick to making it from scratch when i finally finish this box waste not,negative
77263,B000VK339Y,A2F63SIKR1CFIY,"Jack Withrow ""Maxanne""",1,1,5,1262304000,chicken & rice,I have 2 rescue poodles which will eat just about anything that doesn't breathe.However I just don't feed them anything after a bitter lesson of my poodle Max dying from the China dogfood crisis.I will not feed them anything but totally USA made. They do like the chick/rice and I am about to give Turkey/rice a try.  I'm happy with it being mushy as easier for Spice to eat as she has only 1 tooth. I will continue to buy as long as they are happy with it.I'm so happy to have found it at Amazon with free shipping.,positive,i have rescue poodles which will eat just about anything that doesn t breathe however i just don t feed them anything after a bitter lesson of my poodle max dying from the china dogfood crisis i will not feed them anything but totally usa made they do like the chick rice and i am about to give turkey rice a try i m happy with it being mushy as easier for spice to eat as she has only tooth i will continue to buy as long as they are happy with it i m so happy to have found it at amazon with free shipping,positive
173446,B006N3I0N2,A1XF1C7TEHCFTK,jim,0,1,3,1278028800,Pricey,This product is tasty enough and convient but you can brew better coffee a lot cheaper.,neutral,this product is tasty enough and convient but you can brew better coffee a lot cheaper,positive
30896,B007M83302,A1319A742A62DC,M. McKay,0,0,5,1323216000,Excellent snack!,I love these and usually have one a day! They give me the POTATOE flavor and crunch without the fat and calories!,positive,i love these and usually have one a day they give me the potatoe flavor and crunch without the fat and calories,neutral
227762,B0033HPPIO,A8N7OUFDKTK1E,"Caroline Ann Martin ""CAT""",0,0,5,1304985600,My favorite of all time!,"Truly chocolate smell and flavor that has become a favorite of mine. :  I do wish it were available as a decaf coffee as well, but otherwise it is perfect...",positive,truly chocolate smell and flavor that has become a favorite of mine i do wish it were available as a decaf coffee as well but otherwise it is perfect,positive
375523,B001E5E03S,A24EXG4PXCNT8N,Loves-A-Bargain Mom,1,1,5,1277596800,Wonderful Healthy Snack for Baby!,"I was pleased to find these on Amazon. A good, healthy, portable snack for my daughter who is starting finger foods, & way cheaper than Gerber's mini veggies. My 10 month old daughter doesn't have any teeth yet, and she has no problems eating them. They're light, fluffy, and full of flavor. A good sweet snack without all kinds of added sugar!",positive,i was pleased to find these on amazon a good healthy portable snack for my daughter who is starting finger foods way cheaper than gerber s mini veggies my month old daughter doesn t have any teeth yet and she has no problems eating them they re light fluffy and full of flavor a good sweet snack without all kinds of added sugar,positive
235460,B000F0FVRC,A1YOAJZ1M1CJDV,C. Harr,0,0,5,1252627200,Everyone loves these taco shells!,Great taste and texture.  No one would know these are gluten free.  My whole family loves these.  I buy them by the case.,positive,great taste and texture no one would know these are gluten free my whole family loves these i buy them by the case,positive
409477,B001ELL67A,A2QV4MBIPQUVUX,"June Bug ""Junie B""",0,0,5,1322524800,Great Tasting Coffee,"It is a good price for great tasting coffee.  What more can I say than that, if you have a Keurig coffee maker this is a good deal for good coffee.",positive,it is a good price for great tasting coffee what more can i say than that if you have a keurig coffee maker this is a good deal for good coffee,positive
285354,B001E5E2PY,A31NY532I3988S,networkuser,0,0,1,1338681600,Shoddy Packaging,"The product was shipped in a timely manner but the packing used to ship the product was inadequate. One of the bottle caps arrived broken and the contents spilled over the remaining products. This made for quite a mess and a lot of dissatisfaction. To add insult to injury, I submitted pictures and a complaint with no response to date or any type of replacement. I will not order again.",negative,the product was shipped in a timely manner but the packing used to ship the product was inadequate one of the bottle caps arrived broken and the contents spilled over the remaining products this made for quite a mess and a lot of dissatisfaction to add insult to injury i submitted pictures and a complaint with no response to date or any type of replacement i will not order again,negative
437079,B000WFPJIG,A4JYAW6LTDZ4Q,Georgia Vallejos,1,6,1,1208131200,Health Food for Cats?,"I only bought this because the breeder where I bought my cat said she wouldn't eat anything else. I'm surprised my cat didn't starve to death, because she wouldn't touch this stuff, nor would my other cat. I donated it to the Humane Society.",negative,i only bought this because the breeder where i bought my cat said she wouldn t eat anything else i m surprised my cat didn t starve to death because she wouldn t touch this stuff nor would my other cat i donated it to the humane society,negative
212580,B0007NCH56,AX20HN3YRV40N,"Deb ""Debbie""",4,6,1,1114992000,Very Weak,The Java Podz coffee pads do not fit well in the Senseo coffee maker. One pad fits in the two cup holder. It makes a very weak cup of coffee. I ordered a large supply and will probably throw them out.,negative,the java podz coffee pads do not fit well in the senseo coffee maker one pad fits in the two cup holder it makes a very weak cup of coffee i ordered a large supply and will probably throw them out,negative
501927,B005GX00BK,A1KOE4AABUO2MG,"L'esprit de Henri P ""Science and Method""",11,11,5,1277164800,"Rich and flavorful - even from the ""wrong"" pot!","I found a brick of Lavazza Crema e Gusto at a local shop some months ago, and tried it in my stovetop espresso maker. For some reason I thought the grind was what I needed (it *does* have a picture of a stovetop machine on it!) but the grind is really very fine, more like what a professional-type machine needs.<br /><br />But this works even in my <a href=""http://www.amazon.com/gp/product/B0001DJT7G"">Bialetti Brikka 4-Cup Stovetop Percolator</a> stovetop machine, and generates a beautiful crema. The Brikka really wants a slightly coarser grind, so I have to be *very* careful to put in the coffee with a light touch, and not to pack it down even a tiny bit.<br /><br />The flavor, as others have written, is very rich without being too dark-roasted, with lovely chocolatey notes. Bitterness can come if I overfill the maker so that the coffee is packed too hard, which causes boiling and burning. So care must be taken when using a stovetop maker. But it's truly worth it, because it gives such delicious coffee.",positive,i found a brick of lavazza crema e gusto at a local shop some months ago and tried it in my stovetop espresso maker for some reason i thought the grind was what i needed it does have a picture of a stovetop machine on it but the grind is really very fine more like what a professional type machine needs but this works even in my bialetti brikka cup stovetop percolator stovetop machine and generates a beautiful crema the brikka really wants a slightly coarser grind so i have to be very careful to put in the coffee with a light touch and not to pack it down even a tiny bit the flavor as others have written is very rich without being too dark roasted with lovely chocolatey notes bitterness can come if i overfill the maker so that the coffee is packed too hard which causes boiling and burning so care must be taken when using a stovetop maker but it s truly worth it because it gives such delicious coffee,neutral
514376,B002GWQ3V0,A1LAUTQ9M2M43C,"Lawrence Kibbe ""Lawrence""",0,1,1,1322611200,Coffee Bean Direct Decaf Sumatra Whole Bean 16-Ounce 3 Pack.,"This coffee arrived stale and couldn't have come from the roaster.  I read somewhere that Amazon buys this coffee and stores it in a warehouse and I have to agree.  I know stale coffee when I taste it I could tell just by the smell I have gotten better coffee from Starbucks.  This coffee goes back to Amazon.  It's unfortunate that my first post rating an item has to be so negative.<br /><br />I just discovered that grocery items can't be returned so I will have to deep six all of this coffee, too bad.  I have had a great shopping experience at Amazon and will continue to shop there, but I won't be doing anymore of this type shopping.",negative,this coffee arrived stale and couldn t have come from the roaster i read somewhere that amazon buys this coffee and stores it in a warehouse and i have to agree i know stale coffee when i taste it i could tell just by the smell i have gotten better coffee from starbucks this coffee goes back to amazon it s unfortunate that my first post rating an item has to be so negative i just discovered that grocery items can t be returned so i will have to deep six all of this coffee too bad i have had a great shopping experience at amazon and will continue to shop there but i won t be doing anymore of this type shopping,negative
192321,B003P00LRE,A2TS040W2FW5O,Heidi Anne Heiner,3,3,1,1312934400,Was Great Until They Changed It,"I have been drinking Twist Waters for over a year, buying them both at my local grocery and online to keep my supply steady. What a shock when the new bottles arrived with a new formula that made them virtually undrinkable. I am sad because I have loved these waters and now I will have to stick entirely with True Lemon products to provide some variety in my drinking water. Hint Water is too expensive although I love some of their flavors, too, and virtually unavailable in my Nashville area. True is more economical and tastes great. Twist Waters were my indulgence over sodas and other artificially sweetened waters. I loved the old Twist water flavors--especially the Lime and Strawberry--as well as the Pomengranate Blueberry and Mango Acai. Now they are all ruined. I won't be buying or drinking this brand again unless the old formula is returned. I prefer nine calories over calorie free Stevia based drinks that leave a bitter aftertaste.",negative,i have been drinking twist waters for over a year buying them both at my local grocery and online to keep my supply steady what a shock when the new bottles arrived with a new formula that made them virtually undrinkable i am sad because i have loved these waters and now i will have to stick entirely with true lemon products to provide some variety in my drinking water hint water is too expensive although i love some of their flavors too and virtually unavailable in my nashville area true is more economical and tastes great twist waters were my indulgence over sodas and other artificially sweetened waters i loved the old twist water flavors especially the lime and strawberry as well as the pomengranate blueberry and mango acai now they are all ruined i won t be buying or drinking this brand again unless the old formula is returned i prefer nine calories over calorie free stevia based drinks that leave a bitter aftertaste,negative
56160,B0016LL5DS,A2AOVGIJPE142V,"Scott Broadbent ""Mr152""",8,9,5,1294876800,Too good!,"I'm torn between giving this 1-star or 5-stars because it is just too good.  It blows Nutella out of the water.  It lasted less than 24-hours in my household, and I live alone.  It's just too good.",positive,i m torn between giving this star or stars because it is just too good it blows nutella out of the water it lasted less than hours in my household and i live alone it s just too good,negative
208898,B0038B1EOY,A9SA3VC72517U,"Karen V. Clark ""book maven""",0,0,5,1329091200,My favorite!,"The other flavors are okay, but the chocolate flavor is my favorite.  The taste is much better too.  All I add is milk, 1/2 banana, 3 ice cubes.  Really good!",positive,the other flavors are okay but the chocolate flavor is my favorite the taste is much better too all i add is milk banana ice cubes really good,positive
162069,B000ER3QM8,A1DQQKG8NWC4V8,"T. LaForest ""T.L.L.""",0,0,5,1331510400,Great Product!,"In 15 years, this has been the only bone / chew toy that my dogs could not destroy.  We dogsit and can have up to ten dogs in our home at any time.  Even the Rots and the Puppies can't destroy this chew toy.  They seem to enjoy carrying it around too.  The one downside is that we have nicknamed these bones ""Bleeder Bones"" because after a few years of chewing, they get very rough on the ends and when kicked in the middle of the night, can result in bloody toes.  Well worth the risk though, truly a great product for dogs!!",positive,in years this has been the only bone chew toy that my dogs could not destroy we dogsit and can have up to ten dogs in our home at any time even the rots and the puppies can t destroy this chew toy they seem to enjoy carrying it around too the one downside is that we have nicknamed these bones bleeder bones because after a few years of chewing they get very rough on the ends and when kicked in the middle of the night can result in bloody toes well worth the risk though truly a great product for dogs,positive
342550,B000F4GPC8,AZS24SXHP3R1E,"Rose Wood ""Luci_D""",1,1,5,1260489600,This Miso-cup Soup is Better Than the Others,"There are several brands of Miso-cup Soup on the market and in the grocery stores, all with the same or similar names.<br /><br />I have tried several of them and have been disappointed to the point where I have to throw the remaining product in the trash.<br /><br />This Miso-cup soup, distributed by Edward & Sons Trading in Carpinteria, CA uses higher quality ingredients than the others, and tastes a lot better.<br /><br />It can be used as a broth to cook rice too.",positive,there are several brands of miso cup soup on the market and in the grocery stores all with the same or similar names i have tried several of them and have been disappointed to the point where i have to throw the remaining product in the trash this miso cup soup distributed by edward sons trading in carpinteria ca uses higher quality ingredients than the others and tastes a lot better it can be used as a broth to cook rice too,negative
397880,B004N5G3OA,A2WRFYC6UDF61Q,CaryMom,1,1,5,1327017600,My toddler loves these and this is a great price.,My little boy loves these who will be 2 next month!  They are great for trips because they don't have to be refridgerated.  But if we are home I keep them in the fridge for him.  Also they are $1.99 each at the grocery store and with subscribe and save these are only about $1.40 a piece.  Great value!,positive,my little boy loves these who will be next month they are great for trips because they don t have to be refridgerated but if we are home i keep them in the fridge for him also they are each at the grocery store and with subscribe and save these are only about a piece great value,negative
533175,B000HZEZTA,A2Z10VASC6J6LK,Agatha Coronado,0,0,5,1328486400,Great flavor and versatile--and we're vegetarian!,"I absolutely love Lawry's Baja Chipotle Marinade, and use it in a variety of dishes. And, yes, as my title says, we're vegetarian! This product is very versatile and adds great flavor in vegan/vegetarian versions of things, such as these killer fajitas in this blog post, ""My fantastic vegan fajitas"" [...]<br /><br />The nice thing about it is that it's spicy and flavorful without being TOO hot. Personally, I love really hot [as in spicy] foods, but not everyone does. When I cook something for company, such as the aforementioned fajitas, I don't have to worry about the marinade making mouths burn for those unaccustomed to really hot foods. I can use enough so that the dish is flavorful but not overpoweringly HOT.<br /><br />It also has a wonderful smoky sweetness, which is a nice counterpoint to its spiciness.<br /><br />I've used this product on or in many foods, everything from veggie burgers to veggie Italian sausage, and it's always a hit. I went into panic mode recently when Vons (the supermarket chain in SoCal where I order groceries online) suddenly didn't carry it any more. So I headed over here to Amazon to see if it's available, and it is, thank goodness. I don't know if the outage at Vons was just temporary or if they're no longer going to carry it, or what, but I didn't want to take any chances on running out so here I am!",positive,i absolutely love lawry s baja chipotle marinade and use it in a variety of dishes and yes as my title says we re vegetarian this product is very versatile and adds great flavor in vegan vegetarian versions of things such as these killer fajitas in this blog post my fantastic vegan fajitas the nice thing about it is that it s spicy and flavorful without being too hot personally i love really hot as in spicy foods but not everyone does when i cook something for company such as the aforementioned fajitas i don t have to worry about the marinade making mouths burn for those unaccustomed to really hot foods i can use enough so that the dish is flavorful but not overpoweringly hot it also has a wonderful smoky sweetness which is a nice counterpoint to its spiciness i ve used this product on or in many foods everything from veggie burgers to veggie italian sausage and it s always a hit i went into panic mode recently when vons the supermarket chain in socal where i order groceries online suddenly didn t carry it any more so i headed over here to amazon to see if it s available and it is thank goodness i don t know if the outage at vons was just temporary or if they re no longer going to carry it or what but i didn t want to take any chances on running out so here i am,positive
538506,B000E4ARCS,A37RFM44IVMS9C,Harmony,0,0,3,1297987200,Delicious -  hey wait a minute.,"Our household is addicted to this stuff.  It's a little pricey, but when you break it down to the delicious, fulfilling, low-calorie, high-protein nutrition you get, it's worth it.  At least to us.  We finally got on the regular shipment plan to save 15% per month.  Yay, Amazon.<br /><br />[Time passes]<br /><br />Hmmmm... I am starting to suspect there are two versions of this product.  One you buy in the health food store and pay top dollar for... and this one.  I have never had an issue with quality control with this product before.  However, with this multi-pack I am finding that in every pouch there are a couple/few pieces that should have not made it past inspection - cut too thick to eat without soaking and/or too grisely to consider worthy of this price.<br /><br />So, hopefully it was just a few bag bags and maybe that's been straightened out.  But I hope this is not the new version.  We really do love this stuff- the high quality product we are used to, not the thick, grisely version.",neutral,our household is addicted to this stuff it s a little pricey but when you break it down to the delicious fulfilling low calorie high protein nutrition you get it s worth it at least to us we finally got on the regular shipment plan to save per month yay amazon time passes hmmmm i am starting to suspect there are two versions of this product one you buy in the health food store and pay top dollar for and this one i have never had an issue with quality control with this product before however with this multi pack i am finding that in every pouch there are a couple few pieces that should have not made it past inspection cut too thick to eat without soaking and or too grisely to consider worthy of this price so hopefully it was just a few bag bags and maybe that s been straightened out but i hope this is not the new version we really do love this stuff the high quality product we are used to not the thick grisely version,neutral
143882,B000HDMV3E,ANHWDS56BNXR,Marc S. Edrich,0,0,5,1224806400,Great Chips Great Company,"My family loves these chips.  We bought a huge box of them for my son's bar mitzvah and they were a hit at the party.  The company makes a great product and they ship very quickly.  You can buy small bags or larger quantities.  Order them and you will find that not only isn't one chip enough, one bag isn't enough.  Also the price on Amazon is amazing.  Enjoy!",positive,my family loves these chips we bought a huge box of them for my son s bar mitzvah and they were a hit at the party the company makes a great product and they ship very quickly you can buy small bags or larger quantities order them and you will find that not only isn t one chip enough one bag isn t enough also the price on amazon is amazing enjoy,positive
350821,B000LRKR1E,A3F6MGE2P33RXG,Marda McDermed,2,2,5,1316649600,Try in a garbonzo bean soup! Excellent!,"I got a recipie for Garbonzo Bean Soup from the TV-Cat Cora show.  It is Chicken Broth (4 cans), Garbonzo Beacn (2 cans), one half chopped and sauted onion, one crushed clove of garlic, some rosemary, and a bay leaf.  The other ingrediant was a chopped canned or bottled red roasted pepper (approx. 12 oz).  I use a 12 oz jar of Zergut Mild Ajvar (has peppers and eggplant) and it was out of this world! Not too spicy and my totally American Family loves it.  I also add some macaroni for a hearty meal.  Ralphs in Orange County, CA was carrying this product, but I can't find it any longer.  I will search Trader Joes and Middle Eastern stores, but if you find it - try it!  Not sure if I would like it as a cold spread or dip, but in the soup, it is an easy, fast, and impressive soup or meal!!!  Yummy!!!!",positive,i got a recipie for garbonzo bean soup from the tv cat cora show it is chicken broth cans garbonzo beacn cans one half chopped and sauted onion one crushed clove of garlic some rosemary and a bay leaf the other ingrediant was a chopped canned or bottled red roasted pepper approx oz i use a oz jar of zergut mild ajvar has peppers and eggplant and it was out of this world not too spicy and my totally american family loves it i also add some macaroni for a hearty meal ralphs in orange county ca was carrying this product but i can t find it any longer i will search trader joes and middle eastern stores but if you find it try it not sure if i would like it as a cold spread or dip but in the soup it is an easy fast and impressive soup or meal yummy,positive
414761,B005VOOLXM,A1FY4NUEN1MEFD,YUKARI,1,2,4,1334448000,Great for traveling,"I brought them for my trip to Europe. The hotels in Europe usually have a kettle, but only instant coffee power. It was wonderful to be able to have a real cup of coffee in my room! It's also organic.<br /><br />I would prefer it to be a bit stronger, but over all this is a great product for traveling and camping. I'll definitely buy them again.",positive,i brought them for my trip to europe the hotels in europe usually have a kettle but only instant coffee power it was wonderful to be able to have a real cup of coffee in my room it s also organic i would prefer it to be a bit stronger but over all this is a great product for traveling and camping i ll definitely buy them again,positive
40749,B000LKYYBU,A1DSI0B2N07GKI,"Arius Cayne ""Arius Cayne""",1,1,5,1314921600,"Hot Damn, This Is GREAT!","I pondered buying this product for days because of mixed reviews, many concerning the size of the ginger. I feel for those people who got scraps, but in my 24-pack I received pretty uniform cubes of a VERY good size. This is, hands down, the best crystallized ginger I've ever had except for once... and that was home-made in Hong Kong.<br /><br />First, the chunks are just the right size to be tender and sweet without being too large to enjoy as a snack. The quality of the ginger is outstanding, with a deep, fresh flavor and just the right amount of sugar. The color is a light gold, and the texture lacks the fibrous strands of mature ginger that too much crystallized ginger is made from. So, they say baby ginger, and I can attest, it must be. Because of that, the flavor is strong without being an overpowering heat, but the heat is there. I'd place it on the mild end of the ginger spectrum, which works for me, but if you want fire this isn't for you. This is one of two crystallized gingers I'd recommend, and the other is the fiery one (Reed's), but this has the better overall flavor of ginger.<br /><br />This is definitely ginger for snacking; if you want to bake with this you could, but you'd definitely need to get busy with the knife-work. If you're looking for dried ginger, this isn't that either... this is fresh, tender, and sweet-heat ginger. For tea... I could see mashing a cube or two and making something pretty terrific, but I'd probably end up eating it straight. I'm gong to buy some of the baking cut (small nuggets) for ginger snaps now, because if they're using the same ginger it's going to be amazing.<br /><br />Bottom line: while it's possible that some people received a bad package with small pieces, in 24 packs I saw minimal variation in size, and nothing I'd describe as too large or small. This is fresh as hell, not too sugared, and the quality of the ginger is out of this world. If you like ginger, I'd find it hard to imagine not falling in love with this.",positive,i pondered buying this product for days because of mixed reviews many concerning the size of the ginger i feel for those people who got scraps but in my pack i received pretty uniform cubes of a very good size this is hands down the best crystallized ginger i ve ever had except for once and that was home made in hong kong first the chunks are just the right size to be tender and sweet without being too large to enjoy as a snack the quality of the ginger is outstanding with a deep fresh flavor and just the right amount of sugar the color is a light gold and the texture lacks the fibrous strands of mature ginger that too much crystallized ginger is made from so they say baby ginger and i can attest it must be because of that the flavor is strong without being an overpowering heat but the heat is there i d place it on the mild end of the ginger spectrum which works for me but if you want fire this isn t for you this is one of two crystallized gingers i d recommend and the other is the fiery one reed s but this has the better overall flavor of ginger this is definitely ginger for snacking if you want to bake with this you could but you d definitely need to get busy with the knife work if you re looking for dried ginger this isn t that either this is fresh tender and sweet heat ginger for tea i could see mashing a cube or two and making something pretty terrific but i d probably end up eating it straight i m gong to buy some of the baking cut small nuggets for ginger snaps now because if they re using the same ginger it s going to be amazing bottom line while it s possible that some people received a bad package with small pieces in packs i saw minimal variation in size and nothing i d describe as too large or small this is fresh as hell not too sugared and the quality of the ginger is out of this world if you like ginger i d find it hard to imagine not falling in love with this,positive
422816,B001BM4NAE,A10B49ZO696DLO,Douglas,0,0,5,1276473600,Delicious,These are our favorite chips.  We get very excited when we order the next box and enjoy the fresh and healthy taste.,positive,these are our favorite chips we get very excited when we order the next box and enjoy the fresh and healthy taste,positive
140962,B004DBS2TI,A3J7T3P0WSD97L,"Christine ""Chris T""",4,4,5,1298678400,The only decaf coffee my husband has ever liked,"My husband is a very picky coffee drinker. He actually uses a peculator and brews his coffee on the stove most days (from 8 O'Clock fresh ground beans). He produces outstanding coffee, but it takes a lot of time and energy on a work morning for me. I love the Keurig he purchased me for Christmas. He has never found decaf beans he likes, and even in Starbucks or other coffee houses, hates decaf. He actually likes this decaf a lot. It is our favorite k cup thus far.",positive,my husband is a very picky coffee drinker he actually uses a peculator and brews his coffee on the stove most days from o clock fresh ground beans he produces outstanding coffee but it takes a lot of time and energy on a work morning for me i love the keurig he purchased me for christmas he has never found decaf beans he likes and even in starbucks or other coffee houses hates decaf he actually likes this decaf a lot it is our favorite k cup thus far,positive
394114,B000WVY4PE,AWE1OX5KHTOAM,Margaret A. Bradford,10,12,5,1221868800,needs marketing change,As an aid to tranquility and sleep -- what it is marketed for -- it is not very effective.  But for chronic severe constipation it is the only thing that has worked for me.,positive,as an aid to tranquility and sleep what it is marketed for it is not very effective but for chronic severe constipation it is the only thing that has worked for me,negative
30738,B007M83302,A2WNWQQX8Q3JEG,Sanjay Srivastava,1,1,3,1269043200,Too salty...,"I love the taste of pop-chips but, I think it is a little too salty. The manufacturer for some reason decided that it looked,tasted too healthy and decided to add extra salt to appeal to a broad audience.<br />I think they woul've been better served keeping the salt content low.<br /><br />I would recommend the barbecue flavor which doesn't suffer from the same problem. the worst I think is the sour-cream (or something like that) flavor. This one is ok.",neutral,i love the taste of pop chips but i think it is a little too salty the manufacturer for some reason decided that it looked tasted too healthy and decided to add extra salt to appeal to a broad audience i think they woul ve been better served keeping the salt content low i would recommend the barbecue flavor which doesn t suffer from the same problem the worst i think is the sour cream or something like that flavor this one is ok,positive
66660,B001SAYFK2,AEE68JTL28GHC,911beach,1,1,5,1333843200,This is INSTANT couscous.,"I gave it 5 stars because it tasted fine, but it is the instant couscous. I still do not know where to find the long cooking couscous.",positive,i gave it stars because it tasted fine but it is the instant couscous i still do not know where to find the long cooking couscous,negative
43718,B0049ZCF9G,A2D1FG0PPEWPCG,"S. McDonough ""Cheaper is Better""",1,2,5,1269561600,Best Tasting Almonds,Great taste.  Almonds are high in overall fat but low in saturated fats that most contribute to weight gain.  Buy a case; they stay pretty fresh when sealed for 6 months,positive,great taste almonds are high in overall fat but low in saturated fats that most contribute to weight gain buy a case they stay pretty fresh when sealed for months,negative
475492,B000EDDS3O,A391BEIJIYAYFO,Matt,0,1,5,1311292800,Great,Product came on time and in neat packaging. It is also great in quality. I recommend this product to all.,positive,product came on time and in neat packaging it is also great in quality i recommend this product to all,positive
249386,B004TPKAN4,A1F9Z42CFF9IAY,Mediahound,0,0,2,1347235200,Too hard/crisp,The ginger taste in these cookies is just about right but I would have preferred a cookie a bit less hard/crispy. These are a bit too difficult to eat in that respect for my liking although I guess that's why the call 'em 'snaps'.,negative,the ginger taste in these cookies is just about right but i would have preferred a cookie a bit less hard crispy these are a bit too difficult to eat in that respect for my liking although i guess that s why the call em snaps,negative
458679,B000FFIL92,A3TYY29U3S4EP,JJ,9,9,1,1292371200,DIRTY!,"I was very excited to receive this item and was planning to gift it to a tea lover.  However, the bamboo box was filthy - the sides and bottom were coated in dried mud.  The inside box containing the tea was also dirty.  I was worried the quality of the tea would also be poor and did not want to give someone a dirty present.  And then I realized this gift cannot be returned!  What a waste of money.",negative,i was very excited to receive this item and was planning to gift it to a tea lover however the bamboo box was filthy the sides and bottom were coated in dried mud the inside box containing the tea was also dirty i was worried the quality of the tea would also be poor and did not want to give someone a dirty present and then i realized this gift cannot be returned what a waste of money,negative
112248,B000LKUTIM,A214UK25H0GQN0,rianna riego,1,1,5,1299283200,The Best Gluten Free Pasta alternative,"I would not look any further or experiment with others (as I have).  This pasta has the best consistency and flavor to match that of regular pasta.  It's almost a dollar more at your neighborhood health food store so order it from Amazon.  Approx 8 minutes, and you have great tasting gluten free pasta!",positive,i would not look any further or experiment with others as i have this pasta has the best consistency and flavor to match that of regular pasta it s almost a dollar more at your neighborhood health food store so order it from amazon approx minutes and you have great tasting gluten free pasta,positive
50905,B00139C3P2,A2KB51686Z80I9,nerkles,1,5,2,1217203200,DO NOT WANT,"Both my cats say ""DO NOT WANT"" when I give them this flavor. They love the Newman's Turkey & Veg though.",negative,both my cats say do not want when i give them this flavor they love the newman s turkey veg though,negative
279792,B000GPNKRE,A1EXGL6L0QQ0M5,"Shane O. Laake ""camera nerd""",5,5,5,1174694400,Surprisingly Good,"The rice turns out excellent, which is quite a surprise considering how easy it is to make.  Granted it is very sticky, but they do call it sticky rice now don't they?  Throw some cucumber or something else in, and you have sushi.  For best results, spring for some real nori, such as <a href=""http://www.amazon.com/gp/product/B000LKWZWA"">Eden Sushi Nori, Toasted Sea Vegetable, 0.6-Ounce Packets  (Pack of 6)</a>, as what's included are small strips of very thin seaweed.",positive,the rice turns out excellent which is quite a surprise considering how easy it is to make granted it is very sticky but they do call it sticky rice now don t they throw some cucumber or something else in and you have sushi for best results spring for some real nori such as eden sushi nori toasted sea vegetable ounce packets pack of as what s included are small strips of very thin seaweed,negative
30399,B003X7S45U,A1A36OARN9HW4V,Biz Chick,1,1,2,1320105600,has a bite to it,"This isn't nearly as good as the Dunkin Donuts Pumpkin Spice coffee I've been getting at Wal-Mart.  I particularly didn't like the bitter aftertaste that I couldn't adjust out of it.  No matter how I brewed it or what I put in it, that bite didn't go away.",negative,this isn t nearly as good as the dunkin donuts pumpkin spice coffee i ve been getting at wal mart i particularly didn t like the bitter aftertaste that i couldn t adjust out of it no matter how i brewed it or what i put in it that bite didn t go away,negative
380518,B00014DXCC,A1ATV7O231DXIS,JuneBug1783,0,0,2,1312329600,Not my cup of tea..,"Supposedly increases milk production? Yeah, I didn't see a difference after drinking this for a good 3+ weeks. Aside from that, it doesn't smell or taste very good. Very herbal medicine-like.",negative,supposedly increases milk production yeah i didn t see a difference after drinking this for a good weeks aside from that it doesn t smell or taste very good very herbal medicine like,negative
15451,B005Q8BL9A,A2XURTOP892GF2,Arnold Brown,0,1,5,1330992000,Great value for the tea drinker,This package was great.  My family are huge tea drinkers.  This gives an assortment of teas all of them are full of taste,positive,this package was great my family are huge tea drinkers this gives an assortment of teas all of them are full of taste,positive
467739,B0009TMZIM,A2U0IWYNN6JU7D,JP,0,0,3,1320969600,Ok selection of teas.,"Teas are only ok, some taste kind of stale and not at all what they should. Green teas (like dragonwell) tend to taste the worst out of the bunch, jasmine and black are ok. Oolongs also taste fine.",neutral,teas are only ok some taste kind of stale and not at all what they should green teas like dragonwell tend to taste the worst out of the bunch jasmine and black are ok oolongs also taste fine,negative
562960,B0007TZVQW,ASJLXOX1VD4DF,"mahlers2nd ""The Only Way Out Is Through""",2,2,5,1260662400,A St. Louis Original -- Best Chocolate EVER,"My husband grew up in St. Louis (let me know if you want to know which High School ;-)  and the first Christmas he came to our house, he brought us a pound of the Milk Chocolate.  He certainly knew how to win over my family because our entire family practically had fist fights over this chocolate.<br /><br />It is incredibly creamy, rich, and full of flavor.  It makes Nestles taste like cardboard.  Their <a href=""http://www.amazon.com/gp/product/B002ZXXWF0"">Bissinger's Dark Chocolate Peppermint Bark (10 Oz)</a> is also like Nirvana.<br /><br />Service from Bissinger's is excellent and they often have free shipping. Every year, I send this all over the country to all of my family members and it is always the most popular part of the holidays for many.<br /><br />I've had a LOT of chocolate in my 40+ years... this is by far the best I have ever had.",positive,my husband grew up in st louis let me know if you want to know which high school and the first christmas he came to our house he brought us a pound of the milk chocolate he certainly knew how to win over my family because our entire family practically had fist fights over this chocolate it is incredibly creamy rich and full of flavor it makes nestles taste like cardboard their bissinger s dark chocolate peppermint bark oz is also like nirvana service from bissinger s is excellent and they often have free shipping every year i send this all over the country to all of my family members and it is always the most popular part of the holidays for many i ve had a lot of chocolate in my years this is by far the best i have ever had,positive
445682,B001EPPF9G,A2PM7V2QAPF1BJ,Karen,0,0,4,1327449600,Great tea,"I really enjoy this tea and have tried a lot of different green teas, especially the genmaicha.  This tea has a robust toasted flavor and I have not found a better tea to replace it.  I would like to find a tea with less packaging to minimize waste....",positive,i really enjoy this tea and have tried a lot of different green teas especially the genmaicha this tea has a robust toasted flavor and i have not found a better tea to replace it i would like to find a tea with less packaging to minimize waste,positive
556197,B001ULOUMC,A2T2SHCQWNW9N,Discerning Shopper,0,0,5,1334188800,Fantastic!,Peanuts were shipped very quickly and I received them 2 days after placing the order.  They taste great and are exactly as described.,positive,peanuts were shipped very quickly and i received them days after placing the order they taste great and are exactly as described,neutral
351688,B002BFXYNC,ANUN3GRIFMIS9,Jennifer Bussey,3,3,4,1302480000,great for school lunches,I send this for my son's lunch.  He is on the gfcfsf diet for autism and he enjoys this as a milk sub.  Amazon's subscribe and save makes it affordable.,positive,i send this for my son s lunch he is on the gfcfsf diet for autism and he enjoys this as a milk sub amazon s subscribe and save makes it affordable,positive
167779,B001ELLAW6,A347QOXYW7B40E,sigs,0,0,5,1312588800,Great margarita and sangria sugar,"I use caster sugar in my sangria and margaritas since it is finer and dissolves better in cold liquid than regular sugar.  This is great, just a fair warning that 2 3-pound jars will last forever so make sure you have room in your pantry!",positive,i use caster sugar in my sangria and margaritas since it is finer and dissolves better in cold liquid than regular sugar this is great just a fair warning that pound jars will last forever so make sure you have room in your pantry,negative
330631,B007N04BZA,ACS1187BYDTQU,Michael E Wilson,0,0,5,1348531200,Good oatmeal,I tried this kind for the first time through Amazon.  I am very limited when it comes to grocery shopping and use Amazon to get the stuff I can not find.  This product was very good.  I liked the containers and will only buy these containers again.  The berry flavor of the oatmeal was delicious.  Very easy for a person like me to prepare (handicapped).  I would recommend this oatmeal to everyone.,positive,i tried this kind for the first time through amazon i am very limited when it comes to grocery shopping and use amazon to get the stuff i can not find this product was very good i liked the containers and will only buy these containers again the berry flavor of the oatmeal was delicious very easy for a person like me to prepare handicapped i would recommend this oatmeal to everyone,positive
483427,B0006Z7NOK,A1IFCQ7CC2TMFC,gunngirl,5,5,4,1281571200,"Bragg, good for gout","I just recently discovered I have gout and searched online for some form of home treatment and kept coming across Bragg with 'The Mother'. Being desperate, I was in excruciating pain sometimes and wanted to try anything. Most people online said within a couple days they noticed improvements, but for me it was about a week before I noticed that when I flex my toes the horrible pain didn't come. I have been drinking an 8oz glass 3 times a day with 2 teaspoons of this in it. It tasted horrible and smells even worse. I use a few drops of lemons or lemon juice to make it tolerable, also, put in ice and make it very cold and then take the ice out so it's not watered down, it being very cold helped too.<br /><br />Overall, if you're looking for a gout treatment I recommend this. I have yet to go to the doctor, but I will go, and I do think you need to go anyway even with this treatment. I also cut out red meat and bacon and I take alfalpha tablets 3 times a day because someone said that helped them online, but I can't tell if those are working. This totally took away the pain when I bend and flex my toes, but it did take about a week to notice results at 3 times a day. I will buy again and keep using. But you definitely need to find a way to get the stuff down but this works for me.",positive,i just recently discovered i have gout and searched online for some form of home treatment and kept coming across bragg with the mother being desperate i was in excruciating pain sometimes and wanted to try anything most people online said within a couple days they noticed improvements but for me it was about a week before i noticed that when i flex my toes the horrible pain didn t come i have been drinking an oz glass times a day with teaspoons of this in it it tasted horrible and smells even worse i use a few drops of lemons or lemon juice to make it tolerable also put in ice and make it very cold and then take the ice out so it s not watered down it being very cold helped too overall if you re looking for a gout treatment i recommend this i have yet to go to the doctor but i will go and i do think you need to go anyway even with this treatment i also cut out red meat and bacon and i take alfalpha tablets times a day because someone said that helped them online but i can t tell if those are working this totally took away the pain when i bend and flex my toes but it did take about a week to notice results at times a day i will buy again and keep using but you definitely need to find a way to get the stuff down but this works for me,negative
441222,B000EVQWKC,A3Q0THDFTWKHX2,roamy,11,13,1,1217030400,EEEEEHOLAAAAAAY,I sat down and ate about 100 of these while working on my computer.  Ha ha about 3 hrs later we are talking forced Bulimia out the other end.  Hey on the bright side it may help dieting - Nothing and I mean Nothing will stay on the inside.  Makes you wonder how the FDA can allow this to happen !!  Also why is Amazon selling this product.,negative,i sat down and ate about of these while working on my computer ha ha about hrs later we are talking forced bulimia out the other end hey on the bright side it may help dieting nothing and i mean nothing will stay on the inside makes you wonder how the fda can allow this to happen also why is amazon selling this product,negative
35366,B000GW46D4,A23BIPSF5IQT7W,A. Arnold,0,0,4,1306454400,"delicious, convenient, and salty","The best jerky I've found for a low price. I'd rather have the organic/free range/etc jerky but am a poor grad student, so this stuff works for me. The best deal I can find for jerky anywhere is here on Amazon.<br /><br />They are so easy to carry around and are very filling. Sometimes they are a little tougher than others, but it's not so bad you'll rip your teeth out eating them. I only have 2 complaints - a ridiculous amount of sodium and a few other additives (like SUGAR) that I'd prefer not to be eating. But still... so good for what you pay for.",positive,the best jerky i ve found for a low price i d rather have the organic free range etc jerky but am a poor grad student so this stuff works for me the best deal i can find for jerky anywhere is here on amazon they are so easy to carry around and are very filling sometimes they are a little tougher than others but it s not so bad you ll rip your teeth out eating them i only have complaints a ridiculous amount of sodium and a few other additives like sugar that i d prefer not to be eating but still so good for what you pay for,positive
109079,B000FI61OQ,A1UX3N18NOREVY,"William Underwood ""wife Robin""",67,75,1,1207267200,Don't bother,"Don't bother spending the money. Re-use the pods you already have. I've picked up Rapid Rooters and Dyna-Gro 7-9-5 plant food from a hydroponics store, and I've had no problems growing two batches of lettuce and herbs from my own seeds.",negative,don t bother spending the money re use the pods you already have i ve picked up rapid rooters and dyna gro plant food from a hydroponics store and i ve had no problems growing two batches of lettuce and herbs from my own seeds,negative
512281,B001P1YO0U,AW0TR1G5Z6QWB,"M. E. Oppenhuis ""Liz Oppenhuis""",3,3,5,1258156800,Another nice smoked salt from Artisan Salt Co.,"This is another nice selection from the Artisan Salt Co., of which I've grown to trust a great deal, as the quality of their products is quite good.  The Yakima Applewood Smoked Sea Salt has a wonderful, very natural, pungent applewood smoke aroma.  You'll find none of that fake ""liquid smoke"" smell or taste, like that of many lesser quality smoked salts.  It's perfect for vegetable, chicken or fish dishes, or anytime you want something a little less pungent than hickory.  A light sprinkle is all you need to get a good smokiness to your foods without oversalting.",positive,this is another nice selection from the artisan salt co of which i ve grown to trust a great deal as the quality of their products is quite good the yakima applewood smoked sea salt has a wonderful very natural pungent applewood smoke aroma you ll find none of that fake liquid smoke smell or taste like that of many lesser quality smoked salts it s perfect for vegetable chicken or fish dishes or anytime you want something a little less pungent than hickory a light sprinkle is all you need to get a good smokiness to your foods without oversalting,positive
355332,B000NO72UE,A8RH7VB9AFQ6F,Sharon Abbenhaus,4,4,5,1226361600,Family Favorite,Spanish chorizo is not available locally.  I have ordered this product several times and the family loves it  diced into scrambled eggs.  I also like to use it in pinto bean recipes and just sliced thinly on snack crackers.,positive,spanish chorizo is not available locally i have ordered this product several times and the family loves it diced into scrambled eggs i also like to use it in pinto bean recipes and just sliced thinly on snack crackers,negative
525575,B001FA1KNK,A3QTYFG670Y67T,Diamondale,0,0,5,1255392000,The best.,PG Tips is a wonderful tea. Lipton and Tetley tea have nothing on PG Tips.<br />I prefer this tea with a bit of cream and sugar. Wonderful tasting and a perfect afternoon (or anytime!) pick me up. I look forward to drinking it every day.,positive,pg tips is a wonderful tea lipton and tetley tea have nothing on pg tips i prefer this tea with a bit of cream and sugar wonderful tasting and a perfect afternoon or anytime pick me up i look forward to drinking it every day,positive
369591,B0015IS26U,A3KLEYZ2KS8L41,"Alice Handeguand ""Ali H""",1,1,5,1297036800,Magical,"Copper Moon Dark Roast Sumatra coffee is my favoite and when friends stop by,<br />they are amazed at how great my coffee is and wants to know what I do and I just tell them""It's Magical"".",positive,copper moon dark roast sumatra coffee is my favoite and when friends stop by they are amazed at how great my coffee is and wants to know what i do and i just tell them it s magical,positive
450591,B001VNP7L2,A1EX9QCHRDOZ6Z,Judi,0,0,5,1334016000,Very happy,"I live out in the country so whenever I can buy in bulk, I do.  I froze what I couldn't use and it still is as good as the day I bought the product.",positive,i live out in the country so whenever i can buy in bulk i do i froze what i couldn t use and it still is as good as the day i bought the product,positive
117686,B002N723Q2,A1SJV1JEQN62GK,"K. Hopper ""kathque""",0,1,1,1337990400,Only buy if you love ORANGE tea,"Chocolate?  The strongest flavor of this tea - it's actually quite overwhelming - is ORANGE.  It seems to be of good quality so if you like strong ORANGE tea, then this is for you.  Unfortunately I now have a large bag of tea that I'll never drink because I don't care for the ORANGE taste.",negative,chocolate the strongest flavor of this tea it s actually quite overwhelming is orange it seems to be of good quality so if you like strong orange tea then this is for you unfortunately i now have a large bag of tea that i ll never drink because i don t care for the orange taste,positive
306220,B004AR0VMQ,A30AFMJ5ZKZJ8Q,E. Richards,1,1,3,1346976000,Very strong flavor,"I bought a bag of these on clearance for .75 locally. I'd never heard of them. They are basically round tortilla chips rolled up like a taquito and coated with a flavor powder. The flavor, hot chili pepper and lime, is as described. It tastes like hot chili pepper powder with a hint of lime. The heat is about on par with flamin' cheetos if you've had those. It's hot but it doesn't burn so much you can't taste. I can eat about 5 at one time before I'm overwhelmed. But for me these have too much flavoring on each chip. They are a dark orange color, and there is none of the corn chip color showing through. I like the amount of flavoring on Doritos or Pringles. It's obvious but not too much. The Takis is too much. Although it does make it easier to not eat too many of them. Also you should wear a bib when eating them, the flavoring drops off on your shirt and if you try to wipe it it stains a little. I lifted some off with a piece of tape that didn't get ground into the fabric though. But back to the chips. Crunchy. Very strong flavor. On the hot side as the ""Fuego"" would indicate. Not something I would probably buy again, though I might buy a bag for my friend who likes the flamin' cheetos. If you like the strong flavored spicy chips, and lime, you should like these.",neutral,i bought a bag of these on clearance for locally i d never heard of them they are basically round tortilla chips rolled up like a taquito and coated with a flavor powder the flavor hot chili pepper and lime is as described it tastes like hot chili pepper powder with a hint of lime the heat is about on par with flamin cheetos if you ve had those it s hot but it doesn t burn so much you can t taste i can eat about at one time before i m overwhelmed but for me these have too much flavoring on each chip they are a dark orange color and there is none of the corn chip color showing through i like the amount of flavoring on doritos or pringles it s obvious but not too much the takis is too much although it does make it easier to not eat too many of them also you should wear a bib when eating them the flavoring drops off on your shirt and if you try to wipe it it stains a little i lifted some off with a piece of tape that didn t get ground into the fabric though but back to the chips crunchy very strong flavor on the hot side as the fuego would indicate not something i would probably buy again though i might buy a bag for my friend who likes the flamin cheetos if you like the strong flavored spicy chips and lime you should like these,negative
100212,B00954NYVY,A3MNHGI16H85B8,Sharon Hopson,0,0,5,1326844800,Double Black Diamond,I LOVE this coffee.  It's strong and bold without a bitter aftertaste.  I have just placed an order for another one.,positive,i love this coffee it s strong and bold without a bitter aftertaste i have just placed an order for another one,positive
522851,B000X60V82,A2VG364UUGYFHI,"tvguyer ""tvguyer""",0,2,1,1204502400,like dog food,"my dog loved them. I can not stand the, this is not jerky at all.",negative,my dog loved them i can not stand the this is not jerky at all,negative
399290,B0039KER1G,A25RGKC4ZEZ3LV,jose lopez,5,7,1,1293753600,It is not mangosteen,It is not mangosteen.<br />I eat mangosteen fresh fuit before in Brazil and this does not have anything to do with that exotic fruit.<br />You are not selling mangosteen you are selling lichi,negative,it is not mangosteen i eat mangosteen fresh fuit before in brazil and this does not have anything to do with that exotic fruit you are not selling mangosteen you are selling lichi,negative
412140,B000WFPPDK,A1TUDQIQE2Q8RU,jacqueline,5,5,5,1278979200,My cats LOVED it,"I had to put my cat on a strict diet because he was having problems with bowel disease.  I switched from meow mix to this and my cats devoured it!  Although, they did not like the (Holistic Select Duck and Chicken Canned Cat Food ), they just nibbled that one and walked away.  After switching foods my cats symptoms started clearing up.  I highly recommend this food and I'm sure your cats will love the taste!",positive,i had to put my cat on a strict diet because he was having problems with bowel disease i switched from meow mix to this and my cats devoured it although they did not like the holistic select duck and chicken canned cat food they just nibbled that one and walked away after switching foods my cats symptoms started clearing up i highly recommend this food and i m sure your cats will love the taste,positive
541297,B002ZOCF0M,A16MJNKAJ7ISXT,K. Fortier,3,4,4,1287446400,Great coffee for a cheap price,"This is a mild flavored coffee for a good price... not exceptional, but a coffee that is consistant...",positive,this is a mild flavored coffee for a good price not exceptional but a coffee that is consistant,positive
281547,B00473O48K,A3D3N75JER1ELK,mom07940,0,0,5,1348272000,REALLY yummy,"Very moist, freezes well.  My 9 YO loves the mix with added banana with chocolate chips.  I have tried raspberry and cranberry as well.  Have tried many mixes so far, and this one is a keeper.",positive,very moist freezes well my yo loves the mix with added banana with chocolate chips i have tried raspberry and cranberry as well have tried many mixes so far and this one is a keeper,positive
92433,B007TGDXMK,A3PXM6FT2T2LD1,Sheryl Mize,0,0,5,1349395200,delicious coffee,"I have been getting the San Francisco Bay Rainforest Blend coffee for some months now in the K cups .... and it's become one of my favorites!  I usually drink the French Roasts, but really enjoy this blend too.<a href=""http://www.amazon.com/gp/product/B006IOKAA2"">San Francisco Bay Coffee One Cup, Rainforest Blend, 36-Count</a>",positive,i have been getting the san francisco bay rainforest blend coffee for some months now in the k cups and it s become one of my favorites i usually drink the french roasts but really enjoy this blend too san francisco bay coffee one cup rainforest blend count,positive
85250,B000FPKXCA,A3B1AMUGWKIDIC,M. Stoebner,3,3,5,1195603200,easy and good for you,"This product was so great to have on hand when my husband and I are having something my toddler cant eat, such as a spicy pasta dish, etc.  Because it has veggies, it makes it a pretty nutricious meal.",positive,this product was so great to have on hand when my husband and i are having something my toddler cant eat such as a spicy pasta dish etc because it has veggies it makes it a pretty nutricious meal,positive
288703,B003C1OMJE,A3JO4XXP9ZB5KF,C. Etherson,0,0,5,1337212800,homesick delights,"The children I sent these to, said they were delicious and brought back happy memories of their life in Scotland.",positive,the children i sent these to said they were delicious and brought back happy memories of their life in scotland,positive
203064,B002OFZMPW,A4E39G95DZXBC,"Sal ""AmazonShopper""",3,7,3,1265068800,"Delicious, BUT it contains MSG!","If you're not into a healthy lifestyle, get these - they are DELICIOUS! ""You can't eat just one!""<br />It contains MSG and other ""stuff."" - You've been warned! It's very delicious, though...",neutral,if you re not into a healthy lifestyle get these they are delicious you can t eat just one it contains msg and other stuff you ve been warned it s very delicious though,positive
482366,B0018KLPFK,A1MZERVEQ4DAEK,Derv,3,3,5,1276214400,The perfect food?,"Maybe not, but these bars are my JAM, yo!  Cashew cookie is my fave flave.  I like the ingredients list: ""Cashews, dates.""  No foolin'!  These bars is for real!  I eat one while I drink my coffee every dang morning.  I eat one after I run (good carb:protein ratio, and lot's o'potassium).  Potassi... yum!  Some flavors aren't my favorite, so don't be judgin' if you've only tried one flavor.  Like apple.  Not that good.  I tend to like the nutty ones (I think that applies to women, too).  Pecan Pie, Peanut Butter Cookie, Pistacio.  Pistaci, yo!  And the Chocolate Coconut is good too- but don't expect it to taste like a chocolate bar from 7eleven because these bars is sweetened only by dates- they gots no added shoogs!  RE-SPEC!!  I buy in bulk.",positive,maybe not but these bars are my jam yo cashew cookie is my fave flave i like the ingredients list cashews dates no foolin these bars is for real i eat one while i drink my coffee every dang morning i eat one after i run good carb protein ratio and lot s o potassium potassi yum some flavors aren t my favorite so don t be judgin if you ve only tried one flavor like apple not that good i tend to like the nutty ones i think that applies to women too pecan pie peanut butter cookie pistacio pistaci yo and the chocolate coconut is good too but don t expect it to taste like a chocolate bar from eleven because these bars is sweetened only by dates they gots no added shoogs re spec i buy in bulk,negative
87360,B0006G86CM,A1C20O94TW9CY0,amberj32,6,6,5,1309737600,Just like Starbucks green tea frap,I just used 2 tablespoons with one half cup of milk and some ice and it tastes just like a green tea frap from Starbucks. Add a little whipcream to the top and it's perfect. It's at a fraction of the cost. We love it and I will definitely buy again.,positive,i just used tablespoons with one half cup of milk and some ice and it tastes just like a green tea frap from starbucks add a little whipcream to the top and it s perfect it s at a fraction of the cost we love it and i will definitely buy again,positive
352295,B0045IO37Y,A30CUQNTM3LO3E,winsmom,0,0,5,1318291200,K CUPS COFFEE,The order came as described.  Packing was perfect.  No problems whatsoever with it.  The taste is great for a strong decent cup of coffee.,positive,the order came as described packing was perfect no problems whatsoever with it the taste is great for a strong decent cup of coffee,positive
236083,B001HTIVX6,AVWCTHBGCAH41,M. Wilmoth,1,1,5,1333756800,Gr8 tea...legendary!!,"My son brought this home..the mint and honey organic..I was skeptical, but wow, it's great.  We go out of our way to find places that have it in stock in the large jugs.  The mint flavor is just right and so is the honey..not too sweet or minty.  You will be surprised at how good it is, it's addictive.",positive,my son brought this home the mint and honey organic i was skeptical but wow it s great we go out of our way to find places that have it in stock in the large jugs the mint flavor is just right and so is the honey not too sweet or minty you will be surprised at how good it is it s addictive,positive
53667,B001VNWQ2A,A1DRAYU1DYJFN9,Renee Schad,0,0,5,1331251200,Best Marcona almonds!,"These are easily one of the best Marcona almonds I have ever had.  They are crunchy and buttery, just like Marcona's ought to be if they're perfect.  The bad thing about these is you have to watch yourself or you'll eat too many!  Its best for me to weight out 1 oz servings and put them in snack baggies.  That way, you know how many calories you're noshing.",positive,these are easily one of the best marcona almonds i have ever had they are crunchy and buttery just like marcona s ought to be if they re perfect the bad thing about these is you have to watch yourself or you ll eat too many its best for me to weight out oz servings and put them in snack baggies that way you know how many calories you re noshing,positive
494555,B003G1ZRTY,A2J9C70KAV6VG4,sam,1,1,5,1290038400,great fiber,good amount of fiber for only a few calories!  Put peanut butter or cheese on them.  Make sure to drink a large glass of water with it to work with the fiber.,positive,good amount of fiber for only a few calories put peanut butter or cheese on them make sure to drink a large glass of water with it to work with the fiber,positive
254180,B001EQ5JLY,A1GNWPFVE9AOQA,SARGE,0,0,4,1325635200,PG TIPS TEA,Great price and delivery on this tea that is very expensive in the store when you can find it.Fast easy shipping on this tea that hands down is one of the best tasting teas out there.,positive,great price and delivery on this tea that is very expensive in the store when you can find it fast easy shipping on this tea that hands down is one of the best tasting teas out there,positive
278584,B00311T538,A3OXRFCJI67IMN,Bold Consumer,1,1,5,1349481600,"Full, rich taste of honey without being overpowering or overly sweet - I like it!","Honey often makes things too sweet for me. I don't like an overpowering taste.<br /><br />I made whole wheat bread with Wholesome Sweeteners Organic Fair Trade Honey. I used the same amount of honey that I usually use, but I liked the result much better. It seemed to add a full, rich, taste, but was not overly sweet or ""it is not sickly sweet"" as another poster stated it. That means I am happy to use it again and again for baking bread, my main reason for buying honey.<br /><br />I'm very pleased with this brand of honey and would gladly recommend it to those who want a full-bodied taste, but  not an overpowering sweetness",positive,honey often makes things too sweet for me i don t like an overpowering taste i made whole wheat bread with wholesome sweeteners organic fair trade honey i used the same amount of honey that i usually use but i liked the result much better it seemed to add a full rich taste but was not overly sweet or it is not sickly sweet as another poster stated it that means i am happy to use it again and again for baking bread my main reason for buying honey i m very pleased with this brand of honey and would gladly recommend it to those who want a full bodied taste but not an overpowering sweetness,positive
185674,B000A3TWOW,A1UFTTEYWRN1TA,E. BLUESTEIN,1,1,5,1168300800,Always the very best,"I belive this is the 4th time I've ordered product from this vendor and, as usual, I am thoroughly impressed with their product and their service. I am their customer forever",positive,i belive this is the th time i ve ordered product from this vendor and as usual i am thoroughly impressed with their product and their service i am their customer forever,positive
26235,B000ST9GCQ,A11GAMN6HED4U1,J. Holmes,0,2,1,1333929600,So VERY Bad,"If you like the taste of water with a hint of coffee, buy this. Otherwise stick with Starbucks VIA.<br />I use the instant coffee mid-way through my day at work. The Taster's Choice requires 3 packs to make a decent 16oz cup of coffee. The Starbucks VIA only needs 1. Spend the extra couple of dollars on the Starbucks if you want good instant coffee.",negative,if you like the taste of water with a hint of coffee buy this otherwise stick with starbucks via i use the instant coffee mid way through my day at work the taster s choice requires packs to make a decent oz cup of coffee the starbucks via only needs spend the extra couple of dollars on the starbucks if you want good instant coffee,negative
59465,B000ZZS6XS,A1S5L9IAY28X9I,Gilbert Block,0,0,5,1329955200,Amazing tasty yellow tomato puree,"An excellent tasting tomato puree, quite unusual as it is made from yellow and not red ones.  It had a wonderful sweet taste, less acidity than a red puree.  It made an outstanding sauce that was great on ravioli.  Additionally, I used it as the sauce for a lasagna, resulting in an unusual dish both by taste and visually.  I highly recommend this product it you want to stray from the mainstream of typical red sauces.",positive,an excellent tasting tomato puree quite unusual as it is made from yellow and not red ones it had a wonderful sweet taste less acidity than a red puree it made an outstanding sauce that was great on ravioli additionally i used it as the sauce for a lasagna resulting in an unusual dish both by taste and visually i highly recommend this product it you want to stray from the mainstream of typical red sauces,positive
468114,B000NCEHX6,A31KRWOQ92ZUVA,Richard,1,1,2,1337299200,Not accurate,"In the description it says ""about 800"" Whenever I received mine me and my wife count all of them and we received 383. This isn't even close to 800 unless you break them in half. Going to SAMs club from now on.",negative,in the description it says about whenever i received mine me and my wife count all of them and we received this isn t even close to unless you break them in half going to sams club from now on,negative
40852,B00112GBO0,AI981GZB5ISUV,Aussie Di,0,0,5,1335744000,A great everyday tea,"Occasionally I have a more refined tea for an afternoon treat, however, for my everyday tea this beats anything, in flavor and price,that I can find in the USA. This was my everyday tea in Australia where there is an abundance of teas to select from. Put yourself on the list to have it auto delivered you will never want to run out of this tea...of course you need to be a tea drinker.",positive,occasionally i have a more refined tea for an afternoon treat however for my everyday tea this beats anything in flavor and price that i can find in the usa this was my everyday tea in australia where there is an abundance of teas to select from put yourself on the list to have it auto delivered you will never want to run out of this tea of course you need to be a tea drinker,positive
270699,B0042DHOZK,A1EEC5ZVQ87GSB,V.K. NJ,0,0,5,1313884800,"Great price, very popular with the cats.","It is the best way to buy pet products.  Having a six pack delivered is much better than adding 6 or 7 dollars to my grocery bill each week.  The cats love it.  We mix their urinary tract pet food with it, and the kitties are happy too.",positive,it is the best way to buy pet products having a six pack delivered is much better than adding or dollars to my grocery bill each week the cats love it we mix their urinary tract pet food with it and the kitties are happy too,neutral
252407,B000VSDA3A,AIGDDNINRLY27,Marilyn Smith,0,2,1,1324425600,disappointed,Have purchased these noodles for over 10 years.  Never a problem.The entire case of the packets were open and leaked out over the noodles and all else. A mess.,negative,have purchased these noodles for over years never a problem the entire case of the packets were open and leaked out over the noodles and all else a mess,negative
149248,B000F42E6O,A39K5051B4VLUG,James Garner,0,0,5,1345680000,Tea,Taylors of Harrogate Yorkshire Tea is the best I have found.  Buying it on Amazon as a subscription is very convenient and has worked out well.,positive,taylors of harrogate yorkshire tea is the best i have found buying it on amazon as a subscription is very convenient and has worked out well,positive
253417,B004JRMG98,A3DGJMO6VPG6FJ,Jeff Sprague,0,1,4,1311724800,Spice up your dinner,"I love creamy dressings, but I much prefer the home-made, milk-based variety rather than the typical soybean oil-based dressings sold in the grocery stores.<br />That said, the Bold and Creamy Jalapeno sauce is a refreshing way to spice up your salad or tacos and definitely a nice step-up from your average oil-based ranch dressing. It has a bit more of a kick than I expected from a mainstream product, but that's a good thing.  In addition to the spiciness, it's a tad on the sweet side, and while there are jalapenos, and green and red peppers on the ingredients list, it reminded me more of chili powder seasoning - probably because of the sweetness.<br />At he end of the day, this is one product I will likely buy again once the trial sample is gone.",positive,i love creamy dressings but i much prefer the home made milk based variety rather than the typical soybean oil based dressings sold in the grocery stores that said the bold and creamy jalapeno sauce is a refreshing way to spice up your salad or tacos and definitely a nice step up from your average oil based ranch dressing it has a bit more of a kick than i expected from a mainstream product but that s a good thing in addition to the spiciness it s a tad on the sweet side and while there are jalapenos and green and red peppers on the ingredients list it reminded me more of chili powder seasoning probably because of the sweetness at he end of the day this is one product i will likely buy again once the trial sample is gone,positive
445899,B0045GX6J2,A252E8POD2VM0N,Honeylover,0,0,1,1349481600,It doesn't have any orange flavor,"the color of the honey I received turns out much deaper than the color of the picture on Amazon.<br />I can't taste any orange flavor. The honey doesn't taste as good as other types of honey I tried. I was so looking forward to receiving this product After I ordered it. But now I am really disppointed.<br />It's a huge bottle. I don't like it. I don't think customers can return food products after they open and try, can they? well, I don't know what to do with this bottle of honey.",negative,the color of the honey i received turns out much deaper than the color of the picture on amazon i can t taste any orange flavor the honey doesn t taste as good as other types of honey i tried i was so looking forward to receiving this product after i ordered it but now i am really disppointed it s a huge bottle i don t like it i don t think customers can return food products after they open and try can they well i don t know what to do with this bottle of honey,negative
298024,B003AZ2ECY,A11YOTONCPRQ9S,SH,0,0,2,1316476800,Canceling my subscribe and save,"I like the other two flavors, especially the BBQ.  But the jalapeno is utterly gross.  Nasty, in fact.  There's just not much else to say.",negative,i like the other two flavors especially the bbq but the jalapeno is utterly gross nasty in fact there s just not much else to say,negative
56985,B0007W4VXI,A2QS0UK37J5TDO,Alan Yee,1,2,3,1233273600,Pods don't work for Saeco Magic,The content in each pod is high quality and they get shipped fast.  But beware that you will probably have to empty the pod contents into your espresso machine to get a good espresso.  When I use the regular pod in my Saeco Magic I just get a very dilute espresso because of the pod is too small.,neutral,the content in each pod is high quality and they get shipped fast but beware that you will probably have to empty the pod contents into your espresso machine to get a good espresso when i use the regular pod in my saeco magic i just get a very dilute espresso because of the pod is too small,negative
162258,B0001AO8DY,A1UQBFCERIP7VJ,Margaret Picky,6,7,5,1138492800,Filipinos (people from the Philippines) and Chinese love these and so do I!,"You will always find these in Chinatown because Chinese people and Filipino people love these, and why not?  So buttery is the toffee!  The little nutty covering feels funny on your tongue and I think they just put it there to keep the toffee from being sticky as it does not contribute much to the overall flavor.  These are not the deformed ones that they sell cheap--each one is beautiful and perfectly-formed.  Buy a can for yourself and any Chinese or Filipino friends you have, and even for your girlfriend for Valentine's--the pink tin practically SHOUTS ""Happy Valentines Day, I love you like a little toffee candy!!!!!""",positive,you will always find these in chinatown because chinese people and filipino people love these and why not so buttery is the toffee the little nutty covering feels funny on your tongue and i think they just put it there to keep the toffee from being sticky as it does not contribute much to the overall flavor these are not the deformed ones that they sell cheap each one is beautiful and perfectly formed buy a can for yourself and any chinese or filipino friends you have and even for your girlfriend for valentine s the pink tin practically shouts happy valentines day i love you like a little toffee candy,positive
413134,B000FRSSFC,A3HYVDR3VPK1IU,Girlfriend36,1,1,5,1315785600,Great Product Dont Order in the summer,"I LOVE this protien bar.  Best that I have EVER had.  Do not order in the summer.  I got them and they were totally melted, BAD.  I did find that by refrigerating them you could at least salvage the bar.",positive,i love this protien bar best that i have ever had do not order in the summer i got them and they were totally melted bad i did find that by refrigerating them you could at least salvage the bar,negative
390482,B0015DA1MI,A34QKG3ZP87M4Z,Squaretrader,0,0,5,1221177600,The BEST candy ever,These raspberries and blackberries are so good if you like berry flavor. They taste authentic and there is nothing cheap about them. High quality candy.,positive,these raspberries and blackberries are so good if you like berry flavor they taste authentic and there is nothing cheap about them high quality candy,positive
106179,B001SATWWS,A3NTGDTAIV8U3U,Oly,1,1,5,1312848000,Great coffee,I've been using this coffee for years.  My brother who lives in Texas uses it and got my wife and myself turned on to it.  It's not available in the stores here in Minnesota.  I found it on Amazon and will purchase it here when I'm running low.  If you give it a try you'll probably be hooked as well.  Cheaper than fancy grinds in the store and has a mild great taste my wife doesn't even like regular coffee any longer.,positive,i ve been using this coffee for years my brother who lives in texas uses it and got my wife and myself turned on to it it s not available in the stores here in minnesota i found it on amazon and will purchase it here when i m running low if you give it a try you ll probably be hooked as well cheaper than fancy grinds in the store and has a mild great taste my wife doesn t even like regular coffee any longer,negative
173010,B000OUPSZI,AKETJUM0B11ZC,M. Weaver,0,0,5,1345075200,Just Nothing Better Than Fresh Cracked Pepper!,"The title of my review really says it all. These are delicious. I blended them with some white, green, pink, and szechuan peppercorns in my grinder for more of a zesty, peppery taste. All the other peppercorns I purchased came from the same company. I'm still enjoying them, I'm sure you will too!<br /><br />Good Luck!",positive,the title of my review really says it all these are delicious i blended them with some white green pink and szechuan peppercorns in my grinder for more of a zesty peppery taste all the other peppercorns i purchased came from the same company i m still enjoying them i m sure you will too good luck,positive
340438,B0023VBVIY,A2P2SDXLCUXDM8,Tiger Woods,2,2,2,1278892800,Very disapointed,They shipped the far worse Taiwan version even though they both pictured a different product as well as putting Japanese in the description.,negative,they shipped the far worse taiwan version even though they both pictured a different product as well as putting japanese in the description,negative
5536,B004RO7NZ0,A3TJ8RORJU6BXZ,"Customer ""A customer""",0,0,2,1350604800,Something is Very Wrong Here,"Something is Very Wrong  The product is excellent.  I have been buying it for several years, first at Whole Foods, and then when they dropped the product, I have been purchasing it online.  In fact, I purchased it in its original larger size jar.  When the size was decreased to 8.82 OZ,  the selling price remained the same at Whole Foods.  I also purchased ALL flavors as this product is really delicious.<br /><br />The price has been going up CONSIDERABLY. I purchase 36 jars per order to save on shipping. With each order there is always another price increase.<br /><br />My recent order of September 2012 for 36 jars was apparently packed at the warehouse and sent to the store. The store did not repack it. Each box of six was sealed with warehouse tape identifying the item. It stated the name of the store it was shipped to as well as the flavor. The following information shocked me, and I quote:<br /><br />RIGONI FRUIT SPRD 8.82 OZ Pack 6 Retail 5.99<br /><br />Did you note the price? Retail 5.99!!!! It did not state wholesale, it said RETAIL PRICE. No one sells it for 5.99, yet the warehouse stipulates that is the retail price. Am I missing something here?  How many hundreds of dollars have I wasted???  I guess it is a matter of what the market will bear.....OUTRAGEOUS!  Of course there is the additional shipping chg.  On principal alone I will give up on this product. The GREED is beyond comprehension.<br /><br />I gave the product a low rating, even though the product is excellent because it is incredibly OVERPRICED.",negative,something is very wrong the product is excellent i have been buying it for several years first at whole foods and then when they dropped the product i have been purchasing it online in fact i purchased it in its original larger size jar when the size was decreased to oz the selling price remained the same at whole foods i also purchased all flavors as this product is really delicious the price has been going up considerably i purchase jars per order to save on shipping with each order there is always another price increase my recent order of september for jars was apparently packed at the warehouse and sent to the store the store did not repack it each box of six was sealed with warehouse tape identifying the item it stated the name of the store it was shipped to as well as the flavor the following information shocked me and i quote rigoni fruit sprd oz pack retail did you note the price retail it did not state wholesale it said retail price no one sells it for yet the warehouse stipulates that is the retail price am i missing something here how many hundreds of dollars have i wasted i guess it is a matter of what the market will bear outrageous of course there is the additional shipping chg on principal alone i will give up on this product the greed is beyond comprehension i gave the product a low rating even though the product is excellent because it is incredibly overpriced,positive
71708,B007RTR8AM,A19KLUZ1XD3SRN,"M. Lapus ""@ Starting Fresh blog""",0,0,3,1339027200,Effective but not for everyone,"I ordered Clear Scalp & Hair Beauty hoping that it would control my flakes.  The shampoo smells great, not overpowering, lathers well, and leaves your hair feeling squeaky clean. Unfortunately, it wasn't very effective at controlling flakes in the week and a half that I've used it.  My husband loves it though as he's found it to be very effective against flakes.  I think that in terms of flake control, it will depend on how strong you need the formulation to be. I'll have to stick to Nizoral & Neutrogena's anti-dandruff shampoo myself.",neutral,i ordered clear scalp hair beauty hoping that it would control my flakes the shampoo smells great not overpowering lathers well and leaves your hair feeling squeaky clean unfortunately it wasn t very effective at controlling flakes in the week and a half that i ve used it my husband loves it though as he s found it to be very effective against flakes i think that in terms of flake control it will depend on how strong you need the formulation to be i ll have to stick to nizoral neutrogena s anti dandruff shampoo myself,negative
395860,B001CWSKFC,AJ086E9A5FS2S,CJR,4,6,1,1297296000,May not be totally gluten free,"I ordered this for my mom, who has Celiac disease. She could not tolerate it, it gave her bad diarrhea, as if it had gluten in it.",negative,i ordered this for my mom who has celiac disease she could not tolerate it it gave her bad diarrhea as if it had gluten in it,negative
37197,B003CK2BQG,AD9L49GAX94JW,Zackmum4,0,0,5,1334707200,Stash Green Tea,"I bought this tea for my husband because he loves tea...and I tried some too and I have to say that I love this tea.  It tastes great and is smooth and in my opinion this tea is very good quality it has a slightly sweet flavor which I find very pleasing and it comes with 120 tea bags.. I'm really glad that I bought the Stash green tea brand.  I highly recommend it.  Also, I have to give amazon props because they did great on their shipping, very fast.",positive,i bought this tea for my husband because he loves tea and i tried some too and i have to say that i love this tea it tastes great and is smooth and in my opinion this tea is very good quality it has a slightly sweet flavor which i find very pleasing and it comes with tea bags i m really glad that i bought the stash green tea brand i highly recommend it also i have to give amazon props because they did great on their shipping very fast,positive
35677,B004JG0MN6,AELD14NGL1LIC,NewMomMA,2,2,5,1306886400,BEST BBQ Sauce,"This is our FAVORITE BBQ sauce. Great on everything, but phenomenal on flank steak! Tough to find in New England, so I hope Amazon will carry it soon...",positive,this is our favorite bbq sauce great on everything but phenomenal on flank steak tough to find in new england so i hope amazon will carry it soon,positive
407794,B0007NGIKQ,A38D3Z3V3AQH1X,Ms. Rosa M. Rosa,0,0,5,1167782400,Great Coffee,"These coffee pods were delicious. I, my co-worker and a doctor with whom I had to share these with so they could experience them also loved this Cinnamon Swirl flavored coffee. The deliver was super fast. A great transaction.",positive,these coffee pods were delicious i my co worker and a doctor with whom i had to share these with so they could experience them also loved this cinnamon swirl flavored coffee the deliver was super fast a great transaction,positive
477846,B004UC0GIU,AZZSCO5M3BTZ1,Hoos,0,0,4,1344470400,Well made,"This drawer is very sturdy, slides out without hassle and provides good storage without using up extra space. The only small drawback is the far back cups can be difficult to reach.",positive,this drawer is very sturdy slides out without hassle and provides good storage without using up extra space the only small drawback is the far back cups can be difficult to reach,positive
526333,B000J4IDOC,A2B2EHZGZGLV9D,Songbird,2,2,5,1205539200,Intoxicating scent!,"My Keurig coffee maker made me a coffee drinker, Gloria Jean's Butter Toffee has me looking forward to a cup every morning. Medium Bodied, with an intoxicating butter toffee scent. Makes breakfast extra special.",positive,my keurig coffee maker made me a coffee drinker gloria jean s butter toffee has me looking forward to a cup every morning medium bodied with an intoxicating butter toffee scent makes breakfast extra special,positive
157990,B001EO5RFE,A3A5OR5DV04CVL,Mary Mcdonnell,1,1,5,1275004800,The best!,Nature's Path Organic Flax Plus Pumpkin Granola Cereal is one of the best cereals I've ever tried.,positive,nature s path organic flax plus pumpkin granola cereal is one of the best cereals i ve ever tried,positive
354289,B00474N6MY,A1T01M5XRVHU41,Marie Datko,1,1,5,1325894400,Soooo good!,"We use this stuff on everything!  Absolutely great on chicken legs before grilling.  Amazing on pizza.  Used to be able to find it in the store, but have had to order it the last couple of times.  It's that good that we go through the trouble of ordering it!  Do yourself a favor, and buy several when you order this.",positive,we use this stuff on everything absolutely great on chicken legs before grilling amazing on pizza used to be able to find it in the store but have had to order it the last couple of times it s that good that we go through the trouble of ordering it do yourself a favor and buy several when you order this,positive
516227,B002VC22UG,A8W6R2QKCOENG,mini,0,0,5,1319241600,yummy,"First time buy food from Amazon, but these are good price and yummy. We all like it, it's good to share with friends too.",positive,first time buy food from amazon but these are good price and yummy we all like it it s good to share with friends too,positive
460167,B005BRHVD6,A183WJ7QWD34H8,M. Peacock,5,6,5,1198713600,LOVE GU!,"Just ran my first marathon in October and these were a godsend. Could definately feel the caffeine, electolytes, and carbs. Took them when I first felt fatigued, every 45 minutes to an hour, they kicked in just before I felt like I would collapse. Best boost ever. Use them on long runs, long bike rides, or when I workout and didn't eat much that day.",positive,just ran my first marathon in october and these were a godsend could definately feel the caffeine electolytes and carbs took them when i first felt fatigued every minutes to an hour they kicked in just before i felt like i would collapse best boost ever use them on long runs long bike rides or when i workout and didn t eat much that day,negative
494415,B005IQ32Z6,A2CZCAFE1GBA5L,Louie,0,0,4,1278806400,Great Peanuts,"Most people love peanuts. But, few brands provide quality, natural flavor, roasted just right peanuts. Feridies unsalted Virginia peanuts do. . All natural, no salt and roasted to achieve a great crunchy taste. I will buy more!",positive,most people love peanuts but few brands provide quality natural flavor roasted just right peanuts feridies unsalted virginia peanuts do all natural no salt and roasted to achieve a great crunchy taste i will buy more,positive
550542,B0018CDRUO,A183YTL7QMX3EW,peaches,1,4,1,1319155200,I hope no one is buying this crap!,"Ok. First I just have to say that Meaty Bones should be a dog owner's staple, my dog LOVES them... but the problem is with these companies who are selling their products! I mean really? This was originally priced at $80???! For ONE bag???? Then marked down to 10 or 11 something. Jee, they aren't trying to trick people into thinking they are getting some awesome deal and make profits at the same time. Then the buyer gets the product only to find out it is one 6lb bag they could have bought driving pretty much anywhere that sells dog food and buy it for the already 'discounted' price! That is what is costs, not $80!!!! I am so fed up with these companies inflating the cost of their products and then 'deeply discounting' them to boost sales and make the consumer think they are getting the best deal ever. I mean I realize they have done that for years and years but I feel like over the 2 years it has gotten way out of control. And don't even get me started the the free shipping BS (not amazon prime but other companies) where if you return the product they deduct the original shipping from your refund. Shipping was never free, you paid for it in the inflated price of the deeply disocunted product!!! uhg this should be against the law!!!!!",negative,ok first i just have to say that meaty bones should be a dog owner s staple my dog loves them but the problem is with these companies who are selling their products i mean really this was originally priced at for one bag then marked down to or something jee they aren t trying to trick people into thinking they are getting some awesome deal and make profits at the same time then the buyer gets the product only to find out it is one lb bag they could have bought driving pretty much anywhere that sells dog food and buy it for the already discounted price that is what is costs not i am so fed up with these companies inflating the cost of their products and then deeply discounting them to boost sales and make the consumer think they are getting the best deal ever i mean i realize they have done that for years and years but i feel like over the years it has gotten way out of control and don t even get me started the the free shipping bs not amazon prime but other companies where if you return the product they deduct the original shipping from your refund shipping was never free you paid for it in the inflated price of the deeply disocunted product uhg this should be against the law,negative
120147,B001ELJK3M,AB5GED6GH0F6M,DJF,0,0,3,1302480000,Vino Italiano Reisling,"Have made lots of kits over the years, I am more of a red wine enthusiast. Didn't enjoy this wine initially, am letting it age more then will re-post. It had a bit of a bitter after taste. This is the only Vino Italiano kit so far I haven't rated a 5 star.",neutral,have made lots of kits over the years i am more of a red wine enthusiast didn t enjoy this wine initially am letting it age more then will re post it had a bit of a bitter after taste this is the only vino italiano kit so far i haven t rated a star,negative
469402,B002T62G9Q,AR7TAEEUDHMUB,Kathryn S. Leon,0,0,4,1341705600,Very Good Flavor but...,"I must say, this product has very good flavor although, unlike the picture above, there isn't a trace of pink/red in the entire can...well, two cans, as I've opened that many.  Maybe the color disappears in the cooking process inside the can.  At any rate, I was taken aback that the meat was rather flesh tone.  Good news is that there's plenty of claw meat in there.  If the meat had been pinkish, it would have made a nice decoration on a seafood plate but as it is, it's best to just be used for sandwiches or inside a casserole, etc.  Good flavor.  Great sandwich material here.",positive,i must say this product has very good flavor although unlike the picture above there isn t a trace of pink red in the entire can well two cans as i ve opened that many maybe the color disappears in the cooking process inside the can at any rate i was taken aback that the meat was rather flesh tone good news is that there s plenty of claw meat in there if the meat had been pinkish it would have made a nice decoration on a seafood plate but as it is it s best to just be used for sandwiches or inside a casserole etc good flavor great sandwich material here,negative
412849,B000H227LQ,A1U23J6H25OQE5,"D. Gee ""PT-tech""",4,4,5,1200268800,Just hot water,The caramel ones tastes great with just hot water!<br /><br />I haven't tried it yet...it may even be better with hot milk...,positive,the caramel ones tastes great with just hot water i haven t tried it yet it may even be better with hot milk,positive
473283,B0030VJ79Q,A1W30EZX8E74WH,GratefulMama,0,0,5,1330905600,Sneaks veggies into toddlers!,"This is one of the few ways that I can sneak vegetables into my picky toddler!  He *loves* these pouches!  If you give your child more than one pouch at a time, be sure to give her the less sweet pouch first, or she may reject the second one.<br /><br />I keep these in my diaper bag so that I always have a healthy snack on hand for my little guy!",positive,this is one of the few ways that i can sneak vegetables into my picky toddler he loves these pouches if you give your child more than one pouch at a time be sure to give her the less sweet pouch first or she may reject the second one i keep these in my diaper bag so that i always have a healthy snack on hand for my little guy,negative
332229,B000O88OXI,ADIL8KZJ2ZBT4,Linda E. Moore,0,0,5,1283472000,This is excellent tuna!,"I use a lot of tuna, so I'm always looking for a great product at a great price.<br /><br />This is it!<br /><br />It has a long shelf-life, too. (Another brand of tuna I bought as a case lot came with an expiration date of this year; fortunately, I managed to use it up.)<br /><br />I hope the Polar tuna continues to be available.",positive,i use a lot of tuna so i m always looking for a great product at a great price this is it it has a long shelf life too another brand of tuna i bought as a case lot came with an expiration date of this year fortunately i managed to use it up i hope the polar tuna continues to be available,negative
283942,B002W9C9GK,A3SLIIG4S2BQ5U,Anne,1,1,5,1337904000,"If you are watching your weight, don't break this seal","You know how shortbread can frequently be boring?  Patterson's does a nice ""finger style"" and Royal Edinburgh does the very best petticoat tails, so it is helpful to only open these when you are sharing or just don't break the seal on the package in the first place--they are nicely crunchy without being too crumbly, and really nice flavor so the little devils call out to you when they are in the house.  Better than I bake on my own--and I have had practice!",positive,you know how shortbread can frequently be boring patterson s does a nice finger style and royal edinburgh does the very best petticoat tails so it is helpful to only open these when you are sharing or just don t break the seal on the package in the first place they are nicely crunchy without being too crumbly and really nice flavor so the little devils call out to you when they are in the house better than i bake on my own and i have had practice,positive
558346,B001KTA03C,A11VYJMQ228LU9,lee wa.,0,0,5,1348272000,husband loves,"My husband has done nothing but complain since I purchased our Kurig,he did not like any of the coffee until I purchased the Green Mountain Double Black Diamond. He really likes it as it has bold flavor and no watery taste. As for myself, I prefer milder coffee, I can even reuse the Double Black Diamond for myself. But my real favorite is the Lake and Lodge.",positive,my husband has done nothing but complain since i purchased our kurig he did not like any of the coffee until i purchased the green mountain double black diamond he really likes it as it has bold flavor and no watery taste as for myself i prefer milder coffee i can even reuse the double black diamond for myself but my real favorite is the lake and lodge,positive
64109,B000ITUEDQ,A3CMCO096MI3TT,"Bonnie ""Bonnie""",1,1,5,1185753600,quick lunch,These little cans of tuna spread are great for a snack or the start of a quick lunch.  The flavor and texture are good.  Keep a few of these cans and some crackers in your desk and you'll be set for those busy days at work.,positive,these little cans of tuna spread are great for a snack or the start of a quick lunch the flavor and texture are good keep a few of these cans and some crackers in your desk and you ll be set for those busy days at work,positive
54173,B0007OPYLE,A2ULMNO8LD1FZ2,M. Morris,2,3,5,1156377600,Love those Zots,"Had tried to find these at local candy stores, and was told that they were having a hard time locating them.  These guys had many types of candy that are labled ""Hard to find"".  We received product earlier than expected, and in perfect condition.",positive,had tried to find these at local candy stores and was told that they were having a hard time locating them these guys had many types of candy that are labled hard to find we received product earlier than expected and in perfect condition,negative
25313,B000MDCDOG,A1FWFCJU2G7TRA,KDMask,0,0,5,1280793600,So Yummy!!,"I bought this tuna when it was on sale to try on a salad. I was hoping to jazz it up a bit from regular tuna. This is really, really GOOD stuff. You can peel the can open easily, so it's great to take to work or in the car for a snack when traveling. My husband loves them too--we make sandwiches and bruschetta all the time. Great for Panini. Handy and yummy, and worth the price.",positive,i bought this tuna when it was on sale to try on a salad i was hoping to jazz it up a bit from regular tuna this is really really good stuff you can peel the can open easily so it s great to take to work or in the car for a snack when traveling my husband loves them too we make sandwiches and bruschetta all the time great for panini handy and yummy and worth the price,positive
285169,B001E5E3JY,A3E71J5PIU0Q04,Abdul Gaffar Syed,2,3,1,1323648000,Bitter!,"Agreed that it is zero calories sugar, but the last I remember, sugar was supposed to be sweet not bitter! I tried it for about a week in all different things using the recommended drops/serving. It just made everything bitter.",negative,agreed that it is zero calories sugar but the last i remember sugar was supposed to be sweet not bitter i tried it for about a week in all different things using the recommended drops serving it just made everything bitter,negative
239453,B0000CDBPX,A1HESTPTT368QC,Mo,1,1,5,1341619200,Great product,"This seasoning tastes delicious on every kind of meat. We've used it on red meat, chicken, and even salmon. Getting the 24oz can is definitely worth it because this seasoning should be used liberally. I have no negative comments about this product. Give it a try!",positive,this seasoning tastes delicious on every kind of meat we ve used it on red meat chicken and even salmon getting the oz can is definitely worth it because this seasoning should be used liberally i have no negative comments about this product give it a try,positive
373811,B004WTHCO2,A1SCC0GAW58OT2,KillerKarrots,1,2,1,1343001600,Metal in Food!!!!!!!!,I was really excited when I received this as a gift. My husband and I both have food allergies so I was planning on making our own baby food and the Beabe Babaycook seemed perfect!<br /><br />At first it was great. I loved being able to steam and then puree in one machine and I didn't mind the small portions because I am not a huge fan of leftovers. So the fact that we would get only 4 servings a time was no big deal.<br /><br />We have used the machine 5 times. 5. And we followed the care instructions to the letter.<br /><br />Imagine my surprise when we discovered small metal shavings in the food! The only things we had cooked in the machine were Sweat Potatoes and Peas.... Nothing that should cause the blade to chip! The only thing used to get the food out was a rubber spatula. We discovered metal in the food when our microwave was arching while heating up a serving of sweet potatoes! (24 sec power level 5)<br /><br />DO NOT BUY! SERIOUSLY!<br /><br />This machine is a hazard!,negative,i was really excited when i received this as a gift my husband and i both have food allergies so i was planning on making our own baby food and the beabe babaycook seemed perfect at first it was great i loved being able to steam and then puree in one machine and i didn t mind the small portions because i am not a huge fan of leftovers so the fact that we would get only servings a time was no big deal we have used the machine times and we followed the care instructions to the letter imagine my surprise when we discovered small metal shavings in the food the only things we had cooked in the machine were sweat potatoes and peas nothing that should cause the blade to chip the only thing used to get the food out was a rubber spatula we discovered metal in the food when our microwave was arching while heating up a serving of sweet potatoes sec power level do not buy seriously this machine is a hazard,positive
80770,B004INAQMM,A2HZBHOBGSICRN,I LUV AMAZON,0,0,4,1339459200,Another Cottie conumdrum,"(ASIN: B004INAQMM)  Well, here we have white fish, with Cottie's beloved cheddar cheese.  But his consumption of it is not on par with that for the tuna, not by a cat's whisker or any other measure you care to use.<br />I do not understand it.  I have fed him white fish with a myriad of other foods, including fish and shellfish, and he has usually devoured them, one and all.  But not this!  The only thing I can know for sure is that he knows it isn't tuna, which is the food he expects to experience with cheddar.<br />Cottie will eat it if very hungry, but not with the same gusto.  I need to make an attempt to find something special to put in it so he will enjoy it more than he does now.  Does anyone have any ideas for me?<br />Your takeaway is, this is a super Fancy Feast flavor, most cats will love it, but mine is a shtoonk.",positive,asin b inaqmm well here we have white fish with cottie s beloved cheddar cheese but his consumption of it is not on par with that for the tuna not by a cat s whisker or any other measure you care to use i do not understand it i have fed him white fish with a myriad of other foods including fish and shellfish and he has usually devoured them one and all but not this the only thing i can know for sure is that he knows it isn t tuna which is the food he expects to experience with cheddar cottie will eat it if very hungry but not with the same gusto i need to make an attempt to find something special to put in it so he will enjoy it more than he does now does anyone have any ideas for me your takeaway is this is a super fancy feast flavor most cats will love it but mine is a shtoonk,negative
12896,B004U7QZ4Y,A3IAFW4FCX2HR9,JOANNE FISHER,0,0,5,1338249600,Tazo Tea,"The tea is delicious...has a natural sweetness to it and has no caffeine. It is a bit pricey, but cheaper than buying it at Starbucks drive up.",positive,the tea is delicious has a natural sweetness to it and has no caffeine it is a bit pricey but cheaper than buying it at starbucks drive up,positive
348351,B003GS3VQ8,A1W24MD82BCD89,Patricia Lissade,0,0,4,1271980800,Great Healthy Snack,"I picked Sahale cashews with pomegranate at a Starbuck's after coming from the gym. They are so tasty, not too sweet but sweet enough. I was delighted to be able to order them on Amazon. They are a bit pricey, but come out cheaper when you buy them in bulk vs. buying single packets in local stores. I will buy them again.",positive,i picked sahale cashews with pomegranate at a starbuck s after coming from the gym they are so tasty not too sweet but sweet enough i was delighted to be able to order them on amazon they are a bit pricey but come out cheaper when you buy them in bulk vs buying single packets in local stores i will buy them again,positive
456604,B000EDM8FS,A1EOF8G4QS49V2,jaypeeswife,0,0,5,1341273600,Will Definitely Buy Again!,"I ran out of the nutritional yeast that I got at the store and decided to try Bob's Red Mill brand.  I was a little nervous to buy a pack of four, but since it could be frozen I decided to take the plunge.  I received my order in about 2 days (yeah Amazon!) and I already had a recipe that I was ready to try it with...Vegan Mac and Cheeze.  Nothing like jumping in with both feet to test out a new product!  I was very happy with the results.  The recipe turned out exactly as described and the Bob's Red Mill Nutritional yeast tasted fantastic.  My 3 year old son LOVED it and repeatedly said ""Yum, I like the cheesy noodles!"" For someone that is relatively new to being vegan, this is a great product for taste and also to get that illusive B12 into my diet.<br /><br />Pros:<br />  1. Great tasting (I add to salads, soups, noodles, etc.)<br />  2. Easy to use (The 8oz. packages allow you to use a little at a time and freeze the rest)<br />  3. Good source of vitamin B12 for vegans<br />  4. Good quality (I have always been happy with products from Bob's)<br /><br />Not-So-Pros:<br />  1. Flakes are a little larger than other brands (this isn't a huge deal and I knew this ahead of time since it is called ""large flake yeast"")<br /><br />I will definitely keep this on my ""Subscribe and Save"" list!",positive,i ran out of the nutritional yeast that i got at the store and decided to try bob s red mill brand i was a little nervous to buy a pack of four but since it could be frozen i decided to take the plunge i received my order in about days yeah amazon and i already had a recipe that i was ready to try it with vegan mac and cheeze nothing like jumping in with both feet to test out a new product i was very happy with the results the recipe turned out exactly as described and the bob s red mill nutritional yeast tasted fantastic my year old son loved it and repeatedly said yum i like the cheesy noodles for someone that is relatively new to being vegan this is a great product for taste and also to get that illusive b into my diet pros great tasting i add to salads soups noodles etc easy to use the oz packages allow you to use a little at a time and freeze the rest good source of vitamin b for vegans good quality i have always been happy with products from bob s not so pros flakes are a little larger than other brands this isn t a huge deal and i knew this ahead of time since it is called large flake yeast i will definitely keep this on my subscribe and save list,positive
188951,B001E0TBA0,A30VESJC65X8W3,"J. Ruckman ""Books are the Greatest""",9,9,5,1178668800,Peaceful LIfe,"This is the absolutely best product. I have spent lots of money trying many different products to relax and calm me. The very first time I used it I could tell a huge difference. It relaxes me during the day so I don't feel stressed out. When I take it at night, I sleep great. When my shoulders and neck are tight and tense I take it and it relaxes them. I think this product is expensive...but it is SO worth it.",positive,this is the absolutely best product i have spent lots of money trying many different products to relax and calm me the very first time i used it i could tell a huge difference it relaxes me during the day so i don t feel stressed out when i take it at night i sleep great when my shoulders and neck are tight and tense i take it and it relaxes them i think this product is expensive but it is so worth it,positive
204294,B000FZV432,AJHZOKK6Y4LME,"D.W. ""tv-watching history buff""",1,1,5,1286496000,Fun and tasty,"I disagree with other reviews that call this mushy. It cooked perfectly fine for me, but I followed the directions: brought water to a boil, and then cooked for 3 minutes. I served this with little tomatoes and asparagus (the red and green really popped against the black). One thing: it smelled a little fishy (?) when I strained it. However it tasted fine. We did not get a strong squid ink flavor.",positive,i disagree with other reviews that call this mushy it cooked perfectly fine for me but i followed the directions brought water to a boil and then cooked for minutes i served this with little tomatoes and asparagus the red and green really popped against the black one thing it smelled a little fishy when i strained it however it tasted fine we did not get a strong squid ink flavor,negative
134990,B004HOQE64,A1C46Y4XMS31EX,Troy Minor,2,2,5,1298332800,Addictive!,"I love wasabi....and these almonds are AWESOME!  They taste better than any other ""flavor enhanced"" almonds on the market.",positive,i love wasabi and these almonds are awesome they taste better than any other flavor enhanced almonds on the market,positive
359390,B007M832YY,ADAASOYZ1TOMW,"SammySosa21 ""sammysosa21""",33,35,5,1211414400,Fantastic chips!!!,"I want to start out by saying that i thought at first that a bag with only 120 calories and 4 grams of fat (no saturated or trans) for every 20 chips was going to taste like crap. I must say that not only was i wrong, that this is my favorite BBQ chip on the market today. They are light and you cannot taste any fat or grease after eating them. That's because they aren't baked or fried, just popped as their name suggests. These chips are very easy to dip as well. FANTASTIC PRODUCT!",positive,i want to start out by saying that i thought at first that a bag with only calories and grams of fat no saturated or trans for every chips was going to taste like crap i must say that not only was i wrong that this is my favorite bbq chip on the market today they are light and you cannot taste any fat or grease after eating them that s because they aren t baked or fried just popped as their name suggests these chips are very easy to dip as well fantastic product,negative
282149,B000E1ZUQO,A120JZI582VFIU,Kelsey,9,9,5,1150588800,an amazingly tasty and healthy snack,"My daughter has celiac and cannot eat gluten or dairy.  She can't eat most of the snacks she likes.  However, when I bought these, she absoluely loved them, plus they're healthy and inexpensive!  It can't get any better than that!",positive,my daughter has celiac and cannot eat gluten or dairy she can t eat most of the snacks she likes however when i bought these she absoluely loved them plus they re healthy and inexpensive it can t get any better than that,positive
306347,B000VK6TKO,AHW33LYPMQ8DB,Scarlett,7,7,5,1247529600,"""Best Canned Cat Food"", says cat.  :)","This is the only food my cat will eat.  She is very picky.  Since eating this better, organic food exclusively, she has had much better health.  (She is quite an old cat.)  For some reason the ""Turkey Formula"" flavor is her favorite.  If I try out a different food, she runs up and down the hallway yelling, until I give her ""Newman's Own"" canned (turkey flavor) food again.  (I never try out new foods with her anymore.)  :)  Must be good stuff!  BTW:  I also add in fresh organic greens and green powders for her too.  She loves it!",positive,this is the only food my cat will eat she is very picky since eating this better organic food exclusively she has had much better health she is quite an old cat for some reason the turkey formula flavor is her favorite if i try out a different food she runs up and down the hallway yelling until i give her newman s own canned turkey flavor food again i never try out new foods with her anymore must be good stuff btw i also add in fresh organic greens and green powders for her too she loves it,negative
352792,B002R8LYWQ,A3GUVVFT1MMI3Z,Bruce Donham,0,0,5,1311120000,An Excellent treat for your cats,"My cats loved the treats and gobbled them up right away.  They really enjoyed the treat, I had to hide them or one of my cats would  bat them down to the floor, and try to get into them.",positive,my cats loved the treats and gobbled them up right away they really enjoyed the treat i had to hide them or one of my cats would bat them down to the floor and try to get into them,positive
14619,B0032BXUJM,ADXNU7PKWB4M0,Jeremiah,1,1,4,1316995200,"Strong, but slightly acidic","Arrived on time.  The flavor comes through, which is important when using a K-cup.  It is bold, and sometimes slighly acidic.  It doesn't taste as smooth as the Newman's Bold.",positive,arrived on time the flavor comes through which is important when using a k cup it is bold and sometimes slighly acidic it doesn t taste as smooth as the newman s bold,negative
426427,B000I62E82,A3KD25QWG3VYK4,ddsharper,0,0,5,1345420800,love these berries,"Wonderful, privately owned company that I've been dealing with for years. always want to support that dying breed of business, trying to survive in the age of corporate takeovers. The product came on time, just like promised. yummy. Need the potassium and other nutrients so abundant in berries.",positive,wonderful privately owned company that i ve been dealing with for years always want to support that dying breed of business trying to survive in the age of corporate takeovers the product came on time just like promised yummy need the potassium and other nutrients so abundant in berries,positive
116637,B002YJ0118,AZE6K11FYN4O3,Patricia Bray,0,2,1,1350086400,Product has changed and now tastes just like microwave popcorn,"I tried this product about 2 years ago and it was just like movie theatre popcorn at that time but since that time, they must have changed the product and now tastes more like a microwave popcorn that lacks flavor.  The packaging has changed to include a separate salt/butter flavor compartment and the oil is now a liquid instead of a solid. Very disappointed in this product and sadly I now have 23 packets remaining.",negative,i tried this product about years ago and it was just like movie theatre popcorn at that time but since that time they must have changed the product and now tastes more like a microwave popcorn that lacks flavor the packaging has changed to include a separate salt butter flavor compartment and the oil is now a liquid instead of a solid very disappointed in this product and sadly i now have packets remaining,negative
49567,B001E5E268,A1V1I97UQ82WK4,gagunter,0,0,5,1328918400,Great Decaffeinated Chai,"My wife drinks 4-5 cups of hot decaf chai every week.  We found the decaf version of any brand was hard to find in local stores, so I went to my trusty Amazon and found this product.  It tastes good, she can drink at night with no sleep problems and we've ordered it regularly from Amazon over the past year and a half.",positive,my wife drinks cups of hot decaf chai every week we found the decaf version of any brand was hard to find in local stores so i went to my trusty amazon and found this product it tastes good she can drink at night with no sleep problems and we ve ordered it regularly from amazon over the past year and a half,positive
3370,B005K4Q1VI,A1SK9O1C7KOLMH,"Thomas A. Juarez ""Tom""",0,0,5,1326067200,Great!,"I bought this mostly because i wanted the peppermint hot cocoa, but i fell in love with the milk chocolate one.  The peppermint was pretty good as well...good cocoa!!!",positive,i bought this mostly because i wanted the peppermint hot cocoa but i fell in love with the milk chocolate one the peppermint was pretty good as well good cocoa,positive
530275,B00176MMZM,A1V6O2RSDOCYBO,fragglish,1,1,5,1339113600,Yummy,Anyone who love chai lattes but not the huge calorie in take from coffee shop versions will love this.  It tastes just as wonderful and is a soothing treat on cold nights.  Highly recommended!,positive,anyone who love chai lattes but not the huge calorie in take from coffee shop versions will love this it tastes just as wonderful and is a soothing treat on cold nights highly recommended,positive
23590,B001EO7GYY,A32V0V36E5JSTQ,coffeelover,5,5,5,1174694400,Excellent coffee,I've been using this product for some time.  It's not bitter and makes a great cup of coffee.,positive,i ve been using this product for some time it s not bitter and makes a great cup of coffee,positive
531095,B001D0IZBW,A2ACBBJ8LD27KY,"T. Davi ""picky purchaser""",0,0,4,1249516800,Timothy's decaf K-cup,My wife and I have tried several of the K-cups and found this to be one of the best decaf products available.  The emerils jazzed up decaf is our favorite but this is very good too.,positive,my wife and i have tried several of the k cups and found this to be one of the best decaf products available the emerils jazzed up decaf is our favorite but this is very good too,positive
88347,B001MBTNUE,A165ME21JE98VF,A. Greene,0,0,5,1329004800,Great Valentine's Day Decorations!,These decorations are perfect for whatever you are making for Valentine's Day!  Sprinkle them on cupcakes or cookies.  Dip pretzels in chocolate and sprinkle the chocolate before it cools.  Can be used year round for a fun sparkle of pink/red on your desserts.,positive,these decorations are perfect for whatever you are making for valentine s day sprinkle them on cupcakes or cookies dip pretzels in chocolate and sprinkle the chocolate before it cools can be used year round for a fun sparkle of pink red on your desserts,positive
246634,B003DNL9TC,A38RE3ZUP3X53Y,Bill,0,0,5,1343520000,Great drink,The low calories is just a bonus..great tasting too. I bring a botlle of this with me to work every day.,positive,the low calories is just a bonus great tasting too i bring a botlle of this with me to work every day,positive
526520,B007PA30TG,A7K55EQ7IVBFC,D. P. Corbett,0,0,2,1329177600,Disappointed,We have ordered this coffee on several occasions and have been happy with the it.  The most recent order seemed lacking in quality.  It was bitter and disappointing.,negative,we have ordered this coffee on several occasions and have been happy with the it the most recent order seemed lacking in quality it was bitter and disappointing,negative
53797,B000KFY5RO,ANFJYYQ0P35CW,Chris Jaronsky,6,6,5,1240012800,"By far, one of the best mustards in the world!","I love this product.  I grew up using this mustard but then moved to another area where it was not carried by the local supermarkets.  Then I found it again, and life is good.<br /><br />My wife is a yellow mustard person, and dislikes any of the spicy brown mustards I usually eat.  But when I found Kosciusko mustard again just recently I was raving about it so much she actually tried it.  And said she liked it.  Then two weeks ago I walked into the kitchen and found her making herself a sandwich and she was using the Kosciusko's!  I was shocked!  I started to make fun of her, asking if she grabbed the wrong mustard by mistake.  She said she likes it.<br /><br />Imagine that, all those years of living in a drab, unexciting existence using plain old yellow mustard, and she has finally seen the light.  I am so proud.<br /><br />Thank you Kosciusko Mustard Company.<br /><br />PS: There is only one problem I can see with your product.  It only comes in a 9 ounce jar.  That is not nearly big enough.  At the moment I have one half used jar in the fridge, and two unopened back-up jars in the pantry.  Please start selling it in a larger jar.",positive,i love this product i grew up using this mustard but then moved to another area where it was not carried by the local supermarkets then i found it again and life is good my wife is a yellow mustard person and dislikes any of the spicy brown mustards i usually eat but when i found kosciusko mustard again just recently i was raving about it so much she actually tried it and said she liked it then two weeks ago i walked into the kitchen and found her making herself a sandwich and she was using the kosciusko s i was shocked i started to make fun of her asking if she grabbed the wrong mustard by mistake she said she likes it imagine that all those years of living in a drab unexciting existence using plain old yellow mustard and she has finally seen the light i am so proud thank you kosciusko mustard company ps there is only one problem i can see with your product it only comes in a ounce jar that is not nearly big enough at the moment i have one half used jar in the fridge and two unopened back up jars in the pantry please start selling it in a larger jar,positive
103639,B000IMLJ46,A1UP81S8OCJASL,"A. Dominguez ""A.""",3,3,5,1264377600,great,"This is very high qulity pop corn, I recomend it.  Almost all kernels pop and they are a crisp white when they pop.  Very healthy and yummy, I have tried almost all of them.",positive,this is very high qulity pop corn i recomend it almost all kernels pop and they are a crisp white when they pop very healthy and yummy i have tried almost all of them,positive
253916,B003VKR0EU,A1M8P6DPTG6AJ6,Katie,0,1,3,1322697600,It was alright...,"I'm sure for other babies this works out, but my nine month old daughter was switched to this from Good Start Gentle at eight months thanks to WIC and it's been a nightmare ever since. She has absolutely awful gas, she shrieks in pain because of it. We're switching back to Good Start because it worked much better for her.<br /><br />I gave Enfamil a three because different forumlas work for different babies. The product itself isn't terrible, just my daughter's reaction to it was. Also the new packaging is annoying.",neutral,i m sure for other babies this works out but my nine month old daughter was switched to this from good start gentle at eight months thanks to wic and it s been a nightmare ever since she has absolutely awful gas she shrieks in pain because of it we re switching back to good start because it worked much better for her i gave enfamil a three because different forumlas work for different babies the product itself isn t terrible just my daughter s reaction to it was also the new packaging is annoying,negative
485217,B00292BMMM,A2DWUD4QEHSOI7,robertadavis,0,2,2,1345507200,Don't last,"My dogs are 12 LB, they love to chew, I thought I would try these StarMark, I bought a 2 pack medium, didn't even last a day. SAVE YOUR MONEY!!!<br />I need to buy Thick bully sticks they last about a week. (Where and when I can find Thick Bulky sticks at a inexpensive price)",negative,my dogs are lb they love to chew i thought i would try these starmark i bought a pack medium didn t even last a day save your money i need to buy thick bully sticks they last about a week where and when i can find thick bulky sticks at a inexpensive price,negative
52071,B0009YUI6I,ABUL0WH1PNP5X,Marlene M. Peterson,0,1,5,1329696000,Amazon sent the wrong item,Amazon sent the chicken and brown rice by mistake.  I'm old and disabled.  I can't mail it back and get the chicken and regular rice.  It's too heavy for me to deal with.  What a disappointment.  But I still gave it all 5 stars because this brand of dry cat food is excellent even though Amazon sent the wrong kind.  Epilogue.  Amazon kindly sent me a refund.  All's well.  The problem is that Blue Buffalo doesn't clearly label their products on the bag. You have to read the ingredients and look at the color of the bag to figure out what you have.,positive,amazon sent the chicken and brown rice by mistake i m old and disabled i can t mail it back and get the chicken and regular rice it s too heavy for me to deal with what a disappointment but i still gave it all stars because this brand of dry cat food is excellent even though amazon sent the wrong kind epilogue amazon kindly sent me a refund all s well the problem is that blue buffalo doesn t clearly label their products on the bag you have to read the ingredients and look at the color of the bag to figure out what you have,positive
163709,B002ZJTX16,A3S0X1B0U4HPQ1,"Sue A. Sanders ""Susie""",0,0,2,1222128000,Cookie chips were not very tasty,Chips Ahoy cookies were not very tasty.  My children and husband would not eat them.  I tried to give them away and everyone refused.,negative,chips ahoy cookies were not very tasty my children and husband would not eat them i tried to give them away and everyone refused,negative
370848,B003NZHOQ2,AJD0X7ZQGXZ3Y,Benjamin,0,0,5,1328832000,Clif never lets me down,"This crunch granola bar is on par with every other product from Clif.  It is, as the name would imply, very crunch and extremely delicious.  My favorite granola bar was Nature Valley, but this definitely took the cake.  Simply put, it's delicious.",positive,this crunch granola bar is on par with every other product from clif it is as the name would imply very crunch and extremely delicious my favorite granola bar was nature valley but this definitely took the cake simply put it s delicious,positive
324655,B0015AWU7U,A3MZQLCG60SE42,V.Vu,0,1,5,1305158400,5 Stars for the product- Not so great for the seller,"I love these pops and like others have scoured the earth to find them. These pops satisfy my caramel apple cravings... They taste better than the real thing imo. I'm very happy to be able to purchase these on Amazon anytime of the year.<br /><br />Note: If you're going to buy these pops from Penguin, be forewarned they may come previously melted and deformed as mine did.  Be sure to contact Amazon if they come deformed.",positive,i love these pops and like others have scoured the earth to find them these pops satisfy my caramel apple cravings they taste better than the real thing imo i m very happy to be able to purchase these on amazon anytime of the year note if you re going to buy these pops from penguin be forewarned they may come previously melted and deformed as mine did be sure to contact amazon if they come deformed,positive
381627,B005WWYY2Q,A1FPSHX2XVP8SN,MooMoo,10,11,1,1321488000,Very Displeased,"I bought these chocolate frogs as part of a surprise gift for someone and needless to say I am very disappointed in the size of the chocolate frogs. Way too small! Even for the price of both packs together, it should have been a third of the listing price because they are so small. I didn't get to open the packaging yet to see what the cards inside look like because it's a gift for someone else. I'd rather have waited to go to the HP Theme park and purchased a chocolate frog from there. The shipping charge was over priced considering the packages were not that heavy. Overall very displeased.",negative,i bought these chocolate frogs as part of a surprise gift for someone and needless to say i am very disappointed in the size of the chocolate frogs way too small even for the price of both packs together it should have been a third of the listing price because they are so small i didn t get to open the packaging yet to see what the cards inside look like because it s a gift for someone else i d rather have waited to go to the hp theme park and purchased a chocolate frog from there the shipping charge was over priced considering the packages were not that heavy overall very displeased,negative
301637,B001LN4IZS,A3PLQCQIC8WPQY,Charlie Mann,0,0,5,1334880000,Excellent,This treat is outstanding. It is not cloyingly sweet and has a great orange flavor.<br />I am not a big chocolate fan but I enjoy this very much. Make sure to really give<br />it a good thump on a solid surface to separate the segments.,positive,this treat is outstanding it is not cloyingly sweet and has a great orange flavor i am not a big chocolate fan but i enjoy this very much make sure to really give it a good thump on a solid surface to separate the segments,positive
343208,B000WFEN74,A1R23D4PAYSLFH,"Martha Powers ""Martha Powers""",0,0,5,1294531200,Grain-free Wellness is the key to good health,Our 3 cats will all eat this flavor of Wellness (a miracle in itself!) and I insist on them having it because we have a 12-year-old diabetic cat who should not have the cheap carbohydrates that are in cheap foods.,positive,our cats will all eat this flavor of wellness a miracle in itself and i insist on them having it because we have a year old diabetic cat who should not have the cheap carbohydrates that are in cheap foods,positive
330570,B0015V5JMM,A2N3IE8MF51YIK,Jeff H. Kaufman,0,0,5,1351036800,An addictive candy,"What can you say about a product that is delicious, addictive and reasonably priced. Well, Krapelien & Holm did not steer us wrong with the Licorice cats. They are like no other ones you can buy in Trader Joe's, Whole Foods or specialty candy shops. This product is wonderful, tasty and addictive. If you like cats and licorice, you will love this product. You will not find a better price or quality anywhere else.",positive,what can you say about a product that is delicious addictive and reasonably priced well krapelien holm did not steer us wrong with the licorice cats they are like no other ones you can buy in trader joe s whole foods or specialty candy shops this product is wonderful tasty and addictive if you like cats and licorice you will love this product you will not find a better price or quality anywhere else,positive
159973,B0006DQDPW,AOY1WN1Z3SQCV,T. Mars,10,10,1,1316995200,Basket with stale food,"I had purchased this basket of goodies to give my bf for our 2nd year anniversary. The basket was beautifully presented, but the food items in it was OLD and Nasty. The crackers were stale and so was everything else. He said that the only thing good about it was the cheese...but what can you eat from that basket with that cheese??",negative,i had purchased this basket of goodies to give my bf for our nd year anniversary the basket was beautifully presented but the food items in it was old and nasty the crackers were stale and so was everything else he said that the only thing good about it was the cheese but what can you eat from that basket with that cheese,negative
427872,B008FHUFAU,A1KRIW6DIL5DPM,M. Noack,1,1,4,1243987200,disappointing,"You may be wondering what is disappointing about a four star coffee.... This is a better than average brew, reasonably strong while not bitter (so no robusto beans), but the flavour, if ""intense,"" it is not particularly rich. If you love Timothy's Rainforest Espresso & Parisian Nights, this coffee is not in the same league. It is similar to Green Mountain's bold roasts.",positive,you may be wondering what is disappointing about a four star coffee this is a better than average brew reasonably strong while not bitter so no robusto beans but the flavour if intense it is not particularly rich if you love timothy s rainforest espresso parisian nights this coffee is not in the same league it is similar to green mountain s bold roasts,negative
401755,B000BLMWCM,A1CTDT8769N6IF,"Habanera ""HAV""",1,1,5,1199404800,The Best,"My dogs, 4 doxies and a Yorkie had been on Wellness, Innova, Canidae, and Evangers, when I try this food they want to eat all the time and eat it all, My Yorkie is only 3 lbs and very ficniky eater, never more since I am feeding them Artemis small breed adult.<br />Top of the line food. The best in the market today",positive,my dogs doxies and a yorkie had been on wellness innova canidae and evangers when i try this food they want to eat all the time and eat it all my yorkie is only lbs and very ficniky eater never more since i am feeding them artemis small breed adult top of the line food the best in the market today,positive
505374,B001PMDYXW,A1PTPE899WLMP7,S. Platt,2,2,5,1332028800,Super high quality for the ones you love,"Besides the fact that it's the only food my fussy bunch of four agree they like...there are other reasons why I love Newman's Own. Check the label.  The first, and most abundant ingredient is organic turkey.  In fact, ALL of the ingredients are organic.  When others pets were sadly dying from contaminated food connected to China, I could rest assured my cats were OK.  Again, check the label...Newman's Own meets the nutritional levels established by the AAFCO...a factor my vet cautioned me on when I went looking for a high quality food. Finally, I buy it because Paul & Nell Newman produce a great line of products.  If you want to treat yourself, pick up a package of Newman's Own Organic Cookies.  It doesn't matter if you go for the Newman O's or the Orange Chocolate Chip Cookies...they're all terrific.",positive,besides the fact that it s the only food my fussy bunch of four agree they like there are other reasons why i love newman s own check the label the first and most abundant ingredient is organic turkey in fact all of the ingredients are organic when others pets were sadly dying from contaminated food connected to china i could rest assured my cats were ok again check the label newman s own meets the nutritional levels established by the aafco a factor my vet cautioned me on when i went looking for a high quality food finally i buy it because paul nell newman produce a great line of products if you want to treat yourself pick up a package of newman s own organic cookies it doesn t matter if you go for the newman o s or the orange chocolate chip cookies they re all terrific,negative
339776,B0026LKJTS,A38SPKGCW19ZIF,"M. Blalock ""L. Blalock""",1,2,5,1307318400,She tolerates this food well!,"I have a 5 yr old cat that has a sensitive stomach so I saw a small bag of this at the store today and picked it up for $3.50 to try out. Let me tell you, she absolutely LOVES this food! She has not thrown up yet after eating it(as she has with previous brands) so if all goes well this is her new food, excellent!! :D",positive,i have a yr old cat that has a sensitive stomach so i saw a small bag of this at the store today and picked it up for to try out let me tell you she absolutely loves this food she has not thrown up yet after eating it as she has with previous brands so if all goes well this is her new food excellent d,positive
269149,B00004RAMS,A12Q440YETJCMQ,"dclaro ""Don""",0,0,3,1346544000,Tricky Setup,"I read the instructions five times in order to ""set"" the traps. I still couldn't ""get-it"". So, I put the thing in my vise. I studied the trigger mechanisim and the ""light"" went on. I have not set the traps up yet because the moles seem to have disappeared after I put grub killer on the lawn.",neutral,i read the instructions five times in order to set the traps i still couldn t get it so i put the thing in my vise i studied the trigger mechanisim and the light went on i have not set the traps up yet because the moles seem to have disappeared after i put grub killer on the lawn,negative
409913,B0028H1H32,AJAHMJOB3BRAP,B. Hall,1,1,5,1253664000,I liked this product,"I enjoyed this tea very much.  For the reviewer that was disappointed about it being decaffeinated, all Rooibos tea is naturally that way.  It's drank by many people for that reason, including expectant mothers.  I'm sorry you had an unpleasant experience because of it :(",positive,i enjoyed this tea very much for the reviewer that was disappointed about it being decaffeinated all rooibos tea is naturally that way it s drank by many people for that reason including expectant mothers i m sorry you had an unpleasant experience because of it,positive
303915,B004WLGWS2,AW7VIZUKC8ZY3,chari,3,3,4,1318032000,Great cereal marshmallows,"My son has developed a love for Lucky Charms cereal. Unfortunately that love often only includes the tasty marshmallows and the actual cereal part ends up being dropped on the floor for our ""automatic vacuum"" (the dog) to clean up. These seemed like a good way to ensure that our Lucky Charms cereal stays as it should. First of all, these do indeed taste very much like the marshmallows found in the cereal. They are crisp, solid-colored, and fresh tasting. Made in the US, the packages had only about a year before its ""sell by"" date so keep in mind to only order as much as you can use in a reasonable time. Finally, these are small 5 1/4 x 7 1/2 bags so most should be able to use them while fresh. All in all these are a great purchase for marshmallow lovers.",positive,my son has developed a love for lucky charms cereal unfortunately that love often only includes the tasty marshmallows and the actual cereal part ends up being dropped on the floor for our automatic vacuum the dog to clean up these seemed like a good way to ensure that our lucky charms cereal stays as it should first of all these do indeed taste very much like the marshmallows found in the cereal they are crisp solid colored and fresh tasting made in the us the packages had only about a year before its sell by date so keep in mind to only order as much as you can use in a reasonable time finally these are small x bags so most should be able to use them while fresh all in all these are a great purchase for marshmallow lovers,neutral
338220,B002T0GXNC,A2Q2RH9GU0J9I5,Joe,3,6,1,1315353600,Product not sealed,This product arrived and I found it a little odd that a liquid food product such as this is not encased in a cellophane shrink wrapping.  Then I opened the top and found that there was not even a seal across the top of the bottle.  I promptly threw the stuff out!,negative,this product arrived and i found it a little odd that a liquid food product such as this is not encased in a cellophane shrink wrapping then i opened the top and found that there was not even a seal across the top of the bottle i promptly threw the stuff out,negative
56958,B0007W4VXI,A3UUG5YXI57PCA,David J. Rolstad,13,15,4,1130716800,Sampler price.,"At first glance, it seems like 60 cents per pod is really rather expensive.  Starbucks charges $0.42/pod in boxes of 12.  Other merchants like Podhead charge anywhere from $0.42 and up plus shipping.  This sampler contains some exclusive pods that retail for much more making this a decent deal afterall.  However, don't be fooled into thinking you'll really want to drink $2.00 pods on a daily basis. [...] and they have free shipping on $75 or more orders.  Most are less than $0.50/pod if you buy a quantity worthy of a casual espresso drinker.",positive,at first glance it seems like cents per pod is really rather expensive starbucks charges pod in boxes of other merchants like podhead charge anywhere from and up plus shipping this sampler contains some exclusive pods that retail for much more making this a decent deal afterall however don t be fooled into thinking you ll really want to drink pods on a daily basis and they have free shipping on or more orders most are less than pod if you buy a quantity worthy of a casual espresso drinker,negative
980,B001EQ4DVQ,A38FWXBFJX210N,Terri,0,0,5,1252713600,Great taste,"These are great for at work, just pop the instant bag in for a minute then make your coffee. This is the best tasting coffee. It's easy to make without a mess.",positive,these are great for at work just pop the instant bag in for a minute then make your coffee this is the best tasting coffee it s easy to make without a mess,positive
222388,B004E4CCSQ,AAZ1L4A33TEDH,Michael P. Lefand,1,2,1,1325808000,"""Peachy, but...""","I added MIO Liquid Enhancer to a 16.9 ounce of bottled water and took a sip, my first impression.  Smelled like peach.  Tasted like peach.  Instructions on bottle say each squeeze adds more flavor, one squeeze for each 8 ounces. So what is a squeeze?  Each person's squeeze is different.  I thought it might be a measured squeeze, so I squeezed it. Well I guess that was too much, it definitely was too sweet with over powering peachiness and left an unpleasant aftertaste that stayed in my mouth for a short time.<br /><br />I gave MIO Liquid a second try with a 16.9 ounce bottle of water and two small squeezes of MIO.  I sipped it. This time there was not enough peach flavor and there still was an aftertaste that stayed in my mouth.<br /><br />This product leaves a lot up to a person's personal taste and squeeze.  Each time I used it the results were different because each time a slightly different amount was added to the bottled water.  And even then it is still not a perfect flavor or taste.  Perhaps if it was premeasured, a chamber at the top that would fill when turned upside down with a measured amount would allow each drink to be more consistent.  Even so, this would not improve the aftertaste, Lipton and Crystal Light taste much better.  I will not be purchasing this product and can only give it one star.",negative,i added mio liquid enhancer to a ounce of bottled water and took a sip my first impression smelled like peach tasted like peach instructions on bottle say each squeeze adds more flavor one squeeze for each ounces so what is a squeeze each person s squeeze is different i thought it might be a measured squeeze so i squeezed it well i guess that was too much it definitely was too sweet with over powering peachiness and left an unpleasant aftertaste that stayed in my mouth for a short time i gave mio liquid a second try with a ounce bottle of water and two small squeezes of mio i sipped it this time there was not enough peach flavor and there still was an aftertaste that stayed in my mouth this product leaves a lot up to a person s personal taste and squeeze each time i used it the results were different because each time a slightly different amount was added to the bottled water and even then it is still not a perfect flavor or taste perhaps if it was premeasured a chamber at the top that would fill when turned upside down with a measured amount would allow each drink to be more consistent even so this would not improve the aftertaste lipton and crystal light taste much better i will not be purchasing this product and can only give it one star,negative
476609,B000Q6ECIO,A2NW5P16351GVU,Keith Robinson,1,2,4,1348444800,Meth,"I used this to make rocky candy as meth for a costume prop. I dressed as Hiesenburg from Breaking Bad. It does work, I used two drops, but you have to be careful. Because boiling sugar, corn syrup and hot water makes a yellowish color, adding too little, too much or stirring too much can change to a green color. Took me three tries (first Americolor Sky Blue, second McKormick Neon Blue and third Americolor Sky Blue again), but I got it eventually.",positive,i used this to make rocky candy as meth for a costume prop i dressed as hiesenburg from breaking bad it does work i used two drops but you have to be careful because boiling sugar corn syrup and hot water makes a yellowish color adding too little too much or stirring too much can change to a green color took me three tries first americolor sky blue second mckormick neon blue and third americolor sky blue again but i got it eventually,negative
105795,B005R8JDEE,A3H1EQD2PBC085,jmc,0,0,5,1344902400,better than i can make,"i live in the south and must be honest when i say that this tea is much better than even the local restaurants can make.  it is sweet without being overly syrupie.  i did find out that i have to stir it a little more than i would a regular cup of tea that is warm.  but, that is probably to be expected.  it is good!",positive,i live in the south and must be honest when i say that this tea is much better than even the local restaurants can make it is sweet without being overly syrupie i did find out that i have to stir it a little more than i would a regular cup of tea that is warm but that is probably to be expected it is good,positive
337254,B007OSBE1U,A302QRLK2NS1MD,Dave,2,3,4,1350432000,As good a cup of coffee as you will get for the price,"I must admit that I was sceptical at first about the price of this coffee but I decided to try it anyway, I'm glad I did because it is about as good a cup of coffee as you will get for the price. I will order more from Amazon!",positive,i must admit that i was sceptical at first about the price of this coffee but i decided to try it anyway i m glad i did because it is about as good a cup of coffee as you will get for the price i will order more from amazon,neutral
14961,B000UVKZXQ,A4IT7XL42V9XZ,Kevin,1,1,1,1346371200,Molded chestnuts.,"I ordered these chestnuts on 8/20/2012 and received them on 8/24/2012.  The listed date of production on most of these packages is 10/29/2011 with an expiration date of 12/28/2012.  However, multiple packages contained molded, black chestnuts.  The insides of the molded packages were also very wet and sticky.<br /><br />I've purchased Galil chestnuts from local stores in the past and the products SHOULD be dry when opened and the chestnuts should be a tan/brown color.",negative,i ordered these chestnuts on and received them on the listed date of production on most of these packages is with an expiration date of however multiple packages contained molded black chestnuts the insides of the molded packages were also very wet and sticky i ve purchased galil chestnuts from local stores in the past and the products should be dry when opened and the chestnuts should be a tan brown color,negative
121325,B0062U11QE,A3EO3LWVKWTUG8,Frank's biggest fan,0,0,4,1339545600,subtle yet lush,"337 has a deep, rich flavor with a bit of sweetness not typical of a cab.  Taste is beautifully balanced with a nice long finish.  I recommend letting it breathe for an hour or so as the flavor changes (for the better) with a bit of a wait.",positive,has a deep rich flavor with a bit of sweetness not typical of a cab taste is beautifully balanced with a nice long finish i recommend letting it breathe for an hour or so as the flavor changes for the better with a bit of a wait,positive
362315,B00028MUDA,A12867T09XPU2M,"solarisnova ""OlyGal""",4,6,3,1275955200,This tea is a mixture of different spices,"Although this tea is flavorful and tastes fine, I should have read the description more carefully. I was looking for pure licorice root tea. This tea has other spices added to it and the orange peel flavor is dominant and licorice flavor is muted. I am giving it three stars because the name of the tea should include some of the other spices. Read the ingredients listed before you purchase. Here is the description, ""Combined with a touch of cinnamon, orange peel and other carefully selected herbs and spices"" If you like these other spices then you will be happy. Otherwise, you might opt for a pure licorice tea and the box will say, ""Ingredients: Licorice Root"". That was what I really wanted, although this tea tastes perfectly good.",neutral,although this tea is flavorful and tastes fine i should have read the description more carefully i was looking for pure licorice root tea this tea has other spices added to it and the orange peel flavor is dominant and licorice flavor is muted i am giving it three stars because the name of the tea should include some of the other spices read the ingredients listed before you purchase here is the description combined with a touch of cinnamon orange peel and other carefully selected herbs and spices if you like these other spices then you will be happy otherwise you might opt for a pure licorice tea and the box will say ingredients licorice root that was what i really wanted although this tea tastes perfectly good,negative
359818,B007M832YY,A31J374YOS01NC,Christopher A. Moreno,1,1,5,1332028800,Great Flavor,"I recently discovered Popchips and their greatness. So I have been trying them out flavor by flavor. The Chili Lime has is now my favorite. It had previously been the Salt & Pepper. It is def not too spicy, so don't let that scare you. If anything the lime is the highest note of flavor. If you already like Popchips, this is a new great flavor to try. If you have never tried them, then this is a great flavor to start with.",positive,i recently discovered popchips and their greatness so i have been trying them out flavor by flavor the chili lime has is now my favorite it had previously been the salt pepper it is def not too spicy so don t let that scare you if anything the lime is the highest note of flavor if you already like popchips this is a new great flavor to try if you have never tried them then this is a great flavor to start with,positive
385675,B000EPR1KI,A3K35M7ZHDNWUB,"cookiemonsterr ""cookiemonster""",1,1,5,1191628800,the best,"ya cant stop eatin them,they are so good,my friends are addicted to them,,were all gonna explode",positive,ya cant stop eatin them they are so good my friends are addicted to them were all gonna explode,positive
46866,B003V7XNRQ,A35I7I5255CEO1,"B. J. F. Williams ""bobbi""",1,1,4,1319500800,coconut manna.food of the gods,"coconut manna wish container was larger...i use it to make coconut manna balls..they are very delicious...order from amazon.com 15 oz container..it is delicious by it self coconut is a good fat helps the body in many ways...it is fiber, it is sweet naturally, it helps lower lipids in body..love the product",positive,coconut manna wish container was larger i use it to make coconut manna balls they are very delicious order from amazon com oz container it is delicious by it self coconut is a good fat helps the body in many ways it is fiber it is sweet naturally it helps lower lipids in body love the product,positive
434724,B000VIFCYU,A14WTIYJAKIK6W,J. Pirone,8,8,5,1286928000,Great for errands and travel!!,I always have a couple of these in my diaper bag!  We bought the case for our recent vacation and they worked out so great! No washing bottles at the hotel or needing a refrigerator or cooler.  I reccomend that you buy a 3 pack of those super cheap evenflo bottles just to use the nipple and ring.  We bought a pack of these for $2.99 and use the rings/nipples everytime since our Avent ones don't fit.  Love these ready to feed bottles!!,positive,i always have a couple of these in my diaper bag we bought the case for our recent vacation and they worked out so great no washing bottles at the hotel or needing a refrigerator or cooler i reccomend that you buy a pack of those super cheap evenflo bottles just to use the nipple and ring we bought a pack of these for and use the rings nipples everytime since our avent ones don t fit love these ready to feed bottles,negative
18056,B008ZRKZSM,A1BC7V7RWX9HEY,donet,0,0,4,1342483200,"Delicious, but so little quantity","This powder is delicious. I use it in protein smoothies, protein bars, and sprinkled over fruit. Used as an ingredient, I find it much less messy than regular PB. My only complaint is that, if used in a recipe...the jar doesn't last as long as originally anticipated (due to the powdered nature).",positive,this powder is delicious i use it in protein smoothies protein bars and sprinkled over fruit used as an ingredient i find it much less messy than regular pb my only complaint is that if used in a recipe the jar doesn t last as long as originally anticipated due to the powdered nature,positive
463622,B004QDA8WC,A6X4Q12FDIJVW,Sablejack,0,1,2,1334793600,So So,"I am a fan of chi but this is only okay.  I made this using the 8oz setting.  I found it to be too sweet.  I added two little half&half cups which helped a bit, but it still had the chemical sweet taste.",negative,i am a fan of chi but this is only okay i made this using the oz setting i found it to be too sweet i added two little half half cups which helped a bit but it still had the chemical sweet taste,positive
448802,B0005YXP9Y,A3HED8SW5DDP9Q,L. Satterlee,0,0,4,1325808000,"None broken in my packages...rate product, not packaging anyway...VERY SWEET COOKIE.","Very sugary, a sugar cookie is more descriptive...very good for a sugar cookie though, guess I was expecting a buttery shortbread...a bit disappointed.<br /><br />All Pepperidge Farm cookies have great eye appeal, but they are run by big business.<br /><br />They hop theirs up with too much grainy sugar...just tried the milk chocolate chips kind too...not at all like homemade, because of the grainy, overly sugary taste.",positive,very sugary a sugar cookie is more descriptive very good for a sugar cookie though guess i was expecting a buttery shortbread a bit disappointed all pepperidge farm cookies have great eye appeal but they are run by big business they hop theirs up with too much grainy sugar just tried the milk chocolate chips kind too not at all like homemade because of the grainy overly sugary taste,negative
383344,B002Q1ZX12,A33TZR5CVGE9PM,"Coffee Drinker ""lee""",0,0,5,1258070400,best coffee ever,"i had loved and bought this product for years and then i couldn't find it anymore.  it was SO GREAT to be able to order the coffee through amazon.  if you get the whole beans, they are perfect, not burned like some, and it tastes fresh and good. the ground coffee is equally special.  the order arrived the next day, great packaging, a nice note, so efficient.  i am happy to support a smaller company instead of one of the big corporations.  i feel so lucky!",positive,i had loved and bought this product for years and then i couldn t find it anymore it was so great to be able to order the coffee through amazon if you get the whole beans they are perfect not burned like some and it tastes fresh and good the ground coffee is equally special the order arrived the next day great packaging a nice note so efficient i am happy to support a smaller company instead of one of the big corporations i feel so lucky,positive
297439,B00394JNAW,A246JFJ9Q6N1OM,Natalie,5,5,5,1304985600,Love it,"This is what you need if you want to make not good, not great but beyond amazing pizza dough. I've been making pizza for a decade and I thought I know what I was doing and what to use... and then, I tried this flour. Wow! Big deference: it has more elasticity to it so makes for easier tossing, and then the taste... poems should be written about the taste.<br />I've learned about Antimo Caputo ""00"" flour on Taylor's Ultimate episode - the ultimate pizza, it's where he goes to NYC, then to Italy, Naples and learns how to make pizza dough. The Italian woman who is teaching him shows him this flour and says that this is the only kind that pizzerias throughout Naples use. `Nuff said.",positive,this is what you need if you want to make not good not great but beyond amazing pizza dough i ve been making pizza for a decade and i thought i know what i was doing and what to use and then i tried this flour wow big deference it has more elasticity to it so makes for easier tossing and then the taste poems should be written about the taste i ve learned about antimo caputo flour on taylor s ultimate episode the ultimate pizza it s where he goes to nyc then to italy naples and learns how to make pizza dough the italian woman who is teaching him shows him this flour and says that this is the only kind that pizzerias throughout naples use nuff said,neutral
278259,B000HQPHGE,A38FT1Q27V3XBV,Adara,0,0,5,1323907200,"Morton & Bassett Organic Parsley, a High Quality Product","I have used their organic bay leaves and was thoroughly impressed. Without any hesitation I decided to try their organic parsley flakes.  Needless to say the quality is as high as I had anticipated. Their organic parsley flakes are a delicious garnish or addition to vegetables, meats, and fish. (For example mashed carrots with parsley topping is so delicious!) It is organic and very carefully prepared and handled so you know that you are getting top quality. I highly recommend this product.",positive,i have used their organic bay leaves and was thoroughly impressed without any hesitation i decided to try their organic parsley flakes needless to say the quality is as high as i had anticipated their organic parsley flakes are a delicious garnish or addition to vegetables meats and fish for example mashed carrots with parsley topping is so delicious it is organic and very carefully prepared and handled so you know that you are getting top quality i highly recommend this product,positive
467010,B008TA9ABS,A2PNOU7NXB1JE4,"Peggy ""pab920""",0,1,1,1349136000,Very overpriced and poor quality.,"With shipping I paid four fifty a lb. Although this popcorn is 20% larger in size, it is tough and flavorless. I wasted eighteen dollars for 2 bags, one of which I'd planned to give to a friend but won't now.",negative,with shipping i paid four fifty a lb although this popcorn is larger in size it is tough and flavorless i wasted eighteen dollars for bags one of which i d planned to give to a friend but won t now,negative
265561,B004PX81RM,A2QMS2M3FJAURA,Chalde,1,2,5,1330992000,"Yep, It's Mike and Ike's for me.","You know, we don't get these little things in the UK, so all I can say is that it's about time we did.<br />Maybe, just maybe, once in a while, a packet or box or two, filters it's way across the pond, into<br />one of our supermarkets, well America, it's about time we had them in all their glory, in every<br />conceivable packet available, like you guys do. What a cheek! Don't you guys think we like American<br />Candy or something? Come on, we're fed up with waiting.<br />It's okay. I'm just bustin' ya chops - but send more. And be quick about it. We love 'em.",positive,you know we don t get these little things in the uk so all i can say is that it s about time we did maybe just maybe once in a while a packet or box or two filters it s way across the pond into one of our supermarkets well america it s about time we had them in all their glory in every conceivable packet available like you guys do what a cheek don t you guys think we like american candy or something come on we re fed up with waiting it s okay i m just bustin ya chops but send more and be quick about it we love em,negative
121330,B002GJ9JIM,A1ANFXANZVR069,Warren Parker,5,6,5,1263340800,A fantastic olive oil for the price.,"I'm an American which means I don't know squat about good olive oils.  Well, that used to be true.  Now I know a little something about them that I'd like to share with you.  I was a typical person... I bought olive oil at my local grocery store but I didn't really know anything about it.  In time I learned about cold-pressed olive oil being preferred.  Next i learned a little more about the deeper concepts of olive oil.  I sampled various relatively expensive domestic brands, the kinds available at my local Harris Teeter.  But my experiences weren't very fruitful.  I simply wasn't moved.  Until I decided to give in to a wild hare and order a foreign bottle of olive oil.  And WOW!  What a difference!! Such a fruitful nose and a beautiful color.  I never knew it could be like this.  I simply didn't have a clue that this could exist.  But what I ordered was fairly expensive.  At least compared to what I could get locally.  THIS PARTICULAR olive oil was my second foree into non-domestic samples.  And not only is it better than the first REAL olive oil I tried, it's cheaper.  If you choose this olive oil you're going to pay about 30% more than what you can get locally.  With shipping costs and all.  (Minus sales tax, yay!)  But this olive oil is very high quality.  And although it costs a tad bit more that what you can buy locally, the lift in quality makes it worth it ten times over.<br /><br />I just ordered my second bottle and I see this as being something I do every 3 or 4 months.",positive,i m an american which means i don t know squat about good olive oils well that used to be true now i know a little something about them that i d like to share with you i was a typical person i bought olive oil at my local grocery store but i didn t really know anything about it in time i learned about cold pressed olive oil being preferred next i learned a little more about the deeper concepts of olive oil i sampled various relatively expensive domestic brands the kinds available at my local harris teeter but my experiences weren t very fruitful i simply wasn t moved until i decided to give in to a wild hare and order a foreign bottle of olive oil and wow what a difference such a fruitful nose and a beautiful color i never knew it could be like this i simply didn t have a clue that this could exist but what i ordered was fairly expensive at least compared to what i could get locally this particular olive oil was my second foree into non domestic samples and not only is it better than the first real olive oil i tried it s cheaper if you choose this olive oil you re going to pay about more than what you can get locally with shipping costs and all minus sales tax yay but this olive oil is very high quality and although it costs a tad bit more that what you can buy locally the lift in quality makes it worth it ten times over i just ordered my second bottle and i see this as being something i do every or months,negative
196263,B001E95KO2,A1F6E2VHZDEEQ,"K. Gee ""113kathy""",0,0,5,1216080000,Love it!,"I love Mighty Leaf teas. I originally tried Mighty leaf at a quaint little coffee shop; I fell in love with the shop and the tea. The Chamomile citrus is unlike other chamomile teas I have had in the past, and there have been many. The slightly sweet taste with just more than a hint of citrus is very relaxing. A perfect cup steeps for about 5 minutes, add a drop of honey, sip, relax, and sleep like a baby.<br />If you like this one, Try the organic mint, especially iced.<br />The only downfall is that I cannot find Mighty leaf in local stores, but Amazon's price is good and worth every cent.",positive,i love mighty leaf teas i originally tried mighty leaf at a quaint little coffee shop i fell in love with the shop and the tea the chamomile citrus is unlike other chamomile teas i have had in the past and there have been many the slightly sweet taste with just more than a hint of citrus is very relaxing a perfect cup steeps for about minutes add a drop of honey sip relax and sleep like a baby if you like this one try the organic mint especially iced the only downfall is that i cannot find mighty leaf in local stores but amazon s price is good and worth every cent,positive
145372,B0012BSMJM,A1CBNUBPZPWH5D,"Boston Lesbian ""Happily Married in Massachusetts""",8,9,5,1216339200,Flavorful and refreshing,I ordered this item because it was on sale and because of the health benefits of green tea.  I wasn't certain how good it was going to be but I was pleasantly surprised.  It tastes refreshing and fruity.  The flavor isn't overpowering or fake.  I mix the powder in a sports bottle along with cold water and splenda.  The powder dissolves easily and the drink has a nice green tea and blueberry taste.  I was so impressed that I have signed up for automatic delivery.  It's a great product.,positive,i ordered this item because it was on sale and because of the health benefits of green tea i wasn t certain how good it was going to be but i was pleasantly surprised it tastes refreshing and fruity the flavor isn t overpowering or fake i mix the powder in a sports bottle along with cold water and splenda the powder dissolves easily and the drink has a nice green tea and blueberry taste i was so impressed that i have signed up for automatic delivery it s a great product,positive
30376,B005DDCKJ8,A1SF8LUO1J0Z8O,8728111,2,4,1,1286064000,"BEST BARS EVER, BUT....................","These are the BEST BARS I HAVE EVER EATEN. I have one and my daughter has one EVERY day.<br /><br />And I shop on the internet whenever possible, so its not like I have something against Amazon, other online sellers, or UPS.<br /><br />But buy these bars at the store. The wonderful white chocolate covering on them melts when delivered by UPS, and although you can still eat it that ruins the bar, with chips of re-hardened white chocolate falling off every where.<br /><br />So BUY THESE BARS!!!!!THEY ARE INCREDIBLE, but buy them at the store.<br /><br />Apologies to Amazon, online sellers and UPS, but it is what it is................",negative,these are the best bars i have ever eaten i have one and my daughter has one every day and i shop on the internet whenever possible so its not like i have something against amazon other online sellers or ups but buy these bars at the store the wonderful white chocolate covering on them melts when delivered by ups and although you can still eat it that ruins the bar with chips of re hardened white chocolate falling off every where so buy these bars they are incredible but buy them at the store apologies to amazon online sellers and ups but it is what it is,positive
556182,B0018CK0EA,A1SI7N42BRS836,Fred Majewski,0,0,5,1330473600,Stella & Chewey,"We have been using this product for our terrier for some time.<br />Mostly, we have been getting it from our local pet store. Since we are out of town for an extended time, we were unable to locate a supplier locally. Fortunately, Amazon.com offered it.",positive,we have been using this product for our terrier for some time mostly we have been getting it from our local pet store since we are out of town for an extended time we were unable to locate a supplier locally fortunately amazon com offered it,negative
330409,B003ZS0L80,A2SAZSS8NWHEZE,"Michelle A ""Michelle A""",0,0,1,1344988800,not so great,My son loves Jerky. I try to only buy Jerky with no MSG. He said this one was not so great. More like a slim jim...  I will not re order again.,negative,my son loves jerky i try to only buy jerky with no msg he said this one was not so great more like a slim jim i will not re order again,negative
174974,B000B7QMRW,A3SKAFBSU9OK1K,J. Hanson,2,2,5,1275955200,Great cinnamon oil,"This stuff is great.  It might be more expensive than the ""cinnamon flavor"" or ""cinnamon extract"" you get in the grocery store, but it is so much more concentrated that it works out to be cheaper in the long run.  I made cinnamon hard candy.  To 2 cups sugar and 1/2 cup corn syrup I used 1 teaspoon (see update below) cinnamon oil.  That made a strong cinnamon flavor without being really hot.  Yum.<br /><br />Update:  The first time I made this I added the cinnamon oil when the candy was still 290F.  I got a cloud of cinnamon steam in my face and perfectly flavored candy.  I just tried it again but I let the candy cool slightly before adding the cinnamon.  I got less steam (but still a lot) and candy that was WAY too spicy.  I assume that the first time a bunch of the cinnamon oil evaporated, so the amount you need depends on the temperature of the candy when you add it.  Next time I am going to add 1/4 or 1/2 teaspoon to the slightly cooled candy.",positive,this stuff is great it might be more expensive than the cinnamon flavor or cinnamon extract you get in the grocery store but it is so much more concentrated that it works out to be cheaper in the long run i made cinnamon hard candy to cups sugar and cup corn syrup i used teaspoon see update below cinnamon oil that made a strong cinnamon flavor without being really hot yum update the first time i made this i added the cinnamon oil when the candy was still f i got a cloud of cinnamon steam in my face and perfectly flavored candy i just tried it again but i let the candy cool slightly before adding the cinnamon i got less steam but still a lot and candy that was way too spicy i assume that the first time a bunch of the cinnamon oil evaporated so the amount you need depends on the temperature of the candy when you add it next time i am going to add or teaspoon to the slightly cooled candy,negative
375549,B000EITV30,A3A2MXQ7GKXCA1,Ryan's Gma,1,1,4,1316822400,Standard Breakfast,"I have been eating Erin's for Breakfast for over 2 yrs now. Very filling, taste is excellent. Good to take along when you're late for work as I usually am. A great all around breakfast. I like mine warmed up in the Microwave.",positive,i have been eating erin s for breakfast for over yrs now very filling taste is excellent good to take along when you re late for work as i usually am a great all around breakfast i like mine warmed up in the microwave,positive
43510,B001EQ4P2I,A3G2FNJDXGZZ04,NHmom,0,0,5,1251417600,amazingly delicious almonds,"These almonds are the most wonderfully satisfying snack ever. If you like salt and vinegar chips and you like almonds then you will absolutely love these nuts. I have had trouble finding them locally, so when I find them, I stock up. These 1.5 ounce bags are a perfect size to include in my husbands lunch.",positive,these almonds are the most wonderfully satisfying snack ever if you like salt and vinegar chips and you like almonds then you will absolutely love these nuts i have had trouble finding them locally so when i find them i stock up these ounce bags are a perfect size to include in my husbands lunch,positive
293446,B007UWNBYS,A36R9KK9XD193C,yvette,1,1,5,1347580800,Great Oil,"Wow, this is great stuff, I have been using Barleans extra virgin coconut oil, and it is not as smooth, I am not sure if this is because it is extra virgin whereas, Trader Joe's is not, if anyone knows why this is please let me know - I like the consistency of Trader Joe's better. By the way, if you have a Trader Joe's in your area you can purchase the same size jar for $5.99 vs. $17.00.",positive,wow this is great stuff i have been using barleans extra virgin coconut oil and it is not as smooth i am not sure if this is because it is extra virgin whereas trader joe s is not if anyone knows why this is please let me know i like the consistency of trader joe s better by the way if you have a trader joe s in your area you can purchase the same size jar for vs,negative
316980,B005DZHYAG,AAAWOCJ6XFJMS,ACgypsy,10,17,1,1327708800,weak if anything,Used to make a brew and no effect: if even mild. Wouldn't waste $ on it even if it seems to be cost effective!,negative,used to make a brew and no effect if even mild wouldn t waste on it even if it seems to be cost effective,negative
268587,B004SRFYMK,A1EX5SK2PD0XLC,Kenneth Sandberg,3,4,1,1288483200,Tastes horrible,"I somehow managed to drink one bottle (it was hot, I was  desperate).  It really tastes bad.  I have all the rest sitting in my cabinet, never to be sipped by me.  When I am dead, I'm sure they will be thrown away.  I know, what do I mean by ""bad.""  Well, I almost felt like I would get sick if I drank a whole bottle straight.  Maybe it is good for you, but the taste is so raunchy that I would have to be on a desert island to drink it.",negative,i somehow managed to drink one bottle it was hot i was desperate it really tastes bad i have all the rest sitting in my cabinet never to be sipped by me when i am dead i m sure they will be thrown away i know what do i mean by bad well i almost felt like i would get sick if i drank a whole bottle straight maybe it is good for you but the taste is so raunchy that i would have to be on a desert island to drink it,negative
499326,B000LKYTRY,A2GP6XJ1V3MM3L,"Roxanne Mchenry ""eBook Publishing Expert, Wri...",5,5,5,1300320000,Quality Kombu that Makes Delicious Dishes -- High in Iodine and No Fishy Taste,"I've used Eden Foods Kombu for years to make Japanese soup stock for Miso Soup and as a natural flavor additive to any dish. It's very shelf stable and keeps for years, if you just want to have some in the pantry. I used it recently to flavor the stock for my standby Portuguese kale soup, with no fishy flavor at all unlike you get with nori -- my soup was delicious as ever.<br /><br />With the concerns about getting iodine in your diet naturally, I used this kombu to cook rice and make a meat chili with canned kidney beans and diced tomatoes. Adds more flavor to anything boiled (it does contain a natural MSG from the sea) and sea minerals like potassium and calcium to your food besides the big iodine boost -- I completely recommend it.",positive,i ve used eden foods kombu for years to make japanese soup stock for miso soup and as a natural flavor additive to any dish it s very shelf stable and keeps for years if you just want to have some in the pantry i used it recently to flavor the stock for my standby portuguese kale soup with no fishy flavor at all unlike you get with nori my soup was delicious as ever with the concerns about getting iodine in your diet naturally i used this kombu to cook rice and make a meat chili with canned kidney beans and diced tomatoes adds more flavor to anything boiled it does contain a natural msg from the sea and sea minerals like potassium and calcium to your food besides the big iodine boost i completely recommend it,negative
498131,B005DGIAMQ,A15KZRW5L3N4FY,Sandi,0,0,5,1338163200,Dachshund loves this chew,"My dachshund is a powerful chewer for a 20 pound dog.  Although he loves any good chew toy (and especially one he can tear up and spread around the house), the Nylabone DuraChew Double Bone Bacon in the Wolf size is the only one he will select first every time and will stay with the longest.  It lasts longer than every other chew toy I've purchased.  The only drawbacks I see are the price -- in many stores they sell for over $12 each -- and the fact they seem to go on backorder regularly in those stores where they are discounted.",positive,my dachshund is a powerful chewer for a pound dog although he loves any good chew toy and especially one he can tear up and spread around the house the nylabone durachew double bone bacon in the wolf size is the only one he will select first every time and will stay with the longest it lasts longer than every other chew toy i ve purchased the only drawbacks i see are the price in many stores they sell for over each and the fact they seem to go on backorder regularly in those stores where they are discounted,negative
263029,B006N3HYYS,A3RFWQMLYSAKI0,"Michael Burkett ""reader rider""",0,8,4,1298592000,great tasting bold coffee.  make sure you're getting a good deal!,thought i was getting a great deal - wrong.  one box for 22.55.  other sellers 2 for 26.64.  VERY misleading!  Returning and WARNING YOU.  by the way - this coffee is one of the best K-cups,positive,thought i was getting a great deal wrong one box for other sellers for very misleading returning and warning you by the way this coffee is one of the best k cups,positive
85963,B000CMKPDI,A3GRH6NEB9VLL,Elizabeth Spencer,31,31,1,1193184000,no help on loose stools,"<a href=""http://www.amazon.com/gp/product/B000CMKPDI"">NEW! POOP-FREEZE Aerosol Freeze Spray (10 oz)</a> This product worked fine on regular poop, so what, I can pick that up with a baggie any day.  I purchased this product for when my dogs had loose stools but it did not work on hardening these stools up to prevent a messy clean up.  Sorry, it appeared to be a great idea!",negative,new poop freeze aerosol freeze spray oz this product worked fine on regular poop so what i can pick that up with a baggie any day i purchased this product for when my dogs had loose stools but it did not work on hardening these stools up to prevent a messy clean up sorry it appeared to be a great idea,negative
43557,B001EQ4P2I,AK7KR931NII8O,MoMo,2,2,5,1312070400,Delicious and great price,These almonds are very tasty.  I eat them alone and sometimes mix them with plain Greek yogurt for a delicious and healthy treat.  You can't find this flavor in most stores and the typical Blue Diamond can is much more expensive else where.,positive,these almonds are very tasty i eat them alone and sometimes mix them with plain greek yogurt for a delicious and healthy treat you can t find this flavor in most stores and the typical blue diamond can is much more expensive else where,positive
550562,B003UIFL0S,A2P745KK08LUK5,Spunkey,2,2,5,1312934400,can't eat just one,"I have always loved these since my childhood. But until recently I have never been able to find them. Thank God for Amazon!Satellite Wafers are great conversation starters also.I just have 1 big problem with them, you can't eat just one!",positive,i have always loved these since my childhood but until recently i have never been able to find them thank god for amazon satellite wafers are great conversation starters also i just have big problem with them you can t eat just one,positive
317703,B002L7HZ8U,A3KFSQFY13IOT6,Marci Sudlow,0,0,5,1280880000,Thank you for listing ingredients for this product!,"These pretzels are the ultra thin type that seems impossible to find these days.  I especially appreciate the ingredients list on the seller's product page.  (I never buy a food product unless I can ascertain that it does not contain HFCS and these pretzels do not, and are safe to eat.)  I made a batch of original chex party mix using these pretzels and they were superb and authentic.  Thanks for making this product available and for disclosing the ingredients on the web page.",positive,these pretzels are the ultra thin type that seems impossible to find these days i especially appreciate the ingredients list on the seller s product page i never buy a food product unless i can ascertain that it does not contain hfcs and these pretzels do not and are safe to eat i made a batch of original chex party mix using these pretzels and they were superb and authentic thanks for making this product available and for disclosing the ingredients on the web page,positive
318944,B005BPVA08,A1S5RJB95G3P0K,"K. Campbell ""NadoNative""",0,0,5,1337817600,Delicious!!,"My friend bought a bag at the Hershey Chocolate Factory last month and we haven't been able to find them anywhere! I asked the company when Amazon would carry them and they said in June!!! Yes!!!  These yummy little crisps are the perfect snack. You have to eat few of them before you ""get it"". The cocoa taste IS there-I'm not sure how anyone could miss it. They are not a super sweet candy type snack. My friend and I both agree they are yummy and I am so happy that Amazon is now carrying them.",positive,my friend bought a bag at the hershey chocolate factory last month and we haven t been able to find them anywhere i asked the company when amazon would carry them and they said in june yes these yummy little crisps are the perfect snack you have to eat few of them before you get it the cocoa taste is there i m not sure how anyone could miss it they are not a super sweet candy type snack my friend and i both agree they are yummy and i am so happy that amazon is now carrying them,positive
104665,B008NAHVE2,ACPBMLZX3VZA2,Anthony Xero,0,0,5,1343606400,Simply perfect!,"The most tasty medium roast coffee that I have tasted so far! The perfect blend and the best part is, it's organic. Definitely a must-try!",positive,the most tasty medium roast coffee that i have tasted so far the perfect blend and the best part is it s organic definitely a must try,positive
567496,B0000GIORA,AF1BTUDQ0WXR2,Sue Littell,7,8,5,1156377600,want that yellow rice?,"This is what you have been looking for unless you grind your own annato seeds!  If you're wanting that yellow rice you've had in Miami, Puerto Rico, Brasil, Cuba or a thousand other Latino restaurants, then look no further. I've been using this product for 30 yrs. and it is the same thing, same quality, same mistake free results. All you need now is that unreal rice, onion, garlic, oregano, pepper, salt recipe I've been using passed down from my dear old Brasilian father....hehe....good luck. If you want a copy, send a sase to Chef Doogie 3700 nantucket pkwy, oxnard, ca. 93035",positive,this is what you have been looking for unless you grind your own annato seeds if you re wanting that yellow rice you ve had in miami puerto rico brasil cuba or a thousand other latino restaurants then look no further i ve been using this product for yrs and it is the same thing same quality same mistake free results all you need now is that unreal rice onion garlic oregano pepper salt recipe i ve been using passed down from my dear old brasilian father hehe good luck if you want a copy send a sase to chef doogie nantucket pkwy oxnard ca,negative
396599,B0030CEPAG,A2QBZBO4PZZ8QT,g3scorpio,2,2,1,1326326400,"Agree with ""basted not wrapped""","Like others, I ordered this product after Petsmart stopped carrying it. I ordered 3 packages a month or so ago and the treats were fine, my dog LOVED them like always! When I went to re-order, I read the review about the treats now being ""basted"" with duck flavor instead of being wrapped with dried duck pieces and thought it was weird, because my order was the same. That is, until I received this last order of 4 packs this week. All of them were basted or really more like stained in duck flavor -- my dog, who was usually so excited to get one of these treats, left it on the floor untouched. We are both VERY disappointed -- not at Amazon, but at the manufacturer for changing their product",negative,like others i ordered this product after petsmart stopped carrying it i ordered packages a month or so ago and the treats were fine my dog loved them like always when i went to re order i read the review about the treats now being basted with duck flavor instead of being wrapped with dried duck pieces and thought it was weird because my order was the same that is until i received this last order of packs this week all of them were basted or really more like stained in duck flavor my dog who was usually so excited to get one of these treats left it on the floor untouched we are both very disappointed not at amazon but at the manufacturer for changing their product,positive
38179,B0027UQYZQ,AB6Z589TT2BRZ,"Quindaro Frieder ""Foodie Q""",1,1,5,1286064000,Bebea Freezer Trays are FABULOUS!,"We bought two from Williams Sonoma.  I loved them so much that when I saw them listed on Amazon, I bought another one.  They are perfect for making baby food and for freezing small portions of often used items like tomato paste.  I also froze 1 Tbsp portions to use when I cook.  Love this product!",positive,we bought two from williams sonoma i loved them so much that when i saw them listed on amazon i bought another one they are perfect for making baby food and for freezing small portions of often used items like tomato paste i also froze tbsp portions to use when i cook love this product,positive
296205,B000EQT77M,A1V9TNHO6G3D96,Snow Bird,0,1,2,1309132800,Eh...,Great taste. But why do they insist on saving money using safflower oil instead of canola oil. They say may contain 'canola or safflower or...etc'. But they always contain the cheap oils that I'm allergic to. I'd be a frequent flyer on these chips if they'd just do them so I won't get sick.,negative,great taste but why do they insist on saving money using safflower oil instead of canola oil they say may contain canola or safflower or etc but they always contain the cheap oils that i m allergic to i d be a frequent flyer on these chips if they d just do them so i won t get sick,negative
351049,B000ZD752S,A18LN2FR7EHDYM,Joseph P. Best,1,1,5,1213142400,Peper Sauce,"Looking for it for quite awhile, was wonder if had the red sauce. The darker sauce good on steaks.",positive,looking for it for quite awhile was wonder if had the red sauce the darker sauce good on steaks,negative
544397,B001EO5QDW,A1JXLM6TYINCBA,D. Doyle,10,10,5,1167782400,Good stuff Maynard.,"Clean, smooth coffee flavor.  Beautiful red color.  Some of the best drip-brewed coffee I've ever had.  I've bought it here several times.  Which, as the package says, is way cheaper than flying to Maui.",positive,clean smooth coffee flavor beautiful red color some of the best drip brewed coffee i ve ever had i ve bought it here several times which as the package says is way cheaper than flying to maui,positive
81628,B00018CWZW,A1IRN1M05TPOVT,"Sharon M. Helfand ""Scrapper""",0,0,5,1300924800,Barry Farm  Oriental Rice Cracker mix,"If you are looking for a good, mild, oriental rice cracker mix, this is it! Taste is fantastic, price very reasonable.  The down side is the shipping, which costs more than the total of 4 or 5 products!<br />But I would still recommend.",positive,if you are looking for a good mild oriental rice cracker mix this is it taste is fantastic price very reasonable the down side is the shipping which costs more than the total of or products but i would still recommend,positive
89587,B002LANN56,A35LT14WG5BX0T,Lola Bunny,0,0,2,1346284800,"My dog loved it, I don't....","Of course she liked the taste - it's basically junk food for dogs.  I just can't get past the ingredients.  I won't be feeding this to my dog.  It's a cheap, low-quality food and I love my dog and want to give her better.  If you want to feed your dog a quality food, find something else.",negative,of course she liked the taste it s basically junk food for dogs i just can t get past the ingredients i won t be feeding this to my dog it s a cheap low quality food and i love my dog and want to give her better if you want to feed your dog a quality food find something else,negative
186970,B007FRDXMI,AE9BR33LYEO39,B. A. McDonald,10,10,5,1253145600,Great night time pain reliever,"I was taking prescription medications to relieve my night time pain and allow me to sleep.  They didn't work half as well as Teavana Tranquil Dream.  I'm no longer taking the medications, only the tea.",positive,i was taking prescription medications to relieve my night time pain and allow me to sleep they didn t work half as well as teavana tranquil dream i m no longer taking the medications only the tea,negative
102848,B0061PPLYI,A1QBUB0IL3OSRK,J. Nguyen,0,0,5,1269475200,Very Durable,"This is a great toy for heavy chewers. I have a pit bull mix who has played with this toy for over a month now, and it is still in good condition. I didn't see how this large plastic object would be appealing to my dog, so I had peanut butter ready just in case. However, I didn't need it, as he chewed on it for a good hour the first time I gave it to him. He still chews on it from time to time, and aside from small particles that he chews off, the whole toy is still intact. I highly recommend this toy. I also suggest taking it away from your dog for a period of time so that when you give it back to him, he will still be excited to play with it.",positive,this is a great toy for heavy chewers i have a pit bull mix who has played with this toy for over a month now and it is still in good condition i didn t see how this large plastic object would be appealing to my dog so i had peanut butter ready just in case however i didn t need it as he chewed on it for a good hour the first time i gave it to him he still chews on it from time to time and aside from small particles that he chews off the whole toy is still intact i highly recommend this toy i also suggest taking it away from your dog for a period of time so that when you give it back to him he will still be excited to play with it,positive
453061,B004XRJ9XK,A17D37ACUY2JFC,Mr. T,1,1,2,1329868800,Good nuts but not spicy enough,"These nuts are good, but the wasabi is waaaay to weak. I ordered this for work to share with coworkers and while they generally like the nuts most people wouldn't realize that they are supposed to be wasabi-peanuts if it wasn't for the label (and color). Occasionally there is maybe one peanut that has this nice spicyness of wasabi that gets into your nose, but then there are 10-20 nuts that have nothing at all. :-(",negative,these nuts are good but the wasabi is waaaay to weak i ordered this for work to share with coworkers and while they generally like the nuts most people wouldn t realize that they are supposed to be wasabi peanuts if it wasn t for the label and color occasionally there is maybe one peanut that has this nice spicyness of wasabi that gets into your nose but then there are nuts that have nothing at all,negative
228415,B004XSP0AK,A3GYQOP6YYPTO7,tgleaf,0,0,5,1325376000,Great crackers,"These remind me of saltines, but they are about half as thick.  They taste great -- buttery and a little salty.  The only downside is that they break apart easily, so it's hard to actually get a whole cracker from the package.",positive,these remind me of saltines but they are about half as thick they taste great buttery and a little salty the only downside is that they break apart easily so it s hard to actually get a whole cracker from the package,negative
496218,B008JKU2CO,A1QCH87Q6SKAO4,"Marie A ""Marie""",0,0,4,1278374400,Packed With Nutrition,"These nutrition-packed bars are delicious and I highly recommend them for an energy boost.  One slight drawback is that in the heat/summer, they tend to become quite soft and mushy and can be a mess to open and eat, especially if you are carrying one with you.",positive,these nutrition packed bars are delicious and i highly recommend them for an energy boost one slight drawback is that in the heat summer they tend to become quite soft and mushy and can be a mess to open and eat especially if you are carrying one with you,positive
449197,B006O9WAHW,A2FLFZ91XI48P1,CARLOS PENAGOS ROJAS,4,4,5,1232409600,delicious cake,"my experience with "" Omaha"" it is very good, the product is excellent, good packing, fresh and delicious, I have sent to relatives in other states and were enchanted. I am very happy!",positive,my experience with omaha it is very good the product is excellent good packing fresh and delicious i have sent to relatives in other states and were enchanted i am very happy,positive
528614,B002TV7H8G,A3M83OPGR12S69,Aksweetpea,0,0,5,1293580800,Perfect Gift,"Everyone loved the treats in this basket!! It was the perfect balance of cheese, meats, and crackers with sweets. I would recommend to anyone.",positive,everyone loved the treats in this basket it was the perfect balance of cheese meats and crackers with sweets i would recommend to anyone,positive
391980,B000CQBZPG,A38A08W5IM4EBP,Christo Fo,1,1,5,1327363200,Incredibly aromatic and flavorful,"This is as close to Earl Grey perfection as one can hope from a tea bag, and at ~$.13/ea, an incredible value. For those who take no issue with tea in a bag, Stash's double-bergamot offering provides a balance of floral, citrus, and earthy notes without being overly tannic or bitter. If you're in the US and you've been looking for a substitute for Harrods, this is it.",positive,this is as close to earl grey perfection as one can hope from a tea bag and at ea an incredible value for those who take no issue with tea in a bag stash s double bergamot offering provides a balance of floral citrus and earthy notes without being overly tannic or bitter if you re in the us and you ve been looking for a substitute for harrods this is it,positive
141402,B0047RQ9M0,A2FJH6TNED2M1P,Jeffrey Upah,0,0,5,1315094400,Delicious cup of coffee,"Delicious cup of coffee. This is not the best coffee I have tasted but it is very enjoyable and I have not found one That I do not enjoy. Quick, easy and enjoyable.",positive,delicious cup of coffee this is not the best coffee i have tasted but it is very enjoyable and i have not found one that i do not enjoy quick easy and enjoyable,positive
198860,B001EQ5NLU,A1BRC44SMV9OPY,Tess,2,4,3,1299801600,Very Salty,"The flavor was good, but saddly I have to watch my Sodium intake and this product has too much for me.",neutral,the flavor was good but saddly i have to watch my sodium intake and this product has too much for me,negative
19651,B000084ETV,A3U2G1OIB7ZN4N,"M. Cook ""furryfluffypuppy""",2,3,4,1175212800,Fantastic value,My dogs enjoy this food and seem lively and excited to eat it. Very happy also that it's not made by Menu Foods - peace of mind factor is high. Great product!,positive,my dogs enjoy this food and seem lively and excited to eat it very happy also that it s not made by menu foods peace of mind factor is high great product,positive
474402,B0079YCG8Y,A2OL5WLCNZVD9K,nonpareil,0,0,5,1347062400,Gevalia House Blend: Excellent!,"Much to my surprise, this coffee is excellent. I say it that way because years ago I had a mail order subscription for Gevalia coffee and the product was entirely unsatisfactory at that time. Something has changed. I only tried this because there was a very good incentive at my local supermarket, and I'm glad I did.<br /><br />The package says this blend is new, and that it is 100% Arabica. I am brewing it in an automatic drip machine that strangely enough is also from Gevalia (via our local Good Will store). I find the taste rich, dense, chocolatey and smooth.<br /><br />For some reason very good coffees are roasted and marketed in several European countries - well, at least to MY taste they are very good.<br /><br />A word of warning: There is also a House Blend decaf, and the two are hard to distinguish if one is not careful, because the word ""decaf"" is in a very small green box, easily missed. (Voice of experience!)",positive,much to my surprise this coffee is excellent i say it that way because years ago i had a mail order subscription for gevalia coffee and the product was entirely unsatisfactory at that time something has changed i only tried this because there was a very good incentive at my local supermarket and i m glad i did the package says this blend is new and that it is arabica i am brewing it in an automatic drip machine that strangely enough is also from gevalia via our local good will store i find the taste rich dense chocolatey and smooth for some reason very good coffees are roasted and marketed in several european countries well at least to my taste they are very good a word of warning there is also a house blend decaf and the two are hard to distinguish if one is not careful because the word decaf is in a very small green box easily missed voice of experience,positive
448039,B000FK7G1Q,A2MXME0QLYZB67,AZ,1,1,5,1253491200,"Delicious, but not for those watching sodium","This chicken is moist and delicious. It is seasoned enough to eat right out of the can. It has much higher sodium content than some other's that I have tried, but this is a great deal using subscribe & save, so I overlooked that. Also, I like salt. You may want to try a can at the grocery store before buying it by the case here on Amazon, but I love it!",positive,this chicken is moist and delicious it is seasoned enough to eat right out of the can it has much higher sodium content than some other s that i have tried but this is a great deal using subscribe save so i overlooked that also i like salt you may want to try a can at the grocery store before buying it by the case here on amazon but i love it,positive
329859,B002QWHJOU,A2KS79D1S9QHM6,Red,0,0,5,1287360000,Best Price,"For some reason, these are nearly twice the price locally.  My dog likes these and his teeth/gums seem cleaner, but I don't know how to quantify that.  The foil bag inside the cardboard container is reclosable which helps a great deal with freshness.",positive,for some reason these are nearly twice the price locally my dog likes these and his teeth gums seem cleaner but i don t know how to quantify that the foil bag inside the cardboard container is reclosable which helps a great deal with freshness,negative
340223,B000ES5GLQ,A32TQIPRTAAVL4,Angee,1,1,5,1244937600,Absolutely Lovely!,"I love this tea so much. I'm a fan of Ahmad English Breakfast and I wanted a tea that I could drink at night and wouldn't keep me up. Luckily I found this tea on Amazon because I haven't seen it selling in any stores. I was so impressed when I first tried it. I thought it would just be a decaf version of English Breakfast, but it's not. Evening tea has a distinct taste all its own and it's extremely delicious. I like it with a splash of milk, but I'm sure it's good without.",positive,i love this tea so much i m a fan of ahmad english breakfast and i wanted a tea that i could drink at night and wouldn t keep me up luckily i found this tea on amazon because i haven t seen it selling in any stores i was so impressed when i first tried it i thought it would just be a decaf version of english breakfast but it s not evening tea has a distinct taste all its own and it s extremely delicious i like it with a splash of milk but i m sure it s good without,positive
187599,B0019FEOS4,A1FPTZXLQCDE3Z,R. D. Smith,1,1,5,1273795200,Long Standing Favorite!,"I have known these butter cookies for close to 18 years, since a lovely French lady...a.k.a., my wife, introduced them to me.  We enjoy them plain, but usually spread a bit of jam on them.  We both consider them an extraordinarily delicious treat!",positive,i have known these butter cookies for close to years since a lovely french lady a k a my wife introduced them to me we enjoy them plain but usually spread a bit of jam on them we both consider them an extraordinarily delicious treat,positive
415940,B000HZH8NA,A2AMHMFSAD0BAS,"B. J. ""Sam""",0,0,5,1218844800,"Rich, Strong & Flavorful",There is more coffee in these K-Cups than most of the others.  We found one other and have been using our Keurig as our everyday coffee maker ever since.  We were originally disappointed because we were used to a strong cup of coffee.  I tried using less water with the other K-Cups but with these I can use the regular water amount and still have a great cup of coffee.  If you like strong these are the K-Cups to buy along with Parisian Nights.,positive,there is more coffee in these k cups than most of the others we found one other and have been using our keurig as our everyday coffee maker ever since we were originally disappointed because we were used to a strong cup of coffee i tried using less water with the other k cups but with these i can use the regular water amount and still have a great cup of coffee if you like strong these are the k cups to buy along with parisian nights,positive
241908,B001AHJ2FQ,A10LIGIT9EGCM9,cocopupu,0,0,4,1221696000,"Crispy, Somewhat healthy, Not too Olively tasting tortilla!",I like these tortilla chips.  You can taste the olive but only faintly-you know it is there so you search out the taste but it is is a background flavor.  However if you don't like olives don't order these!  The fat content is reasonable for a snack food and they are satifyingly crispy!,positive,i like these tortilla chips you can taste the olive but only faintly you know it is there so you search out the taste but it is is a background flavor however if you don t like olives don t order these the fat content is reasonable for a snack food and they are satifyingly crispy,positive
360217,B000WVYB8Y,A3AGNSUSDXX21K,K. Lee,1,1,5,1321142400,Great Product,I love this supplement! It has helped me with stress and to improve the quality of my sleep. I feel that it also helps with muscle aches after working out.,positive,i love this supplement it has helped me with stress and to improve the quality of my sleep i feel that it also helps with muscle aches after working out,positive
307962,B001BS4G6O,A1EB619PKVXUYX,S. Schwarz,0,0,5,1162512000,Dog loves them,"These are fantastic ways to get the dog to take her pills.  They work well and make life a lot easier.  The small pills are a lot smaller than in a previous purchase buying the larger ones.  Since our dog takes a lot of pills, I would pay slightly more for the larger ones because it would be more cost effective in the future.<br /><br />Again, these are fantastic and really makes life a lot easier.",positive,these are fantastic ways to get the dog to take her pills they work well and make life a lot easier the small pills are a lot smaller than in a previous purchase buying the larger ones since our dog takes a lot of pills i would pay slightly more for the larger ones because it would be more cost effective in the future again these are fantastic and really makes life a lot easier,positive
102459,B0032BFAMM,A1AJ9QD2IYSDU1,kimbaloo05,0,0,5,1335398400,My bully loves this food!,"My English Bulldog loves this food.  He thought it was treats when we were switching him off of Eukanuba.  It's easy for him to eat.  The only hard part is not every pet store sells this food.  The Petsmart near us has it, but the Petco doesn't.  The price is cheaper on Amazon, plus if you are a prime member is free shipping.",positive,my english bulldog loves this food he thought it was treats when we were switching him off of eukanuba it s easy for him to eat the only hard part is not every pet store sells this food the petsmart near us has it but the petco doesn t the price is cheaper on amazon plus if you are a prime member is free shipping,negative
407661,B001PMC3PM,APKHDXB1ZRPET,"Anne Jordan ""Quimby girl""",1,1,5,1318032000,Great food--dented cans happen too often!!,"This is great, healthy food---the only food my dogs (Cav. Spaniel and Spaniel mix) can eat w/o stomach issues. Many other premium foods are just too rich!!  The dented can issue has never required me to return the food, but it happens too often and is very annoying!  I would never feed my dogs anything else and no one here carries this particular food, so I am very thankful that Amazon sells it.",positive,this is great healthy food the only food my dogs cav spaniel and spaniel mix can eat w o stomach issues many other premium foods are just too rich the dented can issue has never required me to return the food but it happens too often and is very annoying i would never feed my dogs anything else and no one here carries this particular food so i am very thankful that amazon sells it,negative
337608,B003723D66,A1N14ZRGBAC8XM,Rory,2,4,3,1162512000,Good product,"Our cat loved this new brand. We introduced the new diet over a week but she started having frequent vomiting episodes thereafter. The vet ventured that she may have developed a food allergy to one of the ingredients. He said that such episodes were impossible to predict, and could happen with any food. We switched her back to her regular diet, and the vomiting has since stopped.",neutral,our cat loved this new brand we introduced the new diet over a week but she started having frequent vomiting episodes thereafter the vet ventured that she may have developed a food allergy to one of the ingredients he said that such episodes were impossible to predict and could happen with any food we switched her back to her regular diet and the vomiting has since stopped,negative
102345,B0019LDHPO,A5OWTJLIR5Y7K,"Kristen Suzanne ""KristensRaw.com""",7,7,5,1327795200,Best Sauerkraut Available,"I love this product. It's RAW, organic, and super delicious. Apart from the taste being fantastic, I love the texture. It has the perfect fresh crunch to it. If you're not making your own homemade kraut, this is the one to buy.",positive,i love this product it s raw organic and super delicious apart from the taste being fantastic i love the texture it has the perfect fresh crunch to it if you re not making your own homemade kraut this is the one to buy,positive
289803,B00436SFOK,A2AVTJPQVX4OWG,twistednlove,0,0,2,1347494400,"good product, BUT.....","the creamer is very good, but the packaging was horrible. out of the 200 packs, i was only able to save about 185 of them. need to find a new way to package the product so us consumers aren't wasting our hard earned money.",negative,the creamer is very good but the packaging was horrible out of the packs i was only able to save about of them need to find a new way to package the product so us consumers aren t wasting our hard earned money,negative
316164,B0029YKQ3Q,A3S8NMABUHT7IM,Fierce,0,0,5,1329955200,Soy sauce heaven,"This soy sauce is delish! It's a great price, and the taste is amazing. We put this on everything now.",positive,this soy sauce is delish it s a great price and the taste is amazing we put this on everything now,positive
236035,B004P3B1OC,AZUYJ8TYAXLI0,patrice wolfe,0,3,1,1329177600,WOW...,"AM I CRAZY OR ARE THEY REALLY CHARGING FIFTY BUCKS FOR A GALLON OF ICE TEA; WHAT IS IT MADE OF, GOLD???",negative,am i crazy or are they really charging fifty bucks for a gallon of ice tea what is it made of gold,negative
121559,B003LPQDX4,A3JY9QGX3WHF63,farmwifeinPA,0,0,5,1328486400,The absolute BEST,"I am not from the South, but found Dukes while searching for a sugar free mayo.  This is the best, my whole family loves it!  It has become a staple in our low carb living.  If you are looking for a good mayo you must try Dukes!",positive,i am not from the south but found dukes while searching for a sugar free mayo this is the best my whole family loves it it has become a staple in our low carb living if you are looking for a good mayo you must try dukes,positive
404181,B000E1BLGC,A1HW6591YF7RHU,Charlotte R. Symms,5,13,1,1169424000,"Not as expected, unable to return","Understood this to be sugar-free jello when I ordered;  received regular jello, then discovered item was non-returnable.",negative,understood this to be sugar free jello when i ordered received regular jello then discovered item was non returnable,negative
349378,B000CQC064,AIRCNVZFAOMFW,BethRad,1,1,5,1235779200,Everyone loves it,"I buy this tea in bulk because I drink it at work (beats the heck out of bad office coffee) and everyone who smells it wants to try it.  I have had the other version (spice chai) and love that this tea is also made in the double spice version.  I've had chai tea many places, and I've yet to find one with the beautiful flavor this one has.  The packaging is convenient, individually wrapped and easy to dispense in the box - I keep it on my desk and invite people to come by and grab one.  This tea includes clove, cinnamon, and cardamom and black tea - a wonderful, flavorful concoction.",positive,i buy this tea in bulk because i drink it at work beats the heck out of bad office coffee and everyone who smells it wants to try it i have had the other version spice chai and love that this tea is also made in the double spice version i ve had chai tea many places and i ve yet to find one with the beautiful flavor this one has the packaging is convenient individually wrapped and easy to dispense in the box i keep it on my desk and invite people to come by and grab one this tea includes clove cinnamon and cardamom and black tea a wonderful flavorful concoction,positive
57034,B001BM8TOU,A2LRW3FQB2QV7T,"Rosina Criss ""old seeker""",1,3,3,1265932800,Health Valley tins badly dented,"a good, healthy product but I was sorely disappointed in the condition of the cans upon opening the package:  The 12 cans were packed in neat rows in a shallow cardboard box, and wrapped in plastic, but each and every can was dented, some quite badly.  Guess I could have returned them, but instead checked for air leaks by immersing in a tub of water and found none.  wouldn't order again.  should have been tightly packed in a smaller box to avoid shifting, I guess.<a href=""http://www.amazon.com/gp/product/B001BMDF1M"">Health Valley Organic Soup, Vegetable with Salt, 15 Ounce Cans (Pack of 12)</a>",neutral,a good healthy product but i was sorely disappointed in the condition of the cans upon opening the package the cans were packed in neat rows in a shallow cardboard box and wrapped in plastic but each and every can was dented some quite badly guess i could have returned them but instead checked for air leaks by immersing in a tub of water and found none wouldn t order again should have been tightly packed in a smaller box to avoid shifting i guess health valley organic soup vegetable with salt ounce cans pack of,negative
251398,B004H3N2LU,A2F8CX07QS3U5K,alim1166,0,0,1,1298332800,Grove Square K Cups,"The K cups were filled maybe 1/10 of the way, the coffee tastes watery. They were terrible. Very disappointed with this product.",negative,the k cups were filled maybe of the way the coffee tastes watery they were terrible very disappointed with this product,negative
460335,B00507A02Q,A3VQ9K1V0Z76I1,Leslie Baker,64,74,3,1314144000,Not exactly water like,"I often drink vitamin and oxygen enhanced water so I thought I'd try this water due to the trace minerals.  This was difficult for me to drink, the flavor is not water like and while it doesn't taste dirty or gritty, it's a mental thing. The water is very very black almost like a strong dark coffee.  I'd strongly suggest trying a single serving before buying an entire case because out of 4 people in my family no one really liked it,...that leaves 20 bottles.",neutral,i often drink vitamin and oxygen enhanced water so i thought i d try this water due to the trace minerals this was difficult for me to drink the flavor is not water like and while it doesn t taste dirty or gritty it s a mental thing the water is very very black almost like a strong dark coffee i d strongly suggest trying a single serving before buying an entire case because out of people in my family no one really liked it that leaves bottles,negative
523616,B004779XHI,A1FHVEKX1PDM2N,"D. Godi ""frogfly""",0,0,5,1296086400,Better than Starbucks!,"I love this stuff! I add sugar and half and half and get a drink that is very much like Starbucks Chai Latte. The price on the product has gone up since I ordered it on Jan. 7th 2011 -- so, I ordered the CS Indian Spice Chai tea bags instead. I put 2 teabags in MY K-Cup and it tastes exactly the same. You get 6 boxes of 20, so that is 60 servings for me (2 bags at a time) for the 13.95 (subscribe and save) these cups used to be. If I want the tea a bit stronger, I will remove the tea bags after brewing from the my k-cup and throw them in my mug. Let is steep a bit longer and it is wonderful!",positive,i love this stuff i add sugar and half and half and get a drink that is very much like starbucks chai latte the price on the product has gone up since i ordered it on jan th so i ordered the cs indian spice chai tea bags instead i put teabags in my k cup and it tastes exactly the same you get boxes of so that is servings for me bags at a time for the subscribe and save these cups used to be if i want the tea a bit stronger i will remove the tea bags after brewing from the my k cup and throw them in my mug let is steep a bit longer and it is wonderful,negative
419213,B0002DGRQ6,AFDTV642ZGJ8S,Amanda R Dodge,0,0,5,1297728000,Best dog treats,"I have a 2 1/2 year old black lab and these are her favorite treats! They are the best for training, my dog will do just about anything to get one of these treats. Even my 3 month old black lab puppy goes running to his kennel when I tell him to go to bed because he knows that a liver treat is coming his way. Since they are sliced small a large container of these will last a while. The only complaint I have is that my dog loves these so much that if she knows shes getting one she starts to drool, and she's not a drooler... So I gotta toss one to her quick!!",positive,i have a year old black lab and these are her favorite treats they are the best for training my dog will do just about anything to get one of these treats even my month old black lab puppy goes running to his kennel when i tell him to go to bed because he knows that a liver treat is coming his way since they are sliced small a large container of these will last a while the only complaint i have is that my dog loves these so much that if she knows shes getting one she starts to drool and she s not a drooler so i gotta toss one to her quick,negative
326673,B002AQ0OW6,A2WWMBD2DPJU53,Timm LaRoche,1,1,3,1322352000,Not bad,"Coffee is good for decaf. But every so often the pod puts grounds in my cup, to the point where I have to pour it out. Not all pods do this.",neutral,coffee is good for decaf but every so often the pod puts grounds in my cup to the point where i have to pour it out not all pods do this,negative
454278,B003OP55O4,A1LXRCU1122ARD,Donald Dicarlo,0,0,3,1290729600,NOT AT ALL WHAT I EXPECTED!,"I purchased this cofee because I have already been using the NON-Organic Aloha Bean Coffee from this same company.<br /><br />Unlike the NON-Organic Aloha version this Organic coffee did not taste like it was naturally flavored but tainted with something artificial in the flavoring.<br /><br />I cannot put my finger on it but it just does not taste like other good quality organic coffees I have used over the years and use daily now.<br /><br />Also, there is a strange after-taste ... kind of like an oily and bitter taste on the palate (similar to non-dairy creamers)and not sure what that is about either?<br /><br />I gave this coffee a 3 star rating because it is better than many way overly strong and synthetic tasting Hazlenut Coffees but far below expectation after having their NON-Organic version!<br /><br />I DO NOT RECOMMEND THIS COFFEE TO ANYONE!",neutral,i purchased this cofee because i have already been using the non organic aloha bean coffee from this same company unlike the non organic aloha version this organic coffee did not taste like it was naturally flavored but tainted with something artificial in the flavoring i cannot put my finger on it but it just does not taste like other good quality organic coffees i have used over the years and use daily now also there is a strange after taste kind of like an oily and bitter taste on the palate similar to non dairy creamers and not sure what that is about either i gave this coffee a star rating because it is better than many way overly strong and synthetic tasting hazlenut coffees but far below expectation after having their non organic version i do not recommend this coffee to anyone,negative
379250,B001TM70XS,AUW5XC67E9MIL,"Cold In Seattle ""Penny Pinching""",4,4,5,1300924800,"Green Eggs & Chicken, 3 Paws Up (includes a 17 yo and 7 yo picky Debutantes). Great Human Grade Cat Food Experience","During the cat food recalls of 2007, I became aware that the dry food I always fed my cats was not a good diet. In fact - at the time - I prided myself on feeding cats @ $8.00 a month.  Luckily, this Generic was not using the Gluten that was the cause of the Recalls.  After trying various tastes, my budget and cats decided on Holistic (use to be Eagle Pack Holistic) Chicken dry and Wellness Chicken Grain Free.<br /><br />Then, we had a problem with the Wellness Canned Cat Food Recently (it was pulled from Amazon - and now my Canned Chicken food doesn't show up in a review).  I then went to the Wellpet site, and noticed mostly dry food was offered from many online retailers.  THIS told me something was afoot - and I went back to the forum which helped me with cat food research.  Unfortunately, many folks had gone back to fish as a main part of their cats food.  However, they did bring up the rotation aspect - this means never feeding the same type of cat food concurrently, and also picking up some locally first, to make sure your cats will eat the darn thing.<br /><br />Locally, Chicken was the least affected of the Wellness foods, and the store I get it from, Wellness is manufactured at ANI (code begins MW).  This means I could also get a food that was produced at Menu/Simmons.  However, Weruva was raved about in the forums, so without knowing where it was manufactured - I gave a few cans a shot (Green Eggs & Chicken was the first flavor I read - so that is what I tried).  All cats slopped that food right up with no ill effects (Siberia is a 13 yo with sensi tummy issues, and there were none with this food - even after he gulped it up).<br /><br />I then looked up Weruva on the Internet, and found out it was manufactured in Thailand.  This first gave me pause, but they do guarantee Human Grade Food, and the food in the cans look quite edible (and no, I'm not eating it - but in an emergency ;-).<br /><br />Amazon has a better deal on this food than my local retailer. So my order for the cans went in (I had read some negative reviews here about the quality of the food, but with the Amazon Guarantee - how can you go wrong?)  I am pleased to announce that the food received from Amazon looked and tasted (according to the cats), as good as that purchased locally.  So for Weruva, Amazon has my business.<br /><br />With rotation, you can circumvent the cost of Weruva in a multi-cat household, AND being on a fixed income, through rotating.  I've settled on four canned food varieties, and one dry food (I may also be inclined to try some Weruva Paw Licken' Chicken, but for now - I have plenty of food).  The cost for multi-cat households is also offset by buying the larger canned varieties - 12.5oz to 13oz, and learning how to store them in the Refrigerator.<br /><br />On Amazon, I recommend the following:<br /><br /><a href=""http://www.amazon.com/gp/product/B001TM70WY"">Weruva Green Eggs & Chicken Cat Food, 5.5-Ounce Cans (Pack of 24)</a><br />Wellness Adult Turkey Canned Cat Food (I prefer the Chicken, but until it reappears, this will do just as well).<br /><a href=""http://www.amazon.com/gp/product/B000WFMCCM"">Felidae Canned Cat Food for Adult Cats and Kittens, Chicken and Rice Formula in Chicken Broth (Pack of 12 13 Ounce Cans)</a> (Its not grain free, but I personally don't like the mix for the regular, and neither do my cats).<br /><a href=""http://www.amazon.com/gp/product/B000F74248"">Innova Cat and Kitten Formula Canned Cat Food</a> (I had used it in 2007, and decided it wouldn't hurt them in a rotation.  Its the only wet food that contains some fish).<br /><a href=""http://www.amazon.com/gp/product/B0012PZ7U0"">Holistic Select Feline Radiant Adult and Kitten Health Chicken Meal Recipe Dry Cat Food, 3-Pound Bag</a> (I have tried to go all wet, but Baby Girl - 17, has had problems with all Grain Free, so a little dry didn't hurt her).<br /><br />I feed a little dry first thing in morning every day.  Then 1/2 can of one flavor, remainder placed in refrig plastic lid.  Then 1/2 can of another flavor, same storage.  The next day, those cans are used up by adding a little hot water and nuking from 5 to 8 secs (this depends on your microwave and amount of food).  The next day, we have 5.5 oz can of Weruva split between 3 cats, and 1/2 can of the last flavor.  The next day we have another 5.5 oz can, and the remainder of the previous can.  That is four days, fifth day we are back to the beginning.<br /><br />A side note, many supplement with Friskies canned in order to cut costs.  I personally have yet to get over the meat by-product thing.  However, if it would help your budget - <a href=""http://www.amazon.com/gp/product/B002CJAOR6"">Friskies Cat Food Classic Pate, Turkey & Giblets Dinner, 5.5-Ounce Cans (Pack of 24)</a> is THE best one to use for this purpose (no glutens).<br /><br />3 paws up for Weruva.",positive,during the cat food recalls of i became aware that the dry food i always fed my cats was not a good diet in fact at the time i prided myself on feeding cats a month luckily this generic was not using the gluten that was the cause of the recalls after trying various tastes my budget and cats decided on holistic use to be eagle pack holistic chicken dry and wellness chicken grain free then we had a problem with the wellness canned cat food recently it was pulled from amazon and now my canned chicken food doesn t show up in a review i then went to the wellpet site and noticed mostly dry food was offered from many online retailers this told me something was afoot and i went back to the forum which helped me with cat food research unfortunately many folks had gone back to fish as a main part of their cats food however they did bring up the rotation aspect this means never feeding the same type of cat food concurrently and also picking up some locally first to make sure your cats will eat the darn thing locally chicken was the least affected of the wellness foods and the store i get it from wellness is manufactured at ani code begins mw this means i could also get a food that was produced at menu simmons however weruva was raved about in the forums so without knowing where it was manufactured i gave a few cans a shot green eggs chicken was the first flavor i read so that is what i tried all cats slopped that food right up with no ill effects siberia is a yo with sensi tummy issues and there were none with this food even after he gulped it up i then looked up weruva on the internet and found out it was manufactured in thailand this first gave me pause but they do guarantee human grade food and the food in the cans look quite edible and no i m not eating it but in an emergency amazon has a better deal on this food than my local retailer so my order for the cans went in i had read some negative reviews here about the quality of the food but with the amazon guarantee how can you go wrong i am pleased to announce that the food received from amazon looked and tasted according to the cats as good as that purchased locally so for weruva amazon has my business with rotation you can circumvent the cost of weruva in a multi cat household and being on a fixed income through rotating i ve settled on four canned food varieties and one dry food i may also be inclined to try some weruva paw licken chicken but for now i have plenty of food the cost for multi cat households is also offset by buying the larger canned varieties oz to oz and learning how to store them in the refrigerator on amazon i recommend the following weruva green eggs chicken cat food ounce cans pack of wellness adult turkey canned cat food i prefer the chicken but until it reappears this will do just as well felidae canned cat food for adult cats and kittens chicken and rice formula in chicken broth pack of ounce cans its not grain free but i personally don t like the mix for the regular and neither do my cats innova cat and kitten formula canned cat food i had used it in and decided it wouldn t hurt them in a rotation its the only wet food that contains some fish holistic select feline radiant adult and kitten health chicken meal recipe dry cat food pound bag i have tried to go all wet but baby girl has had problems with all grain free so a little dry didn t hurt her i feed a little dry first thing in morning every day then can of one flavor remainder placed in refrig plastic lid then can of another flavor same storage the next day those cans are used up by adding a little hot water and nuking from to secs this depends on your microwave and amount of food the next day we have oz can of weruva split between cats and can of the last flavor the next day we have another oz can and the remainder of the previous can that is four days fifth day we are back to the beginning a side note many supplement with friskies canned in order to cut costs i personally have yet to get over the meat by product thing however if it would help your budget friskies cat food classic pate turkey giblets dinner ounce cans pack of is the best one to use for this purpose no glutens paws up for weruva,negative
460823,B000SQIE0E,A30BF96GVVM1I5,"SheebaInuLover ""SheebaInuLover""",4,4,5,1204243200,Best dog treat yet!,"I purchased this dog treat from the breeder where I bought my puppy and I'll be the first to say it is amazing.  Not only is it healthy but delcious (well, my puppy seems to think so) Using these as treats I was able to teach her to sit, shake paw, etc in 2 days.  She absolutely loves them and will do anything for them.  She knows exactly where I keep them in the cabinet.  I cut them into small pieces so I can work with her on training and give her a big one when I want to keep her busy.  I recommend these to anyone and everyone!",positive,i purchased this dog treat from the breeder where i bought my puppy and i ll be the first to say it is amazing not only is it healthy but delcious well my puppy seems to think so using these as treats i was able to teach her to sit shake paw etc in days she absolutely loves them and will do anything for them she knows exactly where i keep them in the cabinet i cut them into small pieces so i can work with her on training and give her a big one when i want to keep her busy i recommend these to anyone and everyone,positive
255082,B005XZ5PDE,A189VBR5UAFM43,Thirsty deer,1,1,5,1341014400,Great snack,Great snack<br />Very good taste<br />My baby is very like snack<br />Omg! &#45208;&#45716; &#50689;&#50612;&#44032; &#55192;&#46308;&#50612;<br />&#44536;&#45285; &#45208;&#51032; &#50500;&#44592;&#44032; &#45320;&#47924; &#51339;&#50500;&#54644;,positive,great snack very good taste my baby is very like snack omg,positive
176709,B0017T1LGU,A24XQDWKRU9W2A,Travis Miller,0,0,2,1329264000,Not the best Teas' Tea,"I like other Teas' Tea varieties, but this particular flavor is the worst by far. Wouldn't recommend or order again. Go with the other options first.",negative,i like other teas tea varieties but this particular flavor is the worst by far wouldn t recommend or order again go with the other options first,negative
564434,B0036Z3ULM,A2NU2H4TDB70HB,Terri Wernett,5,5,5,1317081600,The best popcorn ever!,"We have been using an air popper for quite awhile, and have found it hard to find popcorn that doesn't just fall into the bowl without first popping.  This popcorn never fails to pop, and you get a very large bowl of it (we used to only get a few handfuls with the store bought brands).  If you love popcorn without all the calories, this is the stuff to get!",positive,we have been using an air popper for quite awhile and have found it hard to find popcorn that doesn t just fall into the bowl without first popping this popcorn never fails to pop and you get a very large bowl of it we used to only get a few handfuls with the store bought brands if you love popcorn without all the calories this is the stuff to get,positive
459782,B00014D37W,A3TIDW0P096CG4,"R. Pearson ""Graeta's Mommy""",2,2,5,1339545600,Great for eczema!,"I bought this after coming to my wit's end trying to find something to help my daughter's eczema.  Lotions, no matter what we tried, only soothed the itching at the most & never hydrated her skin enough to begin to heal it.  We've had to rely on Cortisone 10 for months now just to keep the inflammation manageable & her pediatrician was talking about having to prescribe something stronger.<br /><br />We've been using the coconut oil for just a few days now -- a tiny amount rubbed into the eczema affected area 4 times per day.  Finally we found something that is actually working to heal her!  The redness is now nearly completely gone, there's only one tiny spot left & it's nowhere near as red as it was before.  The inflammation is gone.  Her skin is no longer dry & chapped, even the color of her skin is beginning to come back where the Cortisone had bleached it out!",positive,i bought this after coming to my wit s end trying to find something to help my daughter s eczema lotions no matter what we tried only soothed the itching at the most never hydrated her skin enough to begin to heal it we ve had to rely on cortisone for months now just to keep the inflammation manageable her pediatrician was talking about having to prescribe something stronger we ve been using the coconut oil for just a few days now a tiny amount rubbed into the eczema affected area times per day finally we found something that is actually working to heal her the redness is now nearly completely gone there s only one tiny spot left it s nowhere near as red as it was before the inflammation is gone her skin is no longer dry chapped even the color of her skin is beginning to come back where the cortisone had bleached it out,negative
306127,B003THQKXM,A2ENTWUQ7T7318,Pen Name,2,2,1,1327276800,expensive cliff crunch bars,"These are not original cliff bars, but the smaller lower quality Cliff crunch bars.  You can get these same bars in the same packaging at Walmart for 3 bucks for a box of 10.",negative,these are not original cliff bars but the smaller lower quality cliff crunch bars you can get these same bars in the same packaging at walmart for bucks for a box of,negative
194560,B003ZT61E2,A1FVP6G8W3O8ZA,Arthur Kimes,0,0,2,1319587200,"There's a picture of this next to ""Meh"" in the dictionary","With fancy sippin' coffees in general you expect a rich, complicated taste.  This coffee, with PEPPERMINT MOCHA flavor, you expect even more something that knocks you back.  You get... Meh.<br /><br />There's a peppermint flavor.  Not very strong.  I get more flavor by adding small amounts of flavor syrups from the 99cent store.<br /><br />The preparation is a bit touchy.  Directions say add between 6-8oz of boiling water.  I tried 7oz and got hardly any flavor.  With 6oz. it was noticeable but bland.  A bit less than 6oz and a dash of milk was ok.<br /><br />The back of the box says ""The New Look of Decadence"".  I want DECADENT.  I got mildly flavored coffee or ... ""Meh"".<br /><br />This is not terrible coffee, just not worth the trouble.",negative,with fancy sippin coffees in general you expect a rich complicated taste this coffee with peppermint mocha flavor you expect even more something that knocks you back you get meh there s a peppermint flavor not very strong i get more flavor by adding small amounts of flavor syrups from the cent store the preparation is a bit touchy directions say add between oz of boiling water i tried oz and got hardly any flavor with oz it was noticeable but bland a bit less than oz and a dash of milk was ok the back of the box says the new look of decadence i want decadent i got mildly flavored coffee or meh this is not terrible coffee just not worth the trouble,negative
508634,B005HGAVDI,A2PALPVBND5NZI,"Philo Janus ""stchad""",1,1,4,1328832000,"Good combination, just wish it was all coffee...","Several earlier reviews complained about the mix of coffees in this - I'm hoping that what I got was a result of the seller reading these reviews, as I got an excellent mix with few (if any) multiples.<br /><br />My gripe is that I also got three decaf and five teas. I really, really wish that sellers would make their combo selections regular coffee-only, decaf-only, or tea-only. Mostly because I don't drink decaf at all, and when I drink tea, I only drink simple english teas (no need for green tea or flavored teas).<br /><br />Please please PLEASE offer regular coffee only samplers!<br /><br />Thanks!",positive,several earlier reviews complained about the mix of coffees in this i m hoping that what i got was a result of the seller reading these reviews as i got an excellent mix with few if any multiples my gripe is that i also got three decaf and five teas i really really wish that sellers would make their combo selections regular coffee only decaf only or tea only mostly because i don t drink decaf at all and when i drink tea i only drink simple english teas no need for green tea or flavored teas please please please offer regular coffee only samplers thanks,negative
234415,B001BDI0QQ,A2N9HTFRVEPUTC,Anonymous,2,2,1,1330473600,Caution: Made my cat very sick!!,"I've been feeding my cat this food for years without a problem. Recently she began vomiting uncontrollably after eating the food. Around her feeding time, she was at her bowl crying an begging for food like she usually does, but when we fed her she refused to touch the stuff. We thought maybe she just didn't have an appetite because she wasn't feeling well, but she scarfed down the treats and tuna we gave her. That was when we started to suspect that something was wrong with the food. We went out and bought her some canned food, and she ate that too. The only thing she wouldn't touch was the Purina food that she had eaten for years. She also stopped throwing up after we switched her food. After that, I turned to google to see if there were any recalls. I didn't find any, but I did find numerous complaints on the consumeraffairs dot com about cats (and dogs...apparently the problem isn't limited to cat food) who have recently gotten sick from Purina food. I would NOT buy this food. I have already stopped feeding it to my own cats, and I would suggest that everyone else do the same.<br /><br />If you pet has already gotten sick from the food, call this number to complain. 1-866-787-4621",negative,i ve been feeding my cat this food for years without a problem recently she began vomiting uncontrollably after eating the food around her feeding time she was at her bowl crying an begging for food like she usually does but when we fed her she refused to touch the stuff we thought maybe she just didn t have an appetite because she wasn t feeling well but she scarfed down the treats and tuna we gave her that was when we started to suspect that something was wrong with the food we went out and bought her some canned food and she ate that too the only thing she wouldn t touch was the purina food that she had eaten for years she also stopped throwing up after we switched her food after that i turned to google to see if there were any recalls i didn t find any but i did find numerous complaints on the consumeraffairs dot com about cats and dogs apparently the problem isn t limited to cat food who have recently gotten sick from purina food i would not buy this food i have already stopped feeding it to my own cats and i would suggest that everyone else do the same if you pet has already gotten sick from the food call this number to complain,negative
79072,B001EPPIT8,A3GVYBCZIRPLFC,NlGHTgirl,0,4,5,1318204800,Not too salty! Fresh...,"I am told this is NOT as salty as standard beef jerky! (not just the opinion, check out the nutritional information and compare to beef jerky) ""Moist and chewy"" as stated on the package. I might have been seeking something more dry and flaky?<br /><br />FISH AND EGGS are GOOD for digestion!<br /><br />However, what is potassium Lactate? Is this cow milk derivative? or is it bacteria from animal intestines?  some cheese is processed this way). We are way too curious. I'm usually vegan, actually, 17 yrs, don't tell anybody,...  but on Doctor's recommendation I thought we would try fish. Specifically, this dry smoked style fish, as it has a different texture than other meats? My child is lactose intolerant.  I would love to know how this agent is derived, just for humanitarian purposes too. I try to avoid cows and animal products fiercely. I'm so sorry. I worry FAR too much.... cows are better for less growth hormone lb per lb than chicken. Check it out. Fish would be way better with Zero growth hormones. : )<br /><br />Other than that, It seems like a fine product!<br /><br />PS. There is nothing wrong with being vegan, my health issues are due to extreme anxiety off my  medications... which lead to, ah, impacted bowels, and humans actually NEED probiotics and BACTERIA  in  gut. OH, and the SSRI meds can influence the bowels in ways that are not beneficial. anyway. So, maybe I should obtain different medications. B12 is an important vitamin. This is in MEAT (FISH, I assume, is meat) and in certain vitamin supplements slow release or under the tongue. I had tested for protein and vitamin deficiencies, (body  was not absorbing.. ah, nevermind. too much info, sorry). The doctor says the Omega 3 fatty acids (and or omega 6's) are very very very important for brain health! Doctor suggested oil supplements. but I thought fish is more natural? I'm kind of a hippie freak. Keep eating the fish!? or stop due to the so called heavy leads and mercury in the ocean? I don't know. I am not a doctor. I recommend that you do your own research and ask your  own doctor. Oh, and let me know the advice, please.<br /><br />OK , So, I was actually on a zero salt diet before. Turns out I need some salt to balance digestion of the sugar in my coffee. I also need iodine salt instead of sea salt. Iodine is important for thyroid health.<br /><br />FISH and EGGS are good for digestion!<br /><br />I'm freaking out. I'm not very good at eating meat, even fish!!!! Gosh, my world is so... off kilter from the rest of consumer society. wow... skewed.  It's really very difficult for me to eat fish. I know there is not fiber in it. so, I think this is only going to enhance any constipation issues, Maybe I'll try fish oil or better yet flax seed oil. Yeah. I am so crazy.<br /><br />THE FISH IS GOOD FOR #2 HEALTH! WORKS FOR ME! YEAH!",positive,i am told this is not as salty as standard beef jerky not just the opinion check out the nutritional information and compare to beef jerky moist and chewy as stated on the package i might have been seeking something more dry and flaky fish and eggs are good for digestion however what is potassium lactate is this cow milk derivative or is it bacteria from animal intestines some cheese is processed this way we are way too curious i m usually vegan actually yrs don t tell anybody but on doctor s recommendation i thought we would try fish specifically this dry smoked style fish as it has a different texture than other meats my child is lactose intolerant i would love to know how this agent is derived just for humanitarian purposes too i try to avoid cows and animal products fiercely i m so sorry i worry far too much cows are better for less growth hormone lb per lb than chicken check it out fish would be way better with zero growth hormones other than that it seems like a fine product ps there is nothing wrong with being vegan my health issues are due to extreme anxiety off my medications which lead to ah impacted bowels and humans actually need probiotics and bacteria in gut oh and the ssri meds can influence the bowels in ways that are not beneficial anyway so maybe i should obtain different medications b is an important vitamin this is in meat fish i assume is meat and in certain vitamin supplements slow release or under the tongue i had tested for protein and vitamin deficiencies body was not absorbing ah nevermind too much info sorry the doctor says the omega fatty acids and or omega s are very very very important for brain health doctor suggested oil supplements but i thought fish is more natural i m kind of a hippie freak keep eating the fish or stop due to the so called heavy leads and mercury in the ocean i don t know i am not a doctor i recommend that you do your own research and ask your own doctor oh and let me know the advice please ok so i was actually on a zero salt diet before turns out i need some salt to balance digestion of the sugar in my coffee i also need iodine salt instead of sea salt iodine is important for thyroid health fish and eggs are good for digestion i m freaking out i m not very good at eating meat even fish gosh my world is so off kilter from the rest of consumer society wow skewed it s really very difficult for me to eat fish i know there is not fiber in it so i think this is only going to enhance any constipation issues maybe i ll try fish oil or better yet flax seed oil yeah i am so crazy the fish is good for health works for me yeah,negative
50428,B000RH2VZS,AT9NFLT1N2DJ,"D. Scheeler ""Proud American""",3,4,5,1198800000,"Simple, fast and delicious one-dish casserole!","This is the best true to taste mix for home made Shepherd's Pie. I've ordered this dish at many Irish Pub/Restaurants in NYC and find this mix comparable in taste. The Knorr ""Mealmaker"" seasoning packet, one pound of ground beef, 6-7 mashed potatoes and sauteed onions are all you need to create Shepherd's Pie that compares to restaurant fare. I add a small can of peas & carrots and an extra ""shot"" of ketchup to the mix from time to time; it works well for us!",positive,this is the best true to taste mix for home made shepherd s pie i ve ordered this dish at many irish pub restaurants in nyc and find this mix comparable in taste the knorr mealmaker seasoning packet one pound of ground beef mashed potatoes and sauteed onions are all you need to create shepherd s pie that compares to restaurant fare i add a small can of peas carrots and an extra shot of ketchup to the mix from time to time it works well for us,positive
160945,B000H23ZMQ,A3V7H58BH72AYT,Illustratedman,2,2,5,1269648000,Found at last!,"My wife loves using this mix for her crockpot meals, she's tried a few others but prefers this brand. For whatever reason the grocery stores we usually frequent were no longer stocking this brand forcing me to order off Amazon. However the price I paid for the 12 pack is certainly cheaper than the store prices. We have enough now to last us quite a while.",positive,my wife loves using this mix for her crockpot meals she s tried a few others but prefers this brand for whatever reason the grocery stores we usually frequent were no longer stocking this brand forcing me to order off amazon however the price i paid for the pack is certainly cheaper than the store prices we have enough now to last us quite a while,positive
519253,B001IZ9O7Q,A1SEVOGKHU9KZQ,"Le Raison d'etre ""Le Raison d'etre""",0,0,5,1303948800,TIC Tac Spearmints - good as ever!,"Still a great product, even though its manufacturer has -- very sadly -- discontinued making it.<br /><br />Great seller, arrived fast, no problems. Thanks so much!",positive,still a great product even though its manufacturer has very sadly discontinued making it great seller arrived fast no problems thanks so much,positive
44099,B001EO677G,A3J04V9JE0BTJ6,Adam,1,1,5,1289520000,Really good coffee,"This is really good coffee.  I'm not a coffee expert or anything, but I know what I like, and I like this stuff.  Compared to other big brand names, I think this coffee far surpasses.  The price is good too, considering it's organic.",positive,this is really good coffee i m not a coffee expert or anything but i know what i like and i like this stuff compared to other big brand names i think this coffee far surpasses the price is good too considering it s organic,positive
270233,B002AQ0OS0,A3GQO1IKFSRK4I,Kelly Baker-Yalowick,0,0,2,1324944000,Not very strong,"I've been ordering Jet Fuel for a few years now because it's a good strong coffee. Rainforrest Esspresso is not one. It is very mild and not full body at all. If you like a good cup of Joe, this is not one for you",negative,i ve been ordering jet fuel for a few years now because it s a good strong coffee rainforrest esspresso is not one it is very mild and not full body at all if you like a good cup of joe this is not one for you,negative
13631,B001E5E33A,A38SJO0CH0VJBL,J. Keeler,0,0,5,1266192000,Earl Gray Kcup,Wasn't sure I'd really care for this tea - as a k-cup option.  It's WONDERFUL! It's the perfect blend of tea and all you have to do is brew it in a minute. Add a touch of honey and sit and relax while the tea warms you up!,positive,wasn t sure i d really care for this tea as a k cup option it s wonderful it s the perfect blend of tea and all you have to do is brew it in a minute add a touch of honey and sit and relax while the tea warms you up,positive
391500,B000SMYTWU,A1OWWE45J6ORKX,"Amber M. Neely ""Quarter-Life Geek""",1,1,5,1282089600,Koala's March Cookies - Delicious!,"Koala's March (that's actually the name in the yellow box, you'll occasionally find packaging with this written in English) are absolutely delicious. The outside of the cookie kind of tastes like a really thin fortune cookie - basically just a very sweet and crunchy cookie. The inside milk chocolate is sweet, but not so sweet that it's overpowering like a lot of chocolate tends to be. It's incredibly smooth and the texture over all is great. If you're trying to find these IRL (if Amazon is out, or if you're just looking for them quickly), they're available in a lot of Asian markets. No asian market where you live? Try a store like Wegmans if you're on the east coast, or something similar (Maybe a Krogers elsewhere?) in the Asian food section. They do seem to be consistently at the Wegman's I've visited. (Erie PA has them every time I've gone.) If you're on the fence about them, I'd recommend trying 'em out. If you like chocolate, you'll like these.",positive,koala s march that s actually the name in the yellow box you ll occasionally find packaging with this written in english are absolutely delicious the outside of the cookie kind of tastes like a really thin fortune cookie basically just a very sweet and crunchy cookie the inside milk chocolate is sweet but not so sweet that it s overpowering like a lot of chocolate tends to be it s incredibly smooth and the texture over all is great if you re trying to find these irl if amazon is out or if you re just looking for them quickly they re available in a lot of asian markets no asian market where you live try a store like wegmans if you re on the east coast or something similar maybe a krogers elsewhere in the asian food section they do seem to be consistently at the wegman s i ve visited erie pa has them every time i ve gone if you re on the fence about them i d recommend trying em out if you like chocolate you ll like these,positive
203134,B002OFZMPW,A2RNYW2HIQBGSM,Carlos Alvarez,0,0,5,1288310400,"Great taste, tender meat",This is great jerky.  The meat is tender and not overly-dried.  Flavors complement the meat well and it has just a touch of heat without masking the great meat flavor.,positive,this is great jerky the meat is tender and not overly dried flavors complement the meat well and it has just a touch of heat without masking the great meat flavor,positive
551840,B0000GHNVS,A1LE7ZCPBXAB1R,Andrew,1,1,5,1326672000,There is something special about that sauce,"I have discovered Valentina sauce while traveling in Washington. Being a hot sauce lover I couldn't pass up this bottle when I saw it at the local supermarket. This sauce is thick if compared to other sauces such as Tabasco brand. It sticks nicely to the food. It's adequately hot, although not the kind of hot that burns your taste buds for a long time. It's made in Guadalajara, Mexico which adds a little mystery to it. If you're into hot sauces definitely try it if you stumble upon it. I don't think you will regret it.",positive,i have discovered valentina sauce while traveling in washington being a hot sauce lover i couldn t pass up this bottle when i saw it at the local supermarket this sauce is thick if compared to other sauces such as tabasco brand it sticks nicely to the food it s adequately hot although not the kind of hot that burns your taste buds for a long time it s made in guadalajara mexico which adds a little mystery to it if you re into hot sauces definitely try it if you stumble upon it i don t think you will regret it,positive
323187,B000OQ2DL4,A1A4MFC6VF9ZK9,Liu Chao,50,51,5,1341273600,"Less Stress, Better Sleep, Great Product","This is an excellent source of magnesium which provides a number of health benefits.  Some obvious and some not so obvious.  I have trouble sleeping, waking up many times at night and like everybody else I deal with my fair share of stress.<br /><br />I take a 1/2 teaspoon at night about an hour before bed time along with 5-htp and phenibut powder, <a href=""http://www.amazon.com/gp/product/B007YY2XQE"">5-HTP Powder 10 Grams + FREE Primaforce Phenibut Powder 100 Grams</a>.  I started taking the magnesium long before the 5-htp or anything else, taking them together definitely enhances the mood and sleep stabilizing effects, if that's what your looking for.<br /><br />The Raspberry Lemon flavor doesn't taste delicious but it certainly does not taste bad so it is not a chore what-so-ever to drink a glass each night before going to bed.  Since I've started this nightly ritual nights have become more peaceful, days have become brighter (i.e. tears from stressful situations do not rear their ugly head nearly as much).  I've been happier, plain and simple.",positive,this is an excellent source of magnesium which provides a number of health benefits some obvious and some not so obvious i have trouble sleeping waking up many times at night and like everybody else i deal with my fair share of stress i take a teaspoon at night about an hour before bed time along with htp and phenibut powder htp powder grams free primaforce phenibut powder grams i started taking the magnesium long before the htp or anything else taking them together definitely enhances the mood and sleep stabilizing effects if that s what your looking for the raspberry lemon flavor doesn t taste delicious but it certainly does not taste bad so it is not a chore what so ever to drink a glass each night before going to bed since i ve started this nightly ritual nights have become more peaceful days have become brighter i e tears from stressful situations do not rear their ugly head nearly as much i ve been happier plain and simple,positive
213018,B003AYCVVY,A2RJLR3LLMPWWG,Wolf-pup's Mom,1,1,5,1315958400,My dog loves these healthy treats!,"My dog has numerous food allergies, so finding a treat that passes the allergy test AND one that he likes can be difficult.  Add to this the fact that he is definitely not motivated by food, and rewarding him with treats can be challenging.  My four-footed wonder absolutely loves the Get Naked Gut Health Dental Chew Sticks, and if he could, he'd give them five stars himself!",positive,my dog has numerous food allergies so finding a treat that passes the allergy test and one that he likes can be difficult add to this the fact that he is definitely not motivated by food and rewarding him with treats can be challenging my four footed wonder absolutely loves the get naked gut health dental chew sticks and if he could he d give them five stars himself,positive
282922,B002OSS32I,A3L1HLPHCGHUU,Grampster,1,2,3,1290556800,Taste better than they smell,"The assortment and taste is very good, but they were order and delivered in the Summer and they smell like they were in a fire.  It doesn't affect the taste, but the smoke smell is very noticeable.  Maybe they shouldn't be sent in hot weather or should be packed differently.",neutral,the assortment and taste is very good but they were order and delivered in the summer and they smell like they were in a fire it doesn t affect the taste but the smoke smell is very noticeable maybe they shouldn t be sent in hot weather or should be packed differently,negative
521024,B000FFIIZY,A37P64B9LDYAPP,lindaown,0,0,4,1348704000,good product,Was not disappointed in this product. Taste good and not too salty and provide a good crunch. I would recommend to others.,positive,was not disappointed in this product taste good and not too salty and provide a good crunch i would recommend to others,positive
396899,B000FBO9MO,A3OVWPS6O2FNSI,"Heide Hlawaty ""Sister of Science""",2,2,5,1217289600,The Aroma! The Taste!,"The title says it all! These butter biscuits are DIVINE! Everyone loves them--my parents, my students, my colleagues, and, of course, me! You will love them, too!",positive,the title says it all these butter biscuits are divine everyone loves them my parents my students my colleagues and of course me you will love them too,positive
283104,B001ACMCNU,A99EYKS4OOQ4U,"K. Peterson ""Never too old to learn""",1,1,5,1260662400,Great product!,"I have, at this point, made these rolls several times and they have gone out to rave reviews from my friends every time, whether they are eating gluten free or not.  I want to next try using this mix to make a sandwich pocket or pizza.  The texture is great, chewy and crusty, which you seldom find in a non gluten bread.",positive,i have at this point made these rolls several times and they have gone out to rave reviews from my friends every time whether they are eating gluten free or not i want to next try using this mix to make a sandwich pocket or pizza the texture is great chewy and crusty which you seldom find in a non gluten bread,positive
426850,B00152PNJK,ABIWCW9QNDSO2,"Leeza ""~GraceRose~""",0,0,5,1291075200,Moon Pies,although I hate them lol<br />I have no problem buying them for a friend<br /><br />He loved them and shipping was perfect he ate them within two days<br />LOL,positive,although i hate them lol i have no problem buying them for a friend he loved them and shipping was perfect he ate them within two days lol,positive
455909,B008K9TOU0,A13853O9CBLTEY,"J Tria ""gusser33""",0,0,4,1303776000,not bad,"I like the Keurig but finding the right coffee can be difficult as there are so many out there. I got the variety pack and this was one of the better.  I wish it were a little stronger.  But, it is the best so far.",positive,i like the keurig but finding the right coffee can be difficult as there are so many out there i got the variety pack and this was one of the better i wish it were a little stronger but it is the best so far,positive
410292,B000084EZ4,A308U387DKC1LR,Harley Miller,2,2,5,1297296000,Great!,Switched over my British Shorthair over to Wellness from Fancy Feast and no more nasty poop issues!  Wellness may be expensive but its worth the cost. Pay now or pay later is the way I look at it and why not take care of your kitty!,positive,switched over my british shorthair over to wellness from fancy feast and no more nasty poop issues wellness may be expensive but its worth the cost pay now or pay later is the way i look at it and why not take care of your kitty,negative
226273,B002T0NWKE,AZCXYCWCCT334,Steve M,1,1,3,1329436800,Overpriced - Buy anywhere for less,"Good products<br />Love Diet Energy 5/5 and Diet Root Beer 5/5<br /><br />a couple stinkers -<br />Diet Fountain Mist (Mountain Dew-like, tart fake flavor) 1/5<br />Diet Dr. Pete (Weak flavor, not bold like Dr. Pepper) 3/5<br /><br />Amazon - Do better on price! This is 5.99 to 6.99 in the stores (you are charging double)<br />Sodastream - Reformulate these two!",neutral,good products love diet energy and diet root beer a couple stinkers diet fountain mist mountain dew like tart fake flavor diet dr pete weak flavor not bold like dr pepper amazon do better on price this is to in the stores you are charging double sodastream reformulate these two,negative
194858,B0000E65WB,A2VZ11U5DXM8J5,"C. Ebeling ""ctlpareader""",1,1,5,1068336000,Stock Up On This Item,"I usually purchase this item in smaller links (about 9 to a pound) and stash it in the freezer.  It is the perfect dinner in a hurry:  thaw in microwave, toss in grill pan to brown.  Meanwhile, make a salad of greens, and for a side, saute canned cannellini beans with herbs and garlic, whip up some instant polenta made creamy with goat cheese, or break open a crusty loaf of bread. 15 minutes to the table and you have the ultimate comfort food.  Leftover sausage gets diced into pasta sauce. Plenty of flavor; and while spice is present, people who usually shun hot or peppery food will like this.",positive,i usually purchase this item in smaller links about to a pound and stash it in the freezer it is the perfect dinner in a hurry thaw in microwave toss in grill pan to brown meanwhile make a salad of greens and for a side saute canned cannellini beans with herbs and garlic whip up some instant polenta made creamy with goat cheese or break open a crusty loaf of bread minutes to the table and you have the ultimate comfort food leftover sausage gets diced into pasta sauce plenty of flavor and while spice is present people who usually shun hot or peppery food will like this,positive
205347,B001BORBHO,AZJ1HP7MBFC4W,AQuinnT,0,0,5,1308441600,Healthier coat in a week,"We rotate foods with our one year old. Went from a poultry mix to the fish and his coat is so much softer after only three weeks. Seems to be extremely palatable, and our pup had no issues switching over. He's extremely active so we've been feeding him a little more than the recommended amount on the bag, and his weight and energy level have remained constant. Wonderful food thus far -- no stomach or gas problems, just a mild case of fish breath. Would recommend to anyone!",positive,we rotate foods with our one year old went from a poultry mix to the fish and his coat is so much softer after only three weeks seems to be extremely palatable and our pup had no issues switching over he s extremely active so we ve been feeding him a little more than the recommended amount on the bag and his weight and energy level have remained constant wonderful food thus far no stomach or gas problems just a mild case of fish breath would recommend to anyone,positive
544561,B001P3PR54,A8D1BQCROKAC4,DeeDee,0,0,5,1288051200,GREAT product - GREAT seller,"My ""girls"" love these Hygiene Chews and they are quite picky. Prior to buying on-line I'm quite familiar with the price from local stores. I love the convenience of buying on-line, but only if the price is same or better. I love the product and the seller has been great. Ships fast, great customer service (as one item arrived damaged by carrier) and they promptly sent out a replacement. I highly recommend the SELLER!",positive,my girls love these hygiene chews and they are quite picky prior to buying on line i m quite familiar with the price from local stores i love the convenience of buying on line but only if the price is same or better i love the product and the seller has been great ships fast great customer service as one item arrived damaged by carrier and they promptly sent out a replacement i highly recommend the seller,positive
198930,B000OQ2DJQ,A29V32IOAJUP8P,Shine,0,0,5,1350000000,Excellent,Excellent source of magnesium that helps you (1) Fall asleep at night withOUT harmful sleeping meds (2) allows smooth bowel movements consistently. And you control how much you are going to ingest. AWESOME!,positive,excellent source of magnesium that helps you fall asleep at night without harmful sleeping meds allows smooth bowel movements consistently and you control how much you are going to ingest awesome,positive
9966,B001CGTN1I,A107U6AA8M7DP7,Matthew Holloway,0,0,5,1312588800,A real Super Food,"We use these in smoothies, pancakes, waffles and even our vegan burger patties.  You don't notice them, but they add a great consistency and texture and it also helps as a binding agent in place of eggs.",positive,we use these in smoothies pancakes waffles and even our vegan burger patties you don t notice them but they add a great consistency and texture and it also helps as a binding agent in place of eggs,positive
134430,B003E728CE,AKVRWEU18CVRZ,paddie peddecord,6,7,1,1310947200,"really bad packaging on item, item's ruined",the pill pockets are supposed to be little ROUND treats so you can put the pill in the middle. The packaging Amazon used is what they would use for a flat book. This whole package is smooshed and ruined and one big flat sheet of treats. This is the first time I have ever had a problem with Amazon's shipping. I will not be ordering this item again from them and I am a little disappointed because this is the best price I have found for these anymore! I guess the cheap price comes with a cost!,negative,the pill pockets are supposed to be little round treats so you can put the pill in the middle the packaging amazon used is what they would use for a flat book this whole package is smooshed and ruined and one big flat sheet of treats this is the first time i have ever had a problem with amazon s shipping i will not be ordering this item again from them and i am a little disappointed because this is the best price i have found for these anymore i guess the cheap price comes with a cost,negative
246461,B002D4DY8G,AT28RL25Q2OLK,"J. Dassaro ""Dassaro Imaging Photography""",0,0,2,1259452800,OK,"While not a true coffee connoisseur like others, I found this coffee just OK.  Not bitter by any means but also not as strong as I would have liked.  There is a definite artificial taste to the coffee and the manufacturer clearly indicates on the box that the product is artificially flavored.  In comparison, I prefer even Folgers to this product.",negative,while not a true coffee connoisseur like others i found this coffee just ok not bitter by any means but also not as strong as i would have liked there is a definite artificial taste to the coffee and the manufacturer clearly indicates on the box that the product is artificially flavored in comparison i prefer even folgers to this product,negative
381638,B0041QF02W,A2BAVWMHL130WY,Bruce L. Ishimatsu,0,0,5,1318723200,King of the Sumatra Coffees,"Weaver's is not the first Sumatra coffee but it surely is the best out there.  You have to try it to believe it.  Better yet, do what I did --  I gave several bags of the whole bean Sumatra organic to an important client as a corporate gift and, for the first time after receiving a food product, the client raved about how great tasting Weaver's was and then ordered it for their office full time.  They realized that great tasting coffee need not be the exception but can and should be the norm.  The Weaver Sumatra Organic Whole Bean is my favorite of the Weaver line of excellent coffees and teas.  Try it and see for yourself!",positive,weaver s is not the first sumatra coffee but it surely is the best out there you have to try it to believe it better yet do what i did i gave several bags of the whole bean sumatra organic to an important client as a corporate gift and for the first time after receiving a food product the client raved about how great tasting weaver s was and then ordered it for their office full time they realized that great tasting coffee need not be the exception but can and should be the norm the weaver sumatra organic whole bean is my favorite of the weaver line of excellent coffees and teas try it and see for yourself,positive
17708,B0010AR1E2,A2E7E9EWADK4S6,"Rosemary Thornton ""Niece of Murder Victim, Ad...",2,4,5,1201737600,not too bad,"If you're accustomed to a typical American diet of sugar and salt and grease, you're first impression might be that these rice cakes taste like packing peanuts. And that might be your second impression, too.<br /><br />However, once you put a few miles between yourself and the typical ""goo and glue"" diet, you may grow to like these rice cakes. The caramel flavor is my favorite, but the apple cinnamon isn't too bad either. They're good snacks and they're fairly healthy and they're good for your body and digestive system.<br /><br />To my horror, I see that they're sweetened with high fructose corn-syrup which is mighty disappointing. I'd think that the demographic type that's interested in eating rice cakes is also going to be the demographic type that's sophisticated enough to read labels and sophisticated enough to know that HFCS is a dirty word and an unhealthy sweetener.<br /><br />I wish these mega-monster corporations would go back to SUGAR and just add the 1/10th of a penny cost to the retail price. It'd be worth it to me and others, who struggle to keep their weight ""normal.""",positive,if you re accustomed to a typical american diet of sugar and salt and grease you re first impression might be that these rice cakes taste like packing peanuts and that might be your second impression too however once you put a few miles between yourself and the typical goo and glue diet you may grow to like these rice cakes the caramel flavor is my favorite but the apple cinnamon isn t too bad either they re good snacks and they re fairly healthy and they re good for your body and digestive system to my horror i see that they re sweetened with high fructose corn syrup which is mighty disappointing i d think that the demographic type that s interested in eating rice cakes is also going to be the demographic type that s sophisticated enough to read labels and sophisticated enough to know that hfcs is a dirty word and an unhealthy sweetener i wish these mega monster corporations would go back to sugar and just add the th of a penny cost to the retail price it d be worth it to me and others who struggle to keep their weight normal,positive
27728,B000K8ESBY,A1RYTIMIWPDJ4O,"Bill Ison ""Bill""",0,0,5,1256169600,Coffee flavoring,"<a href=""http://www.amazon.com/gp/product/B000K8ESBO"">Flavour Creations Coffee Flavoring Tablets, French Vanilla, 48-Count Dispensers (Pack of 6)</a>Excellent product -- highly recommend.  Used for more than 3 years and am finding it harder and harder to find.",positive,flavour creations coffee flavoring tablets french vanilla count dispensers pack of excellent product highly recommend used for more than years and am finding it harder and harder to find,negative
106044,B001E5DYEE,A2N3BRPS0NS7FF,B. Martinek,2,2,5,1277510400,Good product!,"These dried cherries, along with the blueberries from this same company, are soft and a nice texture and flavor. They are not the typical tough, dry, chewy, dried fruit you normally get from other places. These work very well in homemade breads or just to snack on. I'm anxious to try some of Traverse Bay's other products as well now that I'm so happy with their dried fruits. Very good quality product.",positive,these dried cherries along with the blueberries from this same company are soft and a nice texture and flavor they are not the typical tough dry chewy dried fruit you normally get from other places these work very well in homemade breads or just to snack on i m anxious to try some of traverse bay s other products as well now that i m so happy with their dried fruits very good quality product,positive
554481,B001E5E0DI,A38YMPPYVPG58P,C. Barb,1,1,5,1243728000,Excellent quality and taste,"Rossa from Lavazza is one of the best coffees on the market.  I am used to grinding my own beans to ensure freshness, but with Rossa this is no longer necessary.  It has an intense flavor and wonderful consistency.  A taste of Italy.",positive,rossa from lavazza is one of the best coffees on the market i am used to grinding my own beans to ensure freshness but with rossa this is no longer necessary it has an intense flavor and wonderful consistency a taste of italy,positive
291808,B001EO5Y8Y,A1QI6WTAUB6L6S,MP,0,0,5,1342915200,Dark Magic is a great cup of coffee,"I am just 1 week into owning my Kuerig B60 and this was in the sample pack. When I brewed it up, coffee grounds were in the cup and I was hoping this was just one faulty package. It smelled so good and I didn't want to throw it out I strained it twice added my cream and it was really good! This was a keeper and I went back today after church to B3 with my 20% off coupon and purchased a box and promptly had a cup while I was preparing my lunch.  I determined I could buy 3 boxes-18 count each with coupons for $24.28 once I finish this box and the two others (French Roast and Butter Toffee) I bought at the time I purchased my Kuerig. Dark Magic along with French Roast are my morning travel mug brews, and I will usually finish the evening with a smooth Butter Toffee.<br /><br />Update 7/25/12: Dark Magic is the only K Cup I am drinking.Truly a great cup of coffee, I have a 10 oz travel mug on my morning commute and then a 6 oz in the evening either before or after dinner. At either amount and a little cream it taste great, not bitter or weak. Love it!!! New owners definitely want to register your Kuerig and receive the  buy 2 get 2 free k cup offer, I paid $29.68 for 4-(24)count Dark Magic k cups",positive,i am just week into owning my kuerig b and this was in the sample pack when i brewed it up coffee grounds were in the cup and i was hoping this was just one faulty package it smelled so good and i didn t want to throw it out i strained it twice added my cream and it was really good this was a keeper and i went back today after church to b with my off coupon and purchased a box and promptly had a cup while i was preparing my lunch i determined i could buy boxes count each with coupons for once i finish this box and the two others french roast and butter toffee i bought at the time i purchased my kuerig dark magic along with french roast are my morning travel mug brews and i will usually finish the evening with a smooth butter toffee update dark magic is the only k cup i am drinking truly a great cup of coffee i have a oz travel mug on my morning commute and then a oz in the evening either before or after dinner at either amount and a little cream it taste great not bitter or weak love it new owners definitely want to register your kuerig and receive the buy get free k cup offer i paid for count dark magic k cups,positive
289788,B008BWJ6CW,A2I40XQP3B6N2N,MissyThomp,0,2,5,1288051200,Great Product,I received in a timely manner.  The product was great!  Very fresh.  Will buy from again.,positive,i received in a timely manner the product was great very fresh will buy from again,positive
247771,B0015Q8VAE,A21JTEOSFI57M1,S. Seely,0,0,5,1326153600,Nostalgia...,"I grew up in the 70s eating this cereal.  As an adult I have looked for it in stores to no avail.  So, I was excited when I found this online through Amazon.  A bit worried that it would not be as I remembered I was prepared for disappointment.  How wrong was I?!?!  It tasted EXACTLY as I remembered.  Same texture.  Same taste.  Fabulous!!!!!  The trick is letting it sit in the milk for about 5 minutes before enjoying.  I gives it a great consistency.  Yay!!!  I'm so happy with it that I have subscribed to have it shipped through Amazon every two months.",positive,i grew up in the s eating this cereal as an adult i have looked for it in stores to no avail so i was excited when i found this online through amazon a bit worried that it would not be as i remembered i was prepared for disappointment how wrong was i it tasted exactly as i remembered same texture same taste fabulous the trick is letting it sit in the milk for about minutes before enjoying i gives it a great consistency yay i m so happy with it that i have subscribed to have it shipped through amazon every two months,positive
78185,B0039VYVCU,A3EEF58UUBNHSI,"Stephanie A. Chavez ""long time amazon user""",5,8,1,1298160000,WHY SO MUCH?,i can home deliver powdered milk from safeway at 51.2 ounces for $13.98.  i do not understand why this product cost so much? wish seller would explain.,negative,i can home deliver powdered milk from safeway at ounces for i do not understand why this product cost so much wish seller would explain,negative
119993,B000CMF18W,A2XDVQHZYO3KZN,"Clara Brown ""Clara Brown""",2,2,5,1293235200,My favorite tea,"I love everything about this tea.  It tastes wonderful, and I love that there's also lavender in it.  It really helps to relax and calm me, and this also helps me focus on work.  I stockpile this stuff because it's just that good, and it's decaf, thank God.  I can only handle caffiene in small doses, and not more than a cup of tea provides. A+++",positive,i love everything about this tea it tastes wonderful and i love that there s also lavender in it it really helps to relax and calm me and this also helps me focus on work i stockpile this stuff because it s just that good and it s decaf thank god i can only handle caffiene in small doses and not more than a cup of tea provides a,positive
418419,B003N0ZEKU,A3DVGMO8DCK8AX,Busy Buddy,1,2,4,1287187200,Great for a change of pace,This is a refreshing cup of coffee but not one I would have every day. I normally like Kona blends which have a bolder taste and body. I did find that I had to add sweetner to bring out the full butter toffee flavor.,positive,this is a refreshing cup of coffee but not one i would have every day i normally like kona blends which have a bolder taste and body i did find that i had to add sweetner to bring out the full butter toffee flavor,positive
359862,B0045EESQE,A3AR66MVVWLYVW,Donna J. Hannigan,0,0,5,1320624000,Excellent Bonne Maman Honey Mini Jars,"I ordered theae honey jars from Amazon.com for small shower gifts for my daughter's Pooh theme baby shower.<br />I was completely satisfied!<br />The order arrived quicker than I thought it would, was packaged nicely, and the honey is delicious!  I would highly recommend this product!",positive,i ordered theae honey jars from amazon com for small shower gifts for my daughter s pooh theme baby shower i was completely satisfied the order arrived quicker than i thought it would was packaged nicely and the honey is delicious i would highly recommend this product,positive
155975,B000WFNLP4,A20AGEKRWH521B,Kayjen57,1,1,5,1346716800,Pet food discount rates,I have been using this food for my 3 dogs for over a year. It is a product that they dont an allergic reaction to and is high in proteins and fish oils. The price has been increasing recently and through Cajunmarket.info I was able to save some money over what the local stores charged.,positive,i have been using this food for my dogs for over a year it is a product that they dont an allergic reaction to and is high in proteins and fish oils the price has been increasing recently and through cajunmarket info i was able to save some money over what the local stores charged,neutral
359780,B007M832YY,A3SMV35531YME,BookAddict,0,2,5,1327536000,Yummy!,"These are a nice, light alternative to ordinary potato chips. To me, they have a sort of buttery flavor. They're crunchy, a little sweet, and not the least bit greasy. My husband took some to work and they were a huge hit with his coworkers. In fact, he had none left for himself!",positive,these are a nice light alternative to ordinary potato chips to me they have a sort of buttery flavor they re crunchy a little sweet and not the least bit greasy my husband took some to work and they were a huge hit with his coworkers in fact he had none left for himself,positive
42820,B002NHYQAS,A1U9EX5JY2P5IH,egghead23,0,0,5,1298419200,Confection Perfection,"Delicious dark chocolate bar. Not too bitter, as some dark chocolates can be, but neither is it too sweet. I thought I tasted something a little different in the mix, but the ingredients don't list anyting out of the ordinary. According to the package, the ingredients are Organic Dark Chocolate (Organic evaporated cane juice, organic chocolate liquor, organic cocoa butter, organic soy lechtin and organic vanilla). The cocoa is ""Rainforest Alliance Certified"" organic, which the Newman's Own Organics has been associated with for years.<br /><br />Another thing that's nice about Newman's Own chocolate is that the company backs its claim that their cocoa beans come from farms and plantations that do not mistreat their workers or engage is slave-labor practices.",positive,delicious dark chocolate bar not too bitter as some dark chocolates can be but neither is it too sweet i thought i tasted something a little different in the mix but the ingredients don t list anyting out of the ordinary according to the package the ingredients are organic dark chocolate organic evaporated cane juice organic chocolate liquor organic cocoa butter organic soy lechtin and organic vanilla the cocoa is rainforest alliance certified organic which the newman s own organics has been associated with for years another thing that s nice about newman s own chocolate is that the company backs its claim that their cocoa beans come from farms and plantations that do not mistreat their workers or engage is slave labor practices,positive
508200,B006N3IE6A,A1D3S3KH6T7206,gtl3,2,4,1,1297123200,Overpowering flavor and watery- Coffee lovers beware,"I found this coffee to be great at first, but as I started having it more and more I came to detest it. On the large setting the coffee is WAY too watery. Also, the flavor is very, very overpowering and kind of tastes like bananas.<br /><br />It is a pretty good mid-afternoon or evening desert coffee, but other than that it is kinda gross.",negative,i found this coffee to be great at first but as i started having it more and more i came to detest it on the large setting the coffee is way too watery also the flavor is very very overpowering and kind of tastes like bananas it is a pretty good mid afternoon or evening desert coffee but other than that it is kinda gross,negative
484685,B0002DHNLE,AKJA908253ZHA,"Brenda Star ""Ellie""",5,5,3,1178582400,Kong Stuff 'N Peanut Butter Snaps,"Our dog seems to like these treats fine, but they do not fit into the Kong bone I bought when I placed this order. I have to break them in half to make them fit, which isn't too convenient. So, if you are buying this product, be sure it is the right shape to fit into any Kong toy you may have.",neutral,our dog seems to like these treats fine but they do not fit into the kong bone i bought when i placed this order i have to break them in half to make them fit which isn t too convenient so if you are buying this product be sure it is the right shape to fit into any kong toy you may have,negative
374220,B000VVT9IM,ASMO8M2RUQDVL,Marilyn,0,0,3,1334793600,MUCH Bigger Than Expected.,"Be forewarned, these treats are VERY LARGE. One piece of lung is the size of my palm and almost an inch thick. I'm much more a fan of smaller treats, since my dog won't get full very quickly when I'm training him. If I gave my dog a piece of this, it's about half a meal! The picture here is deceiving. If you're fine with the large size, then rock on.",neutral,be forewarned these treats are very large one piece of lung is the size of my palm and almost an inch thick i m much more a fan of smaller treats since my dog won t get full very quickly when i m training him if i gave my dog a piece of this it s about half a meal the picture here is deceiving if you re fine with the large size then rock on,negative
114319,B003UDZ6WQ,A3QDJ038LQLM8F,B. Hill,0,0,3,1334793600,"Great company, Great food, but my puppy won't eat it...","We have a picky puppy.  After doing a lot of research on dog food, I chose Eagle Pack.  We tried for 2-3 days, but our puppy just wasn't interested in this food.  We ended up getting him on Taste of the Wild Puppy, which he loves.  Eagle Pack is a great company, thats made great food for a long time, at a great price.  Our dog just wasn't digging it though...",neutral,we have a picky puppy after doing a lot of research on dog food i chose eagle pack we tried for days but our puppy just wasn t interested in this food we ended up getting him on taste of the wild puppy which he loves eagle pack is a great company thats made great food for a long time at a great price our dog just wasn t digging it though,negative
86516,B002ODE1PQ,A2ND4JZSYTJIYT,"John Lloyd ""John Lloyd""",0,0,5,1318636800,Awesome soup base,"My neighbor got us turned on to this. We are using it a lot now. We make soup base out of half chicken broth and half pappy's seasoning, then add chicken or beef and cut veggies.  Everyone raves about it, even neighborhood kids. It's different every time depending on what veggies we use.  Famly size soup can be made from scratch for just a few dollars.  Even kids like it. I also use it to flavor steaks and roasts.  This seasoning is a well kept secret.",positive,my neighbor got us turned on to this we are using it a lot now we make soup base out of half chicken broth and half pappy s seasoning then add chicken or beef and cut veggies everyone raves about it even neighborhood kids it s different every time depending on what veggies we use famly size soup can be made from scratch for just a few dollars even kids like it i also use it to flavor steaks and roasts this seasoning is a well kept secret,positive
445946,B0012KCVBS,A376Q8PHJN4W0A,"Liza Sauls ""thingamajig""",0,0,4,1310342400,Finally Fincky Feline Fare,"Our pair cannot ever seem to agree on the same food, be it canned or dry! This is the first one they both like! One likes only foods with sauce/gravy...the other likes only shredded texture....this satisfies both tastes at last! It is a bit pricey, so this isn't an everyday food though. The rest of the time they have to settle for dry and one of the less-fancy Fancy Feast flavors!",positive,our pair cannot ever seem to agree on the same food be it canned or dry this is the first one they both like one likes only foods with sauce gravy the other likes only shredded texture this satisfies both tastes at last it is a bit pricey so this isn t an everyday food though the rest of the time they have to settle for dry and one of the less fancy fancy feast flavors,positive
410529,B0009CEX66,A3AYK1I6RAHYR1,"Abigail ""Abby""",1,1,5,1285804800,AWESOME,"AWESOME BREAD.  MY HUSBAND AND I BOTH ARE VERY HAPPY WITH THIS PRODUCT, WILL BE COMING BACK FOR MORE.<br /><br />THANK YOU!",positive,awesome bread my husband and i both are very happy with this product will be coming back for more thank you,positive
474956,B001FFEU1E,A22D5JGBBL8RKH,L Fitz,0,0,5,1341187200,Iced Celestial Seasonings Acai Mango Zinger Herbal Tea is a great drink to help you lose weight!,"Iced Celestial Seasonings Acai Mango Zinger Herbal Tea (the one that isn't sweetened with Stevia) is a great drink to help you lose weight! I used to drink a lot of fruit juice, until I noticed I could whittle down my daily calorie intake pretty easily by drinking non-sweetened herbal tea (zero calories), without losing any flavor. This tea wouldn't appeal to me as a hot drink, but it is a fantastic cold drink. I typically drink a half gallon of it a day. I make it slightly stronger than the directions on the box for the iced tea, which call for 1 tea bag per 1 cup (8 oz.) of water, which equals 8 bags for a half gallon (64 oz./ 8 cups). I use 10 tea bags per half gallon for a fruit juice taste.<br /><br />I now order it in quantity on an automatic monthly basis from Amazon, as it is somewhat hard to find in stores, and it costs less per box this way than in stores, too. Love this drink!!",positive,iced celestial seasonings acai mango zinger herbal tea the one that isn t sweetened with stevia is a great drink to help you lose weight i used to drink a lot of fruit juice until i noticed i could whittle down my daily calorie intake pretty easily by drinking non sweetened herbal tea zero calories without losing any flavor this tea wouldn t appeal to me as a hot drink but it is a fantastic cold drink i typically drink a half gallon of it a day i make it slightly stronger than the directions on the box for the iced tea which call for tea bag per cup oz of water which equals bags for a half gallon oz cups i use tea bags per half gallon for a fruit juice taste i now order it in quantity on an automatic monthly basis from amazon as it is somewhat hard to find in stores and it costs less per box this way than in stores too love this drink,positive
565040,B001L1ASN6,AQZYCOCL9A5IK,"Kate ""mom of 4 in nj""",0,0,5,1263772800,Yummy.,"These are much less sweet than Reese's cereal. My kids like them, but I think my husband is their biggest fan when he wants something sweet.",positive,these are much less sweet than reese s cereal my kids like them but i think my husband is their biggest fan when he wants something sweet,positive
204293,B000FZV432,A30KBS77N1YVN3,N. Velickovic,2,2,5,1296172800,Been searching high and low!,"A few years ago, I had a shrimp with squid ink pasta dish in Barcelona that has stuck with me so I have since that dinner vowed to replicate it in my kitchen.  Problem was that squid ink pasta was amazingly difficult to find... not even my specialty stores carried it so I turned to Amazon, which solves all my ""I can't find it anywhere"" problems.  I was a little skeptical having never ordered from Al Dente so I didn't want a sub par pasta to ruin this memory but I gave it a shot and as soon as the package arrived, I attempted my Barcelona culinary heaven... and it was everything I had remembered... a beautiful balance of flavor and color for a dish full of delicious and beauty!  For those who want to try it, here's the quick and dirty: fresh shrimp, shallots, garlic, cherry tomatoes, and a quality olive oil tossed with this pasta... you won't regret it!<br /><br />Happy cooking!",positive,a few years ago i had a shrimp with squid ink pasta dish in barcelona that has stuck with me so i have since that dinner vowed to replicate it in my kitchen problem was that squid ink pasta was amazingly difficult to find not even my specialty stores carried it so i turned to amazon which solves all my i can t find it anywhere problems i was a little skeptical having never ordered from al dente so i didn t want a sub par pasta to ruin this memory but i gave it a shot and as soon as the package arrived i attempted my barcelona culinary heaven and it was everything i had remembered a beautiful balance of flavor and color for a dish full of delicious and beauty for those who want to try it here s the quick and dirty fresh shrimp shallots garlic cherry tomatoes and a quality olive oil tossed with this pasta you won t regret it happy cooking,negative
68105,B000FH2Y1Q,A2BBX4PHLOGST1,Sneezer Tulane,3,3,4,1172448000,Two previous reviewers on crack?,"Maybe this says something about the psychedelic effects of jasmine tea.  First, anon_2003 thinks there are snails in the teabag.  Then Graham rips anon for saying they were in the bottom of the cup, even though anon wrote that they were in the bag, not the cup.  I guess this is the proverbial tempest in a teacup.<br /><br />In any case, I like this jasmine tea.  It's not too perfumed, and does have a smooth taste.  No snails.  But . . . wait!  There are little green men in that teabag!",positive,maybe this says something about the psychedelic effects of jasmine tea first anon thinks there are snails in the teabag then graham rips anon for saying they were in the bottom of the cup even though anon wrote that they were in the bag not the cup i guess this is the proverbial tempest in a teacup in any case i like this jasmine tea it s not too perfumed and does have a smooth taste no snails but wait there are little green men in that teabag,negative
566019,B000EHNCZ4,A38KP1POQ191WT,"Judy Schinske ""Veronica""",1,3,1,1264723200,No taste at all,"DISGUSTING!!!!!!!!!!  They taste like nothing and you have to be careful when buying them because they tend to go stale fast on you.  There other bars are good but this one was just terrible.  Dont buy these, I guess if you like the flavor of paydays only weaker in flavor then you will like these.",negative,disgusting they taste like nothing and you have to be careful when buying them because they tend to go stale fast on you there other bars are good but this one was just terrible dont buy these i guess if you like the flavor of paydays only weaker in flavor then you will like these,negative
74111,B004JRKEH4,A2OCDK0BOW6UCY,Antigone Walsh,1,1,4,1317168000,a Nice Change of Pace,"The Taco Bell chipolte sauce provides a nice change of pace from the usual mayo and sandwich spreads.  It is pleasant on tacos and adds a little tang to otherwise undoctored mac and cheese.  There is the characteristic smokey chipolte warmth but I would not describe the flavor as either bold or creamy.  However there is some  flavor which distinguishes it from the usual dumbed down cuisine.  The sauce has a somewhat runny salad dressing consistency and care should be taken lest you douse your food with it.  It also has an odd light orange color. It tastes like weak ranch dressing with chipoltes added.<br /><br />This sauce adds a little verve to routine dishes.  It is unlikely to please a sophisticated palate or anyone who really enjoys the heat. If you are looking for something to add a little flair without upsetting the apple cart,you can't go wrongwith this sauce.",positive,the taco bell chipolte sauce provides a nice change of pace from the usual mayo and sandwich spreads it is pleasant on tacos and adds a little tang to otherwise undoctored mac and cheese there is the characteristic smokey chipolte warmth but i would not describe the flavor as either bold or creamy however there is some flavor which distinguishes it from the usual dumbed down cuisine the sauce has a somewhat runny salad dressing consistency and care should be taken lest you douse your food with it it also has an odd light orange color it tastes like weak ranch dressing with chipoltes added this sauce adds a little verve to routine dishes it is unlikely to please a sophisticated palate or anyone who really enjoys the heat if you are looking for something to add a little flair without upsetting the apple cart you can t go wrongwith this sauce,positive
47562,B004M0Y8T8,A2QJS6MHTIFSRI,Georgie,0,0,5,1351209600,Sleeping a lot better,"Hubby and I (both 63) have been drinking about 4 oz a night for a few months now. We both found that we are falling into a deep sleep faster and for a longer time (eliminating the 2 or 4 am wake up).  My sister and her hubby also tried it and like it very much for the same reason.<a href=""http://www.amazon.com/gp/product/B004M0Y8T8"">Indian Summer 100% Juice, Montmorency Cherry, 46-Ounce Containers (Pack of 8)</a>",positive,hubby and i both have been drinking about oz a night for a few months now we both found that we are falling into a deep sleep faster and for a longer time eliminating the or am wake up my sister and her hubby also tried it and like it very much for the same reason indian summer juice montmorency cherry ounce containers pack of,negative
151730,B00315WGNK,A37LBROVAZBDBR,taj,0,1,2,1329696000,not something I will purchase again,"tastes disgusting; when you bite into it, there's a great chance you could be biting into a chunk of fat..I tried the sweet and spicy and hickory, and they both had the same outcome..go elsewhere for some quality beef jerky!",negative,tastes disgusting when you bite into it there s a great chance you could be biting into a chunk of fat i tried the sweet and spicy and hickory and they both had the same outcome go elsewhere for some quality beef jerky,negative
242510,B004M0TRG2,A362X1G4N4R9S9,"doorcountydi ""Caribbean snorkler""",1,1,3,1323475200,Good,"I like quinoa, and this is good quinoa.  I know there are other flavors, so I'm planning to try those, as well.  But I liked this stuff just fine!",neutral,i like quinoa and this is good quinoa i know there are other flavors so i m planning to try those as well but i liked this stuff just fine,positive
308596,B000G7YO2M,A1EIMS34QXF48X,Jeanne Mahoney,0,1,5,1305331200,delicious,Iam still waiting for an answer or a reply to my request as to why you cannot fill this order; it is a favoritebreakfast item.  I will wait to hear from you.,positive,iam still waiting for an answer or a reply to my request as to why you cannot fill this order it is a favoritebreakfast item i will wait to hear from you,negative
536678,B000NY6QBK,A25GZZXVQAANED,"N. E. Munro ""Insp. 12""",3,3,5,1243814400,Cheese lover,"Tiger Gruyere cheese is an excellent product, impossible to find in local stores.  I had been ""turned on"" to Tiger brand Gruyere when living in Baltimore, appreciating the mild but very unique flavor.  My order arrived promptly, & I have been pleased to enjoy it ever since.",positive,tiger gruyere cheese is an excellent product impossible to find in local stores i had been turned on to tiger brand gruyere when living in baltimore appreciating the mild but very unique flavor my order arrived promptly i have been pleased to enjoy it ever since,positive
411711,B003KYIXQQ,A28EC37OOBS1JT,beinformed,8,12,1,1310688000,faulty packaging and unresponsive customer service,"I ordered this product because it was organic and easy when out and about with my baby.  However, we I received my order, one of the pouches I noticed had been punctured and was moldy.  I threw it out thinking it must have been a fluke, however I ended up with another punctured pouch (that wasn't moldy, thank God) because I fed half of it to my baby before I realized it had been punctured.  I was disgusted and concerned that my baby had eaten it.  I went to the companies webpage, found no phone number so I emailed them at a provided email about the packaging issue, and never heard a peep out of them in response to my concern.  I was kind and undemanding, just notifying them of the issue and they didn't even have the courtesy to respond.  I will not purchase Plum organics again.  I will stick to Happy Baby or Sprout.",negative,i ordered this product because it was organic and easy when out and about with my baby however we i received my order one of the pouches i noticed had been punctured and was moldy i threw it out thinking it must have been a fluke however i ended up with another punctured pouch that wasn t moldy thank god because i fed half of it to my baby before i realized it had been punctured i was disgusted and concerned that my baby had eaten it i went to the companies webpage found no phone number so i emailed them at a provided email about the packaging issue and never heard a peep out of them in response to my concern i was kind and undemanding just notifying them of the issue and they didn t even have the courtesy to respond i will not purchase plum organics again i will stick to happy baby or sprout,negative
131498,B000CQY378,A1SWWRBQ9HMUCK,L. Marshall,2,2,5,1200009600,Spelt Pretzels,"These are hearty tasting pretzels made with Spelt flour.  They have just the right amount of salt.  Even my husband won't eat regular pretzels anymore when I have these in the house.  The bonus is that nutritionally speaking, these are a healthier choice than white flour pretzels.  The only drawback is that a 7 oz bag gets eaten pretty quickly in my home!",positive,these are hearty tasting pretzels made with spelt flour they have just the right amount of salt even my husband won t eat regular pretzels anymore when i have these in the house the bonus is that nutritionally speaking these are a healthier choice than white flour pretzels the only drawback is that a oz bag gets eaten pretty quickly in my home,positive
80087,B001EO6636,A3PJZ8TU8FDQ1K,Jared Castle,0,0,4,1311033600,A compromising blend for the masses (i.e. your office),"<span class=""tiny""> Length:: 1:31 Mins<br /><br /></span>Listed as one of Green Mountain Coffee's ""most popular blends,"" the Vermont Country Blend offers a safe choice if your Keurig serves a larger audience, such as an office environment.<br /><br />The coffee has a pleasing aroma, with hints of fruit and caramel, and a gentle finish. While Green Mountain's website describes this as ""an engaging blend that reveals itself in layers"" but that was not my experience. It is a pleasant, middle-of-the-road blend, but not the type of K-cup I'll reach for first in the morning.<br /><br />One reason the Vermont Country Blend didn't blow my socks off was that it arrived at the same time we ordered Green Mountain Coffee's <a href=""http://www.amazon.com/gp/product/B004743O08"">Nantucket Blend</a>. Of the two blends, my wife enjoys Vermont Country lighter roast more. I prefer the more complex tones in the Nantucket Blend. We both tried the Vermont Country Blend black, using Keurig's small mug (7.25 oz) setting.<br /><br />Added bonuses:<br />Vermont Country Blend is certified kosher by the Orthodox Union.<br />Vermont Country Blend is Fair Trade Certified.<br />Vermont Country Blend is organic.<br /><br />Rating: Four stars.<br /><br />BTW: Here's my recent K-cup coffee reviews for Amazon:<br />5 stars: <a href=""http://www.amazon.com/gp/product/B004743O08"">Green Mountain Coffee Nantucket Blend</a><br />5 stars: <a href=""http://www.amazon.com/gp/product/B001CHFUDC"">Coffee People Donut Shop Medium Roast</a><br />5 stars: <a href=""http://www.amazon.com/gp/product/B0039556K2"">Van Houtte Chocolate Raspberry Truffle</a><br />4 stars: <a href=""http://www.amazon.com/gp/product/B001EYUE6G"">Green Mountain Coffee Lake & Lodge Blend</a><br />4 stars: Green Mountain Coffee Wild Mountain Blueberry<br />4 stars: <a href=""http://www.amazon.com/gp/product/B001ELL68Y"">Tully's Coffee Kona Blend</a><br />4 stars: <a href=""http://www.amazon.com/gp/product/B004779XNW"">Green Mountain Coffee Dark Magic</a><br />3 stars: <a href=""http://www.amazon.com/gp/product/B003JA5KKS"">Green Mountain Coffee Breakfast Blend</a><br />3 stars: <a href=""http://www.amazon.com/gp/product/B00390VIQI"">Green Mountain Coffee Fair Trade Gingerbread</a>",positive,length mins listed as one of green mountain coffee s most popular blends the vermont country blend offers a safe choice if your keurig serves a larger audience such as an office environment the coffee has a pleasing aroma with hints of fruit and caramel and a gentle finish while green mountain s website describes this as an engaging blend that reveals itself in layers but that was not my experience it is a pleasant middle of the road blend but not the type of k cup i ll reach for first in the morning one reason the vermont country blend didn t blow my socks off was that it arrived at the same time we ordered green mountain coffee s nantucket blend of the two blends my wife enjoys vermont country lighter roast more i prefer the more complex tones in the nantucket blend we both tried the vermont country blend black using keurig s small mug oz setting added bonuses vermont country blend is certified kosher by the orthodox union vermont country blend is fair trade certified vermont country blend is organic rating four stars btw here s my recent k cup coffee reviews for amazon stars green mountain coffee nantucket blend stars coffee people donut shop medium roast stars van houtte chocolate raspberry truffle stars green mountain coffee lake lodge blend stars green mountain coffee wild mountain blueberry stars tully s coffee kona blend stars green mountain coffee dark magic stars green mountain coffee breakfast blend stars green mountain coffee fair trade gingerbread,positive
71578,B00473HE5U,A35RSEHKNVRCXL,"Senora O ""Spanish teacher""",0,0,5,1342569600,Our favorite jam,The price is a little higher on amazon than in the store but this jam is our favorite food to take home from northern Michigan. I dare say I enjoy it more than the mackinac fudge,positive,the price is a little higher on amazon than in the store but this jam is our favorite food to take home from northern michigan i dare say i enjoy it more than the mackinac fudge,positive
115080,B002G06NEO,A281NPSIMI1C2R,"Rebecca of Amazon ""The Rebecca Review""",0,0,5,1316131200,A New Favorite,"Zevia is like an answer to prayers. I've been using stevia in drinks for quite a few years but avoid most sodas due to their high sugar content or artificial sweeteners. Finally there is a drink you can consume that won't make you feel guilty. This drink contains stevia and erythritol which is natural. I looked up erythritol in <a href=""http://www.amazon.com/gp/product/0762435259"">Eat Safe: The Truth about Additives from Aspartame to Xanthan Gum</a> and it is a type of sugar alchol derived from algae and lichens. It is believed safe in foods at low levels. As far as the taste goes it is not that gingery at all. It does seem to settle your stomach because it has ginger extract in it but it is also flavored with lemon and lime oil which makes it taste a bit like 7-Up. Anyway it is so good I drank six cans this week and feel no guilt over drinking soda. I'd suggest they leave out the lemon and lime and add more ginger.<br /><br />~The Rebecca Review",positive,zevia is like an answer to prayers i ve been using stevia in drinks for quite a few years but avoid most sodas due to their high sugar content or artificial sweeteners finally there is a drink you can consume that won t make you feel guilty this drink contains stevia and erythritol which is natural i looked up erythritol in eat safe the truth about additives from aspartame to xanthan gum and it is a type of sugar alchol derived from algae and lichens it is believed safe in foods at low levels as far as the taste goes it is not that gingery at all it does seem to settle your stomach because it has ginger extract in it but it is also flavored with lemon and lime oil which makes it taste a bit like up anyway it is so good i drank six cans this week and feel no guilt over drinking soda i d suggest they leave out the lemon and lime and add more ginger the rebecca review,positive
494203,B004XE0QCG,A3NIT0GOFDGUOV,Sunshine,1,1,1,1326844800,NOT KOSHER,"I checked the ingredients online by googling the brand, and, I hate to say, these are NOT KOSHER. One of the main ingredients is gelatin, which is not a kosher ingredient, as gelatin is made from horse hooves and pig skins. Please remove the ""kosher"" designation from the description list.",negative,i checked the ingredients online by googling the brand and i hate to say these are not kosher one of the main ingredients is gelatin which is not a kosher ingredient as gelatin is made from horse hooves and pig skins please remove the kosher designation from the description list,negative
217882,B000PKJ4RA,A2GZJ2XVJI8FMQ,claire,1,2,1,1277683200,"not very good,","bland, and boring... thick crust.<br /><br />My daughter wouldn't eat the fish at all due to the trout's skin which has a slimy consistency.<br /><br />The fish had no flavor and no texture.  The crust is like a big, thick blanket of a pre- processed mashed up casing, not a traditional bread crumb / with cheese topping.  It has no texture and the flavor is lacking.",negative,bland and boring thick crust my daughter wouldn t eat the fish at all due to the trout s skin which has a slimy consistency the fish had no flavor and no texture the crust is like a big thick blanket of a pre processed mashed up casing not a traditional bread crumb with cheese topping it has no texture and the flavor is lacking,negative
181882,B0009F3POY,A37Y0DCS3CMZEX,alenochek,0,0,5,1280880000,GOOD STUFF,"i love this tea! and it really works! if you drink 4-5 cups, you get more milk in 2 days!",positive,i love this tea and it really works if you drink cups you get more milk in days,positive
519064,B001E5DXUY,A1VDCZGBX3XKUN,Freda Bezner,2,2,4,1195430400,If You Like Mint You'll Love This Tea,"I have been trying to find some fresh mint for my iced tea but couldn't find a reliable source.  This tea is very nice if you like mint in your iced tea, I recommend it highly.",positive,i have been trying to find some fresh mint for my iced tea but couldn t find a reliable source this tea is very nice if you like mint in your iced tea i recommend it highly,positive
31076,B007M83302,A15Z6Z51Q85AOA,Spazvan,0,0,5,1264464000,My 1 guilty pleasure,Popchips is the chip of the century! I love them all but the original is the best! I wish they would make them sodium free though!,positive,popchips is the chip of the century i love them all but the original is the best i wish they would make them sodium free though,positive
125888,B0036VLZ3G,A2T6UZ4Q2HEKE,MarniGirl,0,0,5,1327708800,Awesome Quality,Super Fresh...Delicious and I will not use anything else! I have ordered multiple times...always the same wholesome quality! A must try!,positive,super fresh delicious and i will not use anything else i have ordered multiple times always the same wholesome quality a must try,positive
483126,B004LYKAIS,A1I7MJDTE0YXJW,guy,2,2,5,1315180800,BEAUTIFUL!,"The plant I received was bigger than I expected. So healthy and beautiful. If you ever wanted a vanilla orchid, this is the only place to get one! I ordered one from another company. What I got was a wimpy unhealthy half dead plant that eventually died. Shop around if you must, but come back here to purchase....you won't be sorry!!<br /><br />Guy",positive,the plant i received was bigger than i expected so healthy and beautiful if you ever wanted a vanilla orchid this is the only place to get one i ordered one from another company what i got was a wimpy unhealthy half dead plant that eventually died shop around if you must but come back here to purchase you won t be sorry guy,negative
533683,B002GWMB0W,A1TC0I7V5282E7,Shareen,0,0,4,1314576000,Smells good,"It tastes pretty good.  There's a lot of stems in it, but it doesn't seem to hurt the flavor.  Very aromatic.",positive,it tastes pretty good there s a lot of stems in it but it doesn t seem to hurt the flavor very aromatic,positive
344115,B008J1HO4C,A17XGV6KSZW10X,Paul R. Trautman,4,4,5,1195171200,ALMOST AS EASY AS INSTANT OATS,"Traditional oatmeal is an acquired taste which more people are acquiring because of the health benefit. McCann's is the easiest to find and to my taste the best.  (Quaker has put out a steelcut product which is not bad).<br /><br />The drawback is cooking, it takes a long time to cook.  My grandmother used to cook it in a doubleboiler overnight.<br /><br />There is an easy way.  The night before put 1/4 cup of oats to each cup of water in a saucepan, add salt, bring to a boil stirring occasionally. Turn off heat from anywhere from 30 to  90 seconds after reaching a boil, cover. In the morning  it is ready to eat, you can heat it in microwave or on the stove or eat it room temperature.",positive,traditional oatmeal is an acquired taste which more people are acquiring because of the health benefit mccann s is the easiest to find and to my taste the best quaker has put out a steelcut product which is not bad the drawback is cooking it takes a long time to cook my grandmother used to cook it in a doubleboiler overnight there is an easy way the night before put cup of oats to each cup of water in a saucepan add salt bring to a boil stirring occasionally turn off heat from anywhere from to seconds after reaching a boil cover in the morning it is ready to eat you can heat it in microwave or on the stove or eat it room temperature,positive
346487,B001P777DU,A3GHANRF4H0X9I,E. Kunhardt,0,0,4,1287532800,Not bad,"I own the original and REALLY like that one, so I decided to give this a try. I don't know if I expected it to be hot, but I wasn't convinced to reorder this one. It has a hint of something I wasn't liking in my bloody mary; maybe it was the peppers? I wouldn't hesitate to reorder the original, though! Great value here, too.",positive,i own the original and really like that one so i decided to give this a try i don t know if i expected it to be hot but i wasn t convinced to reorder this one it has a hint of something i wasn t liking in my bloody mary maybe it was the peppers i wouldn t hesitate to reorder the original though great value here too,negative
122192,B000KNHF8M,A9PF2K0C6E7PK,Hanna,0,0,2,1313625600,"Tasted Great, Crysalized FAST","Was happy with the price, it was a good value.  The honey has a stronger taste which I like, so that was good.<br />HOWEVER...it was three bottles.  They all started to crystalize before I even got half way through the first bottle, and we use honey alot in this house.  It was either stored in a too cold environment, or it was older honey.<br /><br />Won't order it again because as much as I like it.  Without having a honey jar and willingness to do the work to de-crystalize...wasn't really alot of usable honey.",negative,was happy with the price it was a good value the honey has a stronger taste which i like so that was good however it was three bottles they all started to crystalize before i even got half way through the first bottle and we use honey alot in this house it was either stored in a too cold environment or it was older honey won t order it again because as much as i like it without having a honey jar and willingness to do the work to de crystalize wasn t really alot of usable honey,negative
494825,B0018CFN3S,AJ8QOI7C5I1SX,Bowman75,0,0,5,1350172800,Awesome food.,"I've been feeding this along with 2 other Natural Balance canned flavors to my 3 cats for about 6 months now and they absolutely love this stuff. I feed the two girls each a half a can in the morning and another in the evening, my 15lb boy I feed 3/4 can twice a day. I also leave them a bowl of Blue Buffalo kibble out to snack on, which honestly they eat very little of and I am thinking of removing it from their diet. They can't wait to dig into the Natural Balance and once the bowl is down they inhale every last bit in less than 5 minutes. Their coats are super soft and shiny and their eyes are bright and shiny as well and they have crazy amounts of energy, annoyingly so at times as they sound like they're going to tear the house down with all the running, jumping and wrestling they do...even my 12 year old calico has developed much more energy and has been participating in the mayhem.",positive,i ve been feeding this along with other natural balance canned flavors to my cats for about months now and they absolutely love this stuff i feed the two girls each a half a can in the morning and another in the evening my lb boy i feed can twice a day i also leave them a bowl of blue buffalo kibble out to snack on which honestly they eat very little of and i am thinking of removing it from their diet they can t wait to dig into the natural balance and once the bowl is down they inhale every last bit in less than minutes their coats are super soft and shiny and their eyes are bright and shiny as well and they have crazy amounts of energy annoyingly so at times as they sound like they re going to tear the house down with all the running jumping and wrestling they do even my year old calico has developed much more energy and has been participating in the mayhem,positive
364009,B000G6RYOI,A23U1DSRY1KMGS,William P. Marseglia,0,0,5,1242345600,The best ever chip,It is unusual to find the perfect snack food that dazzles bag after bag.  They are almost addicting which is a good thing in this case.  I feel it is safe and not going to do too much damage to the health conscience system.  More to it than a baked potato but almost halfway healthy.  The flavor of course and the crunch texture make this chip a rare masterpiece of monstrous culinary excellence.  Good job there Northwest.  Wish I could find a life coach that was this good.,positive,it is unusual to find the perfect snack food that dazzles bag after bag they are almost addicting which is a good thing in this case i feel it is safe and not going to do too much damage to the health conscience system more to it than a baked potato but almost halfway healthy the flavor of course and the crunch texture make this chip a rare masterpiece of monstrous culinary excellence good job there northwest wish i could find a life coach that was this good,positive
301955,B002JG5TVS,AAJ361GDDI06D,Lucky777,5,5,1,1324425600,"Warning, new formula put almonds in there","one star because when i called the company to ask them how much was almonds now and how much is hazelnut, they refused to tell me!<br /><br />not as good as the original, which you might still find in the small 1 ounce snack sizes!",negative,one star because when i called the company to ask them how much was almonds now and how much is hazelnut they refused to tell me not as good as the original which you might still find in the small ounce snack sizes,negative
204136,B0009F3QKW,A1RHRM14VGPJDG,V. Schmitt,3,4,5,1181174400,Calm and Soothing,"As I had been going through a tough time, I needed to calm down and sleep at night. I tried several homeopathic medicines, but this tea really worked. It tastes good, and is soothing going down. It helps me calm down and relax when I need to, rather than relying on medication. Yogi Tea Kava Stress Relief Tea - 16 Bags",positive,as i had been going through a tough time i needed to calm down and sleep at night i tried several homeopathic medicines but this tea really worked it tastes good and is soothing going down it helps me calm down and relax when i need to rather than relying on medication yogi tea kava stress relief tea bags,positive
77238,B000VK339Y,A2CE9CFMYZC084,"D. Louque ""NOLA Loves Music & Saints! Who Dat!""",11,11,3,1269993600,The Organic Beef Canned is Inconsistent....,"I've been buying the Newman's Own Canned Organic BEEF for my 9 year old Diabetic Rottweiler to add more protein to her diet since she has been losing weight since her diagnosis 3 years ago.  During the last 6 months that I've been buying it, the consistency of the canned food has been all over the place.  Sometimes it's quite firm and I really have to dig in with the spoon to remove it, sometimes it's a good average firmness, and other times it's extremely mushy.<br /><br />Most recently, the last 2-3 12-packs I've purchased from Amazon or Whole Foods (at different times, not from same lot) have been so soupy that I could pour it out of the can and onto her special diet which is Honest Kitchen Embark.  In the bottom of the can, half the time there has been a thick gelatinous layer and the rest of the time, it is a yellow liquid layer instead so it's pretty gross.  I've been shaking the cans before I open them to mix it up before I pour it out.<br /><br />I've decided not to purchase the Canned Organic Beef any longer.  My dog has been having loose stools lately and I think it's from the soupy canned food.<br /><br />I did buy some of the Newman's Own 100% Liver Canned at Whole Foods and the consistency was very good so I'm going to try ordering this one from Amazon next time instead.  I hope the Liver Canned will remain the right firmness and consistency because I'd rather give my dog all meat without veggies or grain carbs that will affect her sugar levels.  She gets some of those things in the Embark already.<br /><br />Not sure if anyone else has had this problem with the Beef Canned but based on my experience, I wouldn't recommend this particular type of Newman's Own canned.  I can't speak for their other canned food items.",neutral,i ve been buying the newman s own canned organic beef for my year old diabetic rottweiler to add more protein to her diet since she has been losing weight since her diagnosis years ago during the last months that i ve been buying it the consistency of the canned food has been all over the place sometimes it s quite firm and i really have to dig in with the spoon to remove it sometimes it s a good average firmness and other times it s extremely mushy most recently the last packs i ve purchased from amazon or whole foods at different times not from same lot have been so soupy that i could pour it out of the can and onto her special diet which is honest kitchen embark in the bottom of the can half the time there has been a thick gelatinous layer and the rest of the time it is a yellow liquid layer instead so it s pretty gross i ve been shaking the cans before i open them to mix it up before i pour it out i ve decided not to purchase the canned organic beef any longer my dog has been having loose stools lately and i think it s from the soupy canned food i did buy some of the newman s own liver canned at whole foods and the consistency was very good so i m going to try ordering this one from amazon next time instead i hope the liver canned will remain the right firmness and consistency because i d rather give my dog all meat without veggies or grain carbs that will affect her sugar levels she gets some of those things in the embark already not sure if anyone else has had this problem with the beef canned but based on my experience i wouldn t recommend this particular type of newman s own canned i can t speak for their other canned food items,negative
103160,B001E5E2RC,AEWYUPCNDV7HY,Modern Blue Argonaut,37,41,5,1199750400,"Excellent flavor, made in the USA!","Torani Sugar-Free syrups are some of the best in the business. This makes an excellent flavor addition to both smoothies and coffee and it tastes just like the full sugar versions. What makes it even easier to use is <a href=""http://www.amazon.com/gp/product/B000W09XZG"">Torani and Davinci syrup pump</a>. According to my favorite barista at Starbucks, a venti takes 5-6 squirts, although I think I normally use only a couple of squirts to obtain the perfect flavor for my smaller cups of coffee made at home. Amazon grocery currently sells 3 flavors of Torani Sugar Free syrups, Torani Sugar-Free Syrup, Caramel, 25.4-Ounce Bottle (Pack of 3), Torani Sugar-Free Syrup, Hazelnut, 25.4-Ounce Bottle (Pack of 3), and this syrup. Since Torani currently makes 27 different Sugar Free flavors, it would be nice if through Amazon they would offer a combo pack of 4 flavors, or just make more flavors available on Amazon. I really enjoy this syrup and have tried other brands, but always come back to Torani. I was pleased to see this available as a auto-ship item at Amazon and will be buying many more bottles through the Subscribe & Save program.<br /><br />I would love to see Peppermint, Vanilla Bean, and Irish Cream flavors added. These also make excellent Italian sodas, and dozens of drink recipes can be found at the Torani web site.<br /><br />Update: I'm pleased to see that Amazon has added 3 new sugar free flavors:<br /><br />Torani Sugar Free Raspberry, 25.4-Ounce Bottles (Pack of 3)<br />Torani Sugar Free Chocolate, 25.4-Ounce Bottles (Pack of 3)<br />Torani Sugar Free Irish Cr&iquest;me, 25.4-Ounce Bottles (Pack of 3)<br /><br />Great price, too! Better than my grocer.",positive,torani sugar free syrups are some of the best in the business this makes an excellent flavor addition to both smoothies and coffee and it tastes just like the full sugar versions what makes it even easier to use is torani and davinci syrup pump according to my favorite barista at starbucks a venti takes squirts although i think i normally use only a couple of squirts to obtain the perfect flavor for my smaller cups of coffee made at home amazon grocery currently sells flavors of torani sugar free syrups torani sugar free syrup caramel ounce bottle pack of torani sugar free syrup hazelnut ounce bottle pack of and this syrup since torani currently makes different sugar free flavors it would be nice if through amazon they would offer a combo pack of flavors or just make more flavors available on amazon i really enjoy this syrup and have tried other brands but always come back to torani i was pleased to see this available as a auto ship item at amazon and will be buying many more bottles through the subscribe save program i would love to see peppermint vanilla bean and irish cream flavors added these also make excellent italian sodas and dozens of drink recipes can be found at the torani web site update i m pleased to see that amazon has added new sugar free flavors torani sugar free raspberry ounce bottles pack of torani sugar free chocolate ounce bottles pack of torani sugar free irish cr iquest me ounce bottles pack of great price too better than my grocer,positive
259853,B0042TVRXY,AM90L7TB3TL0P,Linda F. Rose,0,0,5,1345680000,brazilian coffee candy,Love the coffee taste. Good product to get a little jolt and taste of Brazilian coffee. No need to brew a cup. Just unwrap and enjoy. YUM!,positive,love the coffee taste good product to get a little jolt and taste of brazilian coffee no need to brew a cup just unwrap and enjoy yum,positive
461354,B000CORSCW,A3S15YGZ6W6EV2,K. Varraso,1,6,2,1161129600,Just because it's not Orange doesn't make it healthy.,"I bought these because my daughter wanted something for a school snack, had tried these in the cafeteria and said that they ""weren't bad"".  Unfortunately, she had changed her mind by the time the gigantic box  arrived on the doorstep.  My huband and I tried them, and I feel like giving a stern punishment to the maker of these things.  Besides having no discernable nutritional content, these things have too much salt, too much fake ""cheez"" powder, and no way to remove it gracefully after you'e eaten a few puffs. We don't like them, and I feel terrible dumping them on the food pantry. Perhaps I'll hide them in a large donation of healthier items.",negative,i bought these because my daughter wanted something for a school snack had tried these in the cafeteria and said that they weren t bad unfortunately she had changed her mind by the time the gigantic box arrived on the doorstep my huband and i tried them and i feel like giving a stern punishment to the maker of these things besides having no discernable nutritional content these things have too much salt too much fake cheez powder and no way to remove it gracefully after you e eaten a few puffs we don t like them and i feel terrible dumping them on the food pantry perhaps i ll hide them in a large donation of healthier items,negative
488081,B0013A0QXC,A3UUTY2ZQCH6ZR,"Frank A. Kuhre ""FF""",0,0,5,1328054400,SENSUAL SENSEO,"This is absolutely the best way to get really (and I do mean REALLY) good coffee at home. I love coffee and have traveled a lot, and this is as good as I have ever had anywhere...(of course you have to take in the ambiance of the location (kitchen vs Italy) there is no way to create that....yet.",positive,this is absolutely the best way to get really and i do mean really good coffee at home i love coffee and have traveled a lot and this is as good as i have ever had anywhere of course you have to take in the ambiance of the location kitchen vs italy there is no way to create that yet,positive
524585,B0017QNBCK,A232B19SH43FYJ,M. Uhl,0,0,3,1265155200,Where's the heat?,Not HOT enough for me. Tastes good. Recommend 3 stars. More heat could and can be added.,neutral,not hot enough for me tastes good recommend stars more heat could and can be added,negative
262571,B004NSETRU,AKGQ6RM68SQY1,"Catherine Diane ""CDI""",0,0,5,1304640000,"ATTENTION! this is a ""rub""",just a heads up for those looking FOR a rub and those NOT looking for a rub - great spice either way and Amazon - as usual - has a very good price:),positive,just a heads up for those looking for a rub and those not looking for a rub great spice either way and amazon as usual has a very good price,positive
516803,B001G8TFZ6,A31RDMQSHZQSNQ,Pica,1,1,5,1319846400,Delacre Prestige Belgian Chocolate Biscuit Gift Assortment Tin,Wonderful assortments for chocolate lovers and makes a great gift! I wouldn't recommend ordering this during<br />the warm season unless you pay for faster delivery or make sure the packaging is substantial enough to protect<br />it from melting.  Otherwise you're in for a delicious treat!<br />Sincerely. Pica,positive,wonderful assortments for chocolate lovers and makes a great gift i wouldn t recommend ordering this during the warm season unless you pay for faster delivery or make sure the packaging is substantial enough to protect it from melting otherwise you re in for a delicious treat sincerely pica,positive
466365,B0057ISDW2,A1Q6P6CE28HU06,Karen R,2,2,5,1336262400,Harry Potter jelly beans,"we sent these with bertie bunny jelly bean dispenser to our daughter in Texas for Easter.  The cute bunny makes the Harry Potter jelly beans even more of a surprise, mostly good, but always interesting.  These jelly beans are for fans of the books and movies, they are what they say they are, not a sweet treat but cool and great conversation starters!",positive,we sent these with bertie bunny jelly bean dispenser to our daughter in texas for easter the cute bunny makes the harry potter jelly beans even more of a surprise mostly good but always interesting these jelly beans are for fans of the books and movies they are what they say they are not a sweet treat but cool and great conversation starters,positive
180665,B000CQBZQK,A7GGWCD5XQ1JO,Patricia,1,1,5,1225584000,The best tea in the world!!,"This is my favourite tea in the world. The taste is unique: chocolate with hazelnut. If you're a chocoholic like myself, you'll love this tea. Plus it's decaf, so you can have as many as you like. Purchasing this product through Amazon was a great experience: fast service and most important, it was cheaper than buying the product in a store or even at Stash webpage. I'll definitely order more!!",positive,this is my favourite tea in the world the taste is unique chocolate with hazelnut if you re a chocoholic like myself you ll love this tea plus it s decaf so you can have as many as you like purchasing this product through amazon was a great experience fast service and most important it was cheaper than buying the product in a store or even at stash webpage i ll definitely order more,positive
368100,B003B3OOPA,A148ABAGOSRWCG,brutus sanchez,0,11,4,1319414400,Better Before the Price Increase,It sure tasted better before Amazon raised the price. I hope this stuff is good for you - you can get different opinions. But put it in your hair? What a waste.,positive,it sure tasted better before amazon raised the price i hope this stuff is good for you you can get different opinions but put it in your hair what a waste,negative
196647,B008JKTTUA,A1T1YSCDW0PD25,A. Wiersch,5,7,4,1265155200,Quite tasty but expensive,"I am impressed with the taste of this ""almond, walnut & macadamiat"" bar! Too bad it's so expensive.<br /><br />Pros:<br />* Taste - very good to excellent<br />* Mostly good ingredients (including no trans fat)<br /><br />Cons:<br />* Expensive<br />* Not larger? Only 1.4oz<br />* Contains ""soy crisps""<br /><br />Other:<br />* No gluten, wheat, or dairy<br />* Bar says ""Made in Australia""",positive,i am impressed with the taste of this almond walnut macadamiat bar too bad it s so expensive pros taste very good to excellent mostly good ingredients including no trans fat cons expensive not larger only oz contains soy crisps other no gluten wheat or dairy bar says made in australia,positive
533936,B001EO77FW,AODWFJHMNL0FG,workshopper,0,0,5,1310688000,Good quality,I feel good about the quality and mix it with canned PN food.  She doesn't care for it by itself but then she doesn't like any dry dogfood.,positive,i feel good about the quality and mix it with canned pn food she doesn t care for it by itself but then she doesn t like any dry dogfood,negative
470461,B001D9ZV5G,AWOR961LMDUIF,J. Davis,3,3,5,1342915200,Doggy Likes!,"My 10 lbs chihuahua/doxie mix is a picky eater.  He isn't motivated by food at all, and it's always a trial and error when it comes to trying out a new treat.  His treats of choice are freeze-dried tripe, freeze-dried liver, freeze-dried chicken - you get the idea.  The boy has expensive taste - lol.<br /><br />That said, since he's now nearing the 9 year old mark, I wanted to begin giving him Glucosamine and Chondroitin for his hips and joints.  I started to notice that he has become a little reluctant to jump up on the bed, preferring to be helped up.  I think this is happening due to getting older. My usage of these treats is to help with prevention - better to start early before it's too late, you know?<br /><br />Feeding him pills is a hassle, and I'm already giving him globs of peanut butter a day to hide his <a href=""http://www.amazon.com/gp/product/B0015GS0BY"">Nutri-Vet Healthy Vision Canine Chewables</a> (I highly recommend these pills if you have a dog with vision issues).  Anyway, my quest for a non-pill form of Glucosamine and Chondroitin led me to Zuke's Hip Action.<br /><br />I love that it's wheat, corn and soy free.  My boy has skin allergies and I've been doing my best to keep his diet as clean as possible.  Each treat has 300 mg of Glucosamine and 50 mg of Chondroitin.  The treats also have antioxidants thanks to cherry, blueberry, rosemary, turmeric and seasame seed.  BTW - turmeric is a great Indian spice that also helps humans because of its anti-inflammatory benefits.  It also has egg shell membrane meal, which according to the package helps support joint health.  So, it has good stuff in it.  It's also made in the USA.  After all the issues with Chinese-made dog treats, avoiding treats from China is important to me and the health of my dog.<br /><br />For a small 46 lbs and under dog (like my Ozzy), only one treat is necessary per day.  For a medium dog of 98 lbs and under, 2 treats a day is necessary.  For a giant dog of 138 lbs and under, 3 treats are needed per day.  Each package has about 23 treats in it.  If you have a larger size dog, it definitely can get pricey.<br /><br />I feed Ozzy the peanut butter flavor, because, well, peanut butter is one of his favorite things in the world.  Each treat is square and has a moist look to it.  It has an interesting smell - not one of my favorites, but not completely a turn-off either.  Just...interesting.  But the best part is he LOVES them.  His eyes actually bug out more than the usual chihuahua buggy-eyed look, and he happily grabs it and runs off to enjoy it.  He looks forward to it every day.<br /><br />Ozzy recently had surgery on his ear, and during the time after his surgery, he was pickier than ever with food.  He refused to eat even the raw beef patties that he usually loves.  He barely even took the peanut butter hiding his eye vitamins, probiotics and antibiotics (and this is a dog that loves peanut butter)  But these Zuke treats?  Heck yeah! Never a problem.  Just goes to show how much he loves these treats.",positive,my lbs chihuahua doxie mix is a picky eater he isn t motivated by food at all and it s always a trial and error when it comes to trying out a new treat his treats of choice are freeze dried tripe freeze dried liver freeze dried chicken you get the idea the boy has expensive taste lol that said since he s now nearing the year old mark i wanted to begin giving him glucosamine and chondroitin for his hips and joints i started to notice that he has become a little reluctant to jump up on the bed preferring to be helped up i think this is happening due to getting older my usage of these treats is to help with prevention better to start early before it s too late you know feeding him pills is a hassle and i m already giving him globs of peanut butter a day to hide his nutri vet healthy vision canine chewables i highly recommend these pills if you have a dog with vision issues anyway my quest for a non pill form of glucosamine and chondroitin led me to zuke s hip action i love that it s wheat corn and soy free my boy has skin allergies and i ve been doing my best to keep his diet as clean as possible each treat has mg of glucosamine and mg of chondroitin the treats also have antioxidants thanks to cherry blueberry rosemary turmeric and seasame seed btw turmeric is a great indian spice that also helps humans because of its anti inflammatory benefits it also has egg shell membrane meal which according to the package helps support joint health so it has good stuff in it it s also made in the usa after all the issues with chinese made dog treats avoiding treats from china is important to me and the health of my dog for a small lbs and under dog like my ozzy only one treat is necessary per day for a medium dog of lbs and under treats a day is necessary for a giant dog of lbs and under treats are needed per day each package has about treats in it if you have a larger size dog it definitely can get pricey i feed ozzy the peanut butter flavor because well peanut butter is one of his favorite things in the world each treat is square and has a moist look to it it has an interesting smell not one of my favorites but not completely a turn off either just interesting but the best part is he loves them his eyes actually bug out more than the usual chihuahua buggy eyed look and he happily grabs it and runs off to enjoy it he looks forward to it every day ozzy recently had surgery on his ear and during the time after his surgery he was pickier than ever with food he refused to eat even the raw beef patties that he usually loves he barely even took the peanut butter hiding his eye vitamins probiotics and antibiotics and this is a dog that loves peanut butter but these zuke treats heck yeah never a problem just goes to show how much he loves these treats,negative
72177,B000LKUAK4,A1FF4I6I20FGSH,"Maria L. Blasko ""ms b""",0,0,5,1335830400,I love them:),"I have always liked these but I haven't had them in years.  Today, I was hungry and saw them at the natural market checkout counter.  I got the flavor ""spicy 'chicken'"" and LOVED it.  It is clear that this is a love or hate product.  I buy Primal Strips when in need of a snack I can eat in the car and they are just ok...oily and get stuck in my teeth.  Flavor is just OK.  Stonewall's are drier and puffier and chewier but somehow, don't get stuck in my teeth.<br /><br />I am on a low-carb diet and these are only 7 g of carbs for 13 g of protein.  I am getting a case of the original mild since it is Prime.  Would like to see more flavors available on Prime.<br /><br />Definitely suggest buying a small pack first given the love/hate aspect.",positive,i have always liked these but i haven t had them in years today i was hungry and saw them at the natural market checkout counter i got the flavor spicy chicken and loved it it is clear that this is a love or hate product i buy primal strips when in need of a snack i can eat in the car and they are just ok oily and get stuck in my teeth flavor is just ok stonewall s are drier and puffier and chewier but somehow don t get stuck in my teeth i am on a low carb diet and these are only g of carbs for g of protein i am getting a case of the original mild since it is prime would like to see more flavors available on prime definitely suggest buying a small pack first given the love hate aspect,positive
404957,B0030VJ9K8,A2CW96MG1IB65L,Lola,0,0,2,1307404800,I wish my toddler liked it,"I really wish my toddler liked this. It seems to be very high quality and it would provide more variety in his diet. Every so often he'll eat it, but it usually needs to be mixed with something else.  I think it tastes fine, but it wasn't a hit. I bought a case so I keep trying.",negative,i really wish my toddler liked this it seems to be very high quality and it would provide more variety in his diet every so often he ll eat it but it usually needs to be mixed with something else i think it tastes fine but it wasn t a hit i bought a case so i keep trying,negative
358138,B0032CJPOK,A1OAWTA7B0AFU,pela0601,0,0,5,1300320000,Very Satisfied!,"We have been very satisfied with this product. Initially we started with a different brand of formula and our baby struggled with constipation. However, she has not had problems with this formula. Ideally our baby would only get breastmilk, however she gets a mixture of breastmilk and formula. We feel alot better about giving her organic formula. The only complaint we have is it takes more muscle to mix-- using warm water helps alot! This is the best price we have found too! Thanks Amazon!",positive,we have been very satisfied with this product initially we started with a different brand of formula and our baby struggled with constipation however she has not had problems with this formula ideally our baby would only get breastmilk however she gets a mixture of breastmilk and formula we feel alot better about giving her organic formula the only complaint we have is it takes more muscle to mix using warm water helps alot this is the best price we have found too thanks amazon,positive
37666,B002R81L92,A2G63XK1BCNJP0,DarkStoneCastle,0,0,5,1339891200,Wow!,"Best candy I've had in a long time! Kind of expensive but good for special occasions. I don't know know about the nutrition value of this candy, but it does taste exceptional!",positive,best candy i ve had in a long time kind of expensive but good for special occasions i don t know know about the nutrition value of this candy but it does taste exceptional,positive
259291,B000H7LVKY,A169N2TE19W6UV,Miss Adela,1,1,5,1199923200,Perfect for adding and snacking..,"I love dried fruit..ALL of it.<br />These are the best dried cherries I have ever had.<br />I was making waffle batter when the UPS truck pulled up and I stopped everything in midstream to open these. I immediately chopped up a couple handfulls and into the waffle batter they went plus a half teaspoon of almond extract.<br />Sooo good. I was eating them out of the bag while I was cooking.<br />So moist, so big so juicy, so perfect.<br />Since then I have made chocolate cookies with almonds,white chunks and cherries. I add them to oatmeal, trail mix and muffin batter.<br />They are the best period.",positive,i love dried fruit all of it these are the best dried cherries i have ever had i was making waffle batter when the ups truck pulled up and i stopped everything in midstream to open these i immediately chopped up a couple handfulls and into the waffle batter they went plus a half teaspoon of almond extract sooo good i was eating them out of the bag while i was cooking so moist so big so juicy so perfect since then i have made chocolate cookies with almonds white chunks and cherries i add them to oatmeal trail mix and muffin batter they are the best period,positive
243911,B000EQT4MA,AQQLWCMRNDFGI,Steven A. Peterson,1,1,3,1339286400,"Good taste, but not perfect","Lime and chili? When I saw that on the package, I was most intrigued! It seemed like an odd combination. But I like the taste of lime and I really like the zing of a good chili.<br /><br />Well, the label is half right. The taste of lime is really quite distinct and refreshing. I really enjoy that part of the equation. But from my experience with these chips, the chili taste is overpowered by the lime (or there was not much of the chili flavor to begin with).<br /><br />Still, the lime test is so refreshing!<br /><br />All in all, a good product because of the lime. But, in the end, rather unsatisfactory, because the pairing of lime and chili doesn't quite work.",neutral,lime and chili when i saw that on the package i was most intrigued it seemed like an odd combination but i like the taste of lime and i really like the zing of a good chili well the label is half right the taste of lime is really quite distinct and refreshing i really enjoy that part of the equation but from my experience with these chips the chili taste is overpowered by the lime or there was not much of the chili flavor to begin with still the lime test is so refreshing all in all a good product because of the lime but in the end rather unsatisfactory because the pairing of lime and chili doesn t quite work,positive
263661,B0026KFWU0,A16PUD6V3KAZ0Q,"B. Caruso ""The Happy Aspie""",0,0,5,1289260800,Unexpected combination is FANTASTIC!,"Faerie's Finest Vanilla Sea Salt was a recent birthday gift.  Since I opened it (the version I have came in a refillable grinder) I have been grinding Vanilla Sea Salt on everything.<br /><br />As one is grinding the salt, the smell of vanilla drifts up and is quite soothing and intriguing.  The flavor, once incorporated into food, is very mild.  It is not a ""dessert""-y vanilla flavor, due to the sea salt, but when sampled in a bowl of hearty turkish chicken-lemon-egg-rice soup the vanilla smoothed out the lemon flavor a bit- made it almost silky and buttery rather than tart (I put in a little too much lemon this go around)... I had filet mignon and sprinkled a little of the vanilla sea salt on the filet and I think that vanilla sea salt was made for this purpose... Absolute perfection!<br /><br />Fantastic blend, fantastic packaging.  I'm one happy salt fanatic!",positive,faerie s finest vanilla sea salt was a recent birthday gift since i opened it the version i have came in a refillable grinder i have been grinding vanilla sea salt on everything as one is grinding the salt the smell of vanilla drifts up and is quite soothing and intriguing the flavor once incorporated into food is very mild it is not a dessert y vanilla flavor due to the sea salt but when sampled in a bowl of hearty turkish chicken lemon egg rice soup the vanilla smoothed out the lemon flavor a bit made it almost silky and buttery rather than tart i put in a little too much lemon this go around i had filet mignon and sprinkled a little of the vanilla sea salt on the filet and i think that vanilla sea salt was made for this purpose absolute perfection fantastic blend fantastic packaging i m one happy salt fanatic,positive
218204,B000NMCEEA,A21RAYUI5XLDTO,"W. Malan ""Bookie""",2,2,4,1219795200,good,"These are good, and not chocolately sweet, good texture if you want something other than chocolate.",positive,these are good and not chocolately sweet good texture if you want something other than chocolate,positive
23680,B001E5DYSK,A13D1WTFEMS9VH,Scorpio69,0,5,1,1302912000,Way overpriced; only average taste,"Always on the lookout for a new coffee adventure, I took the plunge with this very expensive grind (almost $2/oz!), based upon all the glowing reviews here. The verdict: Huh? What kind of crummy coffee are the ***** rating reviewers comparing this to that it supposedly tastes so ""out of this world""? After the first cup (brewed using my <a href=""http://www.amazon.com/gp/product/B000G71J6G"">Swissgold KF 300 One-Cup Coffee Filter</a> in my <a href=""http://www.amazon.com/gp/product/B000REZVW6"">Trudeau Board Room Desk Mug, Brown Leatherette</a>, using the recipe I've used for every other cup I've ever brewed, I thought: ""Jeez, this stuff tastes kinda flat and a bit burned!"" I backed off the amount I used in my next cup, which slightly improved the taste, but then it seemed like it was a bit weak, and therefore intolerable. About the only thing going for it is that it is not bitter tasting.<br /><br />The container in which the coffee comes is neat, though -- a plastic-lined, screw-on lid topping a stylish can -- and I'll get some good use out of it for storing other items once I've finished with this stuff. But I'm here to tell ya that this coffee is most definitely not worth the lofty price.<br /><br />One more problem: This stuff is ground to a near-powder consistency. It tends to clog any drip filter as when wet it becomes like a lump of tar.<br /><br />My recommendation for a truly great, flavorful cup o' java: <a href=""http://www.amazon.com/gp/product/B0007G96XO"">100% Colombia Supremo</a>. For nominally one-third the price of this illy stuff (I've even bagged it on sale at my local Safeway for &lt;$4 for a 12 oz. can!), you get a way tasty cup of fine Columbian coffee. The Don Francisco 100% Colombia Supremo coffee is still the best I've ever tasted -- at any price.<br /><br />'nuff said.",negative,always on the lookout for a new coffee adventure i took the plunge with this very expensive grind almost oz based upon all the glowing reviews here the verdict huh what kind of crummy coffee are the rating reviewers comparing this to that it supposedly tastes so out of this world after the first cup brewed using my swissgold kf one cup coffee filter in my trudeau board room desk mug brown leatherette using the recipe i ve used for every other cup i ve ever brewed i thought jeez this stuff tastes kinda flat and a bit burned i backed off the amount i used in my next cup which slightly improved the taste but then it seemed like it was a bit weak and therefore intolerable about the only thing going for it is that it is not bitter tasting the container in which the coffee comes is neat though a plastic lined screw on lid topping a stylish can and i ll get some good use out of it for storing other items once i ve finished with this stuff but i m here to tell ya that this coffee is most definitely not worth the lofty price one more problem this stuff is ground to a near powder consistency it tends to clog any drip filter as when wet it becomes like a lump of tar my recommendation for a truly great flavorful cup o java colombia supremo for nominally one third the price of this illy stuff i ve even bagged it on sale at my local safeway for lt for a oz can you get a way tasty cup of fine columbian coffee the don francisco colombia supremo coffee is still the best i ve ever tasted at any price nuff said,negative
277022,B000CE9I9S,A29RN08WUB8WF2,Mason,0,0,5,1335398400,My fur baby loves them!,I bought these as a recommendation from my holistic vet. I purchased them thru her not Amazon but I'm glad to find out they sell it. My 9 week old puppy loves these! It takes him two to three days to finish a half of one. I cut them in half. I want all natural treats for my baby and these are a great choice. Plus they are made in the USA. My baby did have some gas at first but it went away by the second day. They are a little pricey but I don't mind because they are all natural with no preservatives.,positive,i bought these as a recommendation from my holistic vet i purchased them thru her not amazon but i m glad to find out they sell it my week old puppy loves these it takes him two to three days to finish a half of one i cut them in half i want all natural treats for my baby and these are a great choice plus they are made in the usa my baby did have some gas at first but it went away by the second day they are a little pricey but i don t mind because they are all natural with no preservatives,negative
499357,B001EQ5HRA,A1Q0DDX8UVAAEA,"Debra L. Piggott ""Debbie Piggott""",8,9,5,1201651200,Good alternative,"I was also looking for an alternative to the creamers with either fat or sugar in them.  This works for me!  For a tsp, you get 7 calories, no fat, 1 carb, 1 gram sugar (from the milk, not from added sugar), 4 mg sodium, and 1 gram protein.  I'm putting 1 tbsp in my coffee, so I'm getting 21 calories and 3 grams of protein per cup of coffee.",positive,i was also looking for an alternative to the creamers with either fat or sugar in them this works for me for a tsp you get calories no fat carb gram sugar from the milk not from added sugar mg sodium and gram protein i m putting tbsp in my coffee so i m getting calories and grams of protein per cup of coffee,negative
428156,B0027YYXM8,A3POAWC2JPQQQP,me,0,0,2,1330387200,weird combination of flavors,"I guess this is a personal opinion, but I don't particulary like the taste of this. It's one of those ""healthy treats trying to taste good"" type of deal... and this is coming from a health freak. There's better things to try to satisfy a sweet-tooth, like raw organic cashew nut butter mixed with a little raw organic honey!",negative,i guess this is a personal opinion but i don t particulary like the taste of this it s one of those healthy treats trying to taste good type of deal and this is coming from a health freak there s better things to try to satisfy a sweet tooth like raw organic cashew nut butter mixed with a little raw organic honey,negative
409208,B004076V34,A302GJM3CGZLM0,Cheryl Matejek,3,4,5,1291680000,Great Cereal,I have this for breakfast everyday with raspberries on top. It is delicious. I always look forward to eating it.,positive,i have this for breakfast everyday with raspberries on top it is delicious i always look forward to eating it,positive
226752,B006BXV1H6,A2KPGA0HFSSF8W,Beverly L. Archer,1,3,2,1330041600,An Ok cereal,"I had high hopes for this cereal, since I am somewhat of a chocoholic.  Unfortunately, it did not live up to my expectations.  The flavor in the first bite is rather good, but the flavor doesn't last.  The texture is also a problem. Even in the first bite the cereal was turning mushy and it had only been in the milk for about 15 seconds.  The calorie content is higher than other better tasting cereals.  I asked my 14 year old son to try it. He is the reason I buy several boxes of cereal each month. He liked he flavor, but admitted that it was too mushy in milk.  If you are looking for a good chocolate cereal that isn't full of sugar there are better ones to chose.",negative,i had high hopes for this cereal since i am somewhat of a chocoholic unfortunately it did not live up to my expectations the flavor in the first bite is rather good but the flavor doesn t last the texture is also a problem even in the first bite the cereal was turning mushy and it had only been in the milk for about seconds the calorie content is higher than other better tasting cereals i asked my year old son to try it he is the reason i buy several boxes of cereal each month he liked he flavor but admitted that it was too mushy in milk if you are looking for a good chocolate cereal that isn t full of sugar there are better ones to chose,negative
169127,B0001ES9FI,AOZMGIAVQW353,"Gail Cato ""Gail""",0,0,4,1214092800,"Darker, stronger, please!","I love the convenience of Senseo pods--pop 'em in, fill the water tank, and press the start button. The dark roast is my favorite, but I wish Senseo would come out with a French roast and other darker, richer varieties. I know there's a Senseo espresso now, but it requries purchasing an espresso pod holder, so I haven't tried it yet. Perhaps it would work in my regular two-pod holder if I used one espresso pod and one dark roast pod...haven't tried it yet. That works with other pod brands that I sometimes use with the Senseo pods--one of each in the two-pod holder. I tried Senseo Sumatra, but didn't go back; less satisfying than the dark roast. We go through six to eight Senseo pods daily at my house, so I take advantage of the handy automatic order process through Amazon. I love serving Senseo dark roast coffee to guests. They're always impressed by the foamy head and fresh-made taste and aroma. It's good coffee, but I sure would like more darker, stronger varieties.",positive,i love the convenience of senseo pods pop em in fill the water tank and press the start button the dark roast is my favorite but i wish senseo would come out with a french roast and other darker richer varieties i know there s a senseo espresso now but it requries purchasing an espresso pod holder so i haven t tried it yet perhaps it would work in my regular two pod holder if i used one espresso pod and one dark roast pod haven t tried it yet that works with other pod brands that i sometimes use with the senseo pods one of each in the two pod holder i tried senseo sumatra but didn t go back less satisfying than the dark roast we go through six to eight senseo pods daily at my house so i take advantage of the handy automatic order process through amazon i love serving senseo dark roast coffee to guests they re always impressed by the foamy head and fresh made taste and aroma it s good coffee but i sure would like more darker stronger varieties,negative
156216,B004RSBJ24,A1B6O7SAIYG2N0,"Jacx ""J.C.""",0,0,5,1349827200,amazing,"I used these for the first time this summer hiking the Grand Canyon and other places out west, we took down bottled sport drink and these tablets to save weight. At home I tried them and thought they taste like watered down grape jello, but not bad. On the trip I was amazed, sports drinks got hot and tasted gross and sticky, made you feel bloated yet still thirsty. These little tabs cover the taste of water, didn't make your mouth feel gross and you could feel the pick up it gave you. Completely satisfied with the product and willing to try other flavors. It was easy to use, pop them in your bottle and they fizz away, a quick shake and your ready to go. Don't pop them in your mouth, as a buddy of mine did thinking thats how you used them, he gagged his way through for quite a while, I still laugh at the memory.",positive,i used these for the first time this summer hiking the grand canyon and other places out west we took down bottled sport drink and these tablets to save weight at home i tried them and thought they taste like watered down grape jello but not bad on the trip i was amazed sports drinks got hot and tasted gross and sticky made you feel bloated yet still thirsty these little tabs cover the taste of water didn t make your mouth feel gross and you could feel the pick up it gave you completely satisfied with the product and willing to try other flavors it was easy to use pop them in your bottle and they fizz away a quick shake and your ready to go don t pop them in your mouth as a buddy of mine did thinking thats how you used them he gagged his way through for quite a while i still laugh at the memory,positive
230242,B00004RYGX,A3TNR97O3KP4Q7,tofuloaf,0,0,5,1176249600,BeetleJuice,This is one of the best dark comedies ever!  If you haven't seen this yet...you need to.  Watch it with friends and family.  You will be hooked!!,positive,this is one of the best dark comedies ever if you haven t seen this yet you need to watch it with friends and family you will be hooked,positive
309984,B001SIRU42,A3HMVD7J3HCSG6,Northern Nevada,2,3,2,1335398400,WAY TOO EXPENSIVE!!  AND BEEF JERKY IS VERY OLD.,"We buy a lot of Beef Jerky and usually Jack Links.  But, I have to say that Amazon charges a LOT more than grocery stores.  You can get this same bag at the store for $8.00 and it is very fresh there, not anymore on Amazon.  Disappointed.  Wont be buying any more here.",negative,we buy a lot of beef jerky and usually jack links but i have to say that amazon charges a lot more than grocery stores you can get this same bag at the store for and it is very fresh there not anymore on amazon disappointed wont be buying any more here,negative
393285,B001DKA7HM,AMZ6UZOTK1HBS,Tricia,0,0,4,1324598400,Great gift idea!,"I bought this for my boss.  I liked it particularly because there was some unusual stuff included, which makes it a little bit of a better gift in my opinion.  It's a great gift for someone you aren't close to or aren't sure what to buy for.",positive,i bought this for my boss i liked it particularly because there was some unusual stuff included which makes it a little bit of a better gift in my opinion it s a great gift for someone you aren t close to or aren t sure what to buy for,positive
514101,B001BETMEO,AN5T6MAD6FC5I,Legal&Sane,0,0,5,1331769600,Kitties love it and a lot less expensive than the vet's,"One of the kitties has a very sensitive tummy, and I had been spending quite a bit of money, not to mention the inconvenience of running to the vet's every couple of weeks to buy their ""special"" brand.  One day I noticed that Purina made the vet's brand, and started to wonder if they made a version sold in the grocer.  Sure enough, Sensitive Systems from the Purina One line was in the store.  I slowly transitioned the kitties to it without any ill effects.  Purchasing this on the regularly scheduled delivery not only lowered my costs, it is so convenient to come home and find it waiting on my doorstep!  I am really pleased with the Purina One brand.  The cats are healthy, and can't wait for me to get up in the morning to bring it to them.",positive,one of the kitties has a very sensitive tummy and i had been spending quite a bit of money not to mention the inconvenience of running to the vet s every couple of weeks to buy their special brand one day i noticed that purina made the vet s brand and started to wonder if they made a version sold in the grocer sure enough sensitive systems from the purina one line was in the store i slowly transitioned the kitties to it without any ill effects purchasing this on the regularly scheduled delivery not only lowered my costs it is so convenient to come home and find it waiting on my doorstep i am really pleased with the purina one brand the cats are healthy and can t wait for me to get up in the morning to bring it to them,negative
359266,B006Y7WDZS,A33H0NBU7NYEK1,S. Crusius,0,0,5,1350864000,Cameron's Gold Cup,"Very good brew.  Strong flavor without any bitterness.  I bought the 32-ounce bag after trying it.  I will buy it again.  I also like the the ""Woods and Water"" flavor",positive,very good brew strong flavor without any bitterness i bought the ounce bag after trying it i will buy it again i also like the the woods and water flavor,positive
444184,B001EO651Y,A3J3GW7CGXAL01,"RCC ""Brian""",4,4,5,1238716800,Mexican Hot Chocolate,I first tried this product after visiting the Chocolate exhibit in Chicago six years ago and it reminded me of a tasty coffee I had in Canc&uacute;n in the late 1990s.  It makes a great cup of hot chocolate and I occasionally enjoy mixing some with coffee to make a mocha.,positive,i first tried this product after visiting the chocolate exhibit in chicago six years ago and it reminded me of a tasty coffee i had in canc uacute n in the late s it makes a great cup of hot chocolate and i occasionally enjoy mixing some with coffee to make a mocha,positive
316722,B004FEN3GK,AU1SKSAF00JJH,"J. Villeneuve ""jayvil""",0,0,5,1305072000,The quality and taste you've come to expect in a more convenient package.,"What can I say.  Honey Maid graham crackers are good.  Always have been.  This packaging seems to make way more sense than the traditional rectangles in a larger package that go stale when you don't eat them all right away.  It's probably psychological, but the crackers seem thicker than I remember them being, but I think it's because they are so fresh the crispiness makes it seem like more cracker!  Whatever the reason, the package size is easier to tote and keeps the crackers fresh.  5 stars all the way.",positive,what can i say honey maid graham crackers are good always have been this packaging seems to make way more sense than the traditional rectangles in a larger package that go stale when you don t eat them all right away it s probably psychological but the crackers seem thicker than i remember them being but i think it s because they are so fresh the crispiness makes it seem like more cracker whatever the reason the package size is easier to tote and keeps the crackers fresh stars all the way,positive
24166,B0013NUGDE,A35M1GUWO7O4D8,Molly Flanigold,1,3,1,1324857600,Jalapeno? More like gym socks and garbage.,"Holy barf bag, the jalapeno Popchips are FOUL. I love the original Popchips and I really love Jalapeno, but for some reason the Popchips people just couldn't get the flavor right. I tried one, gagged, and handed the bag off to my dad to try. He was munching cautiously when I mentioned I thought they tasted a bit like garbage. He paused, considered, and said, ""That's it. That's the taste. There's something gym-socky about it."" Save your money!",negative,holy barf bag the jalapeno popchips are foul i love the original popchips and i really love jalapeno but for some reason the popchips people just couldn t get the flavor right i tried one gagged and handed the bag off to my dad to try he was munching cautiously when i mentioned i thought they tasted a bit like garbage he paused considered and said that s it that s the taste there s something gym socky about it save your money,negative
379535,B007RLRCLK,A1921EUFI0U519,Aminah J,1,1,5,1322524800,Best tasting/effective,"After reading reviews from baby sites, I was ready to get my red raspberry leaf tea on and strengthen my uterus and I was so excited that I got the first one I saw, which was the Alvita brand. I love the flavor, just LOVE the flavor, but I read more reviews and a lot of women gave the Traditional Medicinals better reviews so I after I ran out of the Alvita I purchased the TM. I have to say, the Alvita has a stronger tea taste and I actually got contractions when I drank it. I'm only 37.7 weeks along, but I have to say that I think this tea will help move my labor along quite well. I'll update this review later with how it went.<br /><br />UPDATE 3/28/2012:<br />I totally forgot to add my update! Well, as I'd previously believed, this tea helped me tremendously through my labor. I had my beautiful baby boy on December 12th. I had a 17 hour labor because my bag of waters prematurely ruptured and I wasn't dilating the way I was supposed to. I had to be put on pitocin (without meds for the first 14 hours) then I got the meds and then got the epidural about 45 minutes before I actually gave birth. Let me tell you, I only pushed for about 20 minutes and I was done. I attribute that 100% to the tea. I had friends who didn't drink the tea and were in labor for very short periods but pushed way longer. Also, my uterus went down very quickly and I stopped bleeding quickly as well, I forgot how soon but the doctors and nurses were amazed. I'd definitely drink it again next time around.",positive,after reading reviews from baby sites i was ready to get my red raspberry leaf tea on and strengthen my uterus and i was so excited that i got the first one i saw which was the alvita brand i love the flavor just love the flavor but i read more reviews and a lot of women gave the traditional medicinals better reviews so i after i ran out of the alvita i purchased the tm i have to say the alvita has a stronger tea taste and i actually got contractions when i drank it i m only weeks along but i have to say that i think this tea will help move my labor along quite well i ll update this review later with how it went update i totally forgot to add my update well as i d previously believed this tea helped me tremendously through my labor i had my beautiful baby boy on december th i had a hour labor because my bag of waters prematurely ruptured and i wasn t dilating the way i was supposed to i had to be put on pitocin without meds for the first hours then i got the meds and then got the epidural about minutes before i actually gave birth let me tell you i only pushed for about minutes and i was done i attribute that to the tea i had friends who didn t drink the tea and were in labor for very short periods but pushed way longer also my uterus went down very quickly and i stopped bleeding quickly as well i forgot how soon but the doctors and nurses were amazed i d definitely drink it again next time around,negative
293180,B003YVMUFK,A6LED509IALBT,Jennifer Milligan,0,0,5,1347062400,My old almost toothless dog loves it!,"My 12 year old Toy Fox Terrier who is missing all but 6 teeth also has a sensitive stomach. The wrong food will make him vomit or go on a grass eating fast. The ingredients in this food are quality, and the limited ingredients are easier for him to digest. I have also been told that grain free is easier on aging kidneys and liver; both of which have been a problem for my old dog. This is his favorite flavor, but the Venison is also yummy (to him, I've never tried it)",positive,my year old toy fox terrier who is missing all but teeth also has a sensitive stomach the wrong food will make him vomit or go on a grass eating fast the ingredients in this food are quality and the limited ingredients are easier for him to digest i have also been told that grain free is easier on aging kidneys and liver both of which have been a problem for my old dog this is his favorite flavor but the venison is also yummy to him i ve never tried it,negative
477657,B004VITHY2,A1DL3S5R0CH801,Hayden,0,0,3,1319328000,Slightly Suspicious,"RevHoney was sponsoring a Homecoming 5k race at my college, and they were giving out all of their products. Looking at the ingredients list, they don't actually list Raw Honey, or Honey, they call it ""Rev Honey"". In all descriptions of their drink, they say that Rev Honey includes raw honey, not that Rev Honey is raw honey. I feel like it's a little suspicious, but I don't doubt that there is raw honey.<br /><br />Overall, the taste is mediocre on this product, and after our 5k, it's making my stomach hurt. Some may love the taste, but it's not my cup of tea.",neutral,revhoney was sponsoring a homecoming k race at my college and they were giving out all of their products looking at the ingredients list they don t actually list raw honey or honey they call it rev honey in all descriptions of their drink they say that rev honey includes raw honey not that rev honey is raw honey i feel like it s a little suspicious but i don t doubt that there is raw honey overall the taste is mediocre on this product and after our k it s making my stomach hurt some may love the taste but it s not my cup of tea,negative
41342,B001ELL36Y,A2MJXX9HV1S13A,K. Haynes,5,6,5,1255219200,"Great Product, but keep in mind!!","I love Colman's mustard!!  I got a great product for a great price.  However, I received six cans of mustard in August 2009, and all had an expiration date of January 2010!  I also didn't realize grocery items were nonrefundable.  Bottom line: keep expiration dates in mind (not provided to potential buyers), and buy only what you can use in a reasonable amount of time.",positive,i love colman s mustard i got a great product for a great price however i received six cans of mustard in august and all had an expiration date of january i also didn t realize grocery items were nonrefundable bottom line keep expiration dates in mind not provided to potential buyers and buy only what you can use in a reasonable amount of time,negative
102247,B003SO7FWG,A2OEUROGZDTXUJ,J. Graves,3,3,2,1301702400,Bland,"I bought this after a fellow tea snob suggested it.  I wish I hadn't!  This is the first product made by Republic of Tea I have not loved.  The flavor is far weaker than their other teas.  I recommend getting your chocolate fix elsewhere.  If you are simply looking for the buzz that mate can bring, there are cheaper options out there.",negative,i bought this after a fellow tea snob suggested it i wish i hadn t this is the first product made by republic of tea i have not loved the flavor is far weaker than their other teas i recommend getting your chocolate fix elsewhere if you are simply looking for the buzz that mate can bring there are cheaper options out there,negative
80455,B001BOTB72,AQ5758HC7NP4Y,S. Deshkulkarni,3,3,5,1286150400,Best price I've found,"This is the only wet food that my kitties like (and boy do they like it!). Wellness is expensive in comparison to grocery store brands, but the quality is superior and I believe the price is worth it. Amazon has the best prices I've found.",positive,this is the only wet food that my kitties like and boy do they like it wellness is expensive in comparison to grocery store brands but the quality is superior and i believe the price is worth it amazon has the best prices i ve found,positive
413315,B000AYDH88,A27MOT4ZIUAKIW,The Jaundiced Eye,6,7,1,1320969600,No Health Benefits and Grossly Overpriced....Read the Nutrition Facts,"My wife just brought home a $3 package containing 5.5 oz of Murray Sugar Free Pecan Shortbread cookies, thinking the high price was justified on a health basis. It isn't. Read the Nutrition Facts (per 3 cookies): 160 Calories, 11 Grams of Fat, 3 Grams of Saturated Fat, 18 Grams of Carbohydrate....the same, or worse, than most cookies containing sugar. These cookies may be ""sugar free"", but the implied health benefit is completely imaginary. Furthermore, at over 50 cents per ounce they are the most expensive packaged grocery cookies you can buy, which is completely unjustified by ingredient cost, and flavor, which is adequate but not exceptional.<br /><br />It's an unfortunate fact that some companies prey upon consumers who seek or need ""special"" products by forcing them to pay huge premiums for the product. Using Murray's formula, a can of Diet Coke should cost at least $3....but it doesn't, simply because production costs do not justify the premium and the market will not tolerate such an unconscionable mark-up. Neither should you. Don't let your health or dietary concerns override your common sense and lead you to pay preposterously inflated prices for ""special"" products that, upon close inspection, provide no legitimate benefit.",negative,my wife just brought home a package containing oz of murray sugar free pecan shortbread cookies thinking the high price was justified on a health basis it isn t read the nutrition facts per cookies calories grams of fat grams of saturated fat grams of carbohydrate the same or worse than most cookies containing sugar these cookies may be sugar free but the implied health benefit is completely imaginary furthermore at over cents per ounce they are the most expensive packaged grocery cookies you can buy which is completely unjustified by ingredient cost and flavor which is adequate but not exceptional it s an unfortunate fact that some companies prey upon consumers who seek or need special products by forcing them to pay huge premiums for the product using murray s formula a can of diet coke should cost at least but it doesn t simply because production costs do not justify the premium and the market will not tolerate such an unconscionable mark up neither should you don t let your health or dietary concerns override your common sense and lead you to pay preposterously inflated prices for special products that upon close inspection provide no legitimate benefit,negative
552020,B0002NYO1Q,AU040NPFY9RCM,rinna,0,0,5,1345334400,Cooking spice,"Wonderful aroma, fresh, grinds well.  I have made 4 recipes with this product and it has definitely enhanced the flavor. Very fair price for the 1/2 lb purchase of lavender spice.",positive,wonderful aroma fresh grinds well i have made recipes with this product and it has definitely enhanced the flavor very fair price for the lb purchase of lavender spice,positive
470060,B0001M0ZSY,A1YUL9PCJR3JTY,"O. Brown ""Ms. O. Khannah-Brown""",0,0,3,1186704000,Swimming in Bergamot Perfume,"***<br />This Decaffeinated Earl Grey Tea from Stash is plain, and definitely not subtle because of a strong bergamot component---way too strong! If you really, really love bergamot you may like it, but I much prefer a more subtle and more complex tea. It tastes like perfumed black tea; I could hardly drink it. I am an Earl Grey fan, but just couldn't stomach this tea.<br /><br />On the plus side, it is naturally decaffeinated, which I appreciate. Also, it seems like the quality of the black tea is very good, though, because even with a longer brewing time, the tea did not become bitter...so, if you can stand being hit over the head with the bergamot flavor, you might enjoy it.<br /><br />Only recommended for those who want a strongly perfumed bergamot Decaf Earl Grey.<br />***",neutral,this decaffeinated earl grey tea from stash is plain and definitely not subtle because of a strong bergamot component way too strong if you really really love bergamot you may like it but i much prefer a more subtle and more complex tea it tastes like perfumed black tea i could hardly drink it i am an earl grey fan but just couldn t stomach this tea on the plus side it is naturally decaffeinated which i appreciate also it seems like the quality of the black tea is very good though because even with a longer brewing time the tea did not become bitter so if you can stand being hit over the head with the bergamot flavor you might enjoy it only recommended for those who want a strongly perfumed bergamot decaf earl grey,positive
497552,B000HDK0D2,AZVB8WQO0FKZX,Paul,0,0,5,1281571200,God's lollypop...,"These are truly God's lollipops - the most amazing things I've ever tasted.  I'm trying to quit smoking, so they satisfy that hand to mouth behavioral habit at home, in the car, and at work.  And I smell like fruit instead of smoke!  Fabulous!  I think I've traded one addiction for another, but far less guilt associated with this one than the other. Healthy on top of it - amazing!  And I'd rather pass this habit on to my kids than the smoking any day.  So my headstone will read ""He died of lollipops instead of lung cancer.""  Not a bad trade...",positive,these are truly god s lollipops the most amazing things i ve ever tasted i m trying to quit smoking so they satisfy that hand to mouth behavioral habit at home in the car and at work and i smell like fruit instead of smoke fabulous i think i ve traded one addiction for another but far less guilt associated with this one than the other healthy on top of it amazing and i d rather pass this habit on to my kids than the smoking any day so my headstone will read he died of lollipops instead of lung cancer not a bad trade,positive
193189,B0000DJDJZ,A2S4AD47S3D757,Susan Q. Graceson,4,4,5,1260748800,Best sugar-free syrup!,"I have tasted all of the sugar-free maple syrups on the market -- none of them even comes close to Joseph's.  Once you try it you will never be satisfied with the others.  My husband and I first had it at the Original Pancake House in Falls Church, VA.  (We both follow a diabetic food plan.)  When we first tasted it, we grabbed the bottle to make sure that it was really sugar-free (it is!).  The consistency is rich and thick and the maple flavor tastes just like real maple syrup.  I don't know how they do it, but Josephs had made an amazing sugar-free syrup.  We buy it at the Original Pancake House or Whole Foods.",positive,i have tasted all of the sugar free maple syrups on the market none of them even comes close to joseph s once you try it you will never be satisfied with the others my husband and i first had it at the original pancake house in falls church va we both follow a diabetic food plan when we first tasted it we grabbed the bottle to make sure that it was really sugar free it is the consistency is rich and thick and the maple flavor tastes just like real maple syrup i don t know how they do it but josephs had made an amazing sugar free syrup we buy it at the original pancake house or whole foods,negative
204761,B000IXUKAY,A3H85PMMGNGR8B,Frank L. Castille Jr.,0,0,4,1315267200,Candy melts,"I ordered from Amazon.com because of price, shipping, convenience, and availibility of bulk packaging.  Availability of Heath Candy Bars in Corpus Christi, Texas grocery stores is limited.  Candy melts.  To be safe, do not order from April through October because of shipping and delivery temperatures.",positive,i ordered from amazon com because of price shipping convenience and availibility of bulk packaging availability of heath candy bars in corpus christi texas grocery stores is limited candy melts to be safe do not order from april through october because of shipping and delivery temperatures,negative
256673,B0021491QM,A2KEKOQIM35XJA,"A.M. ""shoe shopper""",2,2,5,1276646400,The Best Tuna EVER!!!!,This is by far the best Tuna I have ever tasted. Had it in L.A. in a restaurant. You will never buy supermarket tuna again.,positive,this is by far the best tuna i have ever tasted had it in l a in a restaurant you will never buy supermarket tuna again,positive
309302,B001IA3RV0,A794GE4PNVPOD,Gula,0,0,5,1325030400,Awesome stuff,Ahhhhh It tastes so good. I'll definately have to order some more once I run out it's so good. Buffalo Bills knows how to make jerky for sure,positive,ahhhhh it tastes so good i ll definately have to order some more once i run out it s so good buffalo bills knows how to make jerky for sure,neutral
458039,B000F4K3X0,A2MIPN0W8K0KYX,emily,3,4,1,1205280000,Disgusting,"This is definitely the worst, most horrific imitation of pho I've ever had. If you have eaten and enjoyed a delicious bowl of pho in a restaurant, beware. This tastes nothing like what you're used to, or looking forward to. It stinks, and tastes overly salty and rancid, though I know it wasn't, because I bought another jar of it from a shop and it was just the same. If what you're looking for is a way to make pho at home, my suggestion is to either take the time to make the broth from scratch, or abandon the idea and go to a restaurant. This is absolutely not worth your time or money.",negative,this is definitely the worst most horrific imitation of pho i ve ever had if you have eaten and enjoyed a delicious bowl of pho in a restaurant beware this tastes nothing like what you re used to or looking forward to it stinks and tastes overly salty and rancid though i know it wasn t because i bought another jar of it from a shop and it was just the same if what you re looking for is a way to make pho at home my suggestion is to either take the time to make the broth from scratch or abandon the idea and go to a restaurant this is absolutely not worth your time or money,negative
25708,B0015R9BQG,A2T0LGPLQY2GW,J. Burk,3,3,4,1181779200,Great Tasting Vegan Jerky!,"I was looking for an alternative meat source for a backpacking trip my husband and I are taking soon and discovered this great tasting vegan meat jerky. It tastes great, but is a bit to salty for my tastebuds",positive,i was looking for an alternative meat source for a backpacking trip my husband and i are taking soon and discovered this great tasting vegan meat jerky it tastes great but is a bit to salty for my tastebuds,negative
146199,B003AP2GKY,A14AVORI0UL7A6,missie123,0,0,4,1339200000,stargazer,"This is a very good tasting coffee for being half-caf. I like this because I have to watch caffine because of my stomach. I will be ordering more, the taste is very good.",positive,this is a very good tasting coffee for being half caf i like this because i have to watch caffine because of my stomach i will be ordering more the taste is very good,positive
291383,B0000GHXSQ,AINWDSHLD3WSM,dpapa550,0,0,4,1324080000,"Great product, quick shipping","I received this product from a friend of mine who is from AZ and immediately fell in love with it.  It's slightly thicker than Tabasco and Trappey's, but not as sour, and with a little bit more heat.  It goes well with almost EVERYTHING.  So, I knew what to expect.<br /><br />I bought two large bottles.  The seller shipped the package quickly, except that the cap on one of the bottles was loose, so the hot sauce leaked a little bit; otherwise, I would have given them 5 stars.  But that won't stop me from buying from them again next time I run out.<br /><br />Highly recommend to those who want a little bit of heat, without having too much of a vinegar base.",positive,i received this product from a friend of mine who is from az and immediately fell in love with it it s slightly thicker than tabasco and trappey s but not as sour and with a little bit more heat it goes well with almost everything so i knew what to expect i bought two large bottles the seller shipped the package quickly except that the cap on one of the bottles was loose so the hot sauce leaked a little bit otherwise i would have given them stars but that won t stop me from buying from them again next time i run out highly recommend to those who want a little bit of heat without having too much of a vinegar base,positive
92792,B0040Y4DJ6,AUGLGJABU692I,J. Barcelo,0,0,5,1331510400,this stuff is great!,I don't know if it is healthy - but it makes a great Ma Po (or Ma Bo) Tofu.  We use fresh green scallions and cubed firm tofu.  Serve over a bed of rice.  Nothing more needed.,positive,i don t know if it is healthy but it makes a great ma po or ma bo tofu we use fresh green scallions and cubed firm tofu serve over a bed of rice nothing more needed,negative
423567,B005VOONGM,AYYQ50PMMWLQA,Diane Mcgough,0,0,5,1332979200,Bye Bye Starbucks,"This coffee is delicious, strong and has just tiny bit of a burnt taste to it that my husband and I found really adds to the flavor. In fact we like it so much that this will probably wind up being our number one go to coffee. So, bye bye Starbucks.",positive,this coffee is delicious strong and has just tiny bit of a burnt taste to it that my husband and i found really adds to the flavor in fact we like it so much that this will probably wind up being our number one go to coffee so bye bye starbucks,positive
314882,B001EO7EQY,A2MBW4IRJ39SC1,"Caroljane ""Kidney cancer survivor""",7,7,4,1239494400,Great Taste!,These nuts have a great taste!  I shared with friends and we all liked them a lot. Will buy this brand again.,positive,these nuts have a great taste i shared with friends and we all liked them a lot will buy this brand again,positive
188903,B001E0TBA0,A1FAFJV6LXBUAU,"K. Kellum ""Lifesong""",0,0,5,1283040000,Natural Calm,I received quickly and in new condition the product does what the title says and has helped me greatly.,positive,i received quickly and in new condition the product does what the title says and has helped me greatly,positive
278948,B000EXWL8W,ABSQZ0SI1XNJB,Karen L. Barton,0,0,5,1255737600,The best apricot preserves I've ever had!,"I've had this product before purchased at a local store but they were no longer available.  All attempts to find a substitute failed.  I was delighted to find them on Amazon.  I hoard the jars like precious jewels.  The ""whole halves"" of preserved apricots are terrific.",positive,i ve had this product before purchased at a local store but they were no longer available all attempts to find a substitute failed i was delighted to find them on amazon i hoard the jars like precious jewels the whole halves of preserved apricots are terrific,positive
415096,B000HQPIN6,A3AXEF19FI7D7I,Chef Bobbo,0,0,5,1326499200,Escargots to the Max!!!,"I fell in love with escargots many, many years ago, and have developed several recipes for them beyond the typical butter/garlic variety...and have been using the Roland brand for almost the same time frame.  It has, however, been very difficult to find them in local stores because we can only eat so many.  I was luck enough to find large cans (6 dozen) at the local Smart and Final store, but again, you can only eat so many at a time.  Luckily, I thought I would check on-line and found the 12 x 24 pack which is just what I need.<br />Thanks for carrying them.<br />BTW...I've attached my recipe for all you escargot lovers.  It's wonderful on toasted baguettes!!<br /><br />Escargots in Cream Cheese<br />Chef Bob<br /><br />1 can  Escargots (24 count)<br />1/4#  Whole Butter - unsalted<br />2 tbsp.  Minced parsley<br />1 tbsp.  Minced garlic<br />1 tsp.  Oregano<br />1/2 tsp.  Thyme<br />1/8 tsp.  Marjoram<br />4 oz.  Cream cheese or Goat cheese<br />t/t  Salt<br />t/t  pepper<br /><br />Combine all ingredients and heat just to melt together, (hot, but not simmering).  Saute for 5-8 minutes, stirring constantly...do not overheat or the butter will break.<br />Serve with toasted baguettes as a delicious appetizer.",positive,i fell in love with escargots many many years ago and have developed several recipes for them beyond the typical butter garlic variety and have been using the roland brand for almost the same time frame it has however been very difficult to find them in local stores because we can only eat so many i was luck enough to find large cans dozen at the local smart and final store but again you can only eat so many at a time luckily i thought i would check on line and found the x pack which is just what i need thanks for carrying them btw i ve attached my recipe for all you escargot lovers it s wonderful on toasted baguettes escargots in cream cheese chef bob can escargots count whole butter unsalted tbsp minced parsley tbsp minced garlic tsp oregano tsp thyme tsp marjoram oz cream cheese or goat cheese t t salt t t pepper combine all ingredients and heat just to melt together hot but not simmering saute for minutes stirring constantly do not overheat or the butter will break serve with toasted baguettes as a delicious appetizer,negative
420073,B000FPM22O,A3NXCL9NJTL3TF,Target Shopaholic,4,4,5,1286496000,Like cheetos for babies,"My baby is almost 8 months old and she's showing an interest for finger foods. She hasn't learned the pincher grasp with her fingers yet so she can't feed herself cheerios but she sure loves to hold sticks of food in her hands. I try everything my baby eats and when I first tasted these, they reminded me of Cheetos. The cheddar flavor is very evident. Some pieces are small -- some even too short for her to hold -- looks like sizes vary slightly. She hasn't had any choking issues with these since they melt in your mouth fairly quickly. Sodium value is also fairly decent. I have noticed though that if opened (with lid on) for more than 1 week, it starts to become less crunchy and more on the chewy side.<br /><br />Nutrition Facts from label:<br />Calories 35, Serving Size 18 pieces, Servings per container 6, Sodium 50mg<br />% Daily Value for infants 0-1:<br />Protein 0%, Vitamin A 0%, Vitamin C 0%, Calcium 6%, Iron 10%, Vitamin E 20%, Zinc 15%",positive,my baby is almost months old and she s showing an interest for finger foods she hasn t learned the pincher grasp with her fingers yet so she can t feed herself cheerios but she sure loves to hold sticks of food in her hands i try everything my baby eats and when i first tasted these they reminded me of cheetos the cheddar flavor is very evident some pieces are small some even too short for her to hold looks like sizes vary slightly she hasn t had any choking issues with these since they melt in your mouth fairly quickly sodium value is also fairly decent i have noticed though that if opened with lid on for more than week it starts to become less crunchy and more on the chewy side nutrition facts from label calories serving size pieces servings per container sodium mg daily value for infants protein vitamin a vitamin c calcium iron vitamin e zinc,positive
398572,B0025UC2DQ,A224ZS8XF88KIP,"Mama2J&O ""Mama""",1,3,4,1300060800,Great taste w/o the cancer!,"I just started using Truvia in conjunction with my HCG Diet, and surprisingly it tastes great! Truvia sweetens up my coffee and tea just right, without the weird aftertaste that other stevia type sweeteners tend to have. The only downside to Truvia is that it has 3 carbs per packet, and no fiber to justify the carbs. Such a tiny packet, with no calories, but so many carbs when you're on a low-carb, restricted diet. If it didn't have any carbs (or even just one carb), I would've given it five stars, but until then... Still, it tastes great, has no calories, and doesn't cause cancer, which makes it pretty darn near perfect!",positive,i just started using truvia in conjunction with my hcg diet and surprisingly it tastes great truvia sweetens up my coffee and tea just right without the weird aftertaste that other stevia type sweeteners tend to have the only downside to truvia is that it has carbs per packet and no fiber to justify the carbs such a tiny packet with no calories but so many carbs when you re on a low carb restricted diet if it didn t have any carbs or even just one carb i would ve given it five stars but until then still it tastes great has no calories and doesn t cause cancer which makes it pretty darn near perfect,positive
333282,B003OP72HC,A15ZF2IVVJTS0O,J. Wheat,0,0,5,1348358400,"Outstanding Coffee - Robust, yet smooth.","It's in some ways similar to Columbian, but more chocolaty and smooth.  Robust but easy to drink.  Very good quality.",positive,it s in some ways similar to columbian but more chocolaty and smooth robust but easy to drink very good quality,positive
446405,B000NX0MF2,A20JKTPIQSSWCM,Paul,3,3,5,1232928000,"Homemade, in India that is!","In the summer of 2000, I stayed with various families in India and most all served me excellent dishes with various spices to make me smile. Well, since my trip, I've not had a Indian meal served with such excellence until my dear ol' mother had me try a can of Madras Sambar! What a surprise!!! In addition, this is probably the best canned food meal ever!<br /><br />She made mention too how with this 12 pack, each can is only $2.50 with the free shipping off Amazon. That's cheaper than what most stores sell them for. And it's delivered to your doorstep! Thanks mom!",positive,in the summer of i stayed with various families in india and most all served me excellent dishes with various spices to make me smile well since my trip i ve not had a indian meal served with such excellence until my dear ol mother had me try a can of madras sambar what a surprise in addition this is probably the best canned food meal ever she made mention too how with this pack each can is only with the free shipping off amazon that s cheaper than what most stores sell them for and it s delivered to your doorstep thanks mom,positive
511998,B0038C6X8A,A3BBCDCHC5U1VK,CAWireless,0,0,5,1323820800,Love this stuff,"I originally became a fan of pouch-based cat food with the Nutro line of pouches. However, Nutro was especially hit by the nasty recall episode from a few years back where a number of pet food manufacturers had contamination issues, and they eventually pulled their pouches. I tried a bunch of canned foods afterwards, but my cats never warmed to any of them like they did the pouches.<br /><br />Wellness came out with their ""healthy indulgence"" line of pouch foods not too long ago, and interestingly the packaging is pretty much identical to the Nutro products, down to the notches to facilitate tearing. I can only imagine that they are using the same manufacturing facilities as Nutro did, but hopefully with a superior product. Everything I've read about Wellness suggests that they make high-quality pet foods. My cats seem to love these as much as they did their old pouch foods. They have now been eating pouch foods almost daily for at least 6-7 years, so I don't have any major concerns about long-term health issues.<br /><br />Overall, these pouches are great. Each single pouch is one serving for one cat, so the costs do add up fast if you have multiple cats and serve this twice a day. I give dry food in the morning and the pouches at night to help conserve costs, but they always finish the Wellness pouches within a half hour, whereas the dry food often sits around unfinished all day. Another plus is that no spoons or forks need to be involved, since you just tear each pouch and shake the contents into the bowl. No mess or debates with spouses about putting cat food forks into the dishwasher with the rest of the dishes!",positive,i originally became a fan of pouch based cat food with the nutro line of pouches however nutro was especially hit by the nasty recall episode from a few years back where a number of pet food manufacturers had contamination issues and they eventually pulled their pouches i tried a bunch of canned foods afterwards but my cats never warmed to any of them like they did the pouches wellness came out with their healthy indulgence line of pouch foods not too long ago and interestingly the packaging is pretty much identical to the nutro products down to the notches to facilitate tearing i can only imagine that they are using the same manufacturing facilities as nutro did but hopefully with a superior product everything i ve read about wellness suggests that they make high quality pet foods my cats seem to love these as much as they did their old pouch foods they have now been eating pouch foods almost daily for at least years so i don t have any major concerns about long term health issues overall these pouches are great each single pouch is one serving for one cat so the costs do add up fast if you have multiple cats and serve this twice a day i give dry food in the morning and the pouches at night to help conserve costs but they always finish the wellness pouches within a half hour whereas the dry food often sits around unfinished all day another plus is that no spoons or forks need to be involved since you just tear each pouch and shake the contents into the bowl no mess or debates with spouses about putting cat food forks into the dishwasher with the rest of the dishes,positive
240379,B001VJ0B0I,A2WB4OWBUH2VQX,"HardyBoy64 ""RLC""",0,1,3,1345680000,Puppy sort of likes it but it's a bit smelly,"Having tried several different dry dog foods for my puppy, this Purina Beneful food is by far the smelliest of the lot. If your dog's eating area is near the center conversational portion of your home, beware that this food will stink a bit. We place the food slightly behind a wall to conceal the sight and odor of the food, but I'm a bit disappointed that this food smells at all. Other brands of food haven't packed this much of a smelly punch. Our puppy seems to eat it OK but I wouldn't say that she's super excited about it. She has regular bowel movements with this food and these seem just the right consistency (if there is such a thing!) so apparently the food doesn't wreak havoc on her digestion.",neutral,having tried several different dry dog foods for my puppy this purina beneful food is by far the smelliest of the lot if your dog s eating area is near the center conversational portion of your home beware that this food will stink a bit we place the food slightly behind a wall to conceal the sight and odor of the food but i m a bit disappointed that this food smells at all other brands of food haven t packed this much of a smelly punch our puppy seems to eat it ok but i wouldn t say that she s super excited about it she has regular bowel movements with this food and these seem just the right consistency if there is such a thing so apparently the food doesn t wreak havoc on her digestion,negative
444945,B0029YDR82,A3GOBDSWJPJNWE,reinf1,4,4,4,1328140800,"Company Needs to DOUBLE CHECK items being SENT.- They did, problem now solved.","Just like the others, I received two different colors. Instead of the AVOCADO and COPPER as described, we received FUSHIA and TEAL. Americolor is a nice product no doubt, but this seller must pay attention to the product description and items they are sending. Very misleading. Avocado and Copper are the main reasons why this SET was bought instead of the other sets. Either DOUBLE CHECK the ITEMS you are sending OR CHANGE THE DESCRIPTION ALL TOGETHER! Sending the box back is too much of hassle. Pay attention, TCP.<br /><br />update feb 6:<br /><br />I sent an email to TCP regarding the mistake in colors and the company is gracious enough to send me the right colors as described and pictured originally in the order. I was also informed that they will ask Amazon to revise the description on this particular set. Thank you TCP for your response and willingness to resolve this issue with less hassle. :) I am now a happy camper. Bought the edible markers from you too. thank you.",positive,just like the others i received two different colors instead of the avocado and copper as described we received fushia and teal americolor is a nice product no doubt but this seller must pay attention to the product description and items they are sending very misleading avocado and copper are the main reasons why this set was bought instead of the other sets either double check the items you are sending or change the description all together sending the box back is too much of hassle pay attention tcp update feb i sent an email to tcp regarding the mistake in colors and the company is gracious enough to send me the right colors as described and pictured originally in the order i was also informed that they will ask amazon to revise the description on this particular set thank you tcp for your response and willingness to resolve this issue with less hassle i am now a happy camper bought the edible markers from you too thank you,negative
129335,B000FIUVL0,A27MU90TE6S1P0,"Marian Salamon ""book lover""",0,0,1,1350604800,crumbly graham,Package arrived yesterday and today I  used one crust ---  it was totally crumbly...powder...nothing solid about it.  Very disappointing.  I guess I have to go back to making my own crusts.,negative,package arrived yesterday and today i used one crust it was totally crumbly powder nothing solid about it very disappointing i guess i have to go back to making my own crusts,negative
406562,B0032COF5O,AGFV9F4CI93S3,Logical,1,1,5,1326240000,"One of my favorites ... Similar to ""Donut Shop Original""","One of my favorites ... Similar to ""Donut Shop Original"".<br /><br />Here is list of my favorites starting with the boldest/strongest.<br /><br />Emeril's Easy Bold<br />Newman's Own<br />This one Fair Trade Colombian Select<br />Donut Shop Original<br />Nantucket<br />Daybreak from Caribou",positive,one of my favorites similar to donut shop original here is list of my favorites starting with the boldest strongest emeril s easy bold newman s own this one fair trade colombian select donut shop original nantucket daybreak from caribou,positive
353901,B001QXC8E6,A1ZZXRYGK8QMPH,P. Fine,2,3,1,1332288000,Revelation,I've used Degree deodorant (not anti-perspirant) for many years because it was one of the few remaining products that does not contain aluminum. I came here to buy a 6-pack just to stock up but reading these reviews I had a revelation. For YEARS while using this product I have suffered from an occasional underarm rash that I actually chocked up to chafing due to a LACK of the product on my body. Rash=chafing so I must need more degree applied! Obviously I misread the symptoms and see that I too have suffered a rash caused by this product and have so for years. I found that Arm&Hammer has a new Essentials product that is also aluminum free (as well as silver free) that not only smells better but lasts longer and causes no rash. My eyes have been opened and I have made the switch. :-),negative,i ve used degree deodorant not anti perspirant for many years because it was one of the few remaining products that does not contain aluminum i came here to buy a pack just to stock up but reading these reviews i had a revelation for years while using this product i have suffered from an occasional underarm rash that i actually chocked up to chafing due to a lack of the product on my body rash chafing so i must need more degree applied obviously i misread the symptoms and see that i too have suffered a rash caused by this product and have so for years i found that arm hammer has a new essentials product that is also aluminum free as well as silver free that not only smells better but lasts longer and causes no rash my eyes have been opened and i have made the switch,negative
195612,B000RP385C,A13ZHK3PUGWXB0,StilettoStarlet,0,0,5,1343260800,Too cute!,These are so unique and cute!  The fortunes are funny!  The box is so cute that I'm saving it to use a gift box/bag.,positive,these are so unique and cute the fortunes are funny the box is so cute that i m saving it to use a gift box bag,positive
261524,B000MGWEZQ,A144ORAE2R291V,NG in Boston,3,3,5,1261180800,"Great price, super sweet goodness","I love NOW's stevia extract, I put it in everything - tea, cereal, curries, stir fries, baking.  There are no sugar carbs at all and it is 200 time sweeter than sugar so 1 lb goes a long way.  The savings with a pound it amazing (compared to $10 for a very small container) and it seems to stay good for a long time, it takes me sometimes a year to finish it.  Some people find that stevia leaves an aftertaste that do not care for so you may want to try a smaller bottle first if you have never tried it.  Every brand supposedly is a little different so if you don't have good luck with one try another.",positive,i love now s stevia extract i put it in everything tea cereal curries stir fries baking there are no sugar carbs at all and it is time sweeter than sugar so lb goes a long way the savings with a pound it amazing compared to for a very small container and it seems to stay good for a long time it takes me sometimes a year to finish it some people find that stevia leaves an aftertaste that do not care for so you may want to try a smaller bottle first if you have never tried it every brand supposedly is a little different so if you don t have good luck with one try another,negative
47376,B001EPQVFS,A1P8CQZU3RIB24,"Gregory D. Phillips ""Bears 05'""",0,0,3,1310947200,Deluxe???,"These are hardly deluxe or whole, I was expecting larger and more whole cashews.  Good price still as i just fire these things down by the handfull....salt is a little messy but nice.",neutral,these are hardly deluxe or whole i was expecting larger and more whole cashews good price still as i just fire these things down by the handfull salt is a little messy but nice,neutral
154034,B001EQ4GZ4,A29OL7C7CVHHLE,"Brenda Worman ""moirasglen""",20,20,5,1168300800,Diamond Walnuts 16 oz pkg,"Honestly, I was a bit skeptical on ordering nuts online. Mainly for fear they would not be as fresh AND they would be broken via the shipping process. I am a baker year round and quality is of highest inportance to me. I am THRILLED to tell anyone else with these concerns, these nuts not only arrived quite fresh with a long expire date but so well packaged, breakage was of normal expectation, quite minimal, no more than if you picked them from a shelf at a grocery. Even though I chose free shipping, which can take a bit longer, they arrived in no time at all. I will not hesitate to continue ordering my baking needs from Amazon.com.",positive,honestly i was a bit skeptical on ordering nuts online mainly for fear they would not be as fresh and they would be broken via the shipping process i am a baker year round and quality is of highest inportance to me i am thrilled to tell anyone else with these concerns these nuts not only arrived quite fresh with a long expire date but so well packaged breakage was of normal expectation quite minimal no more than if you picked them from a shelf at a grocery even though i chose free shipping which can take a bit longer they arrived in no time at all i will not hesitate to continue ordering my baking needs from amazon com,positive
453447,B0029XLH4Y,A37VQFMLKSCNBG,mphilip,0,1,2,1304985600,Weak,I read the reviews for this coffee and bought it based on that. I can not say that I am impressed. This coffee does not have the nice aroma that the Gloria Jeans black Gold had nor does it have any taste. Not impressed.,negative,i read the reviews for this coffee and bought it based on that i can not say that i am impressed this coffee does not have the nice aroma that the gloria jeans black gold had nor does it have any taste not impressed,negative
389499,B00078N976,A34VQFJJ5C0UY4,Gloria Cail,2,2,5,1278288000,so pleased,It was such a surprise to see the amount of seed that came - even with the cost for shipping - the item would still cost less than purchasing it at the super market.  It came quickly and was of wonderful quality.,positive,it was such a surprise to see the amount of seed that came even with the cost for shipping the item would still cost less than purchasing it at the super market it came quickly and was of wonderful quality,positive
539412,B001BDDT8K,A2ZJDGVJ45AR5W,"Will Kalif ""StormTheCastle""",1,1,4,1229472000,Tempted to eat them myself!,"This is quite a unique brand of cat food. Their tagline is ""People food for cats"" and they are quite right. They smell and look delicious.<br /><br />There are basically two types of canned cat food in my experience, the first kind is the solid kind where you tip the can into the plate and the food retains the shape of the can. The second type is the  more liquidy type that you can spoon, almost pour into the cats plate. For me this second type is preferable because it has a higher content of liquid which I consider to be healthier for the cats urinary system. This cat food is of this second type.<br /><br />My cat is a very finicky eater and he takes time to adjust to new foods.<br />This package contains two flavors; the first is chicken pot pie which looks just like real chicken pot pie, right down to the light gravy, there are cubes of real chicken breast and it really looks like pot pie. My cat laps up all the sauce then moves on to the chunks of chicken.<br /><br />Second flavor is sesame chicken: This smells really good and the chicken is not chunked but in thin strips. My cat loves the sauce and will drain it all dry but is not too fond of the chicken. He will probably adjust to it over time. This is why only four stars.",positive,this is quite a unique brand of cat food their tagline is people food for cats and they are quite right they smell and look delicious there are basically two types of canned cat food in my experience the first kind is the solid kind where you tip the can into the plate and the food retains the shape of the can the second type is the more liquidy type that you can spoon almost pour into the cats plate for me this second type is preferable because it has a higher content of liquid which i consider to be healthier for the cats urinary system this cat food is of this second type my cat is a very finicky eater and he takes time to adjust to new foods this package contains two flavors the first is chicken pot pie which looks just like real chicken pot pie right down to the light gravy there are cubes of real chicken breast and it really looks like pot pie my cat laps up all the sauce then moves on to the chunks of chicken second flavor is sesame chicken this smells really good and the chicken is not chunked but in thin strips my cat loves the sauce and will drain it all dry but is not too fond of the chicken he will probably adjust to it over time this is why only four stars,positive
554253,B007FGJAIU,A28R95CFUL3AD3,John E. Johnson,1,1,5,1338854400,Authentic Foods Brown Rice Flour Superfine,I used the flour as a sub for wheat flour in several recipes and it worked great.You<br />need to use 1/2 teaspoon of xanthan powder per cup to replace the gluten.,positive,i used the flour as a sub for wheat flour in several recipes and it worked great you need to use teaspoon of xanthan powder per cup to replace the gluten,positive
493707,B0044CPA28,A1BA72K4VK1UN1,"Patrick W. Crabtree ""The Old Grottomaster""",0,0,5,1296777600,Get some! (here's why),"Kellogg's really hit it out of the park this time. I'm not a huge cold cereal fan but it didn't take me long to wipe out this box.<br /><br />It stays *plenty* crunchy after pouring on the milk.<br /><br />It tastes terrific. Does it taste like peanuts? No, I didn't detect that but I'm sure this ingredient makes it more crunchy.<br /><br />The sweetness level (from honey) is just right; however, I do add a little box of raisins to a large bowlful just because I like fruit in my cereal. Bananas are great with this too.<br /><br />This cereal actually tops *Kellogg's Special-K Red Berries* [which I love] from my view.<br /><br />Total fat [daily values] = 2%; cholesterol = 0%; sodium = 10%; carbs = 11%; and, lots of vitamins including a high content of iron and folic acid. One-half cup of cereal yields 160 calories (with fat-free milk.)<br /><br />This will be the first food item that I've acquired [for free] through the Amazon Vine program which I plan to go to the grocery and buy more of. Terrific stuff -- I'm sold.<br /><br />My highest recommendation.",positive,kellogg s really hit it out of the park this time i m not a huge cold cereal fan but it didn t take me long to wipe out this box it stays plenty crunchy after pouring on the milk it tastes terrific does it taste like peanuts no i didn t detect that but i m sure this ingredient makes it more crunchy the sweetness level from honey is just right however i do add a little box of raisins to a large bowlful just because i like fruit in my cereal bananas are great with this too this cereal actually tops kellogg s special k red berries which i love from my view total fat daily values cholesterol sodium carbs and lots of vitamins including a high content of iron and folic acid one half cup of cereal yields calories with fat free milk this will be the first food item that i ve acquired for free through the amazon vine program which i plan to go to the grocery and buy more of terrific stuff i m sold my highest recommendation,positive
411085,B000FYYOTY,A3P7GSED5SLPUH,Mandy Gonder,0,0,5,1179100800,Awesome Jerky,"This jerky is the best I've ever had. We've looked all over at gas stations and only 1 place has it near us, so it's easier for us to order online. Very good stuff!",positive,this jerky is the best i ve ever had we ve looked all over at gas stations and only place has it near us so it s easier for us to order online very good stuff,positive
511372,B000VVY0YK,A2H8Q7AYXA4JM8,Bast,1,1,5,1263254400,Great Crunchy Treat That Doesn't Stink,"My six pound chihuahua loves these. They're crunchy, don't stink, and last a good long time without spoilage. I'm impressed!",positive,my six pound chihuahua loves these they re crunchy don t stink and last a good long time without spoilage i m impressed,positive
158163,B000VKA92I,A230U44DQPNTD,KJ,2,2,5,1316476800,Great stuff!,"This stuff is amazing. My sweet almost 13 year old Chow Lab mix (60lbs) has really bad hips/arthritis. She was using it for about a year and the difference between using it and not using it was/is huge. Within the first week I could see i major improvement in the way she could stand up, I started ordering this by the gallon so we would never run out. The vet even mentioned a difference when she came in to get her arthritis RX Meds. She was running outside, chasing the neighbors cats, jumping back up on the couch to sleep etc, Just overall great improvements. Something changed in her appetite and she wont eat her food when i put this on so i have moved on to million dollar glucosamine treats but they aren't as awesome as k-9 heath.  I hope my dog changes her mind and will move back to the liquid health and even if she doesn't i would still always always recommend this.",positive,this stuff is amazing my sweet almost year old chow lab mix lbs has really bad hips arthritis she was using it for about a year and the difference between using it and not using it was is huge within the first week i could see i major improvement in the way she could stand up i started ordering this by the gallon so we would never run out the vet even mentioned a difference when she came in to get her arthritis rx meds she was running outside chasing the neighbors cats jumping back up on the couch to sleep etc just overall great improvements something changed in her appetite and she wont eat her food when i put this on so i have moved on to million dollar glucosamine treats but they aren t as awesome as k heath i hope my dog changes her mind and will move back to the liquid health and even if she doesn t i would still always always recommend this,positive
543440,B0012KIBP8,AJZNCA7FJESNH,"Denny P. ""Go Big Blue""",0,0,5,1350691200,Replaced my other dry cat food,"Whisker Lickin's is a great product for your cat. I have used WL for years and my cat never turns away,<br />I fact my cat prefers this product over any dry food I have feed her--So Whisker Lickin's is now<br />my cats dry food of choice and Amazon has the best price going that I could find !! GREAT PRODUCT !!",positive,whisker lickin s is a great product for your cat i have used wl for years and my cat never turns away i fact my cat prefers this product over any dry food i have feed her so whisker lickin s is now my cats dry food of choice and amazon has the best price going that i could find great product,positive
465026,B002EDIJCM,A2V02P8BZQC69,"Christine J. Pyzynski ""Cjp amazon fan""",0,0,4,1323216000,Cookies,The inside of these cookies tasted like the Fudgetown cookies I grew up with. My whole family enjoyed them. I wish the option to buy just one pack would be available. Thank you.,positive,the inside of these cookies tasted like the fudgetown cookies i grew up with my whole family enjoyed them i wish the option to buy just one pack would be available thank you,negative
11784,B0012KB4WU,AIK2YQXIQQOEB,"Vicki O ""Sewandsewvicki""",0,0,5,1255651200,Yummy for kitty's tummy!,"This is one of the few cat foods my fussy cat will eat.  He loves the gravy especially.  Wish they would sell that on it's own!  And amazon's subscribe and save is the best price I can find, and so convenient too!",positive,this is one of the few cat foods my fussy cat will eat he loves the gravy especially wish they would sell that on it s own and amazon s subscribe and save is the best price i can find and so convenient too,positive
386482,B001E5DYTY,ANR1NZ60SHSAS,TO,0,1,4,1323648000,ILLY,"My husband and I use these everyday, love that it comes in a 2pack! Would be even better if i could buy a box of 50-100.",positive,my husband and i use these everyday love that it comes in a pack would be even better if i could buy a box of,negative
553492,B000PKYG1Y,A1N9YJCGWA5FLM,GluedTogether,0,0,3,1303430400,Our Pup is Indifferent,"Our puppy seems indifferent to this treat and doesn't get overly excited about them. We break them in half for her and she'll usually hide it somewhere. I'm not sure if she eats it later, or if I'm going to find a cache of them under the couch one day!",neutral,our puppy seems indifferent to this treat and doesn t get overly excited about them we break them in half for her and she ll usually hide it somewhere i m not sure if she eats it later or if i m going to find a cache of them under the couch one day,negative
179863,B008GRONV6,A1ZE020J0M1603,"Michael C. Wayman ""MichaelSC""",0,0,5,1297036800,Works for beagles,"So far these have worked well for our beagles. I found that you do not have to use and entire pill pocket if you don't want to as they are very pliable, sort of like dough. I just break off a piece and wrap the pills inside. I would definitely recommend.",positive,so far these have worked well for our beagles i found that you do not have to use and entire pill pocket if you don t want to as they are very pliable sort of like dough i just break off a piece and wrap the pills inside i would definitely recommend,negative
356315,B003SSWCJI,A3VTF41R7Q3XV8,Christina,1,1,5,1346803200,You won't be sorry...,This product does exactly what it says it will for you. It especially helped with my anxiousness and body tension. I feel so much more relaxed now.,positive,this product does exactly what it says it will for you it especially helped with my anxiousness and body tension i feel so much more relaxed now,positive
547079,B000IJNTZG,A2J7666023KSFU,Karamel's mom,2,3,5,1299888000,My Boston loves them!!!,"I order these treats in bulk since they are a favorite of my Boston Terrier.  She is allergic to a number of things, and these don't contain any ingredients that she is allergic to.  They are a little bit on the expensive side, but they are totally worth it!",positive,i order these treats in bulk since they are a favorite of my boston terrier she is allergic to a number of things and these don t contain any ingredients that she is allergic to they are a little bit on the expensive side but they are totally worth it,positive
244480,B0030VBQ5Y,AKOYMM5TTRIHQ,amandap,0,0,4,1346198400,love the pouch,Easy snack that you can throw into your purse on the way out the door.  My daughter eats them like they are going out of style.  I am so excited to sneak in veggies!,positive,easy snack that you can throw into your purse on the way out the door my daughter eats them like they are going out of style i am so excited to sneak in veggies,positive
198149,B00545EXFY,A8J1MQPST9X6W,Colleen R.,0,0,1,1349654400,Rip off!,Thought this was going to be multiple boxes as the pictures appears for this product and it was $15 for 5 small pouches!!  I pay less than $5/box at target but thought I was getting more than that size box here!  Never again!,negative,thought this was going to be multiple boxes as the pictures appears for this product and it was for small pouches i pay less than box at target but thought i was getting more than that size box here never again,negative
350247,B000H5DADW,A3KRYFB7B9Z5MB,Carl,0,1,5,1289347200,Best Sugar Free Cookie,"All of Murray's Sugar Free Cookies are excellent, but my favorite is the Pecan Shortbread.  Delicious!",positive,all of murray s sugar free cookies are excellent but my favorite is the pecan shortbread delicious,positive
567565,B001BKLHMI,A2YW72WK6I97UP,Kathleen E. Shelby,2,2,5,1303862400,Almost like a cinnamon roll,These Kashi bars are wonderful.  Heat them a little and they are almost like a cinnamon roll.  You will love them.,positive,these kashi bars are wonderful heat them a little and they are almost like a cinnamon roll you will love them,positive
300769,B002R8UANK,A2VKGUC5FN5QCY,"Melissa M. Quest ""Melissa""",8,8,5,1270598400,These smell awesome!,My dogs love these treats.  Super cute design and nice small size.  They smell absolutely amazing.  It's hard to believe it is a dog treat.,positive,my dogs love these treats super cute design and nice small size they smell absolutely amazing it s hard to believe it is a dog treat,positive
548293,B000FPJ78G,ADCA26BIH56FP,Dr. Psyc,1,1,4,1259884800,Dingo's are the deal!,Our little 10lb dog loves! these dingo treats. She worries them until she gets all the red chicken bits out and then gives the rest to our Labrador Retriever who treats them like a 5 minute bubble gum treat. Works out all around!,positive,our little lb dog loves these dingo treats she worries them until she gets all the red chicken bits out and then gives the rest to our labrador retriever who treats them like a minute bubble gum treat works out all around,positive
138658,B000IK8SSS,AHZDVVUT739R0,"voracious reader ""voracious reader""",0,0,5,1313280000,"Oh, so good!","I currently have an intense craving for these little guys, and this is the best of the best, as far as I'm concerned; just the right ratio of candy coating to concealed licorice!  I bought them in bulk, and my order came very quickly.  Excellent!",positive,i currently have an intense craving for these little guys and this is the best of the best as far as i m concerned just the right ratio of candy coating to concealed licorice i bought them in bulk and my order came very quickly excellent,positive
357162,B0006I5M2M,AMA4VS04DUD6B,Sydnie,0,0,5,1330387200,Awesome Tea,"I drank this tea at least 4 days a week during the last 6 weeks of my pregnancy.  I wish I did it the entire last trimester and everyday!  I had a 6 hour natural labor and delivery and I only pushed for 15 minutes.  My contractions, even at their most intense, only felt like strong menstrual cramps.  I brewed my tea double strength and then drank it with lemonade.  Delicious and refreshing!  Even on it's own as a hot tea, it's pretty palatable.  My last trimester was in the summer though, so I always drank it iced.  I also used Evening Primrose Oil suppositories for the last 5 weeks. I really believe that these two factors are the main reason why my labor and delivery was so fast and EASY!",positive,i drank this tea at least days a week during the last weeks of my pregnancy i wish i did it the entire last trimester and everyday i had a hour natural labor and delivery and i only pushed for minutes my contractions even at their most intense only felt like strong menstrual cramps i brewed my tea double strength and then drank it with lemonade delicious and refreshing even on it s own as a hot tea it s pretty palatable my last trimester was in the summer though so i always drank it iced i also used evening primrose oil suppositories for the last weeks i really believe that these two factors are the main reason why my labor and delivery was so fast and easy,positive
135472,B005VOOM4A,A3T0EJIUQDEWNI,"K. Hernandez ""DailyReadz - One Great Book Eve...",0,0,4,1334534400,Yum!,"We don't have a pod brewer so we put a couple of these in the coffeepot and brewed water thru it. Yum!  Normally I like a strong coffee, and this was milder than my usual, but the flavor was terrific! Very smooth and totally delicious.",positive,we don t have a pod brewer so we put a couple of these in the coffeepot and brewed water thru it yum normally i like a strong coffee and this was milder than my usual but the flavor was terrific very smooth and totally delicious,positive
314325,B003EJG7GA,A3R1YRD2WUJLR8,"T. Bukowski ""holleta""",0,0,5,1343347200,These are really GOOD!,"Great beefsticks! Prob the best I ever had, makes slim jims and X sticks seem like cat treats in comparison. A bit more pricey than those but good quality and great taste!",positive,great beefsticks prob the best i ever had makes slim jims and x sticks seem like cat treats in comparison a bit more pricey than those but good quality and great taste,positive
239450,B0000CDBPX,A3S4NCIPEWEMSK,Villagelady,4,4,5,1300665600,Great productf,This is a great BBQ Rub.  We have used it ever since being introduced to it when visiting Louisiana.  Adds great flavor to barbecued steak.,positive,this is a great bbq rub we have used it ever since being introduced to it when visiting louisiana adds great flavor to barbecued steak,positive
363822,B001M08YZA,A36Y4XHEHNGZ7B,ArmyWife76,1,1,5,1312502400,Great Low Carb Option!,As someone on a low carb diet the thing I missed most was cereal.  Then I tried this cereal. I've stayed on my diet and I've lost 25 pounds to date.,positive,as someone on a low carb diet the thing i missed most was cereal then i tried this cereal i ve stayed on my diet and i ve lost pounds to date,negative
180155,B0036QLL3A,A3AABRSDUJ72X4,polgas,0,0,1,1344211200,doesn't do anything,tea tastes good but it doesn't do anything. complete waste of money. just save your 25 bucks and buy something else.,negative,tea tastes good but it doesn t do anything complete waste of money just save your bucks and buy something else,negative
273272,B001XUIGNY,AHL0TI6H9FALR,"Old School but Kicking ""Foggy""",1,1,4,1326240000,"It isn't Stewart's Ginger Beer, but .....","Stewart's had abandoed us by no longer making the best of ginger beers.  Fever-Tree is a bit milder than Stewarts though not as sweet but unlike Goya which I tried to live with, it does not inflame your intestines on the way down!  It is obviously expensive and the bottles are tiny so I have two suggestions:  The first is that Fever-Tree consider selling the public the concentrate and let us mix our own.  The product I believe is made in the UK and shipped to California most likely in that concentrated form anyway.  By going that route or adding it to their product line, we would not have to pay for heavy glass bottles of fizzy water.<br /><br />My other suggestion is to mix a couple of inches from the Fever-Tree bottle with something like Arizona's very bland Diet Iced Tea.  It punches up the tea and certainly stretches the number of glasses of the ginger beer we can taste.  No one can afford these days to drink Fever-Tree straight on a daily basis.  But it is a worthwhile contender to the void Stewart's has created and I for one will never understand.",positive,stewart s had abandoed us by no longer making the best of ginger beers fever tree is a bit milder than stewarts though not as sweet but unlike goya which i tried to live with it does not inflame your intestines on the way down it is obviously expensive and the bottles are tiny so i have two suggestions the first is that fever tree consider selling the public the concentrate and let us mix our own the product i believe is made in the uk and shipped to california most likely in that concentrated form anyway by going that route or adding it to their product line we would not have to pay for heavy glass bottles of fizzy water my other suggestion is to mix a couple of inches from the fever tree bottle with something like arizona s very bland diet iced tea it punches up the tea and certainly stretches the number of glasses of the ginger beer we can taste no one can afford these days to drink fever tree straight on a daily basis but it is a worthwhile contender to the void stewart s has created and i for one will never understand,negative
405777,B005K4Q4LK,A495L3ZT9608L,DISCUSMAXIMUS,1,1,1,1336521600,WASTE OF A K-CUP,This product just a repackaged instant coffee sold a higher price.  I could get the same results adding a bulk mix to hot water.  I did not buy a Keurig Machine to make instant coffee.,negative,this product just a repackaged instant coffee sold a higher price i could get the same results adding a bulk mix to hot water i did not buy a keurig machine to make instant coffee,negative
241039,B008EG58V8,A1IQXGT4MJUYJ8,Rich F,0,0,2,1339804800,"The Box says ""OATMEAL SQUARES"" which I believe is FALSE advertising.","""Oatmeal Squares"" is in about the largest print you can fit on the Front of the Box.  When you read the ingredients, the second largest ingredient is WHEAT flour. So how can it rightfully be called a ""Crunchy Oat Cereal"".<br /><br />I wonder why Quaker, which is noted for Oatmeal has to be somewhat deceptive and not disclose upfront that this is not completely an Oat Cereal and then go on to make claims about Cholesterol Lowering when it is not ALL Oat Flour.<br /><br />Oatmeal is made from oats not wheat.  This is really ""Oatmeal and Wheat Squares""<br /><br />Who cares how it tastes if it is not what it says it is.",negative,oatmeal squares is in about the largest print you can fit on the front of the box when you read the ingredients the second largest ingredient is wheat flour so how can it rightfully be called a crunchy oat cereal i wonder why quaker which is noted for oatmeal has to be somewhat deceptive and not disclose upfront that this is not completely an oat cereal and then go on to make claims about cholesterol lowering when it is not all oat flour oatmeal is made from oats not wheat this is really oatmeal and wheat squares who cares how it tastes if it is not what it says it is,negative
543535,B006MONQMC,A2BVOBG7YDSVOZ,"R. Padilla ""RMP""",0,0,4,1337385600,Surprisingly Wonderful Drink Additive...as Long as You Like Sucralose,"My expectations for this product were pretty low. To my surprise, I very much enjoyed Vitamin Squeeze. It provides a nice energy kick and some vitamins to your water. I liked the flavor just fine, but if you're sensitive to artificial sweeteners then it might now be for you. I like that I control the strength of the flavor, caffeine, taurine, etc. Depending on how I'm feeling, I can use a bit or a lot. As with all energy drinks, you need to careful with how much you consume; if you have too much then you'll have a big crash a few hours later.<br /><br />Bottom line: as long as you're not sensitive to sucralose then I recommend giving this drink additive a shot for a boost of energy and some vitamins.",positive,my expectations for this product were pretty low to my surprise i very much enjoyed vitamin squeeze it provides a nice energy kick and some vitamins to your water i liked the flavor just fine but if you re sensitive to artificial sweeteners then it might now be for you i like that i control the strength of the flavor caffeine taurine etc depending on how i m feeling i can use a bit or a lot as with all energy drinks you need to careful with how much you consume if you have too much then you ll have a big crash a few hours later bottom line as long as you re not sensitive to sucralose then i recommend giving this drink additive a shot for a boost of energy and some vitamins,positive
175970,B000QSOOV2,A25QXPA7DBP57N,"LL California ""LL""",2,3,2,1322438400,how many cans?,"Wow that is really expensive for one 13 ounce can of cat food.. duh<br />Can you please put how many cans are included<br />My cats both like Friskies, but I aint buying if I don't know how many I am getting",negative,wow that is really expensive for one ounce can of cat food duh can you please put how many cans are included my cats both like friskies but i aint buying if i don t know how many i am getting,negative
527542,B000QSON4K,AYLKOBY9KA1HF,Brad,0,0,5,1303948800,My Dogs Love These,"This has made giving my dogs medication so much easier. They love these so much, that I have to be careful since my one dog once at the other dogs medication when I left it on the counter!",positive,this has made giving my dogs medication so much easier they love these so much that i have to be careful since my one dog once at the other dogs medication when i left it on the counter,positive
567562,B001BKLHMI,A292EHHWC825JV,Jesaco,9,10,5,1256256000,Best Tasting Kashi Bar,However.....<br />You can get a better price at Target or Walmart....$4.14 for a box of four = Approximately $1.04 a bar.  One drawback to Target and Walmart though is they are frequently out of stock due to being so popular.,positive,however you can get a better price at target or walmart for a box of four approximately a bar one drawback to target and walmart though is they are frequently out of stock due to being so popular,negative
250630,B002YR7A78,A2W9TOPLT07Y1T,"ShiShisOpinion ""ShiShis""",2,4,3,1330905600,"I was lucky, my product was sealed perfectly...","Just wanted to let you know to go ahead and try this product. I was very hesitant based on the packaging reviews, but I went ahead and ordered mine and it was fine, unopened, just dusty like being in a warehouse. I will update you on the taste later...",neutral,just wanted to let you know to go ahead and try this product i was very hesitant based on the packaging reviews but i went ahead and ordered mine and it was fine unopened just dusty like being in a warehouse i will update you on the taste later,negative
541399,B002C1QROI,A282YHTM48Z5Q8,"Denise ""Denise B""",0,0,5,1284249600,Tiki Cat,"Tiki Cat is by far my cats' favorite food - they absolutely love it! They especially love the salmon and tuna flavors. It is expensive compared to other brands, so I buy it by the case to get the volume discount.",positive,tiki cat is by far my cats favorite food they absolutely love it they especially love the salmon and tuna flavors it is expensive compared to other brands so i buy it by the case to get the volume discount,positive
113155,B000ER1DFU,AY1EF0GOH80EK,Natasha Stryker,0,0,5,1350172800,Great taste and good nutrition,"I feed both my kids Earth's Best brand baby/toddler food when I am unable to prepare food myself.  All flavors have a short list of ingredients, good flavor and a nice nutrition profile.<br /><br />I usually wrap these jars in a ziplock bag with a baby spoon and stash in the diaper bag for wholesome food on the go.  I like to feed my toddler what my husband or I eat, but it is great having a back-up if she is really not hip to the entree.<br /><br />Earths Best is the next best thing to mom's cooking ;)<br /><br />Off label use:<br />If you are out of oil when making baked goods, like pumpkin muffins, you can add a jar of complimentary flavored baby food in a pinch and they will still come out moist! Happy accidents are worth sharing!",positive,i feed both my kids earth s best brand baby toddler food when i am unable to prepare food myself all flavors have a short list of ingredients good flavor and a nice nutrition profile i usually wrap these jars in a ziplock bag with a baby spoon and stash in the diaper bag for wholesome food on the go i like to feed my toddler what my husband or i eat but it is great having a back up if she is really not hip to the entree earths best is the next best thing to mom s cooking off label use if you are out of oil when making baked goods like pumpkin muffins you can add a jar of complimentary flavored baby food in a pinch and they will still come out moist happy accidents are worth sharing,positive
108401,B007TJGY46,ASUIO8KC4VJOY,AL,1,1,5,1278892800,Good Stuff,"Bold tasting coffee, not for someone that dosent like a strong tasting coffee. I have bought this coffee a few time and I really like it.",positive,bold tasting coffee not for someone that dosent like a strong tasting coffee i have bought this coffee a few time and i really like it,positive
566923,B000H6UX0Y,A1AQH89KFWEKX0,Deborah Destefano,0,0,5,1195257600,I'll never go back to any other coffee,"I won a Senseo Coffee Maker online and I just LOVE this coffee.  Buying 4 at a time with Amazon's 'Subscribe and Save' offer, the shipping is free and you get a discounted price of only $14.87.  You will not find these pods anywhere at this price.<br />You can even skip a month without losing your savings benefits, or have them sent even earlier.<br />I put half a pkg of diet dry hot chocolate mix in (12 1/2 calories) and one tablespoon of Cool Whip Lite (20 calories) and have very lo-cal foamy, delicious Cafe Mocha right at home with under 50 calories, as opposed to a cup at a 'groovy' coffee shop which can have up to 400 calories and cost up to $4.<br />Every cup is foamy and delicious.  You can even make expresso with this machine and these pods.<br />Goodbye Mr Coffee and ordinary coffee forever@",positive,i won a senseo coffee maker online and i just love this coffee buying at a time with amazon s subscribe and save offer the shipping is free and you get a discounted price of only you will not find these pods anywhere at this price you can even skip a month without losing your savings benefits or have them sent even earlier i put half a pkg of diet dry hot chocolate mix in calories and one tablespoon of cool whip lite calories and have very lo cal foamy delicious cafe mocha right at home with under calories as opposed to a cup at a groovy coffee shop which can have up to calories and cost up to every cup is foamy and delicious you can even make expresso with this machine and these pods goodbye mr coffee and ordinary coffee forever,positive
113932,B000KOWCMU,A1ZIAQAQK8LKL1,bwayne,1,1,5,1302220800,brachs sugar free butterscotch,"This candy is hard to find, not sold in retail stores, Amazon has a good price and they are dependable, wouldn't have any other candy!",positive,this candy is hard to find not sold in retail stores amazon has a good price and they are dependable wouldn t have any other candy,negative
510378,B003IV70WE,ADX4YC2V2941H,mousejockey71,1,1,5,1294185600,Best kept secret,"Love Muddy Buddys, just need to know where I can buy them besides Sam's Club, of which I'm not a member.  Been to 3 different grocery stores, a Walgreens and CVS, no one knows what I'm asking for.  Just love those little things, but can't find them! help!",positive,love muddy buddys just need to know where i can buy them besides sam s club of which i m not a member been to different grocery stores a walgreens and cvs no one knows what i m asking for just love those little things but can t find them help,negative
174578,B0015236MG,A3GVL6LPU5BZCN,M. Vanaman,0,0,5,1256169600,Best Fruit Snacks!,"These are seriously the best fruit snacks I've ever had...and I've tried a lot of different kinds.  They are soft, chewy, and have great flavor.  I love that the packages are larger than other kinds, too...they actually are pretty filling.  My husband questioned why I was so excited to buy these till he tried some...then he ate more than me!  Another plus is that they are actually pretty healthy for you (:",positive,these are seriously the best fruit snacks i ve ever had and i ve tried a lot of different kinds they are soft chewy and have great flavor i love that the packages are larger than other kinds too they actually are pretty filling my husband questioned why i was so excited to buy these till he tried some then he ate more than me another plus is that they are actually pretty healthy for you,positive
195891,B006N3I29E,AXPMFIRQCE4VE,striker,0,0,5,1299110400,itsstriketime,Great coffee. Arrives when you folks say it is to be delivered.  Will continue to purchase 2 pack from Amazon when it is on sale. Very easy to place an order.,positive,great coffee arrives when you folks say it is to be delivered will continue to purchase pack from amazon when it is on sale very easy to place an order,positive
460266,B000RHUWPO,A1JKRJYACIUVJ2,Littleton guy,1,1,5,1329004800,Yummy Macadamia nuts,"These are very high quality nuts. I eat some every day for their Vitamin B17, which has high anti-cancer properties.",positive,these are very high quality nuts i eat some every day for their vitamin b which has high anti cancer properties,positive
40437,B001ELL3D2,A27TVBD5GVDHD8,"James Madison ""4th US President""",1,1,5,1217289600,Great Coffee,We've been drinking this coffee for several months and love the flavor and the fact that it's organic. Buying 3 bags at a time is no problem as we throw the extras in the freezer till it's time to open a fresh bag. We purchased some other whole bean organic coffees elsewhere on the Internet at much higher prices and the shipping was quite expensive. Amazon sells this at a great price and it qualifies for free shipping making it cheaper than buying the typical run of the mill coffee from the grocery store. Try it and see for yourself.,positive,we ve been drinking this coffee for several months and love the flavor and the fact that it s organic buying bags at a time is no problem as we throw the extras in the freezer till it s time to open a fresh bag we purchased some other whole bean organic coffees elsewhere on the internet at much higher prices and the shipping was quite expensive amazon sells this at a great price and it qualifies for free shipping making it cheaper than buying the typical run of the mill coffee from the grocery store try it and see for yourself,positive
325799,B006WLNUWG,A2XNJJ9TF70P4J,Angie,0,0,5,1320105600,Oh. My. God.,It's Rice Krispy treats. It's cereal. It's amazing. Tastes exactly like the treats only in cereal form. You can't get much better than this. I eat it dry from the box!,positive,it s rice krispy treats it s cereal it s amazing tastes exactly like the treats only in cereal form you can t get much better than this i eat it dry from the box,negative
409351,B000EVMNP0,AWUZM5SAHTO0Z,YO,2,2,5,1284508800,SO GOOOD,"I love these things ever sense i was a kid and now im only 20 and still love these, everyone should get them and love them. I have not met a person yet that T introduced these to come out not wanting more. There a great treat for the entire family and friends always have some sitting around my apartment..........",positive,i love these things ever sense i was a kid and now im only and still love these everyone should get them and love them i have not met a person yet that t introduced these to come out not wanting more there a great treat for the entire family and friends always have some sitting around my apartment,positive
21360,B002QWP89S,A2D3JYUBKYXABF,Channelle,0,0,5,1307145600,Absolutely fabulous,"I have a notoriously finicky Chihuahua who wouldn't eat a regular dog treat if you coated it the best tasting thing on earth, and she certainly wouldn't let me brush her teeth. Ever since the first time I gave her a Greenie, my dog has gone nuts for these things. On our last trip to the vet they examined her teeth because I expressed concern that her overbite was preventing the Greenies from as effective as they should be. She can't really chew properly with the front teeth.<br /><br />This vet wasn't our usual vet because we went on a different day, but he looked at her teeth and asked how old she was. I said, ""Almost three."" And he asked if I'd had her in to have her teeth cleaned before. ""No, I didn't know dogs could have their teeth cleaned.""<br /><br />He went on to say that on a scale of one to four, one being the best and four being the worst, her teeth were a perfect one, which was surprising because Chihuahuas have teeth problems early on usually. I explained that I'd been using the Greenies since she was nine months old.<br /><br />I give her one Greenie every morning because they are so cheap on Amazon. In the store I pay twenty five dollars for a bag of twenty. I pay twenty two dollars on Amazon for a box of ninety six! It's easy to give her one daily. She is still marginally underweight, so I can't say they make her gain weight. She has no digestive issues and doesn't seem to be suffering from having them. Her breath is fresh, her teeth are white and tartar free, and she's a very happy dog.",positive,i have a notoriously finicky chihuahua who wouldn t eat a regular dog treat if you coated it the best tasting thing on earth and she certainly wouldn t let me brush her teeth ever since the first time i gave her a greenie my dog has gone nuts for these things on our last trip to the vet they examined her teeth because i expressed concern that her overbite was preventing the greenies from as effective as they should be she can t really chew properly with the front teeth this vet wasn t our usual vet because we went on a different day but he looked at her teeth and asked how old she was i said almost three and he asked if i d had her in to have her teeth cleaned before no i didn t know dogs could have their teeth cleaned he went on to say that on a scale of one to four one being the best and four being the worst her teeth were a perfect one which was surprising because chihuahuas have teeth problems early on usually i explained that i d been using the greenies since she was nine months old i give her one greenie every morning because they are so cheap on amazon in the store i pay twenty five dollars for a bag of twenty i pay twenty two dollars on amazon for a box of ninety six it s easy to give her one daily she is still marginally underweight so i can t say they make her gain weight she has no digestive issues and doesn t seem to be suffering from having them her breath is fresh her teeth are white and tartar free and she s a very happy dog,negative
182792,B001E5DWZA,A3E5JPODFHIVG0,"Christine Hanek ""Sugaree""",0,0,5,1210204800,Best English Breakfast Tea,Lyon's Gold Lable Tea is not always available in stores locally. I was very pleased to find it through Amazon. It is a full bodied black tea that may just make you leave you coffee mug behind.,positive,lyon s gold lable tea is not always available in stores locally i was very pleased to find it through amazon it is a full bodied black tea that may just make you leave you coffee mug behind,positive
125403,B0006Q5OAY,A2KXW33VDYAG6U,enjanerd,9,9,5,1281312000,Great flavor!,"I've never tried another lemon oil, so I don't know how this compares to other products.  I chose this one based purely on price/quantity.<br /><br />I used this for my brother's wedding cake and it had fantastic flavor!  It was even better than another recipe I tried using about a dozen fresh lemons. (We did a side-by-side taste test.)  Their guests raved over the cake and I plan to continue using this lemon oil in my baked goods.",positive,i ve never tried another lemon oil so i don t know how this compares to other products i chose this one based purely on price quantity i used this for my brother s wedding cake and it had fantastic flavor it was even better than another recipe i tried using about a dozen fresh lemons we did a side by side taste test their guests raved over the cake and i plan to continue using this lemon oil in my baked goods,positive
484199,B003DQ7YUW,A10P2NZGZ0J8MD,Heather B.,0,0,5,1282262400,the ONLY taco seasoning I use,This seasoning is simply the best.  It makes delicious tacos.  I am incapable of making tacos without it.,positive,this seasoning is simply the best it makes delicious tacos i am incapable of making tacos without it,positive
127713,B001BOVE54,A17NJ1TDYNXSSR,"L. Mulvany ""eponaflora""",5,6,1,1258588800,Caused Both My Cats to Have Diarrhea,"I have a 15 year old neutered male domestic short hair and a 15 year old spayed female domestic short hair, who are both overall very healthy and happy. I was excited to put my cats on this food after doing extensive research because it was high in protein, grain-free and had several great reviews. I had them on Innova Senior, but it was a little dry and they didn't really ""love"" the food. However, since starting to feed Wellness CORE a few days ago, my kitties have both had diarrhea every time they use the litterbox. I've owned both cats their entire lives, and they've never had diarrhea before and it's the only thing that's changed in their diet (they also get Wellness wet food at night). Although I already have them on a relatively high protein, low carb diet, I think the even higher level of protein and fat in this food might be too much for their digestive tracts to handle. I have stopped feeding this food and expect the condition to clear up soon.",negative,i have a year old neutered male domestic short hair and a year old spayed female domestic short hair who are both overall very healthy and happy i was excited to put my cats on this food after doing extensive research because it was high in protein grain free and had several great reviews i had them on innova senior but it was a little dry and they didn t really love the food however since starting to feed wellness core a few days ago my kitties have both had diarrhea every time they use the litterbox i ve owned both cats their entire lives and they ve never had diarrhea before and it s the only thing that s changed in their diet they also get wellness wet food at night although i already have them on a relatively high protein low carb diet i think the even higher level of protein and fat in this food might be too much for their digestive tracts to handle i have stopped feeding this food and expect the condition to clear up soon,negative
114649,B00014FT06,AL7A7TKLK7BPQ,one hand clapping,0,0,5,1320537600,Happy tongue,Just like it says... This product is very good yum! Very creamy and smooth. It's got that taste I'm looking for...,positive,just like it says this product is very good yum very creamy and smooth it s got that taste i m looking for,positive
39168,B000WG5GZG,A1PRPFJQPEOP0C,Michael Harmon,0,0,2,1342742400,NOT the regular size gumballs that you see in the store,"Bought these thinking they were the 'regular-size' gumballs sold in the store, variety tubes, as pictured, but was delivered tiny 'penny' gumballs in tubes, and they are ALL pink.<br /><br />The regular size gumballs sell between 80 cents and a dollar a piece, so this seemed like a good deal, getting 36 tubes for $16.<br /><br />The tubes that I received are all marked ""25 CENTS"" right on top, but as you will notice in the picture on the listing, the tubes are all turned around so that you can't SEE this.<br /><br />(However, the photo DOES feature the variety of colors/flavors).<br /><br />Do the math, 25 cents a tube, 36 tubes, $9.00.  I just paid $15.90 for $9 (RETAIL) worth of gum.<br /><br />Deceptive listing.  Feeling ripped off.<br /><br />OH, and to top it all off....they're STALE.",negative,bought these thinking they were the regular size gumballs sold in the store variety tubes as pictured but was delivered tiny penny gumballs in tubes and they are all pink the regular size gumballs sell between cents and a dollar a piece so this seemed like a good deal getting tubes for the tubes that i received are all marked cents right on top but as you will notice in the picture on the listing the tubes are all turned around so that you can t see this however the photo does feature the variety of colors flavors do the math cents a tube tubes i just paid for retail worth of gum deceptive listing feeling ripped off oh and to top it all off they re stale,negative
343586,B002P9MIJ0,A3O2OIWDGVQELO,Anthony,6,6,1,1290470400,No taste,Looking for a quick cook sticky toffee pudding these caught my eye. The only thing that resembles a sticky toffee pudding from this product though is the name. Bland tasting. A disappointment beyond words.,negative,looking for a quick cook sticky toffee pudding these caught my eye the only thing that resembles a sticky toffee pudding from this product though is the name bland tasting a disappointment beyond words,negative
299134,B001TZJ2MW,AIMVGS5Q10B6B,Betty Little-royer,8,8,5,1306022400,great vinegar,This product is a favorite of mine - I have been searching for it for a long time and found it on Amazon.  It makes a wonderful component for a salad dressing.,positive,this product is a favorite of mine i have been searching for it for a long time and found it on amazon it makes a wonderful component for a salad dressing,positive
479052,B001E5E074,A25Y5IYEGHPVB9,G. C. Steiner,4,7,1,1303257600,Bad For Your Health and Bad for Your Teeth,"With a whopping 18 grams of sugar, this cereal ought to be banned for anyone with high blood sugar, hyperglycemia or diabetes.  Nobody concerned with being healthy ought to consume more than 4 grams of sugar in a meal.<br /><br />These sugary nuggets are so hard, if you have veneers or crowns, new or old, there is a good chance of them cracking and breaking off.  I've been to the dentist twice -- in order to get repairs done due to consuming this -- let's call it what it is -- breakfast CANDY!  My dentist entirely arned me off of consuming this garbage.<br /><br />""Oh, but it's so good for you!  Those whole grains!""  Hogwash.  It's got more sugar than protein.  There are much better foods for the (non-hypocritical) health-conscious person.",negative,with a whopping grams of sugar this cereal ought to be banned for anyone with high blood sugar hyperglycemia or diabetes nobody concerned with being healthy ought to consume more than grams of sugar in a meal these sugary nuggets are so hard if you have veneers or crowns new or old there is a good chance of them cracking and breaking off i ve been to the dentist twice in order to get repairs done due to consuming this let s call it what it is breakfast candy my dentist entirely arned me off of consuming this garbage oh but it s so good for you those whole grains hogwash it s got more sugar than protein there are much better foods for the non hypocritical health conscious person,negative
316120,B000HP5FV2,A37MH7ICH80QOX,"Kate McMurry ""Young Adult Author""",1,1,5,1325289600,Terrific treat!,"My two crunchy snacks of choice for some time now have been <a href=""http://www.amazon.com/gp/product/B000G7V3LC"">Snyder's Butter Snaps Pretzels</a> and popcorn popped in my <a href=""http://www.amazon.com/gp/product/B00004W4UP"">Nordic Ware 60120 Microwave Popcorn Popper</a>. Blue Diamond Nut-Thins have pushed those two treats from the top of my crunch list. You simply cannot beat this cracker for mouth feel if you like plenty of snap, and the hazelnut flavor of this cracker is terrific. This cracker is great with dips, but it is so delicious, I usually prefer to eat it ""as is,"" with nothing on it.<br /><br />At only 8 calories each, these crackers compare favorably to my mini pretzels, which are 5 calories each.<br /><br />Blue Diamond is known for nuts and products made with nuts, and they have two other nut flavors for these crackers besides hazelnut: <a href=""http://www.amazon.com/gp/product/B000H154US"">almond</a> and <a href=""http://www.amazon.com/gp/product/B000H154WQ"">pecan</a>. Those two flavors are equally delicious.<br /><br />Highly recommended.",positive,my two crunchy snacks of choice for some time now have been snyder s butter snaps pretzels and popcorn popped in my nordic ware microwave popcorn popper blue diamond nut thins have pushed those two treats from the top of my crunch list you simply cannot beat this cracker for mouth feel if you like plenty of snap and the hazelnut flavor of this cracker is terrific this cracker is great with dips but it is so delicious i usually prefer to eat it as is with nothing on it at only calories each these crackers compare favorably to my mini pretzels which are calories each blue diamond is known for nuts and products made with nuts and they have two other nut flavors for these crackers besides hazelnut almond and pecan those two flavors are equally delicious highly recommended,positive
308013,B001BS4G6O,A2R91PG1XPNO0B,"Kotton Kandee ""not so secretshopper""",1,1,5,1133654400,Better than anything,"Most dogs I've had have no problem taking pills, except for my yorkie, very obstinant.  It is a whole lot easier just to pop her meds in one of these, and we are both happier for it.  These are great.  End of struggles, she doesn't try to hide from me at pill time.  What could be greater.  The price is worth it!",positive,most dogs i ve had have no problem taking pills except for my yorkie very obstinant it is a whole lot easier just to pop her meds in one of these and we are both happier for it these are great end of struggles she doesn t try to hide from me at pill time what could be greater the price is worth it,positive
58779,B005P0NA7U,A36V8MUEM0I6AE,Hood Baby,0,1,4,1311206400,"Good and Bad, but more good","Good: It works wonders on skin. Face doesn't look oily + skin stays soft for longer period.<br /><br />Bad: Smells awfully strong and not too pleasant (actually more like incense stick) so one star less.<br /><br />Again good: That awfully strong smell disappears after first few minutes. (or that is what I think, will have to confirm with my husband on that)",positive,good it works wonders on skin face doesn t look oily skin stays soft for longer period bad smells awfully strong and not too pleasant actually more like incense stick so one star less again good that awfully strong smell disappears after first few minutes or that is what i think will have to confirm with my husband on that,negative
305801,B008BY7O9W,A363C53T0YCN1Q,prettyface,0,0,4,1343865600,It's good,"I like it. I bought both original and Chocolate. I like original better, but my co-worker likes chocolate better. For some reason the chocolate version was cheaper, not sure why - maybe a different seller. Anyway the chocolate price of around $4 is better than the original at $6. The jar doesn't last as regular peanut butter.",positive,i like it i bought both original and chocolate i like original better but my co worker likes chocolate better for some reason the chocolate version was cheaper not sure why maybe a different seller anyway the chocolate price of around is better than the original at the jar doesn t last as regular peanut butter,negative
430133,B000F4IREM,A2VZ3QYODO94VI,A. O'Connor,4,4,2,1265932800,caution - contains sunflower oil,"I was looking forward to trying these crackers but when they arrived, I found that the product contains sunflower oil, which is off-limits for my very allergic son. At the time of ordering them, the product info indicated safflower oil, so beware if that is a concern for you. Besides the mislabeling, which may not matter for most people, the crackers were totally broken due to inadequate packaging. I can't comment on how they taste since I threw them away.",negative,i was looking forward to trying these crackers but when they arrived i found that the product contains sunflower oil which is off limits for my very allergic son at the time of ordering them the product info indicated safflower oil so beware if that is a concern for you besides the mislabeling which may not matter for most people the crackers were totally broken due to inadequate packaging i can t comment on how they taste since i threw them away,negative
414572,B001SAYXPY,A2GEZJHBV92EVR,History buff,0,0,5,1345075200,Pretty Good Soy Sauce.,This is pretty good soy sauce. Our Meijers recently started carrying this. So I wanted to try it. It is much better than kikkoman soy sauce. I have several recipes that give soy sauce as an alternative ingredient. I must say using this in those recipes made it so much better! I also put a squirt in my ramen or udon noodles. YUM!!!! Sooooo gooood.,positive,this is pretty good soy sauce our meijers recently started carrying this so i wanted to try it it is much better than kikkoman soy sauce i have several recipes that give soy sauce as an alternative ingredient i must say using this in those recipes made it so much better i also put a squirt in my ramen or udon noodles yum sooooo gooood,neutral
60688,B003QNJYXM,A2EACHU71ZO56Y,ES,0,2,1,1320710400,Tastes horrible not worth it,"I got the energy boost of drinking a cup of coffee, however had to hold my nose while drinking it it was so bad. Sticking to coffee which isn't great but is much cheaper and doesn't have all these chemical additives.",negative,i got the energy boost of drinking a cup of coffee however had to hold my nose while drinking it it was so bad sticking to coffee which isn t great but is much cheaper and doesn t have all these chemical additives,negative
235001,B000KV7ZGQ,AH2EYQ1UGKY02,ccabiya,2,2,4,1334102400,Love it for most dogs,"I've used this product, and others from Premier, for years.  For most dogs it's GREAT (I've fostered dogs and have my own).  I have both the small and medium sizes, which actually both work well for my 50 pound dog but I change them based on the size of kibble I feed.<br /><br />I like that they changed from the plastic-type ""rope"" which could easily be chewed and swallowed, but I don't like the new cotton rope - it's simply too difficult to clean and doesn't dry quickly enough.  I cut it off, purchased a piece of non-toxic acrylic rope, and have been satisfied (just have to tie the ends and burn them so they don't unravel).<br /><br />Kind of a pain to have to get a different rope and wish they would change it, but the replacement only cost me 50 cents.  The jug itself is more durable in the medium size than small, but I use it in a crate that has thick soft bedding now and has lasted almost a year so far.  When my dogs used it on hard floors the bottom of it cracked, although that was after 5 months.<br /><br />There were a couple very powerful chewers that managed to break the tops of these easily (I prefer the <a href=""http://www.amazon.com/gp/product/B003ALMW0M"">Kong Wobbler Dog Toy</a> or the <a href=""http://www.amazon.com/gp/product/B003SLWJ1G"">Premier Busy Buddy Linkables Dog Toys Value Pack</a> for them).  However in general they've worked out great and my dogs love them.  You can try making it more challenging by adding a rubber ball inside or pieces of carrots.",positive,i ve used this product and others from premier for years for most dogs it s great i ve fostered dogs and have my own i have both the small and medium sizes which actually both work well for my pound dog but i change them based on the size of kibble i feed i like that they changed from the plastic type rope which could easily be chewed and swallowed but i don t like the new cotton rope it s simply too difficult to clean and doesn t dry quickly enough i cut it off purchased a piece of non toxic acrylic rope and have been satisfied just have to tie the ends and burn them so they don t unravel kind of a pain to have to get a different rope and wish they would change it but the replacement only cost me cents the jug itself is more durable in the medium size than small but i use it in a crate that has thick soft bedding now and has lasted almost a year so far when my dogs used it on hard floors the bottom of it cracked although that was after months there were a couple very powerful chewers that managed to break the tops of these easily i prefer the kong wobbler dog toy or the premier busy buddy linkables dog toys value pack for them however in general they ve worked out great and my dogs love them you can try making it more challenging by adding a rubber ball inside or pieces of carrots,negative
528384,B005ZFTV0K,A2LG8ZEU3WUPD0,Davi,0,0,5,1340150400,Perfect holiday gift,Bought these for my 75 yr old father who has everything!  He truly enjoyed them and said they were delivered very quickly.,positive,bought these for my yr old father who has everything he truly enjoyed them and said they were delivered very quickly,positive
297701,B004XC6M6W,A2J2M9SJ0NWGBU,William L Trommelen,0,0,5,1332892800,A great smooth flavor,"Russian Caravan is by far my favorite style of tea. For a long time it was very hard to find and I went to great lengths to procure every brand I could find. Simpson and Vail is int he top two of the brands I have found and arguably the best.<br />When I saw that I could now acquire this on amazon I was very happy.<br />One final note on preparation, DO NOT OVERHEAT! this tea can get bitter if your water is too hot.",positive,russian caravan is by far my favorite style of tea for a long time it was very hard to find and i went to great lengths to procure every brand i could find simpson and vail is int he top two of the brands i have found and arguably the best when i saw that i could now acquire this on amazon i was very happy one final note on preparation do not overheat this tea can get bitter if your water is too hot,positive
242300,B000KGW28M,A383XURHVF8ON6,Mrs. Kilo Delta,1,1,5,1249257600,"My word, these are good.... carb-o-licious!","As others have stated, these are baked but they still have a hearty amount of fat and calories in them.  However, they are oh so tasty.  They're worthy of my ""OMG, instant love"" rating for snacks.  I love cinnamon & sugar anything, and these don't disappoint.<br /><br />My sister had a creative use for these chips one evening when we were over for dinner.  She served tacos for dinner, and for dessert these pita chips were topped with a scoop of vanilla ice cream.  Perfect!  It was just like apple pie with vanilla ice cream only the pita chips are better because I don't like apples in my apple pie.  :)<br /><br />If you like cinnamon sugar, chances are you'll like Stacy's pita chips.",positive,as others have stated these are baked but they still have a hearty amount of fat and calories in them however they are oh so tasty they re worthy of my omg instant love rating for snacks i love cinnamon sugar anything and these don t disappoint my sister had a creative use for these chips one evening when we were over for dinner she served tacos for dinner and for dessert these pita chips were topped with a scoop of vanilla ice cream perfect it was just like apple pie with vanilla ice cream only the pita chips are better because i don t like apples in my apple pie if you like cinnamon sugar chances are you ll like stacy s pita chips,positive
101284,B000IUPND6,A3C6XD5GSY81KB,hypoxic#1,1,2,5,1195603200,Just like root beer,I thought this tasted great.  I let several people taste it and they thought it was real root beer.,positive,i thought this tasted great i let several people taste it and they thought it was real root beer,positive
182316,B001EO5Q4G,A1J2ZDH9W61UWJ,SmokinDawg,0,1,1,1320883200,People are crazy,This is horrible! DO NOT BUY! This coffee tastes nothing like something from Maui nor has it sat even near to a vanilla bean or any kind of nut! You'd be better off buying foldger's or maxwell house. It was over roasted\scortched and ground way too fine. I cant believe anyone liked this at all! I have to believe the positive reviews are from friends and relatives. what a waste of my money.,negative,this is horrible do not buy this coffee tastes nothing like something from maui nor has it sat even near to a vanilla bean or any kind of nut you d be better off buying foldger s or maxwell house it was over roasted scortched and ground way too fine i cant believe anyone liked this at all i have to believe the positive reviews are from friends and relatives what a waste of my money,negative
18098,B008ZRKZSM,A8MUIEUF5C48Z,Charity Smith,0,0,5,1330128000,"All the Yum of PB, But Fewer Calories","My best friend introduced me to this product some time ago. I really love that I can sprinkle it on anything or even bake with it, sans all the guilt of regular PB. In fact, this is the only PB I can keep in my house!",positive,my best friend introduced me to this product some time ago i really love that i can sprinkle it on anything or even bake with it sans all the guilt of regular pb in fact this is the only pb i can keep in my house,negative
568396,B001EQ5O6Y,A2NEOGFAJDJMFV,SUZANNE L. ARASIM,0,0,5,1279411200,"Very handy, yummy too","My mom-in-law had rec'd 1 box of these in a gift box, but couldn't find more when she found she enjoyed the convenience of them in her hot tea & on toast.  She said the straws are just the right amount, they are less messy & the honey keeps longers than in a jar.  A 6-pk was a great surprise for her.  The price was reasonable for a convenience item.",positive,my mom in law had rec d box of these in a gift box but couldn t find more when she found she enjoyed the convenience of them in her hot tea on toast she said the straws are just the right amount they are less messy the honey keeps longers than in a jar a pk was a great surprise for her the price was reasonable for a convenience item,positive
115110,B000F4F95M,A246HSYTSTXORZ,Carlos Trejo,0,0,5,1350086400,"Smooth, tasty, sofisticated","Twining's is know for making some of the best teas you can find on the average price range, and this Darjeeling is not exception.<br />Sure, you can get much better teas for 5x the price, but if you want to get your money's worth I honestly think this is one of the best.<br />The Darjeeling has a softer, smoother flavor than most black teas, it's good with cream, milk or just water. I don't know about the amount of caffeine but I bet it's on the low levels.",positive,twining s is know for making some of the best teas you can find on the average price range and this darjeeling is not exception sure you can get much better teas for x the price but if you want to get your money s worth i honestly think this is one of the best the darjeeling has a softer smoother flavor than most black teas it s good with cream milk or just water i don t know about the amount of caffeine but i bet it s on the low levels,positive
399827,B002IEVJRY,ALDAF4VVLFRHP,Patricia L. Brouillette,0,0,4,1338854400,Ideal for a hot summer day,"This is a,great idea to stick in the refrigator and keep cool till it is time to drink. It taste just like a regular cappuccino, just cold.  It has a little sugar already, although my own personal taste would prefer a little more sweetened. It is a nice for if you are on the go and you don't have the time to make your own or stop to buy one.",positive,this is a great idea to stick in the refrigator and keep cool till it is time to drink it taste just like a regular cappuccino just cold it has a little sugar already although my own personal taste would prefer a little more sweetened it is a nice for if you are on the go and you don t have the time to make your own or stop to buy one,negative
540424,B0000DG4NJ,A3PV2852O70ZQT,S. Meister,2,2,4,1318204800,Just right!,"This product is awesome! I love the eye dropper bottle, it allows you to just put a few drops in or a whole lot!",positive,this product is awesome i love the eye dropper bottle it allows you to just put a few drops in or a whole lot,positive
542920,B000CR41MY,A1D7SKBDFLSKFX,"N. Albanese-levin ""Healthy Girl""",1,2,5,1225584000,the only popcorn we eat!,"love this popcorn, just a hint of butteriness and not too salty. definitely not artificial tasting-because there is nothing artificial in it! that's why we eat it. popcorn has good fiber, and is a healthy snack not ful of white flour or sugar.",positive,love this popcorn just a hint of butteriness and not too salty definitely not artificial tasting because there is nothing artificial in it that s why we eat it popcorn has good fiber and is a healthy snack not ful of white flour or sugar,positive
405736,B005K4Q4LK,A2VQ6PV3CLQ20C,J. Gridley,2,2,1,1329091200,Disgusting,This is NOT coffee!<br />It was also not what I expected.<br />No where in the description does it say that it contains hydrogenated oils!<br />I brewed one cup - it looked and smelled like dirty dish water.<br />I threw the entire box out.<br />I want my money back :(,negative,this is not coffee it was also not what i expected no where in the description does it say that it contains hydrogenated oils i brewed one cup it looked and smelled like dirty dish water i threw the entire box out i want my money back,negative
101647,B006AAJVT0,A2S95NA42ZJR7D,Josã A. Garcia,0,0,4,1338595200,"Best tasting, but...","Best tasting. Much better than cane sugar or honey, but It says in the label for this product that it has 0 carbs. I find this to be far fetched. Is there a way for the vendor to post the Nutritional information for this product here? How about ingredients, because it is known that some manufacturers mix this with cane sugar. Is this palm sugar 100% Palm / cane sugar or Palm sugar / Jaggery?",positive,best tasting much better than cane sugar or honey but it says in the label for this product that it has carbs i find this to be far fetched is there a way for the vendor to post the nutritional information for this product here how about ingredients because it is known that some manufacturers mix this with cane sugar is this palm sugar palm cane sugar or palm sugar jaggery,negative
297814,B002Q0Z8F4,A3DQBV9X494I4D,Marjorie L. Currin,0,0,1,1302220800,My cats won't eat them,My reclaimed feral cats normally mob me for treats.  These are very hard and must not have a good taste.  I was really disappointed that Halo would produce something this bad and that Amazon would sell it.,negative,my reclaimed feral cats normally mob me for treats these are very hard and must not have a good taste i was really disappointed that halo would produce something this bad and that amazon would sell it,negative
430178,B0012ZX18A,A3A03I3P91BGH4,D. M. Pepper,0,1,1,1294099200,Love these but?,"Im not sure.. but think I got some kind of mouth irritation from these candies.. they are superb tasting and seem to be ok..but they have a funny smell and my mouth ,gums, throat and tongue were irritated really bad after a few days of munching on say .. maybe 7 to 10 of these a day.. it could just be a coincidence but Its gone away since I stopped eating them.. Otherwise.. large amount but order more than one so you get your money's worth in shipping..",negative,im not sure but think i got some kind of mouth irritation from these candies they are superb tasting and seem to be ok but they have a funny smell and my mouth gums throat and tongue were irritated really bad after a few days of munching on say maybe to of these a day it could just be a coincidence but its gone away since i stopped eating them otherwise large amount but order more than one so you get your money s worth in shipping,negative
358013,B000PBHER6,A1OVNK1CFA0IMH,M. Nichols,0,0,4,1200096000,Fast - spicy - good,"This is a little spicier than I expected, but we found it to be a good product.  Good accompaniment to egg foo yung, or other non-spicy dish.",positive,this is a little spicier than i expected but we found it to be a good product good accompaniment to egg foo yung or other non spicy dish,positive
87840,B008O3G25W,A1U1ALQQMB6J22,J. Beardsley,1,2,5,1317081600,Whoa!  My Dog REALLY Likes this Thing!,"When I received this ""Lickety Stik"", I really wasn't sure what to expect with my dog.  Turns out I had nothing to worry about - he is CRAZY about it.  If I even go near the bottle he starts wagging his tail and giving me the excited look.  One aspect about this doohickey I really like is that you can use it as a reward for your pet, without constantly having to give him a biscuit or similar treat; just a lick off the Lickety Stik will do the trick!  The occasional biscuit and treat is okay, but this is much better for active training.  Highly recommend, though you may want to shy away from trying it yourself.",positive,when i received this lickety stik i really wasn t sure what to expect with my dog turns out i had nothing to worry about he is crazy about it if i even go near the bottle he starts wagging his tail and giving me the excited look one aspect about this doohickey i really like is that you can use it as a reward for your pet without constantly having to give him a biscuit or similar treat just a lick off the lickety stik will do the trick the occasional biscuit and treat is okay but this is much better for active training highly recommend though you may want to shy away from trying it yourself,positive
19198,B001E5E20O,A1FVEQ03ISGC6A,Anne-Marie Scholer,0,0,4,1338768000,yummy tea,"I found this tea to be excellent.  The only reason for the 4 stars, instead of 5, was that I had to resort to a shop vise and a wrench to get one of the 3 containers open. There is such a thing as too well sealed!",positive,i found this tea to be excellent the only reason for the stars instead of was that i had to resort to a shop vise and a wrench to get one of the containers open there is such a thing as too well sealed,negative
209411,B008EG587C,A3QRCK8DL8XYF5,ASA,0,0,5,1328572800,Yummy!,"Great cereal.  Obviously this can be found in almost every grocery store, but I live in a very rural area, so get this at a great price shipped to my door is wonderful.",positive,great cereal obviously this can be found in almost every grocery store but i live in a very rural area so get this at a great price shipped to my door is wonderful,positive
40633,B00020HHRW,A3LX57I5OKG70V,Rachel W,2,3,3,1336694400,Interesting taste,"I read about the benefits of Pau D'Arco tea and decided to give it a try. It's hard to find this tea in the market. The Whole Foods near my house doesn't have it either.<br /><br />The taste of this herbal tea is interesting: it's got a hint of sweetness with a very slight medicinal bitterness. Feels quite dry and alkaline to me. Color is light brown. Not particularly delightful or tasty, neither does it have a strong, captivating aroma like the Japanese roasted green tea - it's just weird beyond description. Reminds me of dried summer leaves. Not unpleasant though; I am still glad that I tried it!",neutral,i read about the benefits of pau d arco tea and decided to give it a try it s hard to find this tea in the market the whole foods near my house doesn t have it either the taste of this herbal tea is interesting it s got a hint of sweetness with a very slight medicinal bitterness feels quite dry and alkaline to me color is light brown not particularly delightful or tasty neither does it have a strong captivating aroma like the japanese roasted green tea it s just weird beyond description reminds me of dried summer leaves not unpleasant though i am still glad that i tried it,negative
79457,B003TNANSO,ANUEIQBZQFNVE,"S. Bennett ""alwayzl8""",0,0,5,1285545600,A new favorite for me!,"I really enjoy these bars.  I ordered the cashew-almond bars as well, but much prefer the cranberry/almond.  The cranberry just adds that extra bit of flavor, plus I have a sweet tooth.  I am a borderline diabetic, and I like how these bars are low-glycemic. The last thing I need is a sugar rush.",positive,i really enjoy these bars i ordered the cashew almond bars as well but much prefer the cranberry almond the cranberry just adds that extra bit of flavor plus i have a sweet tooth i am a borderline diabetic and i like how these bars are low glycemic the last thing i need is a sugar rush,positive
551164,B002XPNGGK,A2BYMZ09DS2T0B,"Phillip Fielder ""chad""",2,6,1,1304899200,TOO MUCH  SODIUM/SALT,"EXCELLENT  FISH ;  DESTROYED BY:  TOO MUCH SALT/SODIUM(900MG per 2oz.) =  OVERKILL &  SLOW DEATH IN A  CAN IF YOU EAT THEM OFTEN ;  THIS  IS  ""INSANE"" ,  WHY SO MUCH SODIUM/SALT  ;  LASTEST ""REVISED""  RECOMMENDATION  /  DAILY  ALLOWANCE  , NOW  ""LOWERED""  to  1500MG  PER  DAY  ;  THE  AMOUNT OF  SALT/SODIUM  IN THIS  PRODUCT  IS  ""DEVESTATING/DEGERERATIVE"" TO THE HUMAN  BODY(HEALTH) ;  BOYCOTT IS  ""RECOMMENDED""  TILL KING  OSCAR  ""GETS IT""  ;  ITS ""VERY DANGEROUS"" TO  YOUR HEALTH !!!  ITS THE  TRUTH  FOR YOU TO KNOW &  UNDERSTAND ........ I  GIVE THE ANCHOVIES 5.0 STARS , THE SALT CONTENT = -5.0 STARS  RESULTING IN:  0  RATING  ........",negative,excellent fish destroyed by too much salt sodium mg per oz overkill slow death in a can if you eat them often this is insane why so much sodium salt lastest revised recommendation daily allowance now lowered to mg per day the amount of salt sodium in this product is devestating degererative to the human body health boycott is recommended till king oscar gets it its very dangerous to your health its the truth for you to know understand i give the anchovies stars the salt content stars resulting in rating,negative
388605,B001AHKYYO,A2Y7BSQG9V3LNG,James M. Bailey,0,0,4,1325548800,Tastes Okay,I add this to cereal and fresh fruits and it seems to add a good flavor.  It is expensive though.,positive,i add this to cereal and fresh fruits and it seems to add a good flavor it is expensive though,positive
171683,B000PGJ4LA,A3TKA7DBGO394J,firebomb,8,9,5,1304726400,Outstanding,"It's an outstanding product, I used this and another product on a trip to South Dakota and never once had a single bug touch me, what I really love about this is the climbers clasp attached to it, you can rig it to you anywhere, and after it's used just remove the clasp and you have a key ring!<br /><br />Good value, function and recycling all in one.<br />I think you could do allot worse than this right here.<br />If you're planing a trip and need to kick the bugs off your turf ""body"", I say go for it, the stuff may need to be rubbed on, but there's no chance of failure like there is with a pump bottle.<br /><br />Awesome item.<br />Bugs ante'  going to touch me xD",positive,it s an outstanding product i used this and another product on a trip to south dakota and never once had a single bug touch me what i really love about this is the climbers clasp attached to it you can rig it to you anywhere and after it s used just remove the clasp and you have a key ring good value function and recycling all in one i think you could do allot worse than this right here if you re planing a trip and need to kick the bugs off your turf body i say go for it the stuff may need to be rubbed on but there s no chance of failure like there is with a pump bottle awesome item bugs ante going to touch me xd,negative
145533,B003D4F1QS,A14S1UK8PSIXXN,D. Warner,0,0,3,1347580800,Has STASH tea become weaker in flavor?,"It how takes three to four tea bags and steeping for at least half hour for me to get a large mug of licorice spice tea.  This was always my favorite tea, however I have noticed a decline in the strength over the last year or two.  However, the price is right.",neutral,it how takes three to four tea bags and steeping for at least half hour for me to get a large mug of licorice spice tea this was always my favorite tea however i have noticed a decline in the strength over the last year or two however the price is right,positive
223454,B002QGK2V8,A2BQJBDRL94PY1,"Amanda ""~Manda~""",0,0,2,1320192000,Does Not Taste Like Kahlua,The coffee is extremely strong which was one of the first problems for me. The biggest problem/disappointment was that it did not give me any Kahlua flavor at all. I never once got anything that tasted like Kahlua. After I added actually Kalhua was when I tasted it but that does not work well for the morning before heading to work.,negative,the coffee is extremely strong which was one of the first problems for me the biggest problem disappointment was that it did not give me any kahlua flavor at all i never once got anything that tasted like kahlua after i added actually kalhua was when i tasted it but that does not work well for the morning before heading to work,negative
152047,B00141R0IO,A16AXQ11SZA8SQ,"MamaBear007 ""MamaBear007""",0,0,1,1233532800,My dogs won't eat this!,"My dogs love the Dogswell supplements made from chicken, so I assumed they'd also like the sweet potato supplements.  Neither of them would eat it!  Even my aggressive chewing lab didn't like these.  They're almost impossible to chew (unless I soak them in boiling water for at least 30 minutes, which presumably would leech the nutrients from the chews).  When the lab first tried these, they cut her gums, and when she would leave pieces of the chew on the floor, if I stepped on them before noticing them, they'd cut my foot!  I noticed this about ALL the varieties of Dogswells Sweet Potato Chews.  I threw them all out.",negative,my dogs love the dogswell supplements made from chicken so i assumed they d also like the sweet potato supplements neither of them would eat it even my aggressive chewing lab didn t like these they re almost impossible to chew unless i soak them in boiling water for at least minutes which presumably would leech the nutrients from the chews when the lab first tried these they cut her gums and when she would leave pieces of the chew on the floor if i stepped on them before noticing them they d cut my foot i noticed this about all the varieties of dogswells sweet potato chews i threw them all out,negative
399280,B0049TZA26,A3LCW8F0MJKAQE,Coopersmith,3,3,5,1335657600,Happy to get granulated garlic grown in U.S.A.!!!,"Very good product.  So glad to get garlic grown in U.S.A.  Even in Gilroy, California, which I thought was the garlic-growing capital of the world, they now sell (fresh) garlic grown in China.  Hard to believe, but true.  Whatever garlic powder you're buying off the supermarket shelf is also probably grown in China.",positive,very good product so glad to get garlic grown in u s a even in gilroy california which i thought was the garlic growing capital of the world they now sell fresh garlic grown in china hard to believe but true whatever garlic powder you re buying off the supermarket shelf is also probably grown in china,positive
418471,B003N0ZEKU,A3IDIHHD561EIM,Sherri,0,0,4,1347321600,A Good Flavor,"Most of the Gloria Jean's flavors I am not a big fan of, but this one would be the exception. I really enjoyed the flavor and it was a nice change from my normal routine. Plus the price is very nice.",positive,most of the gloria jean s flavors i am not a big fan of but this one would be the exception i really enjoyed the flavor and it was a nice change from my normal routine plus the price is very nice,positive
284175,B0051COPH6,A3FQZH8PJB535A,"SZAA ""Lover of All Things Written""",0,0,4,1334620800,"Happy baby, happy mama!","My son just recently started eating baby food, all made at home. I wanted to try something that was a bit more portable and didn't require refrigeration, so when we travel it's still easy to feed. These purees definitely fit the bill. They're healthy, totally portable, easy to throw in a bag, and my son loves them. We've tried two flavors now and have enjoyed both.<br /><br />My son even feeds himself, straight from the package. He's anxious to eat it as soon as he sees the green packaging! I do remove and discard the cap immediately, as it's quite small and could pose a choking hazard.<br /><br />The serving size is great and I love that they're made with organic ingredients. I'm not thrilled with the price, which is why I knocked this down to 4 stars, rather than 5. It's a great product, but super pricy for what you get.<br /><br />I would love to see more flavors that don't include fruit as a sweetener. Veggies can be fine on their own and my son loves to nibble on the veggies I've made him at home. Fruit is great, but some plain vegetable flavors would be nice too.",positive,my son just recently started eating baby food all made at home i wanted to try something that was a bit more portable and didn t require refrigeration so when we travel it s still easy to feed these purees definitely fit the bill they re healthy totally portable easy to throw in a bag and my son loves them we ve tried two flavors now and have enjoyed both my son even feeds himself straight from the package he s anxious to eat it as soon as he sees the green packaging i do remove and discard the cap immediately as it s quite small and could pose a choking hazard the serving size is great and i love that they re made with organic ingredients i m not thrilled with the price which is why i knocked this down to stars rather than it s a great product but super pricy for what you get i would love to see more flavors that don t include fruit as a sweetener veggies can be fine on their own and my son loves to nibble on the veggies i ve made him at home fruit is great but some plain vegetable flavors would be nice too,positive
440102,B005ZBZLSU,A2468IYEGYK10X,CookieK,0,0,4,1348790400,Not a Bad Cup of Coffee,"I was looking for a cheaper alternative to the high priced K-Cups so I decided to try San Francsisco Bay French Roast coffee. First, the price is right. I read all the reviews of this brand so I knew what to expect regarding appearance and storage. I must say, it really is not a bad cup of coffee. I usually drink Newman's own K-cups and, in my opinion, Newman's Own is a better cup of coffee. However, if you are looking for a cheaper alternative, I would give San Francisco Bay French Roast a try. Try a smaller box to try it out first.",positive,i was looking for a cheaper alternative to the high priced k cups so i decided to try san francsisco bay french roast coffee first the price is right i read all the reviews of this brand so i knew what to expect regarding appearance and storage i must say it really is not a bad cup of coffee i usually drink newman s own k cups and in my opinion newman s own is a better cup of coffee however if you are looking for a cheaper alternative i would give san francisco bay french roast a try try a smaller box to try it out first,positive
274123,B000FFIIUO,A149QJQ7IZAPYK,Christel Block,4,4,1,1174262400,Not for capped teeth!,"Extremely hard-not our favorite.  We have always been pleased with Ener-G foods, but this was a bitter disappointment.",negative,extremely hard not our favorite we have always been pleased with ener g foods but this was a bitter disappointment,negative
531871,B005K4Q34S,ALDAF4VVLFRHP,Patricia L. Brouillette,0,0,5,1327708800,"Wonderful taste, warms and wakes me up on those cold winter mornings","I got this since I enjoy cappuccino. I like the fact that I can make these at home, and one cup at a time so that I can make them when I am actually ready for it and it is not sitting around getting cold or old. It has just the right amount of Hazelnut. Living in UpState New York, our mornings can be cold and hard to get up in the morning. This is great to help in the morning.",positive,i got this since i enjoy cappuccino i like the fact that i can make these at home and one cup at a time so that i can make them when i am actually ready for it and it is not sitting around getting cold or old it has just the right amount of hazelnut living in upstate new york our mornings can be cold and hard to get up in the morning this is great to help in the morning,positive
493242,B003TC7WN4,A230IB6KZBNHZY,"Andrew ""Andrew""",3,3,5,1344556800,Great balance,"I'm not a coffee snob. If I was, I doubt I'd own a Keurig. I just want a decent tasting cup of coffee with little cleanup.<br /><br />I've tried many of the flavored coffees, but they're too gimmicky for me. Starbucks brand tastes burnt to me, even their blonde roast -- in stores I mean, I have not tried the Starbucks brand kcups.<br /><br />I like this breakfast blend because it's not too dark, not too light. It tastes like what no-frills coffee should taste like. I order the biggest size to get the best value.<br /><br />Update: I just tried to create a review for the ""Jamaica Me Crazy"" coconut flavor, which I thought was terrible. (And I *love* coconut.) I should specify that the original review was for ""Breakfast in Bed.""",positive,i m not a coffee snob if i was i doubt i d own a keurig i just want a decent tasting cup of coffee with little cleanup i ve tried many of the flavored coffees but they re too gimmicky for me starbucks brand tastes burnt to me even their blonde roast in stores i mean i have not tried the starbucks brand kcups i like this breakfast blend because it s not too dark not too light it tastes like what no frills coffee should taste like i order the biggest size to get the best value update i just tried to create a review for the jamaica me crazy coconut flavor which i thought was terrible and i love coconut i should specify that the original review was for breakfast in bed,negative
302605,B000KGW27S,A1AG7JAJUY175Y,"Busy Mom ""Busy Mom""",1,2,5,1221436800,tastes great,Product came quickly and in great condition. They taste great.  The bags are larger than the little snack bags of chips I usually get. I am very pleased.,positive,product came quickly and in great condition they taste great the bags are larger than the little snack bags of chips i usually get i am very pleased,positive
537408,B0034EFIYC,A3229INHDPGX0K,Daisy1381,0,0,5,1350086400,Yummy!,"I love KIND bars; yummy, relatively few ingredients, gluten free, lower in sugar -- and definitely get a break on the price with the box deal!!",positive,i love kind bars yummy relatively few ingredients gluten free lower in sugar and definitely get a break on the price with the box deal,positive
68930,B0018KR8V0,A3T0OTH5072YRE,"M. Reynard ""kairosdreaming""",1,1,5,1336608000,Larabar Key Lime Pie,"Yum!  This was my first experience with a Larabar and I really liked it.  I love key lime pie to begin with, so I was beyond excited to find a bar in that flavor.<br /><br />While it didn't taste exactly like a Key Lime Pie, this bar did have a lot of lime flavor.  It also had some crunchy nuts that contrasted nicely with the almost fruit chews texture of the rest of the bar.  I also was able to taste the hint of coconut in there as well.  Between those three flavors, it tasted very fresh and almost like I was eating a fruit salad in bar form.  Definitely a pleasant experience.<br /><br />The ingredient list on this bar is phenomenal.  Only 5 ingredients are in it:  dates, cashews, almonds, coconut, and lime juice.  That's it, no hard to pronounce ingredients, no added sweeteners, just plain food that is easily recognized by just about anyone.  In fact, according to the package, because of those ingredients, this bar equals 1/4 of a cup of fruit.<br /><br />Nutrition wise, this bar is about on par with most other fitness bars.  It has 220 calories, which is high for a snack but good for if you're working out or as a meal replacement.  Sugars are high, 24 grams, but at least it's from all natural foods and not because they dumped a pile of sugar in the bar.  There's also some vitamins hiding in there, but those too aren't from vitamins injected into the food.<br /><br />A pretty good bar.  I'm eager to try out the other Larabars and see if they're just as good.  And I know I'll definitely be buying this one again.<br /><br />Review by M. Reynard 2012",positive,yum this was my first experience with a larabar and i really liked it i love key lime pie to begin with so i was beyond excited to find a bar in that flavor while it didn t taste exactly like a key lime pie this bar did have a lot of lime flavor it also had some crunchy nuts that contrasted nicely with the almost fruit chews texture of the rest of the bar i also was able to taste the hint of coconut in there as well between those three flavors it tasted very fresh and almost like i was eating a fruit salad in bar form definitely a pleasant experience the ingredient list on this bar is phenomenal only ingredients are in it dates cashews almonds coconut and lime juice that s it no hard to pronounce ingredients no added sweeteners just plain food that is easily recognized by just about anyone in fact according to the package because of those ingredients this bar equals of a cup of fruit nutrition wise this bar is about on par with most other fitness bars it has calories which is high for a snack but good for if you re working out or as a meal replacement sugars are high grams but at least it s from all natural foods and not because they dumped a pile of sugar in the bar there s also some vitamins hiding in there but those too aren t from vitamins injected into the food a pretty good bar i m eager to try out the other larabars and see if they re just as good and i know i ll definitely be buying this one again review by m reynard,positive
296320,B000S11CTY,A1TB98JFAQN9R7,Mamoru Yamanishi,0,0,5,1207267200,"""Soba"" noodle","This flour is suitable for making ""soba"" noodle.<br /><br />I can buy whole flour of backwheat, which seems much strong soba flavour, at the local store.  However, this contains too much fiber and its noodle is nothing eatable.  On the other hand, this flour is made from buckwheat without pericycle and the noodle is ""soba"".<br /><br />On each weekend, I enjoy home made ""soba"" here Nebraska.",positive,this flour is suitable for making soba noodle i can buy whole flour of backwheat which seems much strong soba flavour at the local store however this contains too much fiber and its noodle is nothing eatable on the other hand this flour is made from buckwheat without pericycle and the noodle is soba on each weekend i enjoy home made soba here nebraska,negative
276379,B00060O4DS,A26HFSVLAGULIM,"Heather L. Parisi ""Robert and Heather Parisi""",0,0,5,1157155200,"TERRIFIC TASTE AND HEALTH BENEFITS TOO -- SMALL SIZE ASSURES FRESHNESS WHEN YOU USE IT!,","IN A NUTSHELL: THE CORNERSTONE OF THE MEDITERRANEAN DIET<br /><br />This Goya ""EXTRA VIRGIN OLIVE OIL"" is one of the smartest buys one can make. This is ""Extra-Virgin Olive Oil, Imported from Spain and is stated to be ""All Natural & Cold Pressed"". Bear in mind that ""All Natural"" is not ""Certified Organic"".<br /><br />WHAT EXTRA VIRGIN OLIVE IS USED FOR:<br /><br />That being said, this is not an oil for cooking, as it has a very low smoke point. It is excellent for salads and for marinating and boasts a pretty low acid level. For cooking try their ""Extra Light"" product as it has a much higher smoke point.<br /><br />HEALTH BENEFITS: CARDIO-PROTECTIVE<br /><br />PROVEN PROTECTION AGAINST ATHEROSCLEROSIS:<br /><br />Eating foods high in alpha-linolenic acid (ALA), [found in Olive, canola & flaxseed oil] will increase the blood levels of omega-3 fatty acids. ALA has been shown to confer a large measure of protection against atherosclerosis. As part of the ""Mediterranean"" diet, researchers used products high in ALA, and found that the ALA reduced the risk of dying from heart disease by 70% over the first 27 months.<br /><br />Canola and Peanut oil also contain large amounts of ALA and are similarly cardio-protective. The presence of a larger proportion of ""mono-saturated fats"" is central to the cardio-protective properties of the oil.<br /><br />-----*- NO Cholesterol -- -*- No Trans-Fat<br /><br />WHICH SIZE IS BEST FOR YOU?<br /><br />This and most of their conventional oils are available at most groceries and this exact product sells for about $3. for 8 ounces. However, it does vary regional and depending on the packaging [bottle or tin] may cost somewhat less by volume. Bear in mind, that Olive will become rancid if you store it for prolonged periods. You can, however, extend this period by keeping the oil in a cool and dry place, preferably dark. Also, don't buy the largest containers unless you can finish them within 1-2 months. Smaller containers like this 8 ounce bottle may be more costly per volume than the liter or gallon size containers, but the oil will be fresh when you use it and that is critical.<br /><br />[I AM NOT AFFILIATED WITH ANY PRODUCT OR COMPANY]",positive,in a nutshell the cornerstone of the mediterranean diet this goya extra virgin olive oil is one of the smartest buys one can make this is extra virgin olive oil imported from spain and is stated to be all natural cold pressed bear in mind that all natural is not certified organic what extra virgin olive is used for that being said this is not an oil for cooking as it has a very low smoke point it is excellent for salads and for marinating and boasts a pretty low acid level for cooking try their extra light product as it has a much higher smoke point health benefits cardio protective proven protection against atherosclerosis eating foods high in alpha linolenic acid ala found in olive canola flaxseed oil will increase the blood levels of omega fatty acids ala has been shown to confer a large measure of protection against atherosclerosis as part of the mediterranean diet researchers used products high in ala and found that the ala reduced the risk of dying from heart disease by over the first months canola and peanut oil also contain large amounts of ala and are similarly cardio protective the presence of a larger proportion of mono saturated fats is central to the cardio protective properties of the oil no cholesterol no trans fat which size is best for you this and most of their conventional oils are available at most groceries and this exact product sells for about for ounces however it does vary regional and depending on the packaging bottle or tin may cost somewhat less by volume bear in mind that olive will become rancid if you store it for prolonged periods you can however extend this period by keeping the oil in a cool and dry place preferably dark also don t buy the largest containers unless you can finish them within months smaller containers like this ounce bottle may be more costly per volume than the liter or gallon size containers but the oil will be fresh when you use it and that is critical i am not affiliated with any product or company,positive
186705,B00474CSVE,A2QMFO9DX086UH,C. Russell,0,0,5,1338249600,"Yummy coffee, great price!","I've purchased this coffee twice through Amazon.  Both times, I received a great price.  Buying the 96-count was the cheapest route.  My husband loves this coffee!  We highly recommend it!",positive,i ve purchased this coffee twice through amazon both times i received a great price buying the count was the cheapest route my husband loves this coffee we highly recommend it,positive
50834,B0027Z5J6G,AJC30XBQL7MU6,"Just Me ""Customer""",9,9,5,1292803200,Great Coffee!!!,"Not much to say about this that hasn't been said in previous reviews.  I'll get to the point.<br />Full flavored, Smooth, Gives you that get up and go Caffeine Kick.<br /><br />Worth Every Penny.<br /><br />The three sisters blend is in the Top Three coffee's I've ever purchased.<br /><br />I will order again when I run out.",positive,not much to say about this that hasn t been said in previous reviews i ll get to the point full flavored smooth gives you that get up and go caffeine kick worth every penny the three sisters blend is in the top three coffee s i ve ever purchased i will order again when i run out,negative
504632,B007I7YZJK,A3VLCQX7NG1N0E,Erin O'Riordan,0,2,5,1333411200,Love it!,"What a great product - it's low-calorie, it's decaffeinated, it's a source of antioxidants and it tastes delicious. It's also convenient to pour this mix into a water bottle and shake it up. I don't see how Lipton could possibly improve on this.",positive,what a great product it s low calorie it s decaffeinated it s a source of antioxidants and it tastes delicious it s also convenient to pour this mix into a water bottle and shake it up i don t see how lipton could possibly improve on this,positive
164134,B000CQE3NM,A119BG4E0YL6G7,H. Boykin,7,7,5,1168819200,Relaxing with Green Chai tea,"Stash Green Chai Tea is delicious and very aromatic.  Wonderful  served plain, with honey.  It is even better with milk or half and half.",positive,stash green chai tea is delicious and very aromatic wonderful served plain with honey it is even better with milk or half and half,positive
403654,B0016BPX7W,A38FDLL2GT9F6E,"G. Heyde ""Java Junkie""",0,0,5,1319241600,You Cant Make Better Pie Crust! Seriously!!,"This makes the best pie crust ever. Maybe only better results if you use Lard. Every one raves about my pies! And most serious pie eaters know its the crust that makes the pie! Each box makes FOUR crusts, I think that is a bit of a stretch for a 9 inch pie, if you want a fancy fluted crust anyway.  I think it is much easier to work with if you<br />chill the dough 30-40 min, before rolling out, although directions do not suggest this. Anyway try it and see for yourself! no more pie crust intimidation , only beautiful and delicious pies!",positive,this makes the best pie crust ever maybe only better results if you use lard every one raves about my pies and most serious pie eaters know its the crust that makes the pie each box makes four crusts i think that is a bit of a stretch for a inch pie if you want a fancy fluted crust anyway i think it is much easier to work with if you chill the dough min before rolling out although directions do not suggest this anyway try it and see for yourself no more pie crust intimidation only beautiful and delicious pies,negative
61647,B001EO5R0Y,A76V5HMU5MQMC,"Alyson Davis ""Cooking RD""",0,0,4,1230163200,Gunpowder tea,"A very good bargain, this tea has a slightly different taste if you are used to regular sencha green tea, but it is worth the adjustment for the price savings!",positive,a very good bargain this tea has a slightly different taste if you are used to regular sencha green tea but it is worth the adjustment for the price savings,positive
128862,B0015PJ83Y,A1IDU6Q8HDD07B,"Johanna V. Murphy ""Johanna""",0,0,4,1273449600,Yummie Gummies,"Gummies were fresh and yummy, well packaged!<br />Only wish apo shipping were an option, I had to reroute<br />to another place to get here.",positive,gummies were fresh and yummy well packaged only wish apo shipping were an option i had to reroute to another place to get here,negative
503516,B00106WYPM,A1YRIVB577HAQP,blue-max,2,2,5,1320624000,Great Product,"We have two bachon's Frise Dogs who just love these. They only get one a day due to cost, otherwise they would eat the whole bag. Originaly we got these at Costco, however they do not carry them anymore.",positive,we have two bachon s frise dogs who just love these they only get one a day due to cost otherwise they would eat the whole bag originaly we got these at costco however they do not carry them anymore,negative
513656,B000VK33C6,A2YGSEWS2O6E0Q,aristagon,2,2,5,1260230400,Great Dog Food!,"Our dog LOVES this food!  He was having serious gastrointestinal problems that weren't clearing up -- until we started him on Newman's Own.  Since then, he has been regular, happy, and healthy.",positive,our dog loves this food he was having serious gastrointestinal problems that weren t clearing up until we started him on newman s own since then he has been regular happy and healthy,positive
452929,B003D4MYLS,A2V89XWLV3DCLB,"Z. Reynolds ""Tea Drinker""",0,0,5,1294617600,Stash Teas,"Since I have to drink decaf tea, it's great to find a company that will provide all my old favorites.  I enjoy having Earl Grey available and the price is great!",positive,since i have to drink decaf tea it s great to find a company that will provide all my old favorites i enjoy having earl grey available and the price is great,positive
320900,B0006ZN538,A2X2BUPGBTEXRV,karry,0,9,3,1298419200,better get at grocery store ?,"I purchased for making macarons and cookies. I have nothing to say in terms of quality and how they package the product.The reason for buying this online was I could not find it at grocery stores I usually go, but I eventually found similar product at wholefoods with the same range of price with the same quality...now I start wondering why I get this online.",neutral,i purchased for making macarons and cookies i have nothing to say in terms of quality and how they package the product the reason for buying this online was i could not find it at grocery stores i usually go but i eventually found similar product at wholefoods with the same range of price with the same quality now i start wondering why i get this online,negative
539875,B001E4Q5GO,A1L5E3WYWSIQ7K,"Mary T. Graffeo ""book lover""",0,0,5,1240617600,the best 25 calorie dessert!,"The Swiss Miss Hot Cocoa Diet mix is the best low calorie dessert I've found!  It's better than a chocolate bar, as it tastes as good and has only 25 calories, and cascium and Vitamin D.  What a great way to end a meal!  Highly recommended!",positive,the swiss miss hot cocoa diet mix is the best low calorie dessert i ve found it s better than a chocolate bar as it tastes as good and has only calories and cascium and vitamin d what a great way to end a meal highly recommended,positive
470817,B001ELL60W,A1VRAONHYUV3UF,jholman,0,0,5,1294704000,Waffle Mix,"We bought this mix due to all the positive reviews. They were right, it was so easy to use and tastes very good. However, I felt it was missing something.  So I added a Tsp of Vanilla Extract to the batter before cooking and it made them taste more like the Restaurant Waffles.<br /><br />Would I buy Golden Malted Pancake & Waffle Flour again, absolutely!",positive,we bought this mix due to all the positive reviews they were right it was so easy to use and tastes very good however i felt it was missing something so i added a tsp of vanilla extract to the batter before cooking and it made them taste more like the restaurant waffles would i buy golden malted pancake waffle flour again absolutely,positive
367006,B001AIQP8M,A2MH45450030H0,Shana Banana,0,0,5,1337385600,Great ginger snaps,"These ginger snaps have a great taste and texture. Spicy, not too sweet, crispy.  There is a hint of the funny, gritty texture that most GF baked goods have, but if you didn't know these were GF you wouldn't notice.<br /><br /> Will I buy again? Definitely.",positive,these ginger snaps have a great taste and texture spicy not too sweet crispy there is a hint of the funny gritty texture that most gf baked goods have but if you didn t know these were gf you wouldn t notice will i buy again definitely,positive
35055,B002DLXXHG,A2VWOA39RGPBY6,cheryl murray,8,12,1,1284681600,Do not purchase this product!,Upon receiving this product after my son had consumed some it was discovered that the bag was full of green mold!!  I wouldn't even give it one star but I had to if I wanted to be able to post this.,negative,upon receiving this product after my son had consumed some it was discovered that the bag was full of green mold i wouldn t even give it one star but i had to if i wanted to be able to post this,negative
31308,B0017D070M,ADVHXS0WWALSP,Mark Glover,2,2,4,1314230400,Who Knew?,"My daughter came home a few days ago from a playdate with a another couple of six-year-olds. One of the moms had these in a few flavors and they were a hit. They mainly taste of the seasoning, and if someone gave you one blindfolded, you swear it was just some normal bit of chex-mix.<br /><br />I'd rather my kiddo was eating bugs with some nutrition, vs. the same amount of candy.<br /><br />I say give it a try, what the hey!",positive,my daughter came home a few days ago from a playdate with a another couple of six year olds one of the moms had these in a few flavors and they were a hit they mainly taste of the seasoning and if someone gave you one blindfolded you swear it was just some normal bit of chex mix i d rather my kiddo was eating bugs with some nutrition vs the same amount of candy i say give it a try what the hey,negative
169418,B001EQ4ABO,AVZW6VXMGEYI9,"Milt H. Meyers Jr. ""Milt Meyers""",0,0,5,1291075200,really good freshest we have had,"this is the only twizzler my wife will eat and these are the freshest we could have found. The stores around here never has this flavor and when they do it's stale we will be buying from you all the while, thanks for having this and so many other things we love.",positive,this is the only twizzler my wife will eat and these are the freshest we could have found the stores around here never has this flavor and when they do it s stale we will be buying from you all the while thanks for having this and so many other things we love,positive
529057,B000DN8EZW,A1R08FJ1WQXM5V,mj,0,0,5,1325462400,Best instant coffee EVER!,"I drink this coffee everyday and I have for the past 7 or 8 years.  Luckily I can get it from the Asian Market for significantly less than the price on Amazon.  I have turned a lot of people to this coffee.  Their first reaction is ""EWWW INSTANT COFFEE!""  until they try it!  I can't stomach regular coffee too well, this is my alternative, it is easier on my stomach, but it wakes me up and tastes OH SO YUMMY!  I love Vinacafe!  If you can find is locally, I would recommend buying it that way and saving yourself a whole lot of money!",positive,i drink this coffee everyday and i have for the past or years luckily i can get it from the asian market for significantly less than the price on amazon i have turned a lot of people to this coffee their first reaction is ewww instant coffee until they try it i can t stomach regular coffee too well this is my alternative it is easier on my stomach but it wakes me up and tastes oh so yummy i love vinacafe if you can find is locally i would recommend buying it that way and saving yourself a whole lot of money,positive
438175,B000FFIEL2,A3J5LMV5W0YDA7,R. Donaldson,8,8,4,1173571200,"Super quick, tasty, portable, healthy lunch!!","I love this soup!  Other than the sodium content, which I agree is a bit high, this is a great, healthy, filling, convenient lunch.  Just takes some good hot water and a little wrist action to mix it up well.  I love that one container has 28 grams of fiber, 10 grams of protein and only 2 sugars! I love that it's vegan, and that it has %14 of the daily requirement for iron.  Great little tasty lunch!",positive,i love this soup other than the sodium content which i agree is a bit high this is a great healthy filling convenient lunch just takes some good hot water and a little wrist action to mix it up well i love that one container has grams of fiber grams of protein and only sugars i love that it s vegan and that it has of the daily requirement for iron great little tasty lunch,positive
212698,B00020HHAO,AZU4M5K1N2LAB,ILuvShoes!,9,9,5,1295395200,A must have if you have painful heavy periods,"I had very painful cramps with Very Heavy bleeding that lasted for 5 days! and this cycle repeated every 21 days! So I would have a full period twice a month!! I was miserable and had to schedule my life around my cycle, because I was doubled over in pain or afraid of the embarrasment of bleeding onto my clothes! A friend recomended drinking this tea and my life changed!! I no longer have ANY Cramps!! the bleeding has subsided to 3 days with a normal flow and now my cycle is regulated to every 26 days or once a month. I have more energy and vitality and dont have to call in sick anymore!! This tea is blessing not only for pregnancy but for your menstrual cycle as well!! I tell every woman I know about this tea!! No need for birth control pills or other hormonal intervention. I love its pleasant light taste and enjoy drinking a cup a day.",positive,i had very painful cramps with very heavy bleeding that lasted for days and this cycle repeated every days so i would have a full period twice a month i was miserable and had to schedule my life around my cycle because i was doubled over in pain or afraid of the embarrasment of bleeding onto my clothes a friend recomended drinking this tea and my life changed i no longer have any cramps the bleeding has subsided to days with a normal flow and now my cycle is regulated to every days or once a month i have more energy and vitality and dont have to call in sick anymore this tea is blessing not only for pregnancy but for your menstrual cycle as well i tell every woman i know about this tea no need for birth control pills or other hormonal intervention i love its pleasant light taste and enjoy drinking a cup a day,negative
383209,B0029NMB6M,A3BQAECUV4XQK2,sueh,0,0,5,1344816000,cesar canin dog food lamb flavor,I beleive this product may becoming discontnued and it is the only dog food my finicky bassett hounmd will eat.<br />Love the proce and my dog loves the taste. WE are both happy,positive,i beleive this product may becoming discontnued and it is the only dog food my finicky bassett hounmd will eat love the proce and my dog loves the taste we are both happy,negative
554190,B000RH4FG6,A2KV2P6WP4Y1NU,HMH,0,0,5,1302739200,No problems whatsoever & available in many other countries,"Our son has been on this formula for more than half a year now and we never had any problems with hard stools, winds or stomach pain. He also accepted the taste rightaway. The other major advantage is that Nestl&eacute; distributes the same formula in different countries, so that we had already switched to 'BEBA Protect Plus' in Switzerland before moving to the US knowing that we'd have no problems with the 'Gerber Good Start Protect Plus'. In comparison to the German brand we used before, the Nestl&eacute; formula dissolves somewhat less quickly, but not to a degree that it would be any problem.",positive,our son has been on this formula for more than half a year now and we never had any problems with hard stools winds or stomach pain he also accepted the taste rightaway the other major advantage is that nestl eacute distributes the same formula in different countries so that we had already switched to beba protect plus in switzerland before moving to the us knowing that we d have no problems with the gerber good start protect plus in comparison to the german brand we used before the nestl eacute formula dissolves somewhat less quickly but not to a degree that it would be any problem,positive
421189,B004LL00VS,A2CLZR6WBTG3U2,"Larry G. Wachsmuth ""neoactive""",6,6,5,1314489600,Himalayan Dark Pink Salt will keep you in the pink.,"If you're looking for great value and great taste then this product is for you. I was skeptical about artisan salts and sea salts being different than regular salt until I accidentally ordered a case of sea salt from Portugal from our Co-op. Artisan salts and sea salts add flavor and zing to sea food, grilled foods and vegetables. I've never looked back and only use these special kinds of salts on everything. Be advised, though, if you put pink salt on something, it will turn that something slightly pink.<br /><br />Try this salt and then try salt from Hawaii, Portugal, France, prussian blue from Germany, salt from Japan, Mexico, etc ... You will be surprised at the diversity in taste.",positive,if you re looking for great value and great taste then this product is for you i was skeptical about artisan salts and sea salts being different than regular salt until i accidentally ordered a case of sea salt from portugal from our co op artisan salts and sea salts add flavor and zing to sea food grilled foods and vegetables i ve never looked back and only use these special kinds of salts on everything be advised though if you put pink salt on something it will turn that something slightly pink try this salt and then try salt from hawaii portugal france prussian blue from germany salt from japan mexico etc you will be surprised at the diversity in taste,negative
66917,B006J4MAIQ,A1H4OOUVRTZYNS,Lisa the Nerd,0,0,5,1333411200,Subtly Sweet,"This reminds me of Cocoa Pebbles in granola form - and it is delicious! The granola isn't coated in chocolate, which is nice. There is a dusting of cocoa that gives it a little chocolate flavor without going overboard. If you ARE looking for a bit more chocolate, that's where those little chunks of semi-dark chocolate come in! The chocolate chunks provide a nice variety of texture and flavor that kept me going back for more.<br /><br />This was great on its own as a snack, but would also be fantastic mixed in with yogurt. There weren't as many berries in the mix as I expected, but that didn't really bother me. Obviously, I was in it for the chocolate!<br /><br />A great snack when you're looking for something just a little sweet.",positive,this reminds me of cocoa pebbles in granola form and it is delicious the granola isn t coated in chocolate which is nice there is a dusting of cocoa that gives it a little chocolate flavor without going overboard if you are looking for a bit more chocolate that s where those little chunks of semi dark chocolate come in the chocolate chunks provide a nice variety of texture and flavor that kept me going back for more this was great on its own as a snack but would also be fantastic mixed in with yogurt there weren t as many berries in the mix as i expected but that didn t really bother me obviously i was in it for the chocolate a great snack when you re looking for something just a little sweet,positive
356989,B000WFRQQ4,A29JUMRL1US6YP,HTBK,38,40,5,1278201600,Fantastic Food for Good Cat Health,"The pet food industry can be one of the most infuriating as you start doing research and discovering what trash manufacturers (and the vets who get paid off by the manufacturers) push onto the unsuspecting public. For reference, don't ask your vet - do some Internet research at sites like, for example, [...]. What you'll find is that even the supposed ""high-end"" lines from basically every major supermarket label are horrible for your fuzzy friends. People who trust the marketing or trust their vets overpay and feed their cats foods that are full of carcinogens, cheap ingredients that are inappropriate for a cat's digestive system, and byproducts that provide nothing of value and are basically a way to make cheap profit off of literal garbage. It's a tragedy, as these same cats end up with shorter lifespans, kidney problems, UTIs, cancer, and a host of other issues, all of which could have been avoided by a high quality food.<br /><br />This is an A-Grade food. What you'll find here is very high protein content, many meats high on the list, flaxseed, good vitamins and antioxidants, and no grains, which is great as a cat is not an omnivore, it's a carnivore, and it simply does not need grains.<br /><br />What you will NOT find here is the kind of junk you'll see in things like Purina One and Science Diet - byproducts (aka beaks, feathers, bird feet), brewers rice (aka the waste product from making beer), wheat flour (a leading cause of pet allergies), corn gluten (a cheap waste of space), and things like ""liver flavor"" (because they don't want to pay for the real thing). I didn't just pull those ingredients out of the air - I was reading the ingredients list of Purina One. It's pathetic.<br /><br />Don't feed your cats trash. Pay a little more to feed them good food now, and they'll lead longer, healthier, more satisfied lives as a result. It's worth it.",positive,the pet food industry can be one of the most infuriating as you start doing research and discovering what trash manufacturers and the vets who get paid off by the manufacturers push onto the unsuspecting public for reference don t ask your vet do some internet research at sites like for example what you ll find is that even the supposed high end lines from basically every major supermarket label are horrible for your fuzzy friends people who trust the marketing or trust their vets overpay and feed their cats foods that are full of carcinogens cheap ingredients that are inappropriate for a cat s digestive system and byproducts that provide nothing of value and are basically a way to make cheap profit off of literal garbage it s a tragedy as these same cats end up with shorter lifespans kidney problems utis cancer and a host of other issues all of which could have been avoided by a high quality food this is an a grade food what you ll find here is very high protein content many meats high on the list flaxseed good vitamins and antioxidants and no grains which is great as a cat is not an omnivore it s a carnivore and it simply does not need grains what you will not find here is the kind of junk you ll see in things like purina one and science diet byproducts aka beaks feathers bird feet brewers rice aka the waste product from making beer wheat flour a leading cause of pet allergies corn gluten a cheap waste of space and things like liver flavor because they don t want to pay for the real thing i didn t just pull those ingredients out of the air i was reading the ingredients list of purina one it s pathetic don t feed your cats trash pay a little more to feed them good food now and they ll lead longer healthier more satisfied lives as a result it s worth it,negative
103524,B002Z08RIA,ABO58N7S1XP4I,"Urban Barristress ""Professional Foodie""",1,1,5,1294790400,Love this stuff -- no extra ingredients,"I also first tried this at Whole Foods and was hooked immediately.  The taste is just like the freshly cut young coconuts you get while vacationing an island.  Take a look at the ingredients... it's just coconut juice and pulp.  Many of the other drinks have sugars, preservatives, water, etc... I have it on auto-ship 2 times a month!",positive,i also first tried this at whole foods and was hooked immediately the taste is just like the freshly cut young coconuts you get while vacationing an island take a look at the ingredients it s just coconut juice and pulp many of the other drinks have sugars preservatives water etc i have it on auto ship times a month,positive
322775,B001ONPMOG,A2AWVUXH31695Y,kc9ksa,0,0,5,1298592000,Items are very fresh. Important in a 10-Pack.,"These 10 packs of fiber plus boxes contain 60 bars. I was worried about a nearly approaching expiration date. But these are far better than the grocery stores! Purchased in February, Expires in September! That's 8 months of freshness for a 1 month supply. Great deal! Fast 2 day shipping when I ordered them.<br /><br />Subscriber.",positive,these packs of fiber plus boxes contain bars i was worried about a nearly approaching expiration date but these are far better than the grocery stores purchased in february expires in september that s months of freshness for a month supply great deal fast day shipping when i ordered them subscriber,positive
462570,B000GG1O6M,A4SGA3EJI3U6S,"Harlan T. Daneker Jr. ""Ted""",1,1,5,1206576000,good value,This is good tea and if you buy volume it's a better price than buying it local.,positive,this is good tea and if you buy volume it s a better price than buying it local,positive
41038,B000HP7KEW,AENJBZSAD6ARY,"RPP ""RPP""",0,0,5,1263081600,great side,"I agree with the other reviewer that it isn't exactly ""hearty,"" but it is very good for a side dish or appetizer. I'll give it 5 stars for a nutritious and tasty packaged soup -- without msg or other deadly ingredients often found in other soup mixes. Sodium is the only ""bad,"" but it's a good soup.",positive,i agree with the other reviewer that it isn t exactly hearty but it is very good for a side dish or appetizer i ll give it stars for a nutritious and tasty packaged soup without msg or other deadly ingredients often found in other soup mixes sodium is the only bad but it s a good soup,positive
282165,B000E1ZUQO,AVIA6QH2984QE,"Tahereh Safavi ""awibs""",3,3,5,1321660800,"tastes great, filling, best ""fake junk food"" find","These really fill that need for something salty and crunchy while not actually being junk food. The nutrition info speaks for itself. The chips are small, so the bag takes a long time to munch through, so you don't feel like you took two bites and ran out. Their texture is similar to puffed rice/wheat/corn junk foods, like bugles or salsa fries. They kind of dissolve after the first initial crunch, as opposed to a chip made from a slice of potato, which just breaks into smaller hard pieces. This is my favourite flavor - the parmesean isn't bad, but this is really late-night-I'm-stoned-and-playing-video-games junk food goodness.",positive,these really fill that need for something salty and crunchy while not actually being junk food the nutrition info speaks for itself the chips are small so the bag takes a long time to munch through so you don t feel like you took two bites and ran out their texture is similar to puffed rice wheat corn junk foods like bugles or salsa fries they kind of dissolve after the first initial crunch as opposed to a chip made from a slice of potato which just breaks into smaller hard pieces this is my favourite flavor the parmesean isn t bad but this is really late night i m stoned and playing video games junk food goodness,negative
39544,B00028P3CK,A2X52MF9D1BT08,rhonda d,1,1,5,1261958400,best price found yet,"So far this is the best price on bulk Stevia that I can find.  Shipped fast, very happy with my purchase.  This is where I will buy my Stevia packets from now on.  All other sites I have purchased from have raised prices drastically.",positive,so far this is the best price on bulk stevia that i can find shipped fast very happy with my purchase this is where i will buy my stevia packets from now on all other sites i have purchased from have raised prices drastically,positive
97877,B001YJ4Y1W,AC9RN6DJ953QY,"Ernest Debrew III ""E=mc3""",0,0,4,1317772800,Good Brand,"I love the gummies. They are sweet, fresh, and natural. I kind of wish that they were as good as the Farleys brand and maybe some other brands.",positive,i love the gummies they are sweet fresh and natural i kind of wish that they were as good as the farleys brand and maybe some other brands,positive
168805,B005PANYEY,A1JFVPPVPZDSMA,cycle girl,1,1,3,1320278400,tastes different than previous grape drink powder,I used to love this grape drink powder but not only the packaging has changed but the flavor is different as well and it does not taste as good as it previously did.  I will not be re-ordering this flavor again.,neutral,i used to love this grape drink powder but not only the packaging has changed but the flavor is different as well and it does not taste as good as it previously did i will not be re ordering this flavor again,negative
166049,B002K62BWW,A2EVJVM0JQYNB5,Nancy,1,1,5,1326585600,Perfect!,I was afraid to order these because I just had a feeling they would arrive cracked or chipped. I read the reviews that said they arrived beautifully so I ordered 10 lbs. My box arrived damaged with one of the corners split open. My heart sank when I opened the box because there was only one thin piece of bubble wrap around the candy BUT only one or two were cracked and the rest were perfect! They amount of coating and color was perfect and the almond was fresh! I will most definitely order these again.,positive,i was afraid to order these because i just had a feeling they would arrive cracked or chipped i read the reviews that said they arrived beautifully so i ordered lbs my box arrived damaged with one of the corners split open my heart sank when i opened the box because there was only one thin piece of bubble wrap around the candy but only one or two were cracked and the rest were perfect they amount of coating and color was perfect and the almond was fresh i will most definitely order these again,positive
145678,B003D4F1QS,A11FN16CCZPI4H,David F Brauer,0,0,5,1325203200,tea review,good value and fast shipment I use this item for resale to others and have enough margin to make a profit,positive,good value and fast shipment i use this item for resale to others and have enough margin to make a profit,positive
319237,B000II4LOA,A349365MPHSJP,charlie,0,0,5,1281225600,Merrick products are great quality,I ordered these merrick bones at a great price.  My dogs love them.  I have always found Merrick products to be a great value and all natural.  My dogs love them.  Try some of their other products.  You won't be disappointed.,positive,i ordered these merrick bones at a great price my dogs love them i have always found merrick products to be a great value and all natural my dogs love them try some of their other products you won t be disappointed,positive
138984,B0041CIR62,ANEDXRFDZDL18,Serene,1,3,1,1329696000,Like eating crunchy hair,"I'm pretty easy going about noodles. And I like my pasta with no fuss. So I was disappointed with these Brown Rice Vermicelli. Following the packaged instructions, the  noodles came out so al dente they tased like crunchy hair or easter grass. No one in my family liked them. I ended up eating mine on top of my fried rice like a garnish, but frankly they were just too hard. Only after the noodles had sat uneaten in the bowl in a sink filled with soapy dish water, did these noodles actually soften up to a reasonable texture. So my advice?- soak 'em longer than the package says.<br /><br />I also have to say the instructions weren't that good. Its really hard to mess up noodles... But these yes... It is possible.<br /><br />Overall, I can't recommend this product. I like my pasta fuss-free, and this was a high maintenance low mileage generic tasting stuff. I've had better- and a lot less fuss too.",negative,i m pretty easy going about noodles and i like my pasta with no fuss so i was disappointed with these brown rice vermicelli following the packaged instructions the noodles came out so al dente they tased like crunchy hair or easter grass no one in my family liked them i ended up eating mine on top of my fried rice like a garnish but frankly they were just too hard only after the noodles had sat uneaten in the bowl in a sink filled with soapy dish water did these noodles actually soften up to a reasonable texture so my advice soak em longer than the package says i also have to say the instructions weren t that good its really hard to mess up noodles but these yes it is possible overall i can t recommend this product i like my pasta fuss free and this was a high maintenance low mileage generic tasting stuff i ve had better and a lot less fuss too,negative
107569,B007TJGY4Q,A38BHC3FV6DOZ2,"Douglas King ""Student of the subject""",1,1,5,1282780800,Beats all others,"Since I have started drinking Black Tiger each morning, everything else just disappoints me.  Black Tiger is bold, which I like, but it also has the flavor that lasts all the way to the end of the cup.  It is really one of those blends that stand the test of time for me.",positive,since i have started drinking black tiger each morning everything else just disappoints me black tiger is bold which i like but it also has the flavor that lasts all the way to the end of the cup it is really one of those blends that stand the test of time for me,positive
385450,B0051SU0OW,A2JPFBXBQ5TQAW,Art History Professor,0,0,5,1313452800,Very happy!,"<span class=""tiny""> Length:: 3:35 Mins<br /><br /></span>When I first reviewed this, I gave it four stars (I'm a hesitant five-star giver), but having now used it for two weeks, it gets the fully approved 5-star love.",positive,length mins when i first reviewed this i gave it four stars i m a hesitant five star giver but having now used it for two weeks it gets the fully approved star love,positive
20515,B003PFUNU4,A1NEBW18TTVJP8,Gina Miller,1,1,5,1314057600,Torani sugar free variety pack,Wonderful flavors at a good price all from the convenience of home. I had shopped for these in many stores and was deighted to finally find them on Amazon. I add them to my Almond milk and make a delightful low calorie snack.,positive,wonderful flavors at a good price all from the convenience of home i had shopped for these in many stores and was deighted to finally find them on amazon i add them to my almond milk and make a delightful low calorie snack,positive
328099,B004Q3UQFQ,A3SLYAQJ48QI8M,Barbara Sueyoshi,1,1,5,1349654400,"Youndoo is so versatile, I can't do without it!","I use Sempio whenever I can get it. &#65279; Soy sauce, kim, sweet potato noodles ... many more but one of my favorites is youndoo. I love to make muk but I like to add just a little flavor to the jelly in addition to the sauce. When I'm heating the mung bean powder and water, besides salt, I add a little sesame oil and Youndoo. My muk is so delicious with the Youndoo!",positive,i use sempio whenever i can get it soy sauce kim sweet potato noodles many more but one of my favorites is youndoo i love to make muk but i like to add just a little flavor to the jelly in addition to the sauce when i m heating the mung bean powder and water besides salt i add a little sesame oil and youndoo my muk is so delicious with the youndoo,positive
271802,B000EDK67K,AGY5RK3EKTFC9,"Kathryn L. Tate ""ktate""",3,3,5,1190160000,Creamy Milk!,I am a milk drinker and this is excellent milk. Non fat too and I never drank nonfat before this and liked it.,positive,i am a milk drinker and this is excellent milk non fat too and i never drank nonfat before this and liked it,positive
108813,B001FYUVG8,AUOB0CQI9YJV7,luvamazon,1,1,5,1322179200,love that these are yogurt flavor!  my dog loves booda bones!,I have no problem w/my dog eating these.  He loves these booda bones. I had never seen the yogurt ones; he loves them.,positive,i have no problem w my dog eating these he loves these booda bones i had never seen the yogurt ones he loves them,positive
458219,B008GWOFTG,ANH2IS2IENDQA,"thena4 ""thena4""",1,2,5,1333929600,Awe-Struck.,"This marinara sauce is incredible. Every Friday, while my family is out of the house, I fill my bath tub with this, submerge myself in it, and pretend I'm a meatball. I blast classical music such as Bach and read Architecture magazines. I look forward to Fridays.",positive,this marinara sauce is incredible every friday while my family is out of the house i fill my bath tub with this submerge myself in it and pretend i m a meatball i blast classical music such as bach and read architecture magazines i look forward to fridays,positive
512955,B001E4S88W,A259YUQUD6ZJZ1,ladyvigil,2,3,5,1229731200,"Skippy Peanut Butter, Roasted Honey Nut Super Chunk",This product was shipped quickly and was exactly as described.  I had been looking for this particular flavor in the stores for some time and had not been able to find it. I was thrilled to get it thru Amazon.com.,positive,this product was shipped quickly and was exactly as described i had been looking for this particular flavor in the stores for some time and had not been able to find it i was thrilled to get it thru amazon com,negative
45756,B0041NYV8E,A2561PYW9TTMYD,Lori Calabrese &#34;Children's Books Examiner...,0,0,2,1327449600,73 calories per cup and 16 grams of sugar!,"Wow! As soon as I poured some hot water over this instant drink mix, the smell of ginger was very noticeable. I thought the aroma was very pleasant and enjoyable. As for taste, you don't notice the lemon, but the ginger is very strong and packs a very strong spicy bite! If you love ginger, you will enjoy this drink, but if you dislike the taste of even a ginger snap cookie, steer clear.<br /><br />Although I liked this drink, I was disappointed with the nutritional information. Although it's all natural, 1 sachet equals 73 calories and contains 16 grams of sugar! That's a lot for a cup of tea! I'll stick with either Tazo Green Ginger Tea or The Mate Factor's Yerba Mate lemon ginger. You still get that ginger flavor without the added calories and sugar!",negative,wow as soon as i poured some hot water over this instant drink mix the smell of ginger was very noticeable i thought the aroma was very pleasant and enjoyable as for taste you don t notice the lemon but the ginger is very strong and packs a very strong spicy bite if you love ginger you will enjoy this drink but if you dislike the taste of even a ginger snap cookie steer clear although i liked this drink i was disappointed with the nutritional information although it s all natural sachet equals calories and contains grams of sugar that s a lot for a cup of tea i ll stick with either tazo green ginger tea or the mate factor s yerba mate lemon ginger you still get that ginger flavor without the added calories and sugar,positive
437594,B0016G1EZM,A21OFO5SB43TAA,"Twins Rock ""Twins Rock""",0,0,5,1310860800,A good buy.,"I was subscribing this for more a convenience reason besides I like Earl Gray flavor and didn't run out of the stuff.  If you drink Earl Gray regulary and want to have some available, this would be a good choice.",positive,i was subscribing this for more a convenience reason besides i like earl gray flavor and didn t run out of the stuff if you drink earl gray regulary and want to have some available this would be a good choice,negative
237038,B0035N3B7I,A305JULQXPH8S7,Salvatore Grieco,3,3,2,1298937600,Buttery? Maybe... Garlic? Possibly... Lemon? None at all!,"I am rather disappointed in Knorr's three new additions to the noodle line. I am a huge fan of Knorr and have been eating their noodles since I was a child. This one really is lacking in the flavor department. The bag advertises ""lemon"" flavor. As hard as I may try, I can not detect even a hint of lemon. Overall, these noodles are rather bland. I would stick to the other flavors in their Italian line which are much better (although somewhat hard to find).",negative,i am rather disappointed in knorr s three new additions to the noodle line i am a huge fan of knorr and have been eating their noodles since i was a child this one really is lacking in the flavor department the bag advertises lemon flavor as hard as i may try i can not detect even a hint of lemon overall these noodles are rather bland i would stick to the other flavors in their italian line which are much better although somewhat hard to find,negative
329118,B003VXHGE6,A32INVETIKMDB4,Bonnie Sommers,0,0,5,1309219200,Wolfgang Puck Keurig Cup Coffee,"This coffee is a smooth, yet robust taste that does not have any bad after<br />taste. <a href=""http://www.amazon.com/gp/product/B003VXJJ28"">Wolfgang Puck Coffee, Rodeo Drive Blend (Medium Roast), 24-Count K-Cups for Keurig Brewers (Pack of 2)</a>",positive,this coffee is a smooth yet robust taste that does not have any bad after taste wolfgang puck coffee rodeo drive blend medium roast count k cups for keurig brewers pack of,positive
247487,B000FFLTM8,A2X6T9WBNADH22,"SGJ ""SGJ""",0,5,4,1170720000,Don't buy it,"The product tastes great - but it's too much for a normal person, and there is no way to make half - you would have to make it and split it with someone...which kind of defeats the convenience of the product.",positive,the product tastes great but it s too much for a normal person and there is no way to make half you would have to make it and split it with someone which kind of defeats the convenience of the product,negative
289887,B000AYFCF4,A1SFRVA8R9D3OQ,Haxxan Dreams,1,2,5,1290729600,My Favorite Cookies,Murray's Sugar Free Pecan Shortbread Cookies are my favorite cookies. They're delicious and perfect for someone who has to watch their blood sugar levels.,positive,murray s sugar free pecan shortbread cookies are my favorite cookies they re delicious and perfect for someone who has to watch their blood sugar levels,positive
17470,B0045Z6K50,A1SJAI0FX70B3D,"C. Tibbs ""Onebrick short...""",0,4,1,1315785600,$$$$$$$$$$$$$$$$$$$$$$$$$$,I buy most everything from Amazon BUT not coffee K cups.[...] has this product and all K cups for $13.99 per 24 and free shipping and they ship air UPS.,negative,i buy most everything from amazon but not coffee k cups has this product and all k cups for per and free shipping and they ship air ups,negative
486208,B002NGFHKC,A3BC51PZJ8L67R,"Adam Lasnik ""Frim Fram Sauce Extraordinaire""",0,0,5,1281744000,"Delicious, relaxing, good for you!","What a delightful mix of tea and spices.  Nothing overwhelming, just a comfortable, tasty, natural set of flavors.  Outstandingly good steeped in steamed milk with a pinch of sugar or a smidge of honey! :) (and 100x better than pre-mixed sweetened teas!)",positive,what a delightful mix of tea and spices nothing overwhelming just a comfortable tasty natural set of flavors outstandingly good steeped in steamed milk with a pinch of sugar or a smidge of honey and x better than pre mixed sweetened teas,positive
103686,B000Q6XR0S,A1XMXW9OQTRNE8,"Ann ""Emily Ann""",10,11,5,1199232000,"A sweet, healthy treat","Low sugar, low fat, a measured amount, and sweet and chocolatey enough to satisfy my evening sweet tooth cravings.",positive,low sugar low fat a measured amount and sweet and chocolatey enough to satisfy my evening sweet tooth cravings,positive
253448,B004JRMG98,A2KHG3JOFXQ4CE,"USMC Combat Vet ""Retired!""",1,2,4,1318032000,"My ""Special"" Treat I Add To Healthy Food","I have just bought the book by Dr Ornish as well as the book by Dr Esselstyn. Watched forks over knives DVD, and especially loved the DVD called FAT, SICK & NEARLY DEAD....Had a heart attack a year ago so really trying to clean up my act. I want to go the way of Dr Esselsyn but I keep back sliding since my health is not yet near any life & death situation. Yet, at age 62 I see why NOW is the time to change! I never had any cholesterol issues either until AFTER they put me on Statins and other beta blockers etc. It DOUBLED in 4 months. SO MUCH FOR Doctors and their medicine on MY old self....<br /><br />  I went back to my juicing and using my VitaMix and in the past 60 days lost over 40 pounds. My wife makes me Vegan wraps and this is where my TACO Bell ""treats come into the picture. I just add 6 (yes exactly 6) DROPS to these wraps that each contain less than 90 calories. Along with a dinner salad, that is all I have for diner so the assorted Taco Bell sauces are my TREAT. Now they are not what most ANY doctor I have read would say is a good choice. But I am not using them as most would. I use them as an accent flavor enhancer to add some darn flavor to my very limited diet. And it works great! I have now kept my weight off over 4 months and continue to lose a couple pounds per week since I went back to Cheerios & skim milk for breakfast along with my juicing part time. I (so far) like this and the Taco Bell Spicy Ranchero sauce the best. So I have to give this 4 full stars for how it helps ME....If I used it as you are supposed to I would lower it to 2 stars as I do not feel it is a healthy choice. but used in moderation I can feel like I am eating that good old junk food and yet keeping my cholesterol down below 175. How can I not love this stuff?",positive,i have just bought the book by dr ornish as well as the book by dr esselstyn watched forks over knives dvd and especially loved the dvd called fat sick nearly dead had a heart attack a year ago so really trying to clean up my act i want to go the way of dr esselsyn but i keep back sliding since my health is not yet near any life death situation yet at age i see why now is the time to change i never had any cholesterol issues either until after they put me on statins and other beta blockers etc it doubled in months so much for doctors and their medicine on my old self i went back to my juicing and using my vitamix and in the past days lost over pounds my wife makes me vegan wraps and this is where my taco bell treats come into the picture i just add yes exactly drops to these wraps that each contain less than calories along with a dinner salad that is all i have for diner so the assorted taco bell sauces are my treat now they are not what most any doctor i have read would say is a good choice but i am not using them as most would i use them as an accent flavor enhancer to add some darn flavor to my very limited diet and it works great i have now kept my weight off over months and continue to lose a couple pounds per week since i went back to cheerios skim milk for breakfast along with my juicing part time i so far like this and the taco bell spicy ranchero sauce the best so i have to give this full stars for how it helps me if i used it as you are supposed to i would lower it to stars as i do not feel it is a healthy choice but used in moderation i can feel like i am eating that good old junk food and yet keeping my cholesterol down below how can i not love this stuff,negative
510657,B000OC7NB8,A383XURHVF8ON6,Mrs. Kilo Delta,14,14,5,1218153600,Zoey loves them!,"I've heard how stinky tripe can be, but these tripe treats have about the same ""stinkiness"" level as the dried beef lung that I've given to my little sheltie.  Not too bad.  Just in case, I do give these treats to my 30 lb sheltie on her ""meal blanket"" to keep any tripe bits or tripe-scented drool off the carpet, because my dog would lick the carpet for days.  (When I gave these to her on our wood deck, she licked the deck for a few minutes afterward until I pulled her away.... ow, tongue splinters!)<br /><br />So, Zoey gives these treats two paws up.  It takes her about 2 or 3 minutes to eat an entire treat (she chews her food thoroughly, she's not a gulper).  I give her one treat a day, and it hasn't adversely affected her stools at all.  Her tummy accepted it into her diet quite readily.<br /><br />There were 15 treats in my 5 oz bag, each 5-6"" long.  A couple were thin (a little thicker than a pencil), but most are quite thick, at least as big around as my thumb.<br /><br />Sitstay.com is a great store, I've always had stellar service from them.",positive,i ve heard how stinky tripe can be but these tripe treats have about the same stinkiness level as the dried beef lung that i ve given to my little sheltie not too bad just in case i do give these treats to my lb sheltie on her meal blanket to keep any tripe bits or tripe scented drool off the carpet because my dog would lick the carpet for days when i gave these to her on our wood deck she licked the deck for a few minutes afterward until i pulled her away ow tongue splinters so zoey gives these treats two paws up it takes her about or minutes to eat an entire treat she chews her food thoroughly she s not a gulper i give her one treat a day and it hasn t adversely affected her stools at all her tummy accepted it into her diet quite readily there were treats in my oz bag each long a couple were thin a little thicker than a pencil but most are quite thick at least as big around as my thumb sitstay com is a great store i ve always had stellar service from them,negative
77899,B001ELJK8M,A1H59OCYPG9G4T,Windywinemaker,0,0,4,1331424000,Good Wine,"Of all the kits I've purchased (25) this one is my least favorite.  Not because there was something wrong with the kit, because I didn't care for the taste of the wine.",positive,of all the kits i ve purchased this one is my least favorite not because there was something wrong with the kit because i didn t care for the taste of the wine,negative
242845,B005K4Q4KG,A2CJKQ0DOE5ARF,"Ross H. Reddick ""RossPDX""",0,0,1,1348099200,Disgusting,"Looks like and tastes like chocolate colored water. No chocolate flavor whatsoever, this was a complete disappointment.  I got the hot chocolate k-cups from swiss miss instead.  How people can be giving this product four and five stars is astounding to me, is the Amazon ratings system being gamed for this product?",negative,looks like and tastes like chocolate colored water no chocolate flavor whatsoever this was a complete disappointment i got the hot chocolate k cups from swiss miss instead how people can be giving this product four and five stars is astounding to me is the amazon ratings system being gamed for this product,negative
520348,B001VNP3ZC,A3KFJYSZA2HH2X,dealfinder500,5,5,5,1313452800,Fantastic!,"Despite what the picture shows, you do not get ground mustard powder, it is the seeds. Each pound comes in a foil bag that should last for years if stored in a cool place.<br /><br />I only opened one bag, but I didn't see any ""extras"" in the bag - just mustard seed. This is so much cheaper than buying from the grocery store. I was paying  $2.50 for 1.5 oz there. Here it's not even $4/lb.",positive,despite what the picture shows you do not get ground mustard powder it is the seeds each pound comes in a foil bag that should last for years if stored in a cool place i only opened one bag but i didn t see any extras in the bag just mustard seed this is so much cheaper than buying from the grocery store i was paying for oz there here it s not even lb,negative
344364,B0026KNQSA,ARZJUEJ3P7NP7,Darris C. Sweet,0,0,4,1328745600,"Pretty Good Taste, Ok Value","I do not eat potato chips very much anymore so I bought Popchips to see if it was a good product. After eating two bags and giving a few to friends/co-workers I think they are above average. My friends/co-workers liked them.<br />Still processed food but better for you than regular, oily potato chips. For what they are they work.<br />The price is OK. Maybe they are more expensive to make so not a big hit here.",positive,i do not eat potato chips very much anymore so i bought popchips to see if it was a good product after eating two bags and giving a few to friends co workers i think they are above average my friends co workers liked them still processed food but better for you than regular oily potato chips for what they are they work the price is ok maybe they are more expensive to make so not a big hit here,negative
504816,B000H241DS,A26KDPM299NWDT,"Stacee Clayton ""Sweetwater""",0,0,5,1325462400,Great kit,This has everything one needs to make their own sushi.  It is a wonderful kit and contains everything from a roll mat to wasabi paste.  I recommend it highly to anyone wanting to make their own sushi!,positive,this has everything one needs to make their own sushi it is a wonderful kit and contains everything from a roll mat to wasabi paste i recommend it highly to anyone wanting to make their own sushi,positive
80003,B000JFKU9W,A339F4I8GBN3H3,"LaughingLion ""I am Lion, read me review!""",0,0,5,1346284800,Perfect,"One of the the things I hate about buying snack food is most companies can not get the right amount of salt on to foods.<br /><br />That was not a problem here.<br /><br />Great flavor, nice sized packets.",positive,one of the the things i hate about buying snack food is most companies can not get the right amount of salt on to foods that was not a problem here great flavor nice sized packets,negative
283453,B0028GWJHG,A168OCIC8P19QV,"JamesN808 ""Deal Seeker""",0,0,5,1340668800,Puppy loved this food,"My 8 week old golden retriever came from the breeders with Eukanuba Puppy Chiot but after checking the ingredients decided to switch to a higher quality food. Found Puppy Vantage to have the best combination of quality ingredients and price in addition to free Amazon shipping.  I know you are supposed to gradually introduce a new food to you dog but I mixed it for only a couple of days without any perceivable problem.  My puppy definitely appeared to like this food over her prior Eukanuba. The kibbels are much smaller and appear easier to eat.  Previously the puppy would eat, stop, then eat again.  With Earthborn Vantage, he eats non-stop!  The bag also has an easy zip closure.  Overall very satisfied with the puppy food.",positive,my week old golden retriever came from the breeders with eukanuba puppy chiot but after checking the ingredients decided to switch to a higher quality food found puppy vantage to have the best combination of quality ingredients and price in addition to free amazon shipping i know you are supposed to gradually introduce a new food to you dog but i mixed it for only a couple of days without any perceivable problem my puppy definitely appeared to like this food over her prior eukanuba the kibbels are much smaller and appear easier to eat previously the puppy would eat stop then eat again with earthborn vantage he eats non stop the bag also has an easy zip closure overall very satisfied with the puppy food,positive
474320,B001EPQGUI,A6D4CZLX2J2G7,WiseWoman,1,1,5,1263772800,Great tea cup system,This is a perfect sytem for brewing loose tea leaves that need to unfold in a long container with holes in the bottom. The top portion consists of that. The lid helps the tea brew by keeping steam in. All you do is lift out the inner brewing chamber with holes in it; and the brewed tea remains in the cup.,positive,this is a perfect sytem for brewing loose tea leaves that need to unfold in a long container with holes in the bottom the top portion consists of that the lid helps the tea brew by keeping steam in all you do is lift out the inner brewing chamber with holes in it and the brewed tea remains in the cup,negative
218775,B000EQT9MK,A14TWVGTN8AHNW,"R. Duyckinck ""Panda""",1,1,5,1236470400,Garden of Good Eating soy corn chips,"I love these chips.  Nice alternative to the regular.  Small size, but sturdy enough for the thickest bean dip. Travel well with minimal breakage in bag.",positive,i love these chips nice alternative to the regular small size but sturdy enough for the thickest bean dip travel well with minimal breakage in bag,positive
552526,B000F42DYW,A2O0BQ6M9T4ZRJ,"J. Robert Boyd IV ""mister_bee""",3,3,5,1215302400,African Tea for my heart of darkness  :-),deep dark smoky mystical. I love this tea and Plan to place it in regular rotation. Makes a delightful iced brew as well.,positive,deep dark smoky mystical i love this tea and plan to place it in regular rotation makes a delightful iced brew as well,positive
360764,B00020HHHC,A16Q6DGTG8LGAG,Linda E. Ledoux,0,1,4,1333065600,loyal customer,It is good and soothing to drink. I have not tried it too many times yet. I am sharing with my sister.,positive,it is good and soothing to drink i have not tried it too many times yet i am sharing with my sister,positive
379511,B007RLRCLK,A2SLUYU6MAY7BE,"K. Tennessee ""k. Tennessee""",2,2,5,1318032000,soothing,"Maybe this is a placebo effect however, since I have been drinking this tea, sometimes in the morning and some times at night, I have felt more calm and my mood is somewhat lifted. The taste is fine- I sometimes add a little honey but it is fine as is. I will continue to use this tea. I do think it helps with your mood.",positive,maybe this is a placebo effect however since i have been drinking this tea sometimes in the morning and some times at night i have felt more calm and my mood is somewhat lifted the taste is fine i sometimes add a little honey but it is fine as is i will continue to use this tea i do think it helps with your mood,positive
88496,B001PUHFF2,ASGZS47JK2Q8Z,gabzmac,0,0,5,1316995200,Beautiful,This plant was in the budding stage when I received it and in full bloom shortly thereafter.  Several gorgeous red blooms adorned it's branches. Desert roses are beautiful plants.  Thank you 9GreenBox.,positive,this plant was in the budding stage when i received it and in full bloom shortly thereafter several gorgeous red blooms adorned it s branches desert roses are beautiful plants thank you greenbox,positive
274467,B003EMVY8S,A3BKR7AKKW4D38,AmazonKang,1,1,5,1341705600,Great Seller Great Memories!,"Great shipping time and great 5 lbs of product just as described! Fresh, gummy, and coca colaee lol just as I remembered as a kid!",positive,great shipping time and great lbs of product just as described fresh gummy and coca colaee lol just as i remembered as a kid,positive
172487,B00474J3S0,A3OXRFCJI67IMN,Bold Consumer,2,2,5,1346889600,Excellent Guacamole Dip Mix!,"I got two different brands. Actually I assumed that Emeril's would be spicier, but the other one was take-your-breath-away spicy. Both were delicious. I would feel good about recommending Emeril's Guacamole Dip Mix to anyone. Maybe the other one should come with a warning.<br /><br />I'll be using both in the future, depending on my mood. Price will have a lot to do with it as well.",positive,i got two different brands actually i assumed that emeril s would be spicier but the other one was take your breath away spicy both were delicious i would feel good about recommending emeril s guacamole dip mix to anyone maybe the other one should come with a warning i ll be using both in the future depending on my mood price will have a lot to do with it as well,positive
413773,B0026KPDG8,A1YTNORSB6OG0S,Marcia Goldman,0,0,4,1314921600,bbq chips through amazon,"Chips were fresh and securely packaged. It was not cost effective to pay retail and have to wait for delivery. Where was the advantage...other than to compensate for poor distribution throughout their stores? I like the chips (especially the cheese) and will continue to buy them. They are very pricy, so I will by them when I see them.",positive,chips were fresh and securely packaged it was not cost effective to pay retail and have to wait for delivery where was the advantage other than to compensate for poor distribution throughout their stores i like the chips especially the cheese and will continue to buy them they are very pricy so i will by them when i see them,positive
284990,B000HDKWZI,A2BL5ZPE65KTRN,WC,0,0,2,1278115200,Amazon sent the wrong dressing,Apparently I am not the first customer to have this experience.  I received 6 bottles of the Light Red Wine Vinaigrette instead of the Red Wine Vinaigrette Dressing and Marinade.  Not sure why Amazon can't send the right dressing.,negative,apparently i am not the first customer to have this experience i received bottles of the light red wine vinaigrette instead of the red wine vinaigrette dressing and marinade not sure why amazon can t send the right dressing,negative
337000,B003C4YIFE,A31OUQVNMLCC9H,Stephen Carmack,2,6,5,1286150400,The coffee and the service was great,"Green Mountain Coffee Vermont Country Blend Coffee, K-cups For Keurig Brewers, Box of 24 by Green Mountain Coffee, The coffee was for my Mother and she enjoyed it completly,",positive,green mountain coffee vermont country blend coffee k cups for keurig brewers box of by green mountain coffee the coffee was for my mother and she enjoyed it completly,positive
191084,B003MUDSE0,A27LEUWQ49OTWX,Kotek,1,1,4,1282953600,Love it but don't like the ingredients as much,"I just love this sauce!  I'm not too fond of the ingredient list (try not to look at it), I don't like sugar when it's listed.  But heck, I usually cook from sceratch and eat nonprocessed organic foods.  This is my sin it tastes so good.  Rather have this on my chicken than a piece of cake (if I get to pick to sin once in a while).  My kids love it too.  I bought it at a whole foods store not here, so I only paid about $5 per bottle.  I give it 5 stars for taste, 4 for ingredient list, and 2 for the price on amazon.  Overall 4 stars.",positive,i just love this sauce i m not too fond of the ingredient list try not to look at it i don t like sugar when it s listed but heck i usually cook from sceratch and eat nonprocessed organic foods this is my sin it tastes so good rather have this on my chicken than a piece of cake if i get to pick to sin once in a while my kids love it too i bought it at a whole foods store not here so i only paid about per bottle i give it stars for taste for ingredient list and for the price on amazon overall stars,neutral
275566,B005VOONI0,A2LF16F0KX9L7P,"John Keitz ""Islesfan""",0,0,5,1333324800,"Nice Flavor, Not Too Strong","Seeing a Jamaican coffee label, I assumed this would be a STRONG brew.  In actuality, it is a relatively weak brew.  It has a very nice aroma, and the flavor is well-suited to those who like cream and sugar in coffee (in other words, not bitter).  Aside from the flavor, the package is fantastic!  One pad into the coffee maker, dump the pad into the trash, and viola, cleanup almost complete.  So much easier than filter and grounds.  Less mess, more stars!",positive,seeing a jamaican coffee label i assumed this would be a strong brew in actuality it is a relatively weak brew it has a very nice aroma and the flavor is well suited to those who like cream and sugar in coffee in other words not bitter aside from the flavor the package is fantastic one pad into the coffee maker dump the pad into the trash and viola cleanup almost complete so much easier than filter and grounds less mess more stars,neutral
201828,B000PBJ66I,A2RBQF0WC2VH05,Susan Schuster,0,0,3,1340841600,cheaper at walmart,"excellent product!  Easy to prepare and tastes very close to restaurant quality meal.  However, do note that it is over a dollar cheaper per single package  at walmart.",neutral,excellent product easy to prepare and tastes very close to restaurant quality meal however do note that it is over a dollar cheaper per single package at walmart,positive
138597,B004XWD1AW,A1UYEADWBKIP4D,tomlott,2,4,2,1305763200,Fica tree is not worth the money,The base of the fica tree looks like a child's bucket.  The tree is so small.  The box it came in bent the limbs badly.  Overall a waste of money.,negative,the base of the fica tree looks like a child s bucket the tree is so small the box it came in bent the limbs badly overall a waste of money,negative
212982,B0029NICD8,A37OKZGWIKDD5Q,"Sheri Hooper ""Charming Belles""",0,0,5,1312761600,"5 STARS from Maury Joel, Julia Belle and Madden Hade ^_^","All three cats think this is the bomb diggity! Easy to open package is a plus for me. Maury, Julie and Madden give WHISKAS CHOICE CUTS a 5 STAR Review!",positive,all three cats think this is the bomb diggity easy to open package is a plus for me maury julie and madden give whiskas choice cuts a star review,positive
113223,B0030F70LO,A2LL8IECPORQO2,aaaaugh,1,1,5,1239753600,my dogs *love* them,"Oh man, we've been searching for a treat that would take our chowhound cocker more than seconds to consume.  These treats take him a couple minutes to eat and he sits patiently for me to give him one.  They are great, all natural, and make me feel better than when I give them treats with filler crap in them.<br />Who knew sweet potatoes could be a dog's favorite treat?",positive,oh man we ve been searching for a treat that would take our chowhound cocker more than seconds to consume these treats take him a couple minutes to eat and he sits patiently for me to give him one they are great all natural and make me feel better than when i give them treats with filler crap in them who knew sweet potatoes could be a dog s favorite treat,positive
1359,B005151BV6,A3JV57W80SI5MX,"Julian P. Huff ""Julian Huff""",1,1,5,1325808000,Tic-Tac-Yum!,"Everyone knows what a Tic Tac is, but let me tell you something; if you like orange tic tac's, you're going to LOVE wild cherry tic tacs!  Very cherry flavored with just enough of a mix of sweet and sour.  Do yourself a favor and try some.",positive,everyone knows what a tic tac is but let me tell you something if you like orange tic tac s you re going to love wild cherry tic tacs very cherry flavored with just enough of a mix of sweet and sour do yourself a favor and try some,positive
49182,B001J5SW5U,AI1OSN6UCDDFI,Erwin Waitkuweit,0,0,5,1315872000,ADDICTING!,"These biscuits are delicious.  I ordered 3 packs and the whole family loves them.  We are ordering more today.  They are great with a hot cup of tea or a glass of milk.  They are crisp and yet chewy at the same time. The biscuits are made of good ingredients and are low in sugar, and yes they are addicting!",positive,these biscuits are delicious i ordered packs and the whole family loves them we are ordering more today they are great with a hot cup of tea or a glass of milk they are crisp and yet chewy at the same time the biscuits are made of good ingredients and are low in sugar and yes they are addicting,positive
419605,B0029ZAOW8,A3Q75I36A5RM3W,Blake,0,0,5,1301875200,Dare I say it is better than coffee!!!,"I am an ex barista who worked at Starbucks over a decade ago, and have been a slave to coffee for many years. I have found that the 5 Hour Energy Extra Strength Berry Flavored not only stimulates me better, but it lasts longer too!",positive,i am an ex barista who worked at starbucks over a decade ago and have been a slave to coffee for many years i have found that the hour energy extra strength berry flavored not only stimulates me better but it lasts longer too,positive
488124,B0013A0QXC,A3GZNJWU9P5S7L,"R. sills ""onlineorderqueen""",0,0,5,1316131200,great robust coffee,Great coffee pods that go with the Senseo coffee pot.  Dark roast is best because it gives a taste just below the strength of an expresso and is not as strong as the coffee at exclusive coffee shops.  It's just right.,positive,great coffee pods that go with the senseo coffee pot dark roast is best because it gives a taste just below the strength of an expresso and is not as strong as the coffee at exclusive coffee shops it s just right,negative
493428,B000LKXADS,A36MP37DITBU6F,"Enchanted  In  Dixie ""Enchanted""",5,5,5,1196985600,Most Excellent amazing organic chichen Broth avaliable. 2012 and still the best staple for our house.,"<a href=""http://www.amazon.com/gp/product/B000LKXADS"">Imagine Free Range Chicken Broth, Organic, 16-Ounce Boxes (Pack of 12)</a><br />Best tasting chicken broth, that I have ever tried. Organic and msg free. Great by itself. Will keep this on the shelf. 2012 and still our staple go to chicken broth.  Makes amazing dumplins and dressing.",positive,imagine free range chicken broth organic ounce boxes pack of best tasting chicken broth that i have ever tried organic and msg free great by itself will keep this on the shelf and still our staple go to chicken broth makes amazing dumplins and dressing,positive
386741,B007OXJLZQ,A10FJGRMOTJ35Y,"WJS ""W""",0,0,5,1301011200,VERY GOOD!!!,"There aren't too many flavored decaf coffees, so I decided to try this one.  It's very good & I'll probably order it again.",positive,there aren t too many flavored decaf coffees so i decided to try this one it s very good i ll probably order it again,positive
266224,B001D9RVMM,A3R9XUPGNQBAYO,Jane's Place,1,1,5,1341446400,I love these!,My dogs love the flavor of these.  I have tried both the chicken and peanut butter and they go nuts.  Though I will admit the peanut butter has a less-intense smell than the chicken for human noses.  I can see the difference in the dogs' coats almost immediately!  I highly recommend any Zuke's products.,positive,my dogs love the flavor of these i have tried both the chicken and peanut butter and they go nuts though i will admit the peanut butter has a less intense smell than the chicken for human noses i can see the difference in the dogs coats almost immediately i highly recommend any zuke s products,positive
349445,B002LVACWM,A24S58T9V08SWS,J. nguyen,0,0,5,1304121600,yummy yummy,"this is an excellent deal for something that taste great. it's very similar to Honey Smacks by Kellog so if you're willing to ignore brand, this is a good switch.",positive,this is an excellent deal for something that taste great it s very similar to honey smacks by kellog so if you re willing to ignore brand this is a good switch,positive
456400,B005F0JM7W,A1IXNA6VS3FEX2,Matthew,1,1,5,1326412800,Almost perfect,"I don't like messy counters or appliances take up all my counter space.  The Kuerig does a good job of consuming space, and most of the storage for K cups appear to do the same.  I was originally going to make wall mountable shelf to store some, but the Coffee Keeper seems to better fit my need.<br /><br />It has double sided tape preapplied for a quick and easy installation (also some alcholol swabs to prepare the surface before applying).  Directions were simple and clear.  It also included optional screws (I thought about using them, but the tape is more than sufficient when given time to bond).<br /><br />It's a clever, useful, and evidently unique solution to K cup storage.<br /><br />There are two small cons I'd like to point out, which hopefully they correct in future versions.<br /><br />The one I received was a bit tight to pull down, obviously they should not be loose enough to drop on their own, but to pull down with a single finger would be nice.<br /><br />In fact a little pull tab in the front to grab on to would be very beneficial, rather than having to find and pull down on the edge/lip (which is hidden by your cabinet). I thought about deducting a star for this, but I've been told they will be adding it in the future and frankly it's still pretty darn convenient.",positive,i don t like messy counters or appliances take up all my counter space the kuerig does a good job of consuming space and most of the storage for k cups appear to do the same i was originally going to make wall mountable shelf to store some but the coffee keeper seems to better fit my need it has double sided tape preapplied for a quick and easy installation also some alcholol swabs to prepare the surface before applying directions were simple and clear it also included optional screws i thought about using them but the tape is more than sufficient when given time to bond it s a clever useful and evidently unique solution to k cup storage there are two small cons i d like to point out which hopefully they correct in future versions the one i received was a bit tight to pull down obviously they should not be loose enough to drop on their own but to pull down with a single finger would be nice in fact a little pull tab in the front to grab on to would be very beneficial rather than having to find and pull down on the edge lip which is hidden by your cabinet i thought about deducting a star for this but i ve been told they will be adding it in the future and frankly it s still pretty darn convenient,negative
527442,B0032JVXUM,AE00IOAB2PG3A,"Persnickety periwinkle ""Murf Duffy""",3,3,5,1308787200,I live for cream of wheat old fashioned,"first this is what my Dad and i would eat in the mornings, so it's my comfort food, and my children who are adults now find it to be their comfort food too from their mom<br />so that's cool<br />my recipe is: in the bowl you are to eat from, put in 1 cup Kefir yogurt (i use vanilla or blueberry or what ever yogurt is your favorite) and then some blueberries or bananas<br />Peacefully stir cream of wheat until it's at the desired consistency (i like mine on the thicker side)sometimes cooking it in milk makes it even more dreamier<br />pour into waiting bowl stir together and YUM<br />frozen blueberries will thaw immediately other frozen fruit take out the night before<br />All is well in the world when the day begins with Cream of Wheat :)<br />Peace and Grace<br />m",positive,first this is what my dad and i would eat in the mornings so it s my comfort food and my children who are adults now find it to be their comfort food too from their mom so that s cool my recipe is in the bowl you are to eat from put in cup kefir yogurt i use vanilla or blueberry or what ever yogurt is your favorite and then some blueberries or bananas peacefully stir cream of wheat until it s at the desired consistency i like mine on the thicker side sometimes cooking it in milk makes it even more dreamier pour into waiting bowl stir together and yum frozen blueberries will thaw immediately other frozen fruit take out the night before all is well in the world when the day begins with cream of wheat peace and grace m,positive
497548,B000HDK0D2,A1IGL3VAPA9M5T,Melissa Kreplin,0,0,5,1282089600,Love them!,My kids love these suckers and I can feel good giving them out instead of candy that is filled with horrible things.,positive,my kids love these suckers and i can feel good giving them out instead of candy that is filled with horrible things,positive
521750,B003M61F4E,A151X4F0YRN2OA,"Mitkoreader ""Mitko""",0,0,2,1348012800,Breeder recommends but dog rejects,We have a corgi and this kibble is one of the only two things that the breeder recommended. Unfortunately our dog does not like this food. He would NEVER eat a pellet on its own. We always have to mix it with real food and even then he sometimes refuses to eat it. On top of that none of the pet shops in our area carry this food so overall big PITA.<br /><br />We are still ordering from Amazon but looking for an alternative.,negative,we have a corgi and this kibble is one of the only two things that the breeder recommended unfortunately our dog does not like this food he would never eat a pellet on its own we always have to mix it with real food and even then he sometimes refuses to eat it on top of that none of the pet shops in our area carry this food so overall big pita we are still ordering from amazon but looking for an alternative,negative
438199,B000FFIEL2,A1WX42M589VAMQ,Mir,1,1,5,1293494400,"Amazing for an instant soup. Totally the best DMRF instant soup...creamy texture, nicely spiced, filling. Wow!","I've tried several of the DMRF soup and products. Some of the soups were pretty bland and not worth repurchasing. Some I liked quite a bit--the split pea, the spring onion, the boxed vegetable, for example. This instant soup from the line is the best. I like it even more than then ready-to-serve bean one (I have that one at home, too, as well as the lentil of the boxed ones.)<br /><br />I boil water and pour it in and cover the cup (with a bread plate) and let it sit for several minutes. It ends up a richly thick soup, creamy-bean texture (which is how I like my black bean soup and red bean soups), and it actually has flavor. You can smell the cumin right off when you open the flavor pack to stir into the beans.<br /><br />I'm Cuban. I grew up eating some sort of legume/pulse/bean just about every day. As poor immigrants, black bean or red bean or chick peas or lentils or split peas or white beans were a big part of our daily dinners. Black bean soup is one of those quintessential Cuban specialties. This one has more of a Mexican vibe, but it's very n ice. Even this bean-freak can say this is a lovely instant soup, surprisingly so (instant and ""lovely"" don't always go together).<br /><br />Be aware that this one large cup is considered two servings, so the total calories for eating the whole cup (as I do) is 340. It has 28 grams of fiber (really?!!), so it's mighty filling. Add some rice or crackers or toast or something to turn it into a complete protein and add fruit or a light salad and you have a very satisfying meal for a not unreasonable amount of calories. If you only have half the cup and save the rest, your damage is minimal (ie, if you're on a weight loss program). Sodium is not unreasonable for a convenience soup.<br /><br />If you haven't tried this one in Dr. McDougall's line, do so. If you love beans, this should definitely make you happy.<br /><br />Enjoy!",positive,i ve tried several of the dmrf soup and products some of the soups were pretty bland and not worth repurchasing some i liked quite a bit the split pea the spring onion the boxed vegetable for example this instant soup from the line is the best i like it even more than then ready to serve bean one i have that one at home too as well as the lentil of the boxed ones i boil water and pour it in and cover the cup with a bread plate and let it sit for several minutes it ends up a richly thick soup creamy bean texture which is how i like my black bean soup and red bean soups and it actually has flavor you can smell the cumin right off when you open the flavor pack to stir into the beans i m cuban i grew up eating some sort of legume pulse bean just about every day as poor immigrants black bean or red bean or chick peas or lentils or split peas or white beans were a big part of our daily dinners black bean soup is one of those quintessential cuban specialties this one has more of a mexican vibe but it s very n ice even this bean freak can say this is a lovely instant soup surprisingly so instant and lovely don t always go together be aware that this one large cup is considered two servings so the total calories for eating the whole cup as i do is it has grams of fiber really so it s mighty filling add some rice or crackers or toast or something to turn it into a complete protein and add fruit or a light salad and you have a very satisfying meal for a not unreasonable amount of calories if you only have half the cup and save the rest your damage is minimal ie if you re on a weight loss program sodium is not unreasonable for a convenience soup if you haven t tried this one in dr mcdougall s line do so if you love beans this should definitely make you happy enjoy,positive
364918,B002AK2O4I,A1XK4VP74IB9TQ,Fastphoto,0,0,5,1332460800,Great root beer taste.,I am working on my first bottle of this soda syrup and it is as good if not better the one of the commercial brands of rood beer.,positive,i am working on my first bottle of this soda syrup and it is as good if not better the one of the commercial brands of rood beer,positive
17143,B001NJJOCW,A1IATV65IYNK96,FU,2,2,4,1331510400,Delicious!,This is a great meal choice when you simply do not have the time to cook. Microwaveable bowls saves time on having to do the dirty dishes. The only drawback I see are the bowls are a bit too small. Would like to see Chef Boyardee make bigger bowls.,positive,this is a great meal choice when you simply do not have the time to cook microwaveable bowls saves time on having to do the dirty dishes the only drawback i see are the bowls are a bit too small would like to see chef boyardee make bigger bowls,positive
276991,B00067632Q,A3HY4LZLJS6V6E,Heather Roberts,0,0,4,1325462400,"Very appreciated, but no card","Recipient received the basket and was very thankful.  She stated that it was beautiful, appropriate, and very appreciated.  However, she stated that there was no card included.  (I asked if she received the basket to make sure.) I had included instructions for adding a gift message.  I'm not sure what happened to it.",positive,recipient received the basket and was very thankful she stated that it was beautiful appropriate and very appreciated however she stated that there was no card included i asked if she received the basket to make sure i had included instructions for adding a gift message i m not sure what happened to it,neutral
265702,B000EDGBF6,A1A18VVTDWDK9A,Shopaholic,0,1,2,1163203200,Not tasty,"I thought this would be a great-tasting, healthy snack after reading the reviews. Mine arrived safely and crunchy, unlike the other reviewer who got a bad batch. However, they were not sweet and tasty. My sister described it as tasting like cardboard. Now I have 5 whole bags I don't know what to do with. Maybe I'll put in a recipe and hope it turns out better. If you can, I'd recommend try before you buy.",negative,i thought this would be a great tasting healthy snack after reading the reviews mine arrived safely and crunchy unlike the other reviewer who got a bad batch however they were not sweet and tasty my sister described it as tasting like cardboard now i have whole bags i don t know what to do with maybe i ll put in a recipe and hope it turns out better if you can i d recommend try before you buy,negative
34640,B0018CJJ9C,A3GUIKZZ9AT9AR,Audrey Billings,0,0,4,1332374400,It turns out my dog is allergic to sweet potatoes...whoops.,"So, after adopting our dog, we discovered he had chronic ear infections, most like due to a food allergy, and so began our search for the perfect food.  This was food number 3.  We made it through about half the bag, when we noticed he was crazy itchy and had another ear infection.  I also went online to research the food and found a number of alarming reviews where dogs had reactions to the food.  Of course, there could be outside circumstances involved in these other instances, so I also made sure to read all the positive reviews.  However, this was clearly not working for my dog.  To settle my concerns around the negative reviews however, I decided to call the company.  It turns out that quite a few dogs are sensitive to sweet potatoes, and also, possibly, peas, which is also an ingredient in this food.  They were super nice, and sent me a voucher for a free bag of treats, and a voucher for a full size replacement bag of food in any of their other varieties, to be redeemed at any pet store that carries their product!  So, although this food was a no go for the Murph, I can't fault the company. They were great.",positive,so after adopting our dog we discovered he had chronic ear infections most like due to a food allergy and so began our search for the perfect food this was food number we made it through about half the bag when we noticed he was crazy itchy and had another ear infection i also went online to research the food and found a number of alarming reviews where dogs had reactions to the food of course there could be outside circumstances involved in these other instances so i also made sure to read all the positive reviews however this was clearly not working for my dog to settle my concerns around the negative reviews however i decided to call the company it turns out that quite a few dogs are sensitive to sweet potatoes and also possibly peas which is also an ingredient in this food they were super nice and sent me a voucher for a free bag of treats and a voucher for a full size replacement bag of food in any of their other varieties to be redeemed at any pet store that carries their product so although this food was a no go for the murph i can t fault the company they were great,negative
343549,B000GG5IXM,A1RF5Q1WEJ6GKS,Annie,1,2,5,1327190400,Great taste and convenient!,"As a busy law student I often need caffeine to get me going throughout my day.  Since coffee makes me feel nauseous, tea is a great alternative!  Out of all the teas I have tried, Bigelow's Earl Grey is definitely my favorite.  Bigelow's blend of black tea and natural oil of bergamot gives the tea not only a great smell but a great taste.  What I like even more is that unlike other teas, this tea does not leave an after taste in your mouth.  It's also gluten free, although that's not an issue for me.  The best part about this deal, however, is the very affordable and convenient subscribe option!",positive,as a busy law student i often need caffeine to get me going throughout my day since coffee makes me feel nauseous tea is a great alternative out of all the teas i have tried bigelow s earl grey is definitely my favorite bigelow s blend of black tea and natural oil of bergamot gives the tea not only a great smell but a great taste what i like even more is that unlike other teas this tea does not leave an after taste in your mouth it s also gluten free although that s not an issue for me the best part about this deal however is the very affordable and convenient subscribe option,positive
398340,B003G2LIIW,A1R3SGG7D9GXVX,Christopher,0,0,1,1336348800,Terrible. Made in china?,"Somehow this apple juice is overly sugary.<br />Even worse, The box is stamped to say it is a ""Product of China.""<br />There is no sensible reason as a consumer to buy overly sweet, overly processed apple juice that has been shipped across the Pacific Ocean.",negative,somehow this apple juice is overly sugary even worse the box is stamped to say it is a product of china there is no sensible reason as a consumer to buy overly sweet overly processed apple juice that has been shipped across the pacific ocean,negative
404541,B001E139G6,A1YUL9PCJR3JTY,"O. Brown ""Ms. O. Khannah-Brown""",1,1,5,1282608000,An Earl Grey Tea for Earl Grey Tea Lovers!,"*****<br />St. Dalfour's wonderful Certified Organic Earl Grey Tea is made from hand-picked, organic Ceylon tea. The flavor is enhanced by ""the all natural flavor of bergamot orange"", which added interest and made my tea experience delightful. The orange flavor was subtle, not overwhelming at all. I left the tea bag in as I drank the tea (the whole time, much longer than recommended), which turns most teas bitter, but not this one.<br /><br />St. Dalfour is a French firm that makes natural teas, including this organic tea. There is not a lot of information about them on their web site beyond the basics, but what is there looks good.<br /><br />Earl Grey teas are one of my favorite black teas, so if you are a fan also, this tea is one not to miss.<br /><br />Highly recommended.<br />*****",positive,st dalfour s wonderful certified organic earl grey tea is made from hand picked organic ceylon tea the flavor is enhanced by the all natural flavor of bergamot orange which added interest and made my tea experience delightful the orange flavor was subtle not overwhelming at all i left the tea bag in as i drank the tea the whole time much longer than recommended which turns most teas bitter but not this one st dalfour is a french firm that makes natural teas including this organic tea there is not a lot of information about them on their web site beyond the basics but what is there looks good earl grey teas are one of my favorite black teas so if you are a fan also this tea is one not to miss highly recommended,positive
266684,B007GPARA0,A3N8R67RY6P586,Tommy T,2,2,5,1330905600,Great Popcorn!,Great popcorn - way better than the 'normal' stuff I've been buying from the supermarket for years. The popcorn comes out sweet - just add a little salt and you're good to go. My girlfriend and I love it!,positive,great popcorn way better than the normal stuff i ve been buying from the supermarket for years the popcorn comes out sweet just add a little salt and you re good to go my girlfriend and i love it,positive
533540,B000EY1844,AP3CFWI5S034A,K. Langehennig,0,0,5,1242604800,Great Flavor!,This is the absolute best Raspberry Preserves I have ever eaten.  Everyone raves over it's texture as well as all around flavors.  It is difficult to find Raspberry flavored products and I am delighted to have this and so glad I ordered several jars.,positive,this is the absolute best raspberry preserves i have ever eaten everyone raves over it s texture as well as all around flavors it is difficult to find raspberry flavored products and i am delighted to have this and so glad i ordered several jars,positive
446356,B004NC9G9M,A29D0FVW8TUMUQ,Vass,0,0,5,1325635200,Delicious,This is by far the best tea I've ever tasted.  I love the blend it as and it is very light.  Anyone I had taste it really likes it.,positive,this is by far the best tea i ve ever tasted i love the blend it as and it is very light anyone i had taste it really likes it,positive
141446,B0047RQ9M0,A2OKNN3P92PBOQ,David W. Orr,0,0,5,1285891200,Great for those who don't like strong coffee in the morning,"My wife and oldest son don't like a strong coffee, so the Green Mountain Breakfast Blend works great for them. While I myself prefer the Coffee People's Organic, which is darker and more robust - similar to some of the blends found at Starbucks (not their regular blend). The Organic is strong enough for them to re-use once, after I've had the first brew.<br /><br />I also love that we can get the double pack of the Breakfast Blend 24 K-Cups inexpensively from Amazon. We purchase the Coffee People Organic in the 50-K-cup boxes.",positive,my wife and oldest son don t like a strong coffee so the green mountain breakfast blend works great for them while i myself prefer the coffee people s organic which is darker and more robust similar to some of the blends found at starbucks not their regular blend the organic is strong enough for them to re use once after i ve had the first brew i also love that we can get the double pack of the breakfast blend k cups inexpensively from amazon we purchase the coffee people organic in the k cup boxes,positive
202098,B000CQ01ME,A21XSWR1KQVLDA,kimbo33,0,0,5,1218499200,Great Snack!,My small kids love these crackers and so do I!  They taste great and are super healthy.  I don't feel bad giving them to my kids like I would other crackers.,positive,my small kids love these crackers and so do i they taste great and are super healthy i don t feel bad giving them to my kids like i would other crackers,positive
339359,B005A1LJ04,AZ5X928CQPRJN,Heidi,0,0,5,1317081600,Delicious!,"How did they get it to taste like tequilla?  No really, HOW DID THEY?<br /><br />I have no idea, but this drink mix is delicious.  It doesn't taste like margarita mix without the alcohol, it tastes like the real thing--only no alcohol and very few calories (5 per serving).  So delicious and refreshing, it's hard not to drink the entire two quarts in one sitting.  But if you do, don't worry--that's only 40 calories.<br /><br />I might try making it double strength and blending with ice... Oh, I wish it were summer again!",positive,how did they get it to taste like tequilla no really how did they i have no idea but this drink mix is delicious it doesn t taste like margarita mix without the alcohol it tastes like the real thing only no alcohol and very few calories per serving so delicious and refreshing it s hard not to drink the entire two quarts in one sitting but if you do don t worry that s only calories i might try making it double strength and blending with ice oh i wish it were summer again,positive
316993,B002PY3PPQ,A10AIJ6HFRLG8F,"N. Nolen ""Dose""",1,1,5,1320883200,Great product.,This product when used as instructed does not kill your plants and rarely causes nute burn with over application. This is a good product for a novice like me.,positive,this product when used as instructed does not kill your plants and rarely causes nute burn with over application this is a good product for a novice like me,positive
61099,B000FA38ZY,A1C139F5C7Y38P,"The Matrix Fan ""Video Gamer since 1979.""",1,3,3,1321833600,"Is there a rating for ""Meh""?","It's been many years since I tried Mallomars, and my wife and child never had them before...this seemed like a good time to introduce them to a childhood favorite of mine.<br /><br />While the box boasted a picture of dark chocolate, the inside was a different story. The Mallomars looked dried out since the chocolate was a light brown color. The marshmallow was not centered on the cookie at all. I can't speak for every box of Mallomars, but this batch seemed pretty below average.<br /><br />[Pls see the picture I uploaded to the ""Customer Images"" section for reference].<br /><br />Each of us had a different reaction upon tasting them. I found the marshmallow to be a lot chewier my childhood recollection, and I liked the chocolate. My spouse thought the cookie itself was dry and the chocolate was without flavor, and our child went right for the marshmallow, separating it from the cookie and eating the cookie last.<br /><br />Overall, these were okay. Not bad, but not earth-shatteringly good. Hopefully our next batch will be tastier.",neutral,it s been many years since i tried mallomars and my wife and child never had them before this seemed like a good time to introduce them to a childhood favorite of mine while the box boasted a picture of dark chocolate the inside was a different story the mallomars looked dried out since the chocolate was a light brown color the marshmallow was not centered on the cookie at all i can t speak for every box of mallomars but this batch seemed pretty below average pls see the picture i uploaded to the customer images section for reference each of us had a different reaction upon tasting them i found the marshmallow to be a lot chewier my childhood recollection and i liked the chocolate my spouse thought the cookie itself was dry and the chocolate was without flavor and our child went right for the marshmallow separating it from the cookie and eating the cookie last overall these were okay not bad but not earth shatteringly good hopefully our next batch will be tastier,negative
151926,B000LKVBD4,A2XNOB1T796Y6B,"ChibiNeko ""Sooo many books, so little time!""",1,3,4,1246579200,"Not entirely like the real thing, but still pretty tasty!","If you're like me, you are probably considering purchasing this because you are allergic to nuts. (Or maybe you are just a fan of soy products.) Whatever your reasons are for not being able to eat regular peanut butter, I feel your pain. Until I was diagnosed with an allergy of the bad sort, I loved eating peanut butter straight out of the package & I almost immediately started looking for a replacement. This one was the first one I purchased.<br /><br />This product contains no peanuts or not products, so if you have a terrible allergy then you will have no problem with this- assuming you don't have a soy allergy. The taste isn't bad. It doesn't exactly taste like peanut butter but it's fairly close. It's just got that slight taste of soy that most soy products tend to have. In fact, the taste is pretty darn good. The texture is where I had a problem. The crunchy bits of it were fantastic, but after a moment of having the spread in your mouth the texture becomes slightly grainy. It's not an alltogether unpleasant feeling, but it's different from the texture of peanut butter.<br /><br />Overall though, I really liked this product. It tastes enough like peanut butter to satisfy my cravings & is pretty yummy. The texture is a bit strange, but I will probably get used to it after a while. (The switch from eating nuts to choosing soy products just happened recently.) Besides, slap on a little jam or marshmallow fluff & it's faboo. I heartily recommend this to anyone looking for a nice nutritious & nut-free peanut butter. (Now if they'd only make a Nutella version of this...)",positive,if you re like me you are probably considering purchasing this because you are allergic to nuts or maybe you are just a fan of soy products whatever your reasons are for not being able to eat regular peanut butter i feel your pain until i was diagnosed with an allergy of the bad sort i loved eating peanut butter straight out of the package i almost immediately started looking for a replacement this one was the first one i purchased this product contains no peanuts or not products so if you have a terrible allergy then you will have no problem with this assuming you don t have a soy allergy the taste isn t bad it doesn t exactly taste like peanut butter but it s fairly close it s just got that slight taste of soy that most soy products tend to have in fact the taste is pretty darn good the texture is where i had a problem the crunchy bits of it were fantastic but after a moment of having the spread in your mouth the texture becomes slightly grainy it s not an alltogether unpleasant feeling but it s different from the texture of peanut butter overall though i really liked this product it tastes enough like peanut butter to satisfy my cravings is pretty yummy the texture is a bit strange but i will probably get used to it after a while the switch from eating nuts to choosing soy products just happened recently besides slap on a little jam or marshmallow fluff it s faboo i heartily recommend this to anyone looking for a nice nutritious nut free peanut butter now if they d only make a nutella version of this,negative
32650,B0047YVHMK,A1N4NEHBZYWXVO,Cowie,0,0,5,1328227200,This is the best bread mix I have found so far!,"Trying to feed a gluten free 6 year old boy is not always easy.  This is the only bread mix that I have found that I can acutally make sandwiches with!  He loves it as toast and if I cut the center and cut a little thicker slice, he thinks he has a bagel.  =) Highly recommend.",positive,trying to feed a gluten free year old boy is not always easy this is the only bread mix that i have found that i can acutally make sandwiches with he loves it as toast and if i cut the center and cut a little thicker slice he thinks he has a bagel highly recommend,negative
527550,B000QSON4K,A2YAMJL14NQ2VF,Knoxwell,0,0,5,1297900800,Good dog!!,"These are not only a great way to sneak a pill to your dog... but they are great to use as training treats.  I just take one pill pocket, smoosh it into a ball and pinch off little pieces to reward my dogs as I train them.",positive,these are not only a great way to sneak a pill to your dog but they are great to use as training treats i just take one pill pocket smoosh it into a ball and pinch off little pieces to reward my dogs as i train them,positive
329262,B003VXHGE6,A194XR1O94JG3T,S-LY,1,3,1,1302825600,Never got a chance...and still climbing,Ok...TODAY 4/15 this company decided to put them up for sale at 12.50 per 24pk...  This advertisement was on SLICKDEALS.NET<br /><br />Well... Went to order and refreshed the page and in my cart was now 1 at 36 dollars???? so they sold one out of my cart.<br />Next.... I waited 20 mins to see if it was a fluke and SD.NET started claiming dead link.<br /><br />Well upon refreshing again... they were now 44.95 for one 24 pack...<br /><br />Hey RIDICULOUS SELLER..... GET WITH THE PROGRAM ...IF THIS IS YOUR WAY OF RECOVERING QUICK MONEY...I THINK PEOPLE ARE MUCH SMARTER THEN THAT UPON PRESSING CONFIRM MY ORDER>..... ROUND OF APPLAUSE TO YOU FOR BEING SO UN-TECH-SAVY,negative,ok today this company decided to put them up for sale at per pk this advertisement was on slickdeals net well went to order and refreshed the page and in my cart was now at dollars so they sold one out of my cart next i waited mins to see if it was a fluke and sd net started claiming dead link well upon refreshing again they were now for one pack hey ridiculous seller get with the program if this is your way of recovering quick money i think people are much smarter then that upon pressing confirm my order round of applause to you for being so un tech savy,negative
233360,B007TJGZ4A,A221NIW05HBOLX,J. Quezada,1,1,5,1275523200,A guest favorite,"I can't think of anything bad to say about this coffee. Every guest we have had enjoys it. I'm not much of a hazelnut person, but it tastes pretty good to me.",positive,i can t think of anything bad to say about this coffee every guest we have had enjoys it i m not much of a hazelnut person but it tastes pretty good to me,positive
84980,B002ESMUYK,A3CTGG8EGMGPIV,ibisgirldc,0,0,2,1310169600,"Eh, didn't love the taste","Too mild and I'm not sure that it tastes of pecans at all.  We ended up mixing with stronger dark beans to give it some heft, but that doesn't make me want this again.  The price is good (esp given the rising price of coffee beans), but we won't re-order this one.",negative,too mild and i m not sure that it tastes of pecans at all we ended up mixing with stronger dark beans to give it some heft but that doesn t make me want this again the price is good esp given the rising price of coffee beans but we won t re order this one,negative
79186,B002WDCIXK,A25DJISJT31AZS,Irwin Fletcher,1,1,3,1312243200,Average at best,Not the best Tassimo product.  Has a fake-sweet aftertaste and foam is minimal.  The old Starbucks product (discontinued) was much more consistent.  Keep looking for something to replace this.,neutral,not the best tassimo product has a fake sweet aftertaste and foam is minimal the old starbucks product discontinued was much more consistent keep looking for something to replace this,negative
226260,B002T0NWKE,AQLZB3YNGD8QQ,Price Above Rubies,2,2,4,1329264000,Decent Set of Flavors But,"You have to sample them all to find the ones you like.  You'll miss out if you judge them all after tasting one or two.  My favorites are Diet Orange, Diet Raspberry/Cranberry, and Diet Energy. Diet Dr. Pete and Diet Root Beer aren't bad either.  They mix well with alcoholic beverages as well.<br /><br />HOWEVER<br /><br />I encourage everyone to visit the SodaStream webstore BEFORE purchasing any of products here. There are many flavors at the SodaStream webstore not offered here like DIET Energy and DIET Orange.  Also, as of 2/15/2012, they charge 40-50% less at the SodaStream webstore but you may have to pay for shipping.  However, if you buy 10 bottles at Sodastream, you'll get 1 bottle free.  I'm not slamming the Amazon merchants but I think consumers should be aware of the significant price mark-up.<br /><br />(With this exception, I've found Amazon prices to be competitive with other stores so I continue to be an Amazon Prime Member.)<br /><br />If you only want one bottle, it may make sense to pay twice as much with free Amazon Prime shipping.",positive,you have to sample them all to find the ones you like you ll miss out if you judge them all after tasting one or two my favorites are diet orange diet raspberry cranberry and diet energy diet dr pete and diet root beer aren t bad either they mix well with alcoholic beverages as well however i encourage everyone to visit the sodastream webstore before purchasing any of products here there are many flavors at the sodastream webstore not offered here like diet energy and diet orange also as of they charge less at the sodastream webstore but you may have to pay for shipping however if you buy bottles at sodastream you ll get bottle free i m not slamming the amazon merchants but i think consumers should be aware of the significant price mark up with this exception i ve found amazon prices to be competitive with other stores so i continue to be an amazon prime member if you only want one bottle it may make sense to pay twice as much with free amazon prime shipping,negative
123459,B0006VB3SG,A37GFKV81AL1VF,D. Miyao,4,4,3,1243987200,My dog loved these but they are far from everlasting.,"I have a 1 year old lab/australian shepard mix, 65 pounds, and she tore through the Everlasting treat in 5 minutes.  She liked both the beef and the liver flavors, but I was expecting more from this treat.  I figured the treat would at least last an hour.  I still like to give this treat to my dog because it breaks into small pieces versus a rawhide bone that can tear into large pieces and cause choking or digestion problems.  Ordering the treats save about 40% of the price I pay at my local pet store.",neutral,i have a year old lab australian shepard mix pounds and she tore through the everlasting treat in minutes she liked both the beef and the liver flavors but i was expecting more from this treat i figured the treat would at least last an hour i still like to give this treat to my dog because it breaks into small pieces versus a rawhide bone that can tear into large pieces and cause choking or digestion problems ordering the treats save about of the price i pay at my local pet store,negative
4302,B004391DK0,A36Z5NGBSMSPDX,"Rebecca K. Burgener ""Becca B""",8,20,1,1306454400,A disappointment...,"I actually was delighted to find this product, and my family and I loved the recipes made with it.  However it has sugar as the 2nd ingredient AND worse it has aluminum in it.  Why would I intentionally feed my family something neuro-toxic when I am trying to avoid gluten to keep healthy?  I sure wish those companies who jump on the GF bandwagon would keep health in the equation.  My kids bowel movements are gluten free too, but I wouldn't serve it to them for breakfast.  Just sayin...",negative,i actually was delighted to find this product and my family and i loved the recipes made with it however it has sugar as the nd ingredient and worse it has aluminum in it why would i intentionally feed my family something neuro toxic when i am trying to avoid gluten to keep healthy i sure wish those companies who jump on the gf bandwagon would keep health in the equation my kids bowel movements are gluten free too but i wouldn t serve it to them for breakfast just sayin,negative
35534,B000QZOYG0,A2R987WQN16OU1,creative,0,0,4,1287619200,baseball chocolates,"They came, they were in a pinata, they were eaten.  Kids loved them.  Shipping cost more than the candy however.  I never understand that.",positive,they came they were in a pinata they were eaten kids loved them shipping cost more than the candy however i never understand that,negative
341513,B001RVFEP2,A2DEB8DJ3MYSN2,ashleygranger,0,0,5,1295568000,Yum!,"I LOVE pop chips!  I like salty snacks and having one this low calorie is great.  I did think that the single serve bags of salt and vinegar has less flavor than the bigger bags, so I think next time I buy in bulk I'll get the bigger bags.",positive,i love pop chips i like salty snacks and having one this low calorie is great i did think that the single serve bags of salt and vinegar has less flavor than the bigger bags so i think next time i buy in bulk i ll get the bigger bags,negative
297728,B00474639C,A2L1ZMZ8DDVS89,Bean,1,1,1,1340841600,Wtf? 6 for $34??? You can 12 for $34!! :/ EDIT 10/12/12: $22.00 SHIPPING!!!!!!,"MY EDIT ON OCTOBER 12, 2012 - THE PRICE HAS BEEN UPDATED:<br />Offered by ABC WHOLESALE<br />Price: $19.00<br />SHIPPING: $22.00!!!!  (jeez! wtf?) PLEASE BE AWARE!!!!!!!!!!!!!!!!!!!!!!!!!<br /><br />Previous review:<br /><br />Wtf? 6 for $34???<br /><br />STOP!<br /><br />You can also get 12 for $34 on Amazon!! :/<br /><br />Do not buy this unless you have diligently searched for the deal I usually buy (but unknowingly bought from a different link, ugh).  I normally buy 12 boxes of this at $34! (and it is CHEAPER $31 if you auto-ship)<br /><br />I LOVE this almond milk!! It is the best, in my opinion. Only thing better is making your own.<br /><br />To your health!! :)",negative,my edit on october the price has been updated offered by abc wholesale price shipping jeez wtf please be aware previous review wtf for stop you can also get for on amazon do not buy this unless you have diligently searched for the deal i usually buy but unknowingly bought from a different link ugh i normally buy boxes of this at and it is cheaper if you auto ship i love this almond milk it is the best in my opinion only thing better is making your own to your health,positive
319374,B000SATGXE,ARDSUEAU593W4,"Alex ""AG""",2,3,1,1296604800,Too Strong,"I LOVE honeybush tea.  However, this is too strong and a little bitter.  So far my favorite brands are Stash & Numi.  If you get Stash, make sure to get the tea bag and not the lose tea.  Their lose tea have a lot of sediments due to fine tea leafs.  I heard that Numi lose tea is bigger but haven't tried it yet.  Anyhow, I would not purchase this again.",negative,i love honeybush tea however this is too strong and a little bitter so far my favorite brands are stash numi if you get stash make sure to get the tea bag and not the lose tea their lose tea have a lot of sediments due to fine tea leafs i heard that numi lose tea is bigger but haven t tried it yet anyhow i would not purchase this again,negative
93222,B004OLKF6K,A2SZLNSI5KOQJT,"Carrie, ""Formerly &#34;Sister Carrie&#34;""",0,1,3,1316044800,"Advertised as Medium-Bold, but more Medium than Bold.  Slightly Bitter, but Not Harsh.","This Columbia Blend leans more to the medium side than the bold side of coffee.  However, there is a slight kick to it, so solid medium coffee drinkers may want to take a pass.<br /><br />The blend is also slightly bitter, but not so bitter that it would be considered a harsh taste.  The bitter can be toned down by milk, which would leave no significant aftertaste.<br /><br />I would put this kcup in the same category as <a href=""http://www.amazon.com/gp/product/B00474OR8G"">Caribou Coffee, Caribou Blend, 24-Count K-Cups for Keurig Brewers</a>, although I would choose this Barista Prima Columbia blend over the Caribou Blend.<br /><br />This is an OK blend, but there are better coffee blends on the market.<br /><br />Disclosure: I received this kcup in a free sample pack mailed by Keurig to its customers.",neutral,this columbia blend leans more to the medium side than the bold side of coffee however there is a slight kick to it so solid medium coffee drinkers may want to take a pass the blend is also slightly bitter but not so bitter that it would be considered a harsh taste the bitter can be toned down by milk which would leave no significant aftertaste i would put this kcup in the same category as caribou coffee caribou blend count k cups for keurig brewers although i would choose this barista prima columbia blend over the caribou blend this is an ok blend but there are better coffee blends on the market disclosure i received this kcup in a free sample pack mailed by keurig to its customers,neutral
160916,B001EQ5LLC,A2M6IRI0ENMN2Y,A.Salem,0,0,5,1303862400,GREAT SMOKED HERRING,"I and my wife were afraid to try canned food through amazon. The low number of comments made us unsure of buying this product. Today, we got them and they are very tasty. The cans were easy to open and were not messy if you opened them in the right way. I recommend you to buy them.<br />The only bad thing in this product, that it doesn't have some fish eggs.",positive,i and my wife were afraid to try canned food through amazon the low number of comments made us unsure of buying this product today we got them and they are very tasty the cans were easy to open and were not messy if you opened them in the right way i recommend you to buy them the only bad thing in this product that it doesn t have some fish eggs,positive
147131,B000LQHP6A,A3RWA0EUDDTA8R,paty,2,2,3,1285372800,Pita,Would not order this again.  Buying at a local store would have been better.  Seemed dry and not as fresh as I hoped.,neutral,would not order this again buying at a local store would have been better seemed dry and not as fresh as i hoped,negative
464769,B000UBD88A,A1CVQY61GRH0D5,P. MacMillan,1,2,5,1224460800,"I love the SENSEO, But.....","I only use this coffee, so that it is great is obvious.<br />What my problem is, is with AMAZON.<br />I have been buying it here forever.  The other day I get this email saying it is on a HUGE sale, BIG savings etc.  I got so excited, because as we all know coffee is expensive, but can't live without it.  I opened the email to see a huge LIE.  They showed the regular price, which wasn't the regular price.  IT was a crazy jacked up price.  Then it said you could save this huge amount...which was the regular price.  It made me so angry I almost quit my subscription.  That is so wrong.<br />But yes, the Senseo is awesome.  Perfect, rich....wonderful everytime.  I will never go back to a conventional coffee maker.",positive,i only use this coffee so that it is great is obvious what my problem is is with amazon i have been buying it here forever the other day i get this email saying it is on a huge sale big savings etc i got so excited because as we all know coffee is expensive but can t live without it i opened the email to see a huge lie they showed the regular price which wasn t the regular price it was a crazy jacked up price then it said you could save this huge amount which was the regular price it made me so angry i almost quit my subscription that is so wrong but yes the senseo is awesome perfect rich wonderful everytime i will never go back to a conventional coffee maker,negative
249761,B00020UGMU,A33IZTCQMITB0X,"D. B. Smith ""Amazon Addict""",15,19,1,1203724800,totally overrated,"The Leonidas chocolates being peddled in the USA bear little/no resemblance to those available in Europe. After enjoying Leonidas in Germany (Aachen and Munich) for many years I placed an order here in New York State. What I received was (a) crudely presented boxes of (b) thick, hard-shelled (c) anonymous flavoured cream centres. With the exception of the coffee creams (which were more or less as I remember them from Europe) the rest of the box seemed to consist of two undefinable centres. Extremely disappointed with this order. The Godiva selection my mother received for Christmas was FAR superior in every respect -- packaging, presentation, appearance, texture, taste. I won't buy Leonidas in the USA again.",negative,the leonidas chocolates being peddled in the usa bear little no resemblance to those available in europe after enjoying leonidas in germany aachen and munich for many years i placed an order here in new york state what i received was a crudely presented boxes of b thick hard shelled c anonymous flavoured cream centres with the exception of the coffee creams which were more or less as i remember them from europe the rest of the box seemed to consist of two undefinable centres extremely disappointed with this order the godiva selection my mother received for christmas was far superior in every respect packaging presentation appearance texture taste i won t buy leonidas in the usa again,negative
83469,B005ZBZLT4,A1CEUPNC9A7FTO,ajsvtx1800,0,0,5,1345593600,keurig compatible,when your coffee maker motor starts to weaken and sound like a mack truck . Use these the paper filter makes it easy than those plastic ones and the coffee taste great!,positive,when your coffee maker motor starts to weaken and sound like a mack truck use these the paper filter makes it easy than those plastic ones and the coffee taste great,positive
427358,B00061KYHW,A2YAHDOYQK3JJJ,"Roger D. Lauzon ""coaterfreak""",0,0,5,1304899200,great duck sauce,this is a gret product i use it on chicken turkey and pork roasts also excellent with chinese food  buy it a lot of bang for your buck,positive,this is a gret product i use it on chicken turkey and pork roasts also excellent with chinese food buy it a lot of bang for your buck,positive
512639,B003RM9SA6,A1DDNNNTUMRKEQ,Scott,0,0,1,1331510400,Vanilla flavoring?,The vanilla beans must be the only vanilla flavoring in the bottle.  It's more like grain alcohol with coloring and a little smell.,negative,the vanilla beans must be the only vanilla flavoring in the bottle it s more like grain alcohol with coloring and a little smell,negative
212530,B003H4YML4,A111ZAXHIADWI,"J. Barton ""j Gregory""",2,2,5,1316736000,Substantial. Delicious.,"Delicious. Well packed. Authentic and rich.<br /><br />The package is over a foot by eight inches by four inches. Tis heft too, like tossing a plump child over your shoulder to tote into the kitchen.",positive,delicious well packed authentic and rich the package is over a foot by eight inches by four inches tis heft too like tossing a plump child over your shoulder to tote into the kitchen,positive
268795,B004SRFYMK,AYCLRXW5VOIOQ,"penny pincher ""two cents""",0,0,5,1308787200,Coco Puffs?,"I've tried several other flavors of coconut water and they're all pretty good.  As a choco-holic I had very high hopes for the Zico chocolate coconut water!  I was not disappointed...this water tastes more like liquified coco puffs cereal with just a hint of coconut.  Maybe that sounds gross, but it was really pretty good!  Very refreshing!",positive,i ve tried several other flavors of coconut water and they re all pretty good as a choco holic i had very high hopes for the zico chocolate coconut water i was not disappointed this water tastes more like liquified coco puffs cereal with just a hint of coconut maybe that sounds gross but it was really pretty good very refreshing,positive
381847,B001KUUMYS,AFBDDLG18Z1TB,S. Page,2,2,5,1258070400,Best Salsa I've ever tasted,"I started buying this salsa about 2 years ago on a whim. It was a little more expensive then I would normally buy, but after the first bite I knew why. This salsa has a heavier texture than most and pairs well with a thicker chip. It's not spicy, but it does have a full flavor. Occasionally I noticed an extra kick of vinegar, but this varied bottle to bottle. My only problem is that I am now hooked, but many of the supermarkets around me stopped carrying it. If you find some and want to splurge a little this is a great way to do it. My only warning is that it's hard to go back to other salsa's afterward.",positive,i started buying this salsa about years ago on a whim it was a little more expensive then i would normally buy but after the first bite i knew why this salsa has a heavier texture than most and pairs well with a thicker chip it s not spicy but it does have a full flavor occasionally i noticed an extra kick of vinegar but this varied bottle to bottle my only problem is that i am now hooked but many of the supermarkets around me stopped carrying it if you find some and want to splurge a little this is a great way to do it my only warning is that it s hard to go back to other salsa s afterward,neutral
424829,B0041CIP3M,A2H4AWIOK1REMX,"J. C Clark ""eanna""",0,0,3,1329350400,Satisfactory but hardly amazing,"Caveat: As a vegetarian, I ate this dish prepared with tofu rather than beef. Maybe that mattered more with this sauce than it would with others. But it was OK, without any special or redeeming qualities. The preparation was certainly easy, though that 4/5 of a cup of water (with the instruction printed in 2 point type) stumped me...what measuring cup comes in fifths? I got out a magnifying glass to be sure that's what they wanted. But the flavor just didn't punch as I thought it should, and there was a vague chemical flavor way in the back that left me unimpressed. A bit of tang and hot, but I've had better mixes and far better sauces. Shared with my son and grandson, and their feelings were the same.",neutral,caveat as a vegetarian i ate this dish prepared with tofu rather than beef maybe that mattered more with this sauce than it would with others but it was ok without any special or redeeming qualities the preparation was certainly easy though that of a cup of water with the instruction printed in point type stumped me what measuring cup comes in fifths i got out a magnifying glass to be sure that s what they wanted but the flavor just didn t punch as i thought it should and there was a vague chemical flavor way in the back that left me unimpressed a bit of tang and hot but i ve had better mixes and far better sauces shared with my son and grandson and their feelings were the same,negative
497139,B004E4EBMG,A2HJASVVF82TCH,M&M,0,0,5,1320451200,"Quick, easy and yummy","I've been using MIO for several months now and I really like it! When I want a sweeter flavor, I add a dash of Truvia (stevia based sweetener). I love the Mango Peach flavor, but have found most of the others quite good, too. In fact, I'm hoping they start introducing even more flavor choices. The only one I don't like is the Sweet Tea flavor (although the Peach Tea flavor is great).<br />The packaging is well-designed. There's no dripping when you use it, and since the cap snaps down tightly, it doesn't leak if you throw it in your pocket or purse. The bottle is also small enough to get through security at the airport, so I don't have to drink all the sugary and caffeinated drinks they offer on the plane. MIO has become a staple in my house. Price-wise it's a better bargain than the powdered packets.",positive,i ve been using mio for several months now and i really like it when i want a sweeter flavor i add a dash of truvia stevia based sweetener i love the mango peach flavor but have found most of the others quite good too in fact i m hoping they start introducing even more flavor choices the only one i don t like is the sweet tea flavor although the peach tea flavor is great the packaging is well designed there s no dripping when you use it and since the cap snaps down tightly it doesn t leak if you throw it in your pocket or purse the bottle is also small enough to get through security at the airport so i don t have to drink all the sugary and caffeinated drinks they offer on the plane mio has become a staple in my house price wise it s a better bargain than the powdered packets,positive
228879,B000MSXFWA,A3H3ZL6KYEGRTA,Kymberlee,7,7,5,1322438400,Amazing color payoff,"I LOVE these colors. I used them in pastry school to make brightly colored buttercreams and fondants, and there really is no substitute. In a lot of confection making, using too much color will ruin the formula and your product will come out poorly. These colors have worked for even the most delicate uses! I was so excited to be able to buy my own, and I'm sure they'll be getting a lot of use in the near future. :)",positive,i love these colors i used them in pastry school to make brightly colored buttercreams and fondants and there really is no substitute in a lot of confection making using too much color will ruin the formula and your product will come out poorly these colors have worked for even the most delicate uses i was so excited to be able to buy my own and i m sure they ll be getting a lot of use in the near future,negative
409821,B004LKY7NG,A180U294SG121U,naz,1,1,5,1320796800,yummy...i love this stuff!,"these licorice hard candies are exactly as you see in the picture, and taste even better.  i've eaten panda black chewy ""natural"" licorice, but it's not sweet enough when i want to eat some (real) CANDY.  this claey's licorice tastes just as my taste buds imagined/hoped they would.  i'm sold, and about to place my second order of them.  each piece is approximately 1/2"" by 1/2"", the perfect size, the perfect taste, the perfect candy for my sweet craving.  some might think they are a little pricey, but we need to indulgence ourselves on occasion...we deserve it, right?  my new favorite candy!",positive,these licorice hard candies are exactly as you see in the picture and taste even better i ve eaten panda black chewy natural licorice but it s not sweet enough when i want to eat some real candy this claey s licorice tastes just as my taste buds imagined hoped they would i m sold and about to place my second order of them each piece is approximately by the perfect size the perfect taste the perfect candy for my sweet craving some might think they are a little pricey but we need to indulgence ourselves on occasion we deserve it right my new favorite candy,neutral
488437,B0013A0QXC,A2SIH4ZBUUTOH,Kelly Costanzo,0,4,1,1286755200,Item was returned.  And no communication from Amazon - very strange.,"This coffee was purchased in the past before for my husband.  Due to circumstances beyond my control I no longer needed it.  I had cancelled many automatic shipments in the past - hoping that I would be able to start them up again in the future, but unfortunately that wasn't the case.  Eventually I cancelled the entire Sumatra account.  I never actually took possession of the coffee for it was being held at the post office for signature - not sure why.  When I went to the post office they showed me the box and I asked them to return it.  Please contact me about the refund to my account at your earliest convenience.  TYVM.",negative,this coffee was purchased in the past before for my husband due to circumstances beyond my control i no longer needed it i had cancelled many automatic shipments in the past hoping that i would be able to start them up again in the future but unfortunately that wasn t the case eventually i cancelled the entire sumatra account i never actually took possession of the coffee for it was being held at the post office for signature not sure why when i went to the post office they showed me the box and i asked them to return it please contact me about the refund to my account at your earliest convenience tyvm,negative
28758,B003XW70VY,AGGEE22EVDWUK,N. Schnell,0,0,4,1293148800,"Good tea, but bland k-cup","As with most k-cups, this tea is best with a small amount of water.  It has good flavor, but tastes watered down at anything larger than the six ounce setting.  For a nice, full cup of tea, I usually end up brewing two.",positive,as with most k cups this tea is best with a small amount of water it has good flavor but tastes watered down at anything larger than the six ounce setting for a nice full cup of tea i usually end up brewing two,positive
144105,B0001UXQ9Q,A23U0VZKCEZOCX,Charles Liotta,0,0,5,1318809600,"Yep, this is just like the ones from The Office.",The episodes after Michael Scott Paper Company forms.  I bought them as a joke gift for a huge fan and they were perfect and roughly as dangerously addictive as you might imagine. :),positive,the episodes after michael scott paper company forms i bought them as a joke gift for a huge fan and they were perfect and roughly as dangerously addictive as you might imagine,positive
38858,B000ICO8GW,A3BCRPP2CX8VVN,Cathy M. Murray,0,0,5,1214352000,Simply the best.,"If you want a quick cup of coffee that is simply the best, this is it! I have had other pod coffees all with a bitter aftertaste. I love love love this brand. You simply can not go wrong with any of the Gevalia flavors.",positive,if you want a quick cup of coffee that is simply the best this is it i have had other pod coffees all with a bitter aftertaste i love love love this brand you simply can not go wrong with any of the gevalia flavors,positive
418770,B00122AM2G,ATYNWXICMLTFO,Wendy Smock,0,0,5,1277424000,money saver,I have a family secret homade mustard recipe.  The price of this mustard compared to the store saved me lots of money and I can make many gifts for the families.,positive,i have a family secret homade mustard recipe the price of this mustard compared to the store saved me lots of money and i can make many gifts for the families,positive
114052,B004FELBH8,A1AG7F4Z1EOO5L,Natanya,0,0,4,1304726400,Tasty easy snack,I enjoyed the fig & honey flavor of this new cookie from Fig Newton.  It was light and made for a good snack at home or to take with you.  I felt the fig pieces could have been a little bigger but the fig taste is there with a sweet kick from the honey.  The aftertaste wasn't too strong either.<br /><br />The cookies arrived whole with 1 or 2 broken in the box.  For travel I took the entire package since these may break if you just use a ziplock to have on the go.<br /><br />I'd recommend these for anyone who enjoys the taste of figs and wants a sweet cookie that isn't too heavy for snacking.,positive,i enjoyed the fig honey flavor of this new cookie from fig newton it was light and made for a good snack at home or to take with you i felt the fig pieces could have been a little bigger but the fig taste is there with a sweet kick from the honey the aftertaste wasn t too strong either the cookies arrived whole with or broken in the box for travel i took the entire package since these may break if you just use a ziplock to have on the go i d recommend these for anyone who enjoys the taste of figs and wants a sweet cookie that isn t too heavy for snacking,negative
207409,B003D4IYSU,AVK3VZJKIYXVH,Esquire Mom,0,0,5,1280620800,Good Iced Tea,We don't like plain iced tea but love Earl Grey Iced tea.  Love being able to order in large quantities since it takes several bags for each pitcher of tea.,positive,we don t like plain iced tea but love earl grey iced tea love being able to order in large quantities since it takes several bags for each pitcher of tea,positive
355654,B002QWP8H0,A19Y5DMPLNGE0,deepinthegame,0,0,4,1341187200,Dog goes crazy for these,Keeps the dog's teeth nice and white. Smells like it is filled with minerals and all kinds of good stuff. Highly recommended by vets. Works well for us.,positive,keeps the dog s teeth nice and white smells like it is filled with minerals and all kinds of good stuff highly recommended by vets works well for us,positive
465032,B002EDIJCM,AVICQVASIHDHE,S. Vicente,0,0,5,1301011200,Yum!,"Who'd a thunk it?  This type of coconut cookie used to be easy to find in any grocery store, but lately not so. Macaroons, yes; rectangular, ridged, no. Stauffer's to the rescue!  (Extra good crumbled in plain yogurt, too!)",positive,who d a thunk it this type of coconut cookie used to be easy to find in any grocery store but lately not so macaroons yes rectangular ridged no stauffer s to the rescue extra good crumbled in plain yogurt too,negative
102069,B00181Y1PU,A3FKGKUCI3DG9U,Paul Moskowitz,2,2,5,1276992000,A Visit to the Peppermint Room,"Several years ago, I went on a tour of the Celestial Seasonings tea factory in Boulder, Colorado.  The guide showed us the bales of tea as they arrived, machines that ground and mixed the tea, and a machine that put the tea in tea bags.  The tour included a visit to the room where the peppermint tea was stored.  Our guide told us that peppermint was stored separately so that it would not contaminate the other teas.  He did not tell us what was to come.<br /><br />The doorway into the peppermint room was surrounded by bright red stripes. This should have served as a warning to us.  We all innocently strolled into the peppermint room.  The smell of peppermint was overpowering.  It entered my nose, my head, my lungs, and then my whole being was infused with peppermint.  What a rush!  The crowd stampeded out of the room in a hurry.  For the rest of the day and into the next, all I could smell and taste was the mint.<br /><br />I am now addicted to <a href=""http://www.amazon.com/gp/product/B000E63L8S"">Celestial Seasonings Peppermint Tea</a>.  Every time I have some, I am reminded of that fateful day in Boulder.  The events of that day have changed my life forever.  Amazingly, the tea is still legal, openly sold in stores and on the Internet.  I think that the tea is great, but then again I am not an unbiased observer.  On your next visit to Boulder, take the tour.  Or go a safer route; buy the tea from Amazon.",positive,several years ago i went on a tour of the celestial seasonings tea factory in boulder colorado the guide showed us the bales of tea as they arrived machines that ground and mixed the tea and a machine that put the tea in tea bags the tour included a visit to the room where the peppermint tea was stored our guide told us that peppermint was stored separately so that it would not contaminate the other teas he did not tell us what was to come the doorway into the peppermint room was surrounded by bright red stripes this should have served as a warning to us we all innocently strolled into the peppermint room the smell of peppermint was overpowering it entered my nose my head my lungs and then my whole being was infused with peppermint what a rush the crowd stampeded out of the room in a hurry for the rest of the day and into the next all i could smell and taste was the mint i am now addicted to celestial seasonings peppermint tea every time i have some i am reminded of that fateful day in boulder the events of that day have changed my life forever amazingly the tea is still legal openly sold in stores and on the internet i think that the tea is great but then again i am not an unbiased observer on your next visit to boulder take the tour or go a safer route buy the tea from amazon,negative
8726,B003VXFK44,A1SUGP9Q67CP28,Judith Ann Horne,1,1,4,1346716800,Wolfgang Puck Coffee - Sumatra Kopi Raya for Keurig,"This coffee was in a ""sample"" selection when we ordered our Keurig Brewer.  It was by far our favorite!  I have ordered this coffee several times from Amazon.  It is a dark roast, but not too strong.",positive,this coffee was in a sample selection when we ordered our keurig brewer it was by far our favorite i have ordered this coffee several times from amazon it is a dark roast but not too strong,positive
183297,B004U43ZO0,AXR3CV6A4FMBG,"McBean ""BJMcBean""",0,0,3,1309651200,The Product Picture is Better than the Cookies,"See that ooey gooey chocolate stretching between the two pieces of cookie on bag? That doesn't happen, even when the cookies are warm. The chocolate is actually quite stiff and dry. Another one of those ""got milk?"" products. I like plain old Chips Ahoy and would stick with those before diving into these and being disappointed again.<br /><br />And I'm not alone -- people in my office weren't impressed either -- and we'll eat anything.",neutral,see that ooey gooey chocolate stretching between the two pieces of cookie on bag that doesn t happen even when the cookies are warm the chocolate is actually quite stiff and dry another one of those got milk products i like plain old chips ahoy and would stick with those before diving into these and being disappointed again and i m not alone people in my office weren t impressed either and we ll eat anything,negative
527192,B003M5SZHU,A281NPSIMI1C2R,"Rebecca of Amazon ""The Rebecca Review""",1,1,5,1318636800,Get ready for the Holiday Season,If you plan to do a lot of baking this holiday season then you don't want to be without this excellent cooking spray. It is made with real flour and soybean oil. I've been using it for years and just used it on a glass baking dish when I made banana bread. The bread fell out of the pan perfectly and nothing stuck. I also use this for cupcakes and muffins. One secret is to put your pan or dish on the top rack of your dishwasher. Then spray all over and don't worry about the spray going outside the pan. If you used to butter and flour all your pans now you don't have to because this spray does it all in a few seconds.<br /><br />~The Rebecca Review,positive,if you plan to do a lot of baking this holiday season then you don t want to be without this excellent cooking spray it is made with real flour and soybean oil i ve been using it for years and just used it on a glass baking dish when i made banana bread the bread fell out of the pan perfectly and nothing stuck i also use this for cupcakes and muffins one secret is to put your pan or dish on the top rack of your dishwasher then spray all over and don t worry about the spray going outside the pan if you used to butter and flour all your pans now you don t have to because this spray does it all in a few seconds the rebecca review,negative
546879,B000XEAWNS,ALYX2MEA5C320,uta cantrell,0,0,5,1291075200,Dingo bones are  the best,"My dog loves dingo bones, she will not eat any other rawhidebones.Wish they could be a little cheaper but my dog is worth it.",positive,my dog loves dingo bones she will not eat any other rawhidebones wish they could be a little cheaper but my dog is worth it,positive
462709,B0075JTH7Q,A21Q27AIA4FJVH,VtwinDude,0,0,5,1334620800,Works for a competive cyclist,"I typically ride about 5000 miles a year (would do more but live in New England).  I usually do a handful of pro/am races a summer (I fall into the am category!).  I use Cytomax exclusively.  I've tried others - Hammer, Gatorade, Accelerade, etc, but find Cytomax best for me.  It's easy on my stomach and not and provides the needed energy/electrolytes for long rides.  My personal preference is to do 1 1/2 scoops per water bottle rather than the 2 that they reccomend because 2 scoops makes it too sweet for me.  The deal on Amazon is great for the 4.5 lb container too!",positive,i typically ride about miles a year would do more but live in new england i usually do a handful of pro am races a summer i fall into the am category i use cytomax exclusively i ve tried others hammer gatorade accelerade etc but find cytomax best for me it s easy on my stomach and not and provides the needed energy electrolytes for long rides my personal preference is to do scoops per water bottle rather than the that they reccomend because scoops makes it too sweet for me the deal on amazon is great for the lb container too,positive
254261,B000B6J4JG,A2DHY97LLSIJYA,Linda McIntyre,5,5,5,1285977600,Great For Single Servings,"I was looking for a way to avoid the HFCS in soda without giving it up entirely.  Instead of using the home brew method, I make soda using cans of seltzer.  For regular root beer I use 3 TBS of sugar.  For diet I use 1 tsp of Stevita Stevia. I mention the brand only because different stevias vary in sweetness.  I mix a small amount of hot water with the sweetener in a glass until it is dissolved, then add 1/4 tsp of McCormick Root Beer Concentrate.  To that I add a 12 oz can of seltzer and ice.  Tastes great and only takes a few minutes to mix it up. Fast and convenient!  Another favorite of mine is to use 1/2 tsp of vanilla extract instead of the Root Beer Concentrate to make cream soda.",positive,i was looking for a way to avoid the hfcs in soda without giving it up entirely instead of using the home brew method i make soda using cans of seltzer for regular root beer i use tbs of sugar for diet i use tsp of stevita stevia i mention the brand only because different stevias vary in sweetness i mix a small amount of hot water with the sweetener in a glass until it is dissolved then add tsp of mccormick root beer concentrate to that i add a oz can of seltzer and ice tastes great and only takes a few minutes to mix it up fast and convenient another favorite of mine is to use tsp of vanilla extract instead of the root beer concentrate to make cream soda,negative
403069,B002DHL08O,A38MR3T7M1CK0A,judy mcnamara,0,0,5,1327449600,great deal great product,We love these breakfast cookies.  At least that is what we eat them for and it is hard to find this particular flavoring in the stores.  We have no trouble purchasing the other two flavors but can never find these.  Thank you for supplying them to us.,positive,we love these breakfast cookies at least that is what we eat them for and it is hard to find this particular flavoring in the stores we have no trouble purchasing the other two flavors but can never find these thank you for supplying them to us,positive
132469,B0087PHU4Y,A1FW8MD6CVOFUM,R. Fick,0,2,1,1328918400,Received 6 month old product,"We use ketchup packets in our lunches.  It takes several months to use up a box.  According to Heinz, the shelf life of ketchup packets is 7 months. The product I received is 6 months old.  I will have to donate it to a food bank. This is a good product, but not fresh enough for extended use. I will purchase at GFS after this. I am very disappointed.",negative,we use ketchup packets in our lunches it takes several months to use up a box according to heinz the shelf life of ketchup packets is months the product i received is months old i will have to donate it to a food bank this is a good product but not fresh enough for extended use i will purchase at gfs after this i am very disappointed,negative
250878,B0000X0W28,A21E0D54JVW8EX,Lisemarie,3,3,5,1286582400,These pears are delicious.,"I was ordering the yellow nectarines and decided to try these ones too. I don't usually like dried pears because the texture of the ones I have had in the past has been a little grainular, and I don't enjoy that. These are smooth and more succulant as well. The flavor is not overly sweet and happily it tastes like 'pear'. Don't laugh, we all know they don't always taste like they are supposed to, these do. I have a great little fruit and nut stand near my place but they don't do the yellow nectarines, which is my favorite fruit. Along with Ranier cherries, but I couldn't find those so I tried pears instead and am glad I did. I will order these again.",positive,i was ordering the yellow nectarines and decided to try these ones too i don t usually like dried pears because the texture of the ones i have had in the past has been a little grainular and i don t enjoy that these are smooth and more succulant as well the flavor is not overly sweet and happily it tastes like pear don t laugh we all know they don t always taste like they are supposed to these do i have a great little fruit and nut stand near my place but they don t do the yellow nectarines which is my favorite fruit along with ranier cherries but i couldn t find those so i tried pears instead and am glad i did i will order these again,positive
193385,B000EMK54U,A3RELWYKEPEJK8,Maeng Hyun Sook,0,0,5,1339286400,Yummy,I purchased it after reading others' review.<br />Their review draw my attention and I was introduced to buy that.<br />I made a bisket as soon as it arrived.<br />It was tempting scent and my sons loved it.<br />We consumed it very quickly and I reordered other tasted it.<br />I am looking forward to receive honey butter bisquick also.,positive,i purchased it after reading others review their review draw my attention and i was introduced to buy that i made a bisket as soon as it arrived it was tempting scent and my sons loved it we consumed it very quickly and i reordered other tasted it i am looking forward to receive honey butter bisquick also,positive
103421,B001CU0N7C,ANJMBEV8866HR,Charles Stevens,0,1,4,1340582400,Where is the pepper?,"Ostrim beef and ostrich snacks are pretty tasty. I expected them to be a bit spicier, but they are good as they are. I needed another protein snack to supplement protein shakes and protein bars. The whole ostrich thing piqued my curiosity so I bought them. They are convenient to carry in my pocket while at work and the price is right. I will almost surely buy more.",positive,ostrim beef and ostrich snacks are pretty tasty i expected them to be a bit spicier but they are good as they are i needed another protein snack to supplement protein shakes and protein bars the whole ostrich thing piqued my curiosity so i bought them they are convenient to carry in my pocket while at work and the price is right i will almost surely buy more,positive
167908,B001AHL6CI,A10LIGIT9EGCM9,cocopupu,0,0,4,1221696000,"Crispy, Somewhat healthy, Not too Olively tasting tortilla!",I like these tortilla chips.  You can taste the olive but only faintly-you know it is there so you search out the taste but it is is a background flavor.  However if you don't like olives don't order these!  The fat content is reasonable for a snack food and they are satifyingly crispy!,positive,i like these tortilla chips you can taste the olive but only faintly you know it is there so you search out the taste but it is is a background flavor however if you don t like olives don t order these the fat content is reasonable for a snack food and they are satifyingly crispy,positive
117946,B000X1Q1G8,AZJZ6F6G91CSN,SH,0,0,3,1330473600,For Use In Protein Shakes Only,"I knew I wouldn't use this as a spread, but in protein shakes and therein it does the job.....makes the shake delicious, low fat, low cal, which is what I was looking for, since a 1/2 banana and regular PB just make my breakfast too fattening and calorie laden.  I am wondering about the ingredients, but since I'm also concerned about my weight, and finding ways to enjoy lo-cal/lo-fat food, it's a trade-off.  In anything but a shake, I imagine it would be horrid, but one tablespoon does the trick in shakes.",neutral,i knew i wouldn t use this as a spread but in protein shakes and therein it does the job makes the shake delicious low fat low cal which is what i was looking for since a banana and regular pb just make my breakfast too fattening and calorie laden i am wondering about the ingredients but since i m also concerned about my weight and finding ways to enjoy lo cal lo fat food it s a trade off in anything but a shake i imagine it would be horrid but one tablespoon does the trick in shakes,neutral
112508,B002ZJSWO0,A3VHNCE6D25BFX,T. Wilson,1,2,5,1234828800,Delicious Mini Chocolate Treats Help Weight Loss Efforts!,"I was one of fifty families chosen to receive Nabisco Oreo Mini Cakesters for free to do a product review on.  Once I received my Nabisco Oreo Mini Cakesters in the mail, I and two of my grandsons decided to do the taste test immediately.<br /><br />The box of Nabisco Oreo Mini Cakesters comes with five individual packages.  Each package is 100 calories.  In fact, the Nabisco Oreo Mini Cakesters are advertised as being 100 calorie packs so that people will know exactly how many calories they are having so there is no guesswork involved.  Each 100 calorie package comes with three Oreo mini cakesters which translates to each mini cakester having approximately thirty-three and one third calories.<br /><br />The appearance of the Nabisco Oreo Mini Cakesters is one of tiny chocolatey goodness.  They are a dark chocolate color with a thin slice of cream filling and are soft and slightly crumbly.  When you put a Nabisco Oreo Mini Cakesters into your mouth, they crumble into a delicious chocolate cake flavor.  In fact, they do remind me a little of having a small bite of chocolate cake.  The Nabisco Oreo Mini Cakesters mostly have a chocolate flavor and the cream filling isn't as easily tasted or rather it wasn't possible to isolate the flavor of the cream from the chocolate but I didn't have a problem with this and neither did either of my grandsons.<br /><br />My oldest grandson ate almost two 100 calories packs of the Nabisco Oreo Mini Cakesters minus one or approximately 167 calories.  He enjoyed eating them and even gave Nabisco Oreo Mini Cakesters his `lick of approval' to the wrapper they came in!<br /><br />My youngest grandson isn't able to communicate effectively verbally (he's special needs) but I considered his dedication to eating his Nabisco Oreo Mini Cakesters as a sign of approval as seen through his chocolate face and intensity as he ate his 100 calorie pack plus the one loose one from his older brother or his approximately 134 calories.<br /><br />I definitely give the Nabisco Oreo Mini Cakesters a thumbs up.  I believe that I really got a true sense of how good they tasted from my two 100 calorie packs or 200 calories worth of Nabisco Oreo Mini Cakesters that I ate. I honestly didn't mean to eat both 100 calorie packs but that last one was sitting there calling my name and my adult daughter was not home yet so, I ate it.  But luckily I know that all I had was 200 calories which in the grand scheme of things is not too bad at all!<br /><br />I like the fact that the Nabisco Oreo Mini Cakesters are presented as a 100 calorie pack.  I found the thought comforting especially since I ate two packages of them!  I even found it fun to know how many calories my grandsons were consuming of them too!!  I am diabetic and overweight besides so knowing the calorie count is a good thing for me.  I think the Nabisco Oreo Mini Cakesters are good for a small chocolatey treat when you just want something sweet and chocolate but you don't want to overindulge.<br /><br />If I have any complaint about the Nabisco Oreo Mini Cakesters, it would be that they are too small!!  But since that is actually part of their appeal, I don't consider their small size a problem.<br /><br />I do recommend Nabisco Oreo Mini Cakesters for anyone who wants a small and controlled portion of a chocolate treat because they are the perfect size to keep you in control of your diet instead of letting the chocolate treat control you.",positive,i was one of fifty families chosen to receive nabisco oreo mini cakesters for free to do a product review on once i received my nabisco oreo mini cakesters in the mail i and two of my grandsons decided to do the taste test immediately the box of nabisco oreo mini cakesters comes with five individual packages each package is calories in fact the nabisco oreo mini cakesters are advertised as being calorie packs so that people will know exactly how many calories they are having so there is no guesswork involved each calorie package comes with three oreo mini cakesters which translates to each mini cakester having approximately thirty three and one third calories the appearance of the nabisco oreo mini cakesters is one of tiny chocolatey goodness they are a dark chocolate color with a thin slice of cream filling and are soft and slightly crumbly when you put a nabisco oreo mini cakesters into your mouth they crumble into a delicious chocolate cake flavor in fact they do remind me a little of having a small bite of chocolate cake the nabisco oreo mini cakesters mostly have a chocolate flavor and the cream filling isn t as easily tasted or rather it wasn t possible to isolate the flavor of the cream from the chocolate but i didn t have a problem with this and neither did either of my grandsons my oldest grandson ate almost two calories packs of the nabisco oreo mini cakesters minus one or approximately calories he enjoyed eating them and even gave nabisco oreo mini cakesters his lick of approval to the wrapper they came in my youngest grandson isn t able to communicate effectively verbally he s special needs but i considered his dedication to eating his nabisco oreo mini cakesters as a sign of approval as seen through his chocolate face and intensity as he ate his calorie pack plus the one loose one from his older brother or his approximately calories i definitely give the nabisco oreo mini cakesters a thumbs up i believe that i really got a true sense of how good they tasted from my two calorie packs or calories worth of nabisco oreo mini cakesters that i ate i honestly didn t mean to eat both calorie packs but that last one was sitting there calling my name and my adult daughter was not home yet so i ate it but luckily i know that all i had was calories which in the grand scheme of things is not too bad at all i like the fact that the nabisco oreo mini cakesters are presented as a calorie pack i found the thought comforting especially since i ate two packages of them i even found it fun to know how many calories my grandsons were consuming of them too i am diabetic and overweight besides so knowing the calorie count is a good thing for me i think the nabisco oreo mini cakesters are good for a small chocolatey treat when you just want something sweet and chocolate but you don t want to overindulge if i have any complaint about the nabisco oreo mini cakesters it would be that they are too small but since that is actually part of their appeal i don t consider their small size a problem i do recommend nabisco oreo mini cakesters for anyone who wants a small and controlled portion of a chocolate treat because they are the perfect size to keep you in control of your diet instead of letting the chocolate treat control you,negative
44453,B000LDQWHG,AO0EJSJTHUUA6,Nancy NM,0,0,5,1190419200,Gnawhide Ring,These Premier treats are made for the Buddy Bouncy Bone. We call them the pepperonis and my puppy gets one on the Bouncy Bone every night before bed to calm him done a bit and he just loves them!! In fact after two nights he really started craving them before bed and asks to get down to our bedroom not to sleep but for his pepperoni!!<br /><br />Doing two at at time can be expensive but one on one side to the bone is just right!!,positive,these premier treats are made for the buddy bouncy bone we call them the pepperonis and my puppy gets one on the bouncy bone every night before bed to calm him done a bit and he just loves them in fact after two nights he really started craving them before bed and asks to get down to our bedroom not to sleep but for his pepperoni doing two at at time can be expensive but one on one side to the bone is just right,positive
142411,B004T36J5Y,A1Z9OGQ9ETUX0T,Tyler Davis,1,1,4,1326326400,"Delicious, but not enough calories","This breakfast is absolutely delicious, however - it is more along the lines of a snack and not so much a complete breakfast.  For me that doesn't work as I'm on the go with school, work, and a family.  Throw in a bannana or some other protein with this and it becomes complete.  But this is not a 1 stop shop for a complete breakfast.<br /><br />AMAZING FLAVOR!",positive,this breakfast is absolutely delicious however it is more along the lines of a snack and not so much a complete breakfast for me that doesn t work as i m on the go with school work and a family throw in a bannana or some other protein with this and it becomes complete but this is not a stop shop for a complete breakfast amazing flavor,positive
426123,B000TQEWM2,A2RWYKUYLT15ZI,Mady,0,0,1,1338336000,Not what I ordered!,I ordered decaf hazelnut k-cups from Gloria Jean (that's what I clicked on) what came in the mail was non-decaf (regular) I cannot drink regular coffee. I was dismayed to see they were not returnable. If it were not for Amazon's wonderful policy (they refunded me anyway!) I would be stuck with coffee I could not use. This is why I order 90% of my online purchases from Amazon. I will go back to Paul Newman decaf k-cups. They arrive as ordered.,negative,i ordered decaf hazelnut k cups from gloria jean that s what i clicked on what came in the mail was non decaf regular i cannot drink regular coffee i was dismayed to see they were not returnable if it were not for amazon s wonderful policy they refunded me anyway i would be stuck with coffee i could not use this is why i order of my online purchases from amazon i will go back to paul newman decaf k cups they arrive as ordered,negative
322363,B000VDKZ1K,A7EK88GF8N40F,Nicole S. Urdang,0,2,1,1199059200,Couldn't make it through one cup,"I had read about this tea and thought about trying it for a while before I bought it on Amazon. Had a few sips and had to throw out the rest of the cup.  I'm hoping someone at the local food pantry will like the rest of it.<br />When people wrinkle their nose after trying herbal tea they must be thinking of Tulsi.<br />I would recommend Two Leaves and A Bud teas; especially, the lemon rooibos and orange sencha green.<br />Yogi tea also makes some fine products.",negative,i had read about this tea and thought about trying it for a while before i bought it on amazon had a few sips and had to throw out the rest of the cup i m hoping someone at the local food pantry will like the rest of it when people wrinkle their nose after trying herbal tea they must be thinking of tulsi i would recommend two leaves and a bud teas especially the lemon rooibos and orange sencha green yogi tea also makes some fine products,positive
326527,B002AQ0OW6,AUEB9GIN14LV1,Angela Musso,0,0,3,1302307200,breakfast decaf,"only 1 was 5 star, barista prima italian roast, but i can't drink it because it' not made in decaf",neutral,only was star barista prima italian roast but i can t drink it because it not made in decaf,negative
275561,B005VOONI0,A1VF5LN6SHFVFJ,"Michael A. Saxton ""Dark Lord of the Sith""",0,0,4,1333411200,Good if you like Coffee,"This coffee is moderate in flavor (not to weak, not too strong) and I would recommend it to coffee drinkers who want a flavor in that range. It is ""coffee flavored coffee"", in other words, no fancy flavoring. Being organic, it is (hopefully) sans all of the nasty chemicals that tend to get added. I want to note I used it unconventionally. I cut the packets open and ran it through a regular coffee maker. Five packets for a 12 cup pot. Came out just fine doing that. If you're looking for organic coffee, this one will do nicely.<br /><br />My only real issue is the packets do not have an easy open to get the little coffee bag out. I had to use scissors. That might make you mad if you're jonesing for that cup of coffee to wake up in the morning.",positive,this coffee is moderate in flavor not to weak not too strong and i would recommend it to coffee drinkers who want a flavor in that range it is coffee flavored coffee in other words no fancy flavoring being organic it is hopefully sans all of the nasty chemicals that tend to get added i want to note i used it unconventionally i cut the packets open and ran it through a regular coffee maker five packets for a cup pot came out just fine doing that if you re looking for organic coffee this one will do nicely my only real issue is the packets do not have an easy open to get the little coffee bag out i had to use scissors that might make you mad if you re jonesing for that cup of coffee to wake up in the morning,positive
450775,B0000V8IOE,A26XMNLJU1UYQD,"Phillip G. Webser ""nswst8""",5,6,1,1300406400,Not as described.,"Although I might not be a coffee connoisseur, I do know the difference between a smooth or bitter tasting cup of Kona coffee. This might be labeled Kona, I say that it has an awful bitter after taste for being Kona. I have gone back to one of the original Kona coffee listed under the Kona coffee counsel. It is comparable to the pricing of this coffee yet a much smoother taste that I like.<br /><br />As stated above, this coffee is ""Not As Described""",negative,although i might not be a coffee connoisseur i do know the difference between a smooth or bitter tasting cup of kona coffee this might be labeled kona i say that it has an awful bitter after taste for being kona i have gone back to one of the original kona coffee listed under the kona coffee counsel it is comparable to the pricing of this coffee yet a much smoother taste that i like as stated above this coffee is not as described,negative
381584,B00376ZEY6,A1SJJJRGU9GS4A,R. Acheson,1,1,5,1324252800,An Amazing Gift,"My sister gave these to me as a present because she was aware of my fondness for caramel. They are by far the best caramels I have ever tasted-- very soft, smooth, rich in flavor, with a hint of crunchy sea salt in every bite. One, or even half of one caramel is plenty for a dessert, so the bag lasted me for a good while.",positive,my sister gave these to me as a present because she was aware of my fondness for caramel they are by far the best caramels i have ever tasted very soft smooth rich in flavor with a hint of crunchy sea salt in every bite one or even half of one caramel is plenty for a dessert so the bag lasted me for a good while,positive
110848,B001EPQN7E,AJD2N8K8UMB5V,Luz,1,1,5,1312588800,My favorite!,"I've been hooked on French Market coffee ever since a trip to New Orleans in 1980.  The last few years I've been buying directly from the company online because it's very expensive to buy retail here in Seattle (yes, I like it MUCH better than Starbuck's). I prefer the medium-dark roast, both the Creole Roast (red can) and the Restaurant blend (white can); the two are indistinguishable to me. I don't know how to describe it other than it has a very strong, deep flavor, but is mellow, not bitter, which may be the chicory. I practically never grind beans anymore because I like the chicory component and the coffee stays very fresh in the can anyway. I really do use ~50% less coffee to make a pot, as they recommend, and that, plus buying in bulk, makes my coffee habit extremely affordable. I was happy to see I could get on a subscription buying plan through Amazon.com; hopefully,I'll be less likely to run out. Now, I just have to find a good coffee maker to replace my old Starbuck's Barista that has finally quit.",positive,i ve been hooked on french market coffee ever since a trip to new orleans in the last few years i ve been buying directly from the company online because it s very expensive to buy retail here in seattle yes i like it much better than starbuck s i prefer the medium dark roast both the creole roast red can and the restaurant blend white can the two are indistinguishable to me i don t know how to describe it other than it has a very strong deep flavor but is mellow not bitter which may be the chicory i practically never grind beans anymore because i like the chicory component and the coffee stays very fresh in the can anyway i really do use less coffee to make a pot as they recommend and that plus buying in bulk makes my coffee habit extremely affordable i was happy to see i could get on a subscription buying plan through amazon com hopefully i ll be less likely to run out now i just have to find a good coffee maker to replace my old starbuck s barista that has finally quit,positive
107673,B004SI9EXO,A19Q33FNBRHPC6,Miss MHD,1,3,1,1333324800,Meh....,"After buying Maranatha's roasted almond butter several times, I decided to try their raw almond butter (which is supposedly healthier). However, I will never repurchase again. It does not really have any flavor, much unlike the roasted almond butter. I would not recommend anyone buying this item, even if it is better for you.",negative,after buying maranatha s roasted almond butter several times i decided to try their raw almond butter which is supposedly healthier however i will never repurchase again it does not really have any flavor much unlike the roasted almond butter i would not recommend anyone buying this item even if it is better for you,negative
542824,B000GB0TMW,A4BBF6ZHH0M0H,D. Burt,2,2,5,1248652800,Excellant health benefits,I just got into drinking Matcha and have been fascinated by it. This is an excellant product for a reasonable price. I have been drinking it once a day and this quantity of a half pound will last 3-4 months. Not bad for $16. I greatly enjoy the calmness of mind and energy it gives me. I like to add a little honey to it. For a good read on its health benefits check out the amnio acid that is in it called L-theanine.,positive,i just got into drinking matcha and have been fascinated by it this is an excellant product for a reasonable price i have been drinking it once a day and this quantity of a half pound will last months not bad for i greatly enjoy the calmness of mind and energy it gives me i like to add a little honey to it for a good read on its health benefits check out the amnio acid that is in it called l theanine,positive
76738,B0049ULB78,A2NZPL6HGUHNJB,J. Stulginski,2,2,5,1305244800,Better than my starbucks,I had the Tassimo and religously used the starbucks t-disc.  They stopped selling them so I switched to the k-cups.  The extra bold coffee is was better than my starbucks.  So smooth and rich with no after taste.  I can not be more happy!!  I also LOVE the Chai Latte k-cup.  So good!,positive,i had the tassimo and religously used the starbucks t disc they stopped selling them so i switched to the k cups the extra bold coffee is was better than my starbucks so smooth and rich with no after taste i can not be more happy i also love the chai latte k cup so good,positive
530367,B003DKY5QE,AWP0M8AOGHUHL,The1Bug,0,0,5,1310947200,Very good,The raspberry flavor and the sweetness are very subtle. So much that I add a spoonful of sugar or two which really brings out the raspberry flavor (as is a trend with Celestial Seasonings).  Very refreshing and very delicious.,positive,the raspberry flavor and the sweetness are very subtle so much that i add a spoonful of sugar or two which really brings out the raspberry flavor as is a trend with celestial seasonings very refreshing and very delicious,positive
446972,B0007LXU7M,AG4AEU0L4W2ZC,"KC ""KCUnitedGreen""",0,0,4,1245283200,Yum,"Nice flavour, almost that of malted milk balls with far less guilt.  I'm a kashi bar fan and this one is also very nice.",positive,nice flavour almost that of malted milk balls with far less guilt i m a kashi bar fan and this one is also very nice,positive
106747,B000A2BCJG,A3UKYVN8W414F,D. Filipowski,0,0,5,1340496000,Always pleased!,We have ordered these numerous times and we're happy every time!  We use these for workouts and bike rides!  They do give you the extra boost you need sometimes!!  Good quality item.,positive,we have ordered these numerous times and we re happy every time we use these for workouts and bike rides they do give you the extra boost you need sometimes good quality item,positive
496427,B001181NBA,A1JCJ4FT8KXSKT,"G. Mcloughlin ""Shea Girl""",0,0,5,1264204800,Great buy for protein bars!,I ordered these right before Christmas without doing a lot of research on them.  They came very quickly and are delicious!  I have seen them in nutrition stores for double the price that I paid for them. I would definitely buy them again-,positive,i ordered these right before christmas without doing a lot of research on them they came very quickly and are delicious i have seen them in nutrition stores for double the price that i paid for them i would definitely buy them again,positive
290507,B004777F3M,A1TSJR1YF6ORC0,V. R. Heck,0,0,5,1311552000,YUMMY!!!,"This tea is GREAT!!!  Hot it is great morning treat! Just add ice, lemon and lime slices and makes a REFRESHING SUMMERTIME drink!!",positive,this tea is great hot it is great morning treat just add ice lemon and lime slices and makes a refreshing summertime drink,positive
226331,B002T0NWKE,ARUPTZMAN8CXJ,R. Taylor,1,2,5,1315785600,Great substitute for named brands,Tired of carrying cases of soda around?  This is a great substitute and easier on the back.  When you follow the directions on how to make up a batch it was a great find.  I found trying to make a calorie comparison with canned cola's more difficult than it needed to be.  They should have provided calorie information on a 12 oz. basis to match the info on a can of cola.,positive,tired of carrying cases of soda around this is a great substitute and easier on the back when you follow the directions on how to make up a batch it was a great find i found trying to make a calorie comparison with canned cola s more difficult than it needed to be they should have provided calorie information on a oz basis to match the info on a can of cola,negative
116886,B001BCVY9W,ADEZOPMPKK146,Will,0,0,5,1228262400,Kitty Yum Yum :0),"My cat, PONCHO, loves this food. He's one of those especially finicky cats too. The food is not overprocessed and sure to please the most particular of cats. Overall, a gourmet cat food at a reasonable price. Meow.",positive,my cat poncho loves this food he s one of those especially finicky cats too the food is not overprocessed and sure to please the most particular of cats overall a gourmet cat food at a reasonable price meow,positive
329433,B002QWHJOU,A2L28WZD5RW60T,"Harry G. Kohler ""MathGuy""",1,1,5,1264809600,Greenies,"Perform as promised.  No problems with ""blobs"" since my dog chews 'em up real well.",positive,perform as promised no problems with blobs since my dog chews em up real well,positive
531321,B0002DGRSY,AMG0MU63Y2KUC,"Robert L. Jackson ""Bobby J""",1,1,5,1285718400,This is good stuff!!!,"We have a miniature Dachshund named Buck. We used this product to house and obedience train him. Now we use this as his daily treat, and he loves it! My Vet. told me this is a nearly prefect low fat treat. As a result of using Pro-Treat, we hardly ever have to use a leash while walking Buck. If it were not for local leash laws, we would not own a leash. The only problem I see with this product is the inconsistent size of the peices. It ranges from powder to 1 inch square, and every thing in between. I have done lots of research and Amazon is the best place to buy this stuff",positive,we have a miniature dachshund named buck we used this product to house and obedience train him now we use this as his daily treat and he loves it my vet told me this is a nearly prefect low fat treat as a result of using pro treat we hardly ever have to use a leash while walking buck if it were not for local leash laws we would not own a leash the only problem i see with this product is the inconsistent size of the peices it ranges from powder to inch square and every thing in between i have done lots of research and amazon is the best place to buy this stuff,negative
163488,B001UJIFRU,A3KAHS57DXF9EP,MoosieGirl,6,6,5,1297468800,Helped me with my Auto-Immune Problems,"I suffer from Fibromyalgia as well as other Auto-Immune Problems and decided to give this a try to see if the potassium might help with some of my muscle pain.  I have tried all of the flavors and the Vita Coco Coconut Water with Acai & Pomegranate is my favorite! (The plain is my second favorite.)  It's like a mini-treat to break up my day and I have seen a difference in the amount of pain I have been experiencing as well as it helping me with the ""dry mouth"" effects that my medication causes.<br />  I am not a medical doctor - but as someone that suffers from chronic pain - I would highly recommend at least giving this a try if you are in the same boat as I am.<br />  It takes a little while to get used to the taste - but once you do - you actually look forward to having it each day. *Hint: I have found that by putting it into the freezer for a little bit it turns into a tasty slushy that is AWESOME!",positive,i suffer from fibromyalgia as well as other auto immune problems and decided to give this a try to see if the potassium might help with some of my muscle pain i have tried all of the flavors and the vita coco coconut water with acai pomegranate is my favorite the plain is my second favorite it s like a mini treat to break up my day and i have seen a difference in the amount of pain i have been experiencing as well as it helping me with the dry mouth effects that my medication causes i am not a medical doctor but as someone that suffers from chronic pain i would highly recommend at least giving this a try if you are in the same boat as i am it takes a little while to get used to the taste but once you do you actually look forward to having it each day hint i have found that by putting it into the freezer for a little bit it turns into a tasty slushy that is awesome,negative
35478,B000WSHV1Q,A23057CI1DSJXN,Fred Anderson,0,0,5,1304899200,The BEST Cat Treats,"Nothing compares to these cat treats.  They are real chicken, and cats absolutely love them.  The jar seems expensive, but it will last a long time.  These are definitely worth it for the cats in your life who give you so much unconditional love!",positive,nothing compares to these cat treats they are real chicken and cats absolutely love them the jar seems expensive but it will last a long time these are definitely worth it for the cats in your life who give you so much unconditional love,positive
329634,B002QWHJOU,A59128KLN4BQK,"Madelene Caselli ""Taarna""",0,0,5,1330905600,Greenies are great....albiet Xpensive,"All greenies are overpriced.  But, since my critters love 'em so, I watch the price and get a bunch when it drops to a more reasonable level.  Still too high, but.....<br /><br />Since I'm buying something, I think is way overpriced...  yet I still buy it, should say it all.  My gang loves the darn things.  I prefer tendons or pizzles, since they last awhile.  But, they love Greenies.  So, I get em.<br /><br />You probably will too...  we got our pets, right where THEY want us......",positive,all greenies are overpriced but since my critters love em so i watch the price and get a bunch when it drops to a more reasonable level still too high but since i m buying something i think is way overpriced yet i still buy it should say it all my gang loves the darn things i prefer tendons or pizzles since they last awhile but they love greenies so i get em you probably will too we got our pets right where they want us,positive
535490,B000Z4WRXE,A11NOXIBYIZKDM,pondscum,13,14,4,1260144000,"tastes good, but not like eggnog","I was hesitant to try this tea because I thought eggnog-flavored tea sounded like a weird combination, and I'm not even a big fan of eggnog by itself.  However, it turns out it doesn't really taste like eggnog anyway!  It has a mild nutty/vanilla flavor to it instead; it's very similar to the Celestial Seasonings ""Nutcracker Sweet"" flavor.  I like it, but probably not enough for it to displace my other favorite flavors.  (A person can only drink so much tea....  so many flavors, so little time....)",positive,i was hesitant to try this tea because i thought eggnog flavored tea sounded like a weird combination and i m not even a big fan of eggnog by itself however it turns out it doesn t really taste like eggnog anyway it has a mild nutty vanilla flavor to it instead it s very similar to the celestial seasonings nutcracker sweet flavor i like it but probably not enough for it to displace my other favorite flavors a person can only drink so much tea so many flavors so little time,negative
219262,B000E7YPOQ,A2MP302OES9ZYR,Goebbels Gerbils,1,1,5,1324252800,Liked it a great deal.,"I'm tired of paying $10 for thai noodles at restaurant and this is close enough to satisfy the craving. I like to jazz it up a bit with some meat, rice and srirachas.",positive,i m tired of paying for thai noodles at restaurant and this is close enough to satisfy the craving i like to jazz it up a bit with some meat rice and srirachas,positive
87435,B003TRFU06,ABR46NFMO4VM5,sleeper,2,4,1,1320969600,Such a waste of money,"Purchased these noodles when our family was put on a gluten free diet.  Thankful to find a alternative to wheat noodles I can not express my great disapointment.  The noodles became mushy and break down very badly.  While cooking a package for dinner I carefully watched and stirred the noodles as they shrunk in my pan.  In fear that there would not be enough noodles from this one package to feed my famiy of 4 (both of my children a small and do not eat large portions)  I put on a second pot and started cooking an additional bag of pasta.  By the time they were cooked and serve My husband and two chilren received a 1/4 cup of noodles and I received none.  They were gone it was like they shrank.  Not only were there not enough noodles, they were mushy.  I actually took every bag I had left in the pantry and returned them to the store, I have found the Tinkayana brand to be a much better pasta for the gluten free families.",negative,purchased these noodles when our family was put on a gluten free diet thankful to find a alternative to wheat noodles i can not express my great disapointment the noodles became mushy and break down very badly while cooking a package for dinner i carefully watched and stirred the noodles as they shrunk in my pan in fear that there would not be enough noodles from this one package to feed my famiy of both of my children a small and do not eat large portions i put on a second pot and started cooking an additional bag of pasta by the time they were cooked and serve my husband and two chilren received a cup of noodles and i received none they were gone it was like they shrank not only were there not enough noodles they were mushy i actually took every bag i had left in the pantry and returned them to the store i have found the tinkayana brand to be a much better pasta for the gluten free families,negative
209031,B00004RAMY,A3O2E3SF0N7IEO,Siba,0,0,5,1308268800,Got one on my first try.,"After reading some of the reviews, it seems like a lot of people have had success with these traps, so I figured I'd give it a try. I was still skeptical, because that's my nature, but I'm not anymore. I installed the trap using the method of stepping on the mole tunnel to flatten it and cutting slits in the grass for the trap's scissors. The very next day I noticed the trap had tripped and I went to see if I caught one. Sure enough, when I pulled the trap out, there was the bane of my yard. A big, fat, ugly sucker with huge claws designed for yard devastation. I felt a little bad because I love most animals, but this one deserved what he got. Anyway, these traps are awesome. I cannot believe how good they work. Happy hunting.",positive,after reading some of the reviews it seems like a lot of people have had success with these traps so i figured i d give it a try i was still skeptical because that s my nature but i m not anymore i installed the trap using the method of stepping on the mole tunnel to flatten it and cutting slits in the grass for the trap s scissors the very next day i noticed the trap had tripped and i went to see if i caught one sure enough when i pulled the trap out there was the bane of my yard a big fat ugly sucker with huge claws designed for yard devastation i felt a little bad because i love most animals but this one deserved what he got anyway these traps are awesome i cannot believe how good they work happy hunting,negative
543645,B006MONQMC,AVZ1SYMD26S4R,Peggy Jentoft,0,0,3,1334016000,I guess its O.K.,The Fruit punch flavor of this water flavoring featuring  Vitamin C  is O.K. though it took quite a bit more product than the instructions called for to give any noticeable fruit punch flavor to the water. I noticed a distinct bitter chemical aftertaste which was not the taste I usually get from vitamin C. I am one of those people who can taste some things that most people can not taste and some of my family members did not find this product bitter and some did. I really like the idea of a water enhancer that includes vitamin C but this particular product was not one I enjoyed enough to continue drinking.,neutral,the fruit punch flavor of this water flavoring featuring vitamin c is o k though it took quite a bit more product than the instructions called for to give any noticeable fruit punch flavor to the water i noticed a distinct bitter chemical aftertaste which was not the taste i usually get from vitamin c i am one of those people who can taste some things that most people can not taste and some of my family members did not find this product bitter and some did i really like the idea of a water enhancer that includes vitamin c but this particular product was not one i enjoyed enough to continue drinking,negative
8981,B0007A0AP8,A3AQ260OJPMF5V,J. K. Carr,0,0,5,1267056000,Love this treat!,"My dog will do just about anything for this treat. Also, each treat can be cut easily into for small pieces for training. Ingredients listed are good quality. I had no ill effects from giving to my dog. Beef was the flavor I purchased this time",positive,my dog will do just about anything for this treat also each treat can be cut easily into for small pieces for training ingredients listed are good quality i had no ill effects from giving to my dog beef was the flavor i purchased this time,positive
170325,B0041CD3W0,A2G7B7FKP2O2PU,D. Leschke,0,0,5,1322956800,Fabulous Treats!,"I purchased this item in preparation for our first cruise.  Neither of us know whether or not we'll experience motion sickness on the ship.  I plan to take a bunch of these along as well as the ginger crystals packets.<br /><br />I honestly didn't expect these chews to be as good as they are.  They're very chewy and sweet without being too sweet.<br />The ginger sort of creeps up on you as you chew them.<br /><br />Very tasty, individually wrapped candies.  I plan to put out dishes of them in our home for us and guests.",positive,i purchased this item in preparation for our first cruise neither of us know whether or not we ll experience motion sickness on the ship i plan to take a bunch of these along as well as the ginger crystals packets i honestly didn t expect these chews to be as good as they are they re very chewy and sweet without being too sweet the ginger sort of creeps up on you as you chew them very tasty individually wrapped candies i plan to put out dishes of them in our home for us and guests,positive
253957,B0028PDFQG,AR84S76IQ866J,"Greg Wright ""Gadget Lover""",1,1,5,1329177600,Yummy noodles,"Very good yakisoba, for being dehydrated.  I sliced up some boneless pork chops very thinly, fried them up, and added that to these noodles.  VERY good stuff.  I'll be buying lots more of these.",positive,very good yakisoba for being dehydrated i sliced up some boneless pork chops very thinly fried them up and added that to these noodles very good stuff i ll be buying lots more of these,positive
142326,B001EQ5IJW,A3QBKYANO0T7O0,joe man.,8,10,1,1235520000,Xylitol Plus or Stevia Plus?,"I have been using Xylitol for a year now. I am not Diabetic nor am I overweight. I just simply don't like to consume all that sugar. What makes this product bad is not the Xylitol, Its the Stevia component. The Stevia completely hijacks the sweetener to the point you can't taste anything else, not even your coffee.<br /><br />So it comes down to this, If you enjoy Stevia then buy this product. If you have never tried Stevia and your looking for Xylitol then look somewere else. Or atleast go to your local natural foods store and test run Stevia.<br /><br />I on the other hand have three boxes of this that I can't seem to move as quickly.",negative,i have been using xylitol for a year now i am not diabetic nor am i overweight i just simply don t like to consume all that sugar what makes this product bad is not the xylitol its the stevia component the stevia completely hijacks the sweetener to the point you can t taste anything else not even your coffee so it comes down to this if you enjoy stevia then buy this product if you have never tried stevia and your looking for xylitol then look somewere else or atleast go to your local natural foods store and test run stevia i on the other hand have three boxes of this that i can t seem to move as quickly,negative
552326,B0005Z7PI0,A2ZT4FGZ0LVA7V,Novel Stitch,3,4,5,1142294400,Ghirardelli Hot Chocolate Mix,"A soothing mmmm.  I enjoy the rich, smooth chocolate mixed into a cup of hot skim milk.  It is worth every penny.",positive,a soothing mmmm i enjoy the rich smooth chocolate mixed into a cup of hot skim milk it is worth every penny,positive
546815,B0012NI060,A3MPDCMX9GBULW,Michal,1,1,5,1257033600,One of my favorite teas - great cassis flavor,"I love this blackcurrant flavor tea. Unlike the other reviewer, I can easily taste and smell the cassis in the tea. This is quite different than the Twining's blackcurrant tea, and I prefer the Ahmad brand. The aroma is very distinct, almost as if perfumed. I enjoy this tea and this is the one I drink the most.",positive,i love this blackcurrant flavor tea unlike the other reviewer i can easily taste and smell the cassis in the tea this is quite different than the twining s blackcurrant tea and i prefer the ahmad brand the aroma is very distinct almost as if perfumed i enjoy this tea and this is the one i drink the most,positive
194653,B003ZT61E2,A1TR9417Z4U72F,"S. M. Robare ""smurfwreck""",0,0,3,1321488000,"It's alright, but not quite what I wanted...","I was kind of excited for this Peppermint Mocha MH International Coffee flavor since I'm a pretty big fan of the similarly flavored Starbucks holiday coffee flavor. I tend to use the MHI Coffee powders as flavor enhancers in my daily brew, but for once I wasn't crazy about the flavor. Actually, the first thing I really didn't care for was the ""self-foaming"" aspect to this one, almost as if it has some tiny peppermint-flavored pop rocks in it or something. Not needed and kind of weird to me. Overall the taste is alright, though I feel it needs to be paired with a regular cup of coffee for optimal taste. Just by itself with hot water it's kind of flat.",neutral,i was kind of excited for this peppermint mocha mh international coffee flavor since i m a pretty big fan of the similarly flavored starbucks holiday coffee flavor i tend to use the mhi coffee powders as flavor enhancers in my daily brew but for once i wasn t crazy about the flavor actually the first thing i really didn t care for was the self foaming aspect to this one almost as if it has some tiny peppermint flavored pop rocks in it or something not needed and kind of weird to me overall the taste is alright though i feel it needs to be paired with a regular cup of coffee for optimal taste just by itself with hot water it s kind of flat,negative
323744,B003A23HZK,A2LTEPYFBQUL1U,Satisfied,0,0,5,1337558400,Awesome Product,Our dog absolutely LOVES this toy. It keeps her busy and we are starting to ratchet her up to the higher difficulty settings of the cube. I would recommend this to anyone looking for a toy to keep their puppy or dog occupied!,positive,our dog absolutely loves this toy it keeps her busy and we are starting to ratchet her up to the higher difficulty settings of the cube i would recommend this to anyone looking for a toy to keep their puppy or dog occupied,positive
248843,B0009JRH1C,A2WW2C6EB3TQZO,gtdara,3,4,1,1323388800,Not Caffeine FREE (Falsely states NO CAFFEINE ADDED) go figure!,The box says NO CAFFEINE ADDED..<br />Does not say anywhere as CAFFEINE FREE.<br />Manufacturer try to fool people.<br /><br />Stay away from this product if you dont like Caffeine in your tea.<br />My wife stayed awake all night after drinking this tea in the evening thinking that this was caffeine free.<br /><br />Nice price though!,negative,the box says no caffeine added does not say anywhere as caffeine free manufacturer try to fool people stay away from this product if you dont like caffeine in your tea my wife stayed awake all night after drinking this tea in the evening thinking that this was caffeine free nice price though,negative
218699,B000EQT9MK,A2UR44HF5K9FE5,A. Berger,0,0,3,1262649600,like stale popcorn,"These 1.5"" rounds are cut too small for dipping, and may be too fragile for proper Tortilla dishes - so it's a shame I'm now stuck with a case of them.  considering the soy is at the end of the ingredient list after various oils and before the salt, then such soy is just a marketing gimmick to help excuse such a disappointing blue corn chip.  Target's Archer Farms Organic Blue Corn With Flax Seed Tortilla Chips - are much better and cheaper.  Thank you Amazon for double boxing this and sending out a 3 Month long dated product during a 50% off sale.",neutral,these rounds are cut too small for dipping and may be too fragile for proper tortilla dishes so it s a shame i m now stuck with a case of them considering the soy is at the end of the ingredient list after various oils and before the salt then such soy is just a marketing gimmick to help excuse such a disappointing blue corn chip target s archer farms organic blue corn with flax seed tortilla chips are much better and cheaper thank you amazon for double boxing this and sending out a month long dated product during a off sale,negative
551908,B000OZFECU,A1PJZDLIA8EGML,Abigail Ermahgerd,0,0,5,1350777600,Consistently sized granules,"I have purchased a lot of citric acid from iffy sources and been disappointed by it's lack of purity. So, I was very happy to see Amazon carrying a good quality citric acid at an affordable price. The granules in the Spicy World Citric Acid all seem uniform (important when you want consistent results), the color is good (no yellowing), it wasn't clumped or sticky. I will definitely buy this again.",positive,i have purchased a lot of citric acid from iffy sources and been disappointed by it s lack of purity so i was very happy to see amazon carrying a good quality citric acid at an affordable price the granules in the spicy world citric acid all seem uniform important when you want consistent results the color is good no yellowing it wasn t clumped or sticky i will definitely buy this again,positive
118245,B004VLV3QE,APGO3OT2G65RJ,Sharon R. Marx,0,0,5,1344211200,Whole grain and tasty too!,"Great for tabouleh and made cracked wheat bread with it the other day.I hesitated about the volume I had to buy, but am using it often enough that it will not be a problem. An excellent product.",positive,great for tabouleh and made cracked wheat bread with it the other day i hesitated about the volume i had to buy but am using it often enough that it will not be a problem an excellent product,positive
222443,B004E4CCSQ,A1C4J5MRES1KRK,"Jennifer Sanders ""Ethans Mommy""",0,1,2,1325462400,Too expensive,This version of the water flavor enhancer has too little flavor for too much money.  My husband took half of the bottle to work with him to use during his breaks.  He said he used the entire half bottle in one regular bottle of aquafina water.  It gave it so little flavor it just made it undrinkable.  I would buy other flavors of the MIO but not this one!,negative,this version of the water flavor enhancer has too little flavor for too much money my husband took half of the bottle to work with him to use during his breaks he said he used the entire half bottle in one regular bottle of aquafina water it gave it so little flavor it just made it undrinkable i would buy other flavors of the mio but not this one,negative
401243,B000EMRRHS,AGR6NXP9R8D66,S. Edling,0,0,2,1321920000,Your product photo and description do NOT match.  I thought I was receiving SUGAR FREE as the photo shows!,"Incorrect photo of product, shows SUGAR FREE but rather they ship you regular... sad day for a diabetic but a good price for someone who can use it... just not me.",negative,incorrect photo of product shows sugar free but rather they ship you regular sad day for a diabetic but a good price for someone who can use it just not me,negative
161605,B00511MKR4,AKZKG2Z7CNV27,BreezyPaige,0,0,4,1346630400,"Great Fruit Snacks, but try some other flavors.","I absolutely love Annie's gummies, they healthy and yummy with an awesome texture. Texture is really important to me when it comes to fruit snacks, and these have an awesome soft texture. They aren't hard and you don't have to sit there chewing forever; but if you want you can suck not them and they won't just disintegrate or stick to the roof of you mouth. They are perfect! The only reason I gave this particular flavor a 4 instead of 5 stars, is it just doesn't taste as good to me as any of the other Annie's flavors. This particular flavor in my opinion was okay, but no where near as good as some other Annie's flavors. I recommend trying the Summer Strawberry and the Berry Patch flavors as well!!<br /><br />Another great fruit snack to try if you like this texture is Ocean Spray brand. They are not organic, but they are less than half the price of these. Mott's Medley's all natural fruit snacks are yummy as well and are made with both fruit and vegetable juices! The Mott's ones are also not organic, and not quite as soft as the Ocean Spray or Annie's, but again, much less expensive.",positive,i absolutely love annie s gummies they healthy and yummy with an awesome texture texture is really important to me when it comes to fruit snacks and these have an awesome soft texture they aren t hard and you don t have to sit there chewing forever but if you want you can suck not them and they won t just disintegrate or stick to the roof of you mouth they are perfect the only reason i gave this particular flavor a instead of stars is it just doesn t taste as good to me as any of the other annie s flavors this particular flavor in my opinion was okay but no where near as good as some other annie s flavors i recommend trying the summer strawberry and the berry patch flavors as well another great fruit snack to try if you like this texture is ocean spray brand they are not organic but they are less than half the price of these mott s medley s all natural fruit snacks are yummy as well and are made with both fruit and vegetable juices the mott s ones are also not organic and not quite as soft as the ocean spray or annie s but again much less expensive,positive
66648,B000E1HVFM,A2CNO6NW5PJCP4,"Mary E. OConnor ""Hi Tech grandma""",2,2,5,1175385600,Great to find this item,"I cannot find the French Vanilla Jell-o instant pudding in my grocery, but found it online and at a good price. Delighted as I use it a lot.",positive,i cannot find the french vanilla jell o instant pudding in my grocery but found it online and at a good price delighted as i use it a lot,positive
136575,B000HDMRN8,A2W2LEON46D46S,Jane A. Murray,4,4,5,1252627200,Terrific,It's tastes great and is made without eggs.  This is very helpful for anyone with an allergy to eggs and unable to eat mayo.,positive,it s tastes great and is made without eggs this is very helpful for anyone with an allergy to eggs and unable to eat mayo,positive
274830,B005VOOOM0,A2M3475QHHNKFI,Cynthia Carol,0,2,1,1330646400,Cardboard!,"How can something that looks this delicious fail to have any taste? There's dark chocolate but almost no discernible sweetness! SO disappointed. For the 190 calories and plenty of protein AND great taste, I would recommend <a href=""http://www.amazon.com/gp/product/B004RFVAA8"">Zone Perfect Sweet and Salty Cashew Pretzel -- 1.58 oz Each / Pack of 12</a>-- out of this world!  Won't be buying the Nature Valley ones again!",negative,how can something that looks this delicious fail to have any taste there s dark chocolate but almost no discernible sweetness so disappointed for the calories and plenty of protein and great taste i would recommend zone perfect sweet and salty cashew pretzel oz each pack of out of this world won t be buying the nature valley ones again,negative
260780,B002AK88SY,AQLZB3YNGD8QQ,Price Above Rubies,2,2,4,1329264000,Decent Set of Flavors But,"You have to sample them all to find the ones you like.  You'll miss out if you judge them all after tasting one or two.  My favorites are Diet Orange, Diet Raspberry/Cranberry, and Diet Energy. Diet Dr. Pete and Diet Root Beer aren't bad either.  They mix well with alcoholic beverages as well.<br /><br />HOWEVER<br /><br />I encourage everyone to visit the SodaStream webstore BEFORE purchasing any of products here. There are many flavors at the SodaStream webstore not offered here like DIET Energy and DIET Orange.  Also, as of 2/15/2012, they charge 40-50% less at the SodaStream webstore but you may have to pay for shipping.  However, if you buy 10 bottles at Sodastream, you'll get 1 bottle free.  I'm not slamming the Amazon merchants but I think consumers should be aware of the significant price mark-up.<br /><br />(With this exception, I've found Amazon prices to be competitive with other stores so I continue to be an Amazon Prime Member.)<br /><br />If you only want one bottle, it may make sense to pay twice as much with free Amazon Prime shipping.",positive,you have to sample them all to find the ones you like you ll miss out if you judge them all after tasting one or two my favorites are diet orange diet raspberry cranberry and diet energy diet dr pete and diet root beer aren t bad either they mix well with alcoholic beverages as well however i encourage everyone to visit the sodastream webstore before purchasing any of products here there are many flavors at the sodastream webstore not offered here like diet energy and diet orange also as of they charge less at the sodastream webstore but you may have to pay for shipping however if you buy bottles at sodastream you ll get bottle free i m not slamming the amazon merchants but i think consumers should be aware of the significant price mark up with this exception i ve found amazon prices to be competitive with other stores so i continue to be an amazon prime member if you only want one bottle it may make sense to pay twice as much with free amazon prime shipping,negative
260253,B000NMJWZO,A3NHHSISL7A0VC,ilovechocolate,0,0,5,1289865600,The best!,"This mix is AMAZING and really versatile. I use it for cookies and pancakes, but also for zucchini bread, apple bread and the list goes on. Even my gluten-loving boyfriend can't get enough.",positive,this mix is amazing and really versatile i use it for cookies and pancakes but also for zucchini bread apple bread and the list goes on even my gluten loving boyfriend can t get enough,positive
445249,B000ODH4BG,A2UEO5XR3598GI,Rich K,4,4,5,1293580800,"Excellent, Convenient Soup for the Price.","If you are looking for something that is fast, hot and tasty, this just might be it. A great alternative to coffee.<br /><br />This soup is made in Canada and is all natural with no preservatives . True Knorr or Maggi soup mix might be better if you want to spend 2 to 3 times more. This soup is slightly salty as are most of them, but if you add more water than directed it's not bad at all. For a soup that only takes 1 1/2 min. to make in a microwave and tastes like chicken noodle soup, its excellent. I did not need a spoon to get the noodles and chicken out of my cup, it just slid out with the liquid. And yes there are little pieces of chicken in there, so don't be naive as some of the reviewers and expect big chunks of chicken for this price.<br /><br />For the sale price or even the regular price and with Subscribe & Save plus free Prime shipping it cant be beat for 48 servings. It comes out to 25 to 30 cents a serving. So 5 stars for a soup that tastes really good at a very reasonable price.<br /><br />Note::: I just found this at my local Super WalMart for $1.08 a 4 pack.",positive,if you are looking for something that is fast hot and tasty this just might be it a great alternative to coffee this soup is made in canada and is all natural with no preservatives true knorr or maggi soup mix might be better if you want to spend to times more this soup is slightly salty as are most of them but if you add more water than directed it s not bad at all for a soup that only takes min to make in a microwave and tastes like chicken noodle soup its excellent i did not need a spoon to get the noodles and chicken out of my cup it just slid out with the liquid and yes there are little pieces of chicken in there so don t be naive as some of the reviewers and expect big chunks of chicken for this price for the sale price or even the regular price and with subscribe save plus free prime shipping it cant be beat for servings it comes out to to cents a serving so stars for a soup that tastes really good at a very reasonable price note i just found this at my local super walmart for a pack,positive
533356,B0087GGF62,A36MZGJVT077WL,Alsand,1,1,3,1337299200,"Good, but not Great","I live near Seattle and have drunk ""Pike's Place Roast"" at the Pike's Place location many times. So I know what a good cup of it tastes like. I'll also say that my expectations are higher for a k-cup that sells for a premium price.<br /><br />The coffee these k-cups makes is good, but not great. Even brewing the 6oz size, it is a little weak - far weaker than what is normal for this blend as made in a Starbucks. Why they didn't simply make this a ""Bold"" k-cup with more coffee grounds in it I can't say; but it would help. But if you like the stronger style of coffee Starbucks is known for, you'll be a bit disappointed. I don't plan to buy this again.<br /><br />So again, not bad, but nothing special. To my tastes, there are plenty of better k-cups for less money. Not worth the extra cost and a little on the weak side. I'm giving it three stars, but 2.5 stars would be about right",neutral,i live near seattle and have drunk pike s place roast at the pike s place location many times so i know what a good cup of it tastes like i ll also say that my expectations are higher for a k cup that sells for a premium price the coffee these k cups makes is good but not great even brewing the oz size it is a little weak far weaker than what is normal for this blend as made in a starbucks why they didn t simply make this a bold k cup with more coffee grounds in it i can t say but it would help but if you like the stronger style of coffee starbucks is known for you ll be a bit disappointed i don t plan to buy this again so again not bad but nothing special to my tastes there are plenty of better k cups for less money not worth the extra cost and a little on the weak side i m giving it three stars but stars would be about right,negative
473353,B0030VJ79Q,A1B0T55G8GU2VG,Klee,0,0,5,1309824000,Great on the go food!,"Our 20 month twins love these.  They are very convenient and usually pretty neat!<br /><br />I called the company because our UPC # matched a voluntary recall number from January of 2010 and they were very helpful in explaining the three ways to tell that it was not from that batch (wagon wheel top, ""Cheer Pack"" on the back, and expiration that would expire no more than 15 months from May of 2010).  Further more, they were confident that the voluntary recall got back all the products with faulty packaging.<br /><br />Very satisfied with this product and the flavor is good!",positive,our month twins love these they are very convenient and usually pretty neat i called the company because our upc matched a voluntary recall number from january of and they were very helpful in explaining the three ways to tell that it was not from that batch wagon wheel top cheer pack on the back and expiration that would expire no more than months from may of further more they were confident that the voluntary recall got back all the products with faulty packaging very satisfied with this product and the flavor is good,positive
352285,B0045IO37Y,A103U3KR4L2ZXT,"AndreaR ""andiemack""",0,0,5,1323216000,Great Coffee,I have ordered this several times and like the fairly rich taste without any bitterness. It is also very smooth and is one of the better K-cups that I have found so far.,positive,i have ordered this several times and like the fairly rich taste without any bitterness it is also very smooth and is one of the better k cups that i have found so far,positive
367520,B0045TJHAQ,A1836P6GR9ZMXE,jackel,1,2,3,1315526400,Preserves,This is a good Preserve like the flavor.  But the packaging needed to be better one of my bottles was broken when received.  I do like smuckers products and might think about buying more.,neutral,this is a good preserve like the flavor but the packaging needed to be better one of my bottles was broken when received i do like smuckers products and might think about buying more,negative
319750,B001IVWEIQ,A1HRYC60VTMYC0,Ace,0,0,5,1336435200,TO DIE for!!,But I don't want to die -- I want to live for MORE Dr. Brown's Black Cherry Soda!! I love anything cherry but it has to be GOOD cherry and this is GREAT!!!<br /><br />I usually drink it straight from the bottle - and the rush of intense cherry flavor is sooo goood!!The carbonation is just right and the flavor is as intense at the end as it was at the beginning. Amen!!!,positive,but i don t want to die i want to live for more dr brown s black cherry soda i love anything cherry but it has to be good cherry and this is great i usually drink it straight from the bottle and the rush of intense cherry flavor is sooo goood the carbonation is just right and the flavor is as intense at the end as it was at the beginning amen,positive
343662,B006BXUY2Y,A3TSJ9KDY18X1L,Kimberly,0,0,4,1335312000,tasty granola bar,"Kellogg's Special K Dark Chocolate granola bars are tasty, however they are pretty generic. Nothing really stood out and wowed me, however they do taste good in my opinion. The dark chocolate is probably the best part of it. When I first bit into it, it reminded me of a rice krispie treat with chocolate. Instead of rice cereal though, it is made with oats. The box comes with 5 bars so with the price on Amazon, it costs about 75 cents a bar. Each bar contains 110 calories, 4 grams of fiber, 4 grams of protein, 3 grams of total fat, 85 mg of sodium, and 7 grams of sugar. They are pretty sweet so if you aren't a big sweets fan you probably won't like these. It's almost as sweet as a candy bar in my opinion, so it would be a healthier choice if given the option between the two.<br /><br />Overall, they are decent. I'd buy them myself if they were on sale at the grocery store.",positive,kellogg s special k dark chocolate granola bars are tasty however they are pretty generic nothing really stood out and wowed me however they do taste good in my opinion the dark chocolate is probably the best part of it when i first bit into it it reminded me of a rice krispie treat with chocolate instead of rice cereal though it is made with oats the box comes with bars so with the price on amazon it costs about cents a bar each bar contains calories grams of fiber grams of protein grams of total fat mg of sodium and grams of sugar they are pretty sweet so if you aren t a big sweets fan you probably won t like these it s almost as sweet as a candy bar in my opinion so it would be a healthier choice if given the option between the two overall they are decent i d buy them myself if they were on sale at the grocery store,positive
382830,B002T0IHPO,AOK9CW62NSJXA,Jennie Leah,3,9,1,1329004800,Not ecological,"Sodastream bills itself as an ecological alternative to disposable bottles.  However, if you look at the fine print on the bottles, the syrups are made in Israel.  An item that's mainly water is being shipped half way around the world.  I think that cancels out any eco benefit on this end.",negative,sodastream bills itself as an ecological alternative to disposable bottles however if you look at the fine print on the bottles the syrups are made in israel an item that s mainly water is being shipped half way around the world i think that cancels out any eco benefit on this end,negative
33856,B0026LN472,A19GWZIFDGL3YM,luvz2shop,4,4,5,1290902400,Great product,"I have been feeding cats for a long time, and this is the best quality best tolerated food yet. My cats love it. Their digestive tracts aren't distressed, and the ingredient list alone would sell it. No aritificial colors or preservatives. You will feel good about giving this food to your pet(s).",positive,i have been feeding cats for a long time and this is the best quality best tolerated food yet my cats love it their digestive tracts aren t distressed and the ingredient list alone would sell it no aritificial colors or preservatives you will feel good about giving this food to your pet s,positive
228788,B0058AMY10,A3PJZ8TU8FDQ1K,Jared Castle,2,2,5,1231718400,"One bite and you'll become a ""chippoisseur""","I'm addicted to salty and tangy flavors, so when I opened my first bag of Sea Salt & Vinegar Kettle Brand chips I knew I had a perfect complement to my vegetable trays of cucumber, carrot, celery and cherry tomatoes. Skip the dip; balance the tangy chips by alternating bites of raw vegetable.<br /><br />As an Oregonian, I'm proud to share these delectable snacks with friends, especially those living outside our state and who haven't experienced gourmet chips. I tell them Kettle Brand does for potato chips what microbrews did for beer.<br /><br />Kettle Brand potato chips are unmistakable--a light gold color, rich flavor and amazing crunch. Kettle Brand chips are also a healthier snacking option than the major chip brands. Kettle Brand chips don't have trans fats, MSG or artificial flavors and colorings. The company also has a line of organic potato chips and all of their products are certified Kosher.<br /><br />I also recommend <a href=""http://www.amazon.com/gp/product/B000G6MBV4"">Kettle Chips Honey Dijon</a> and <a href=""http://www.amazon.com/gp/product/B000G6Q4GM"">Kettle Chips Spicy Thai</a>.<br /><br />Annette Solomon, a reporter for the Salem Statesman Journal recently noted that a glass of wine goes nicely with these chips. Solomon wrote, ""...you could be missing out on a wonderful pairing. These chips are spicy, so you would want to select a semi-sweet white wine. Also, a moderate amount of acid will subdue the strong flavors of ginger, lime, garlic and cilantro without over-powering them. Classically, a German-style Riesling fits these parameters perfectly.""",positive,i m addicted to salty and tangy flavors so when i opened my first bag of sea salt vinegar kettle brand chips i knew i had a perfect complement to my vegetable trays of cucumber carrot celery and cherry tomatoes skip the dip balance the tangy chips by alternating bites of raw vegetable as an oregonian i m proud to share these delectable snacks with friends especially those living outside our state and who haven t experienced gourmet chips i tell them kettle brand does for potato chips what microbrews did for beer kettle brand potato chips are unmistakable a light gold color rich flavor and amazing crunch kettle brand chips are also a healthier snacking option than the major chip brands kettle brand chips don t have trans fats msg or artificial flavors and colorings the company also has a line of organic potato chips and all of their products are certified kosher i also recommend kettle chips honey dijon and kettle chips spicy thai annette solomon a reporter for the salem statesman journal recently noted that a glass of wine goes nicely with these chips solomon wrote you could be missing out on a wonderful pairing these chips are spicy so you would want to select a semi sweet white wine also a moderate amount of acid will subdue the strong flavors of ginger lime garlic and cilantro without over powering them classically a german style riesling fits these parameters perfectly,positive
306187,B003THQKXM,A14F345W10VVT1,Glenn Gordon,0,1,2,1322352000,"Tasty, but disappointed","The listing of the box describes as twice as many bars as there are servings.  Each foil pouch contains two very small bars, which together make one serving.  The 10 count is really a 5 count.",negative,the listing of the box describes as twice as many bars as there are servings each foil pouch contains two very small bars which together make one serving the count is really a count,negative
432686,B003MWBFXY,A3IE3TQ79W0YOR,Ryan Johnson,9,13,1,1280793600,Please avoid!!,"Please do your research on pet foods and what is actually good for your cats.  Hills science diet is a horrible food filled with horrible ingredients.  They charge an outrageous price because it's the #1 vet recommended food.  This is a joke and the only reason why it's rated #1 buy vets is because Hills gives money to soon to be vets to help them go through school.  Then they sell the cat food to them cheap so they can jack up the price and make a nice profit off of your marketing foolishness.  Read the back of the labels of Hills brand and you will see that most of the top ingredients are grains or cheap meat by products which are the feathers, bones, unwanted organs from animals, basically all of the stuff we wouldn't eat. try something like orijen or evo.",negative,please do your research on pet foods and what is actually good for your cats hills science diet is a horrible food filled with horrible ingredients they charge an outrageous price because it s the vet recommended food this is a joke and the only reason why it s rated buy vets is because hills gives money to soon to be vets to help them go through school then they sell the cat food to them cheap so they can jack up the price and make a nice profit off of your marketing foolishness read the back of the labels of hills brand and you will see that most of the top ingredients are grains or cheap meat by products which are the feathers bones unwanted organs from animals basically all of the stuff we wouldn t eat try something like orijen or evo,negative
563130,B007JFMH8M,A24G65GFCTVQYE,Lckykittie13,0,0,5,1342656000,Mommy's Cookies,"I love these cookies, I will have to hide them from the kids because although they would be easy to throw into a lunch box they are nice and healthy for a cheat every now and then.",positive,i love these cookies i will have to hide them from the kids because although they would be easy to throw into a lunch box they are nice and healthy for a cheat every now and then,positive
4809,B00139TT72,A2V9VV9A6TC1UZ,"D. Pozdol ""traveler""",2,2,5,1280966400,Dogs like it. I love that Amazon carries it...,"I used to buy this at a local health food store and then they stopped carrying it. Then I was thrilled when I found it Wal-Mart, but then they stopped stocking the dry kibble and now only carry the Newman's doggie mush in cans. So, I couldn't believe it when I found it here - Amazon really does sell just about everything! My Shih Tzus like it and they do not get sick at all like they did periodically on the non-organic but still expensive, ""vet-recommended"", brands.",positive,i used to buy this at a local health food store and then they stopped carrying it then i was thrilled when i found it wal mart but then they stopped stocking the dry kibble and now only carry the newman s doggie mush in cans so i couldn t believe it when i found it here amazon really does sell just about everything my shih tzus like it and they do not get sick at all like they did periodically on the non organic but still expensive vet recommended brands,negative
224199,B0002ARQYQ,A2J45FFL1O12LL,"Bradley ""Foady""",1,1,4,1332720000,Dog loves it.,"The only problem with the Food Cube is that it is slick on all sides.  My dog could not get it to roll on either the kitchen floor or carpet.  I fixed this by putting some friction tape on each side.  Now it keeps him busy for almost an hour at feeding time.<br />Best of all, it is too large to fit under our couch.",positive,the only problem with the food cube is that it is slick on all sides my dog could not get it to roll on either the kitchen floor or carpet i fixed this by putting some friction tape on each side now it keeps him busy for almost an hour at feeding time best of all it is too large to fit under our couch,negative
13404,B003D5JJEC,A28DL4MFYRI60N,retiree,0,0,5,1283990400,Great cookies,I had never heard of Walker's biscuits before and I was really surprised how good they were.  The ginger cookies had pieces of ginger in them - delicious and the chocolate biscuits were different and tasted great.  The honey oat biscuits were also very good.  I would like to order them separately.,positive,i had never heard of walker s biscuits before and i was really surprised how good they were the ginger cookies had pieces of ginger in them delicious and the chocolate biscuits were different and tasted great the honey oat biscuits were also very good i would like to order them separately,positive
176227,B0028GWJF8,A1STXUS7VN9MVC,Mom,0,0,5,1325980800,Was recommended.......,for our miniature poodle.....so far so good.....she seems to like it and......I know this will sound gross to some but to those who know the importance......her poopoo doesn't smell and easy to pick up with a tissue....it's important!,positive,for our miniature poodle so far so good she seems to like it and i know this will sound gross to some but to those who know the importance her poopoo doesn t smell and easy to pick up with a tissue it s important,negative
86572,B005UUMZNA,A3JR6NI9NQJEJS,Jonathan Michael Walters,1,1,5,1336348800,Mother Theresa.....send help!!!!!,This is not for the faint at heart. Use sparingly till you find how much you can tolerate. Trust me its extremely hot. One note.... the after taste is a bit different. I wouldnt call it bitter. Maybe call it a dull taste. I have found that the dull taste disappears if used with other strong flavors ( not nessesarily hot ones) Those additional flavors mask that kind of dull taste of the Ghost Chile flakes. Curry or Cumon are great spices to use with the flakes. Good luck.... check your will before your try this!!!!,positive,this is not for the faint at heart use sparingly till you find how much you can tolerate trust me its extremely hot one note the after taste is a bit different i wouldnt call it bitter maybe call it a dull taste i have found that the dull taste disappears if used with other strong flavors not nessesarily hot ones those additional flavors mask that kind of dull taste of the ghost chile flakes curry or cumon are great spices to use with the flakes good luck check your will before your try this,negative
79601,B00181HN6Y,A1ZWSU46NAX24H,Rene Twaite,0,0,5,1229040000,Great Strawberry Tea,"I am what you might call a tea snob...mostly I make lose leaf tea in my expensive temperature controlled air pot with a timer and in fine bone china...because I am that obsessive about preparing perfect tea.<br /><br />Sometimes though I will try a new ""tea bag"" style tea, usually the tea bag teas are much lower quality than that of lose leaf tea and taste terrible. Most of the time I am not impressed by these types of tea, but this time I was VERY surprised. The tea is very strong, the strawberry flavor is not a chemical tasting flavor, it tastes like real strawberry with a strong malty Assam black tea. In my opinion this is the result of perfectly blended tea, I don't like weak tea with weak flavor ""notes"" unless it is a complex white tea, this tea was strong, stands up to milk and plenty of sugar and still is the dominating flavor in your cup, a constant battle of the beautiful malty Assam and the sweet aroma and flavor of strawberries. I share a lot of teas with my friends that are top notch, some very expensive blends even, but this is the tea they ask for more often than not, lol. Which is good for me as it is so inexpensive and easy to make, you really can toss this in the microwave with a cup of water for 2 minutes!<br /><br />Give this one a try if you are looking for a strong flavored, strong black tea.",positive,i am what you might call a tea snob mostly i make lose leaf tea in my expensive temperature controlled air pot with a timer and in fine bone china because i am that obsessive about preparing perfect tea sometimes though i will try a new tea bag style tea usually the tea bag teas are much lower quality than that of lose leaf tea and taste terrible most of the time i am not impressed by these types of tea but this time i was very surprised the tea is very strong the strawberry flavor is not a chemical tasting flavor it tastes like real strawberry with a strong malty assam black tea in my opinion this is the result of perfectly blended tea i don t like weak tea with weak flavor notes unless it is a complex white tea this tea was strong stands up to milk and plenty of sugar and still is the dominating flavor in your cup a constant battle of the beautiful malty assam and the sweet aroma and flavor of strawberries i share a lot of teas with my friends that are top notch some very expensive blends even but this is the tea they ask for more often than not lol which is good for me as it is so inexpensive and easy to make you really can toss this in the microwave with a cup of water for minutes give this one a try if you are looking for a strong flavored strong black tea,negative
349143,B0000ESTGX,A2F6WMPU7DATBB,K. Byrd,0,0,5,1333584000,wowee,if you put it in the freezer and let it freeze it is like eating two cups of chocolate candy. i wonder how many calories there are in two cups of chocolate candy.,positive,if you put it in the freezer and let it freeze it is like eating two cups of chocolate candy i wonder how many calories there are in two cups of chocolate candy,negative
299457,B00142BX68,A1WZY9GOEE7IAZ,alidep,0,0,5,1309219200,Very Good!,"The tea taste is very good, I've taken it yesterday for the first time. I'm taking it because of my pregnancy, many friends told me about its precious toning for the uterus.",positive,the tea taste is very good i ve taken it yesterday for the first time i m taking it because of my pregnancy many friends told me about its precious toning for the uterus,positive
230657,B0058RNYU8,A3F6JA9CO0AGRG,L.L.,0,0,5,1329264000,we all love M&M,I got this for the kids and they all love it.  The tin case can let them to store some tiny toys or some secret treasures they found from nowhere.  Plus red and green can't never go wrong on Christmas.,positive,i got this for the kids and they all love it the tin case can let them to store some tiny toys or some secret treasures they found from nowhere plus red and green can t never go wrong on christmas,positive
316068,B0002DD8S6,A267IK8XUUC6RK,K. Matzkanin,0,0,5,1216771200,My favorite hot sauce,"This is the best Hot Sauce that I have EVER had.  It is also quite the spiciest, so you only need a little bit.  It was given to me as a gift, and I just love it.  This is a sauce for true hot sauce lovers that desire a wonderful blend of hot spices.",positive,this is the best hot sauce that i have ever had it is also quite the spiciest so you only need a little bit it was given to me as a gift and i just love it this is a sauce for true hot sauce lovers that desire a wonderful blend of hot spices,positive
116003,B0026BQKT6,A1Z8MB72IYJCYY,LB,0,0,5,1348876800,A Whole New Life!,"This stuff is WONDERFUL!!!  It has a slightly different taste than peanut butter, but for those with food allergies (or living in a house with someone with food allergies) this is as close to peanut butter that we've ever gotten!  The kid with the peanut allergy is SO incredibly happy to bring her WOW butter sandwiches to school.  The rest of the family is so happy I can make dessert treats that taste like peanut butter (wow butter shakes, wow butter cookies,...)",positive,this stuff is wonderful it has a slightly different taste than peanut butter but for those with food allergies or living in a house with someone with food allergies this is as close to peanut butter that we ve ever gotten the kid with the peanut allergy is so incredibly happy to bring her wow butter sandwiches to school the rest of the family is so happy i can make dessert treats that taste like peanut butter wow butter shakes wow butter cookies,positive
78811,B0031UBVX6,A313HFX5V0TQFB,"Thomas Ng ""Tommy Ng""",2,9,2,1287792000,not for adults,"When I purchased this, I thought about a healthy smootie anywhere anytime, but it doesn't taste very good. Not sweet and yummy enough. Sorry for being so technical.",negative,when i purchased this i thought about a healthy smootie anywhere anytime but it doesn t taste very good not sweet and yummy enough sorry for being so technical,negative
379203,B001TM70XS,A1UD16T8XBNNIE,Elaine S,5,8,2,1305417600,Male Cat Owners Beware Seafood Based Cat Foods,"I recently did research on kidney/renal failure as I just lost one of my male 7 year old cats due to CRF (chronic renal failure). CRF is common in cats, especially male cats due to their intricate urinary system. About a year ago we discovered Weruva & started adding various flavors along with their high quality dry food. My cats totally loved their new canned foods especially Out Back Grill, Asian Fushion and Mack & Jack which happen to be all seafood based. I did not know that a seafood diet is not good for cats. Fish can contribute to urinary tract problems in cats. My cat that had CRF was a slim, but normal weight for his small size, but had lost weight partly due to his high fish diet (I found out fish based cat foods do not contain the fat they need). Wuruva, Tiki Cat,Tiki Cat King Kamehameha Luau Variety Pack Canned Cat Food 12/2.8-oz cans etc are all low fat. Cats need animal fat like chicken fat, fish oil, even emu oil. Besides being needed for their overall health, it's important for their kidneys! Not that I know of any onion eating cats, but I also learned never to give any onion to your cat. Deli (sandwich meat)& some meats (ham, hot dogs) may contain onion powder. The vegetable broths in canned tuna may contain onion. Read the label on any broth (including chicken, beef) as most contain onion or ""spices"". Occasional tuna water from a can of tuna packed in water is okay from what I've read & that is something I have given my cats. Also, I am always careful to keep anything with Xylitol (natural sweetener) away from cats & dogs, that includes toothpaste & gum including the gum wrappers & any toothpaste spatter in the bathroom sink (if your cat likes to sleep in your sink). My CRF cat was the runt of the litter so was a 'small average' size, very active, happy, partially outdoor cat who also ate high quality dry food, but mostly Weruva the past year or so. Over the past year we probably tried every Weruva flavor & it was great seeing how well my cats took to quite a few flavors, especially the fish based ones. I made the error assuming they were getting the right food. I won't be buying fish based cat foods by the case anymore.",negative,i recently did research on kidney renal failure as i just lost one of my male year old cats due to crf chronic renal failure crf is common in cats especially male cats due to their intricate urinary system about a year ago we discovered weruva started adding various flavors along with their high quality dry food my cats totally loved their new canned foods especially out back grill asian fushion and mack jack which happen to be all seafood based i did not know that a seafood diet is not good for cats fish can contribute to urinary tract problems in cats my cat that had crf was a slim but normal weight for his small size but had lost weight partly due to his high fish diet i found out fish based cat foods do not contain the fat they need wuruva tiki cat tiki cat king kamehameha luau variety pack canned cat food oz cans etc are all low fat cats need animal fat like chicken fat fish oil even emu oil besides being needed for their overall health it s important for their kidneys not that i know of any onion eating cats but i also learned never to give any onion to your cat deli sandwich meat some meats ham hot dogs may contain onion powder the vegetable broths in canned tuna may contain onion read the label on any broth including chicken beef as most contain onion or spices occasional tuna water from a can of tuna packed in water is okay from what i ve read that is something i have given my cats also i am always careful to keep anything with xylitol natural sweetener away from cats dogs that includes toothpaste gum including the gum wrappers any toothpaste spatter in the bathroom sink if your cat likes to sleep in your sink my crf cat was the runt of the litter so was a small average size very active happy partially outdoor cat who also ate high quality dry food but mostly weruva the past year or so over the past year we probably tried every weruva flavor it was great seeing how well my cats took to quite a few flavors especially the fish based ones i made the error assuming they were getting the right food i won t be buying fish based cat foods by the case anymore,positive
109674,B0030VJ97Q,A3FIV3X7H4VLI7,mandm,0,0,5,1310601600,great food,"I got this food for my little one in all the flavors.  I have to say the chicken is her favorite.  The pouch is great for traveling, and is a good portion size.  The consistency is a little chunky, just right for mine with 4 teeth.  One pouch and some finger foods is perfect for her.",positive,i got this food for my little one in all the flavors i have to say the chicken is her favorite the pouch is great for traveling and is a good portion size the consistency is a little chunky just right for mine with teeth one pouch and some finger foods is perfect for her,positive
440298,B005ZBZLSU,A23GZ7V5NMU1HX,W. Tormos,4,5,5,1331856000,GREAT COFFEE,THIS IS THE BEST K-CUP DESIGN. IT ALLOWS A RICHER AND GREAT FLAVOR TO SEEP THROUGH.  A FAVORITE AND AT A BETTER PRICE COMPARED TO OTHER K-CUPS.,positive,this is the best k cup design it allows a richer and great flavor to seep through a favorite and at a better price compared to other k cups,positive
448067,B002C1WDL4,A21O3NIG8WX0X4,Tink,0,0,5,1312848000,best feline cat food,My cats love this food.  They pick at other brands or won't eat it at all so I decided to try this brand. I can't find it locally and when I was ordering the Weruva decided to try a case.  I mix half a can in with the dry Blue Select and they inhale it and want more.,positive,my cats love this food they pick at other brands or won t eat it at all so i decided to try this brand i can t find it locally and when i was ordering the weruva decided to try a case i mix half a can in with the dry blue select and they inhale it and want more,neutral
418102,B0029O0DIO,A21VGNU5959O85,Laura Terese Henri,5,7,5,1247788800,The Goodlife Indoors!,"I have three adult indoor cats, and I feed them Goodlife indoor formula in the chicken flavor. I wanted a moderately priced cat food that wouldnt make me go broke, but also wasnt full of ingredients that were unhealthy for my kitties. I used to feed them Iams, but at 17 bucks a bag I knew there had to be a food out there that was comparable!<br /><br />Goodlife Indoor with Chicken has high quality ALL NATURAL ingredients that taste good (well I dont know that they taste good but my cats LOVE it)<br /><br />Inside it has:<br /><br />*REAL chicken and skim milk for strong bones and teeth and lean muscle mass.<br /><br />*WHOLE grain brown rice that has alot of good vitamins<br /><br />*Natural Garden Peas and Spinach with Iron and Folic Acid that helps metabolism<br /><br />*High quality protein and taurine needed for a healthy heart and eyes.<br /><br />*Whole Grains rich in fatty acids and fiber for healthy digestion and a shiny coat<br /><br />*Colorful veggies that provide antioxidants for a good immune system<br /><br />My cats have a clean bill of health, shiny sleek coats, no plaque on their teeth, and my oldest one who is 12 has a healthy urinary tract system which we all know is the number one killer of senior cats!",positive,i have three adult indoor cats and i feed them goodlife indoor formula in the chicken flavor i wanted a moderately priced cat food that wouldnt make me go broke but also wasnt full of ingredients that were unhealthy for my kitties i used to feed them iams but at bucks a bag i knew there had to be a food out there that was comparable goodlife indoor with chicken has high quality all natural ingredients that taste good well i dont know that they taste good but my cats love it inside it has real chicken and skim milk for strong bones and teeth and lean muscle mass whole grain brown rice that has alot of good vitamins natural garden peas and spinach with iron and folic acid that helps metabolism high quality protein and taurine needed for a healthy heart and eyes whole grains rich in fatty acids and fiber for healthy digestion and a shiny coat colorful veggies that provide antioxidants for a good immune system my cats have a clean bill of health shiny sleek coats no plaque on their teeth and my oldest one who is has a healthy urinary tract system which we all know is the number one killer of senior cats,positive
271706,B0013T8Y96,A2H0E43DM3MEHL,J. Seitz,0,0,5,1225065600,Excellent taste - Great price,I am pretty picky about my coffee and found these to be right on the mark.  I have tried several brands and find the flavor to be excellent - and my machine (Krups) likes it (not true with all other brands).  Do not be surprised when the box comes (it is large...).,positive,i am pretty picky about my coffee and found these to be right on the mark i have tried several brands and find the flavor to be excellent and my machine krups likes it not true with all other brands do not be surprised when the box comes it is large,positive
467714,B0009TMZIM,AE63US2LFX3UB,Hammer,1,1,2,1317945600,Not what I expected.,I'm new to the tea drinking world so I thought a sampler pack would have a wider flavor range. This sampler all taste pretty much the same.,negative,i m new to the tea drinking world so i thought a sampler pack would have a wider flavor range this sampler all taste pretty much the same,negative
59222,B000OQWAS0,AQ0SE4Y726V74,SpaceCat,0,0,5,1338595200,My favorite tea!,This is my most favorite tea ever. Expensive but worth the splurge - I also think it makes a great gift.,positive,this is my most favorite tea ever expensive but worth the splurge i also think it makes a great gift,positive
309631,B000F8JIIC,AN64ELVPUTAO2,Tammie Yarborough,0,0,5,1350086400,Lyons Raspberry Dessert Sauce,"Lyons Raspberry Dessert Sauce, everything about this produce, is what I was looking for.  Taste of fresh raspberry sauce, the size of the bottle, and the amount the bottle dispenses. I, look forward to purchasing, more of the Lyons Dessert Sauce.",positive,lyons raspberry dessert sauce everything about this produce is what i was looking for taste of fresh raspberry sauce the size of the bottle and the amount the bottle dispenses i look forward to purchasing more of the lyons dessert sauce,positive
404197,B003G91PFQ,ALT8IGQU5EJA9,tc55,1,2,4,1306540800,mostly good,"The zebra, caramel, and kettle were pretty darn good, addicting; the cheddar, however, was so stale and marshmallow soft it had to be tossed in the dumper. I'm guessing by the expiration date on these cones that they've been sitting on the shelf quite a while and it's the sugar coating that's protecting the other flavors.",positive,the zebra caramel and kettle were pretty darn good addicting the cheddar however was so stale and marshmallow soft it had to be tossed in the dumper i m guessing by the expiration date on these cones that they ve been sitting on the shelf quite a while and it s the sugar coating that s protecting the other flavors,negative
93261,B0015Y60O0,AXLAEAP2WKB3,branutown,0,0,4,1332979200,candy,these candy were very good. there was only one thing i didn't like about these. there is no carmel drizzle over the top like the ones that come in the big mixed box of 24 with the 3 different kinds. but these are still very good and worth the money and would def buy them again.,positive,these candy were very good there was only one thing i didn t like about these there is no carmel drizzle over the top like the ones that come in the big mixed box of with the different kinds but these are still very good and worth the money and would def buy them again,positive
14774,B0047ORGWK,A2LPVWUBCX0U6O,Bonnie S Arnold,0,0,5,1349308800,Great for picky toddlers!!!,"My little boy is nearly two and has become an extremely picky eater.  The peas and carrots he used to love just get thrown on the floor and the little chunks of squash I give him - he spits them out and makes himself gag!  So, these pouches are my salvation!  I mix the powder with a little milk into macaroni and cheese and voila!  Now he eats macaroni and squash and cheese or macaroni and peas and cheese and we are both happy :)  The squash is also great mixed into spaghetti sauce.  It's just an added bonus that they can sit in the pantry without going bad for weeks or months so I always have some veggies on hand for him.",positive,my little boy is nearly two and has become an extremely picky eater the peas and carrots he used to love just get thrown on the floor and the little chunks of squash i give him he spits them out and makes himself gag so these pouches are my salvation i mix the powder with a little milk into macaroni and cheese and voila now he eats macaroni and squash and cheese or macaroni and peas and cheese and we are both happy the squash is also great mixed into spaghetti sauce it s just an added bonus that they can sit in the pantry without going bad for weeks or months so i always have some veggies on hand for him,positive
479751,B00005U2FA,A2HC25FUS1MZ3O,Jesse M,0,0,5,1350691200,Yes it works,A longer stroke would be nice so it would evacuate more quickly but it gets the job done and it does hold a seal. A very handy tool!,positive,a longer stroke would be nice so it would evacuate more quickly but it gets the job done and it does hold a seal a very handy tool,positive
463788,B000Y8X0LE,A2L4TDPAS694Z3,Ms Bee,0,0,5,1319846400,I always come back to this product,"I have really sensitive skin; it reacts poorly to almost everything (including hard water), it is dry in spots and oily in others, and it definitely sees a blemish from time to time. I've tried just about every product out there because I am easily swayed by advertisements for new organic facial products, but I always come back to this line. Unlike most products for 'troubled' skin, which contain harsh salicycle acid, this product doesn't make my break-outs worse at all. It's oil free, so even after a long day my nose doesn't feel slick, and it's nice and light so it goes great under make-up. The scent is fantastic and a little jar goes a long way because you need so little of it. If your skin is like mine, I recommend the pineapple enzyme cleanser, the habiscus toner, the papaya mask, and this moisturizer. That regiment keeps me clear, soft, and smelling like the tropics. The only thing I don't use is the eye gel, which is a bit too light for the eye area.",positive,i have really sensitive skin it reacts poorly to almost everything including hard water it is dry in spots and oily in others and it definitely sees a blemish from time to time i ve tried just about every product out there because i am easily swayed by advertisements for new organic facial products but i always come back to this line unlike most products for troubled skin which contain harsh salicycle acid this product doesn t make my break outs worse at all it s oil free so even after a long day my nose doesn t feel slick and it s nice and light so it goes great under make up the scent is fantastic and a little jar goes a long way because you need so little of it if your skin is like mine i recommend the pineapple enzyme cleanser the habiscus toner the papaya mask and this moisturizer that regiment keeps me clear soft and smelling like the tropics the only thing i don t use is the eye gel which is a bit too light for the eye area,negative
202586,B000MWYAMU,A3NA0EXSW0Q7AC,S. Stewart,0,0,4,1242086400,low sodium wild ride,"Wild Ride is some of the lowest sodium beef jerky I've found.  At least for Hoppin' Hickory and Peppered flavors.  Plus, they provide me with a way to get more of a whole food in my protein requirements.  Nice job, Wild Ride.",positive,wild ride is some of the lowest sodium beef jerky i ve found at least for hoppin hickory and peppered flavors plus they provide me with a way to get more of a whole food in my protein requirements nice job wild ride,negative
363832,B001M08YZA,A15S9OH2IG6VVD,betweenthepages,0,0,2,1348444800,BRING BACK THE ORIGINAL FORMULA!!!!,"Honestly I am so upset with Special K for changing the formula of this cereal. I LOVED the old 100-calorie for 3/4 cup, 12g protein version--it was higher fiber and lower sugar. What's the point in making a cereal like this for low-carbers if you're going to INCREASE the net carbs? BRING BACK THE ORIGINAL!",negative,honestly i am so upset with special k for changing the formula of this cereal i loved the old calorie for cup g protein version it was higher fiber and lower sugar what s the point in making a cereal like this for low carbers if you re going to increase the net carbs bring back the original,negative
283844,B004EE0TYK,A14Y76M66GLVZF,drock,0,0,2,1330214400,Just weak hot chocolate,"Despite the name, this is just hot chocolate, not a mix of coffee and chocolate.  Also, unless you use the smallest cup sizes, it is very weak.  Chocolate infused hot water, basically.",negative,despite the name this is just hot chocolate not a mix of coffee and chocolate also unless you use the smallest cup sizes it is very weak chocolate infused hot water basically,negative
445223,B009GHI5Q4,A3TVZM3ZIXG8YW,christopher hayes,6,15,1,1291420800,"Filler food is empty, leaves your cat always needing more","This review will make me sound really stupid, but whatever. I don't really care as long as people find out what's real and can avoid my mistakes.<br /><br />I got my wonderful little sweet Bella Bean when she was a few days shy of three years old. She had been bounced around from house to house and eating whatever was cheap. I have had cats around me my entire life, for about twenty-five years now. My mother always just fed them whatever, the kinds of food you buy in the supermarket - Friskies, Nine Lives, Kit & Kaboodle, stuff like that. And our cats were always fine, at least in terms of their eating habits. They would eat in the morning, stop when they were done, come back, and eat some more when they got hungry.<br /><br />My housemate at the time was working for Hill's and assured me that this was the best food ever made, so great, so on and so forth. I now know that she is an utter buffoon, but I initially trusted her judgment, which is so unfortunate because she doesn't think. She also had plenty of coupons for free or deeply discounted bags, which made it a much more attractive choice.<br /><br />I first tried feeding the little Bean an unmeasured amount of Science Diet in a bowl, but that didn't work, as she would devour it in one sitting. So then I took to measuring it, and she did the same thing. Then I started parsing it out to twice a day. That didn't work either, because she would start going crazy in the middle of the day, running around, intentionally destroying things, deliberately spilling her water, crying, etc., until she got more food. So then I split it into three servings. Same thing. Then it got to be four servings. That was a little better, but it was too much maintenance and unrealistic to be around every day to feed her four times. So then it went back to three. All the while, I was trying to reduce the amount of food I was feeding her to less than 3/4 of a cup because she was a little chubby. Reducing was hell. She became even more hungry, but I figured she would get used to it. Not really.<br /><br />For over a year, she would wake me up every morning looking for food in a serious way, knocking things off my desk, ripping up any paper she could find, scratching at the door and committing general acts of mischief. As soon as she got food, she was back to her sweet self, but only for three or four hours.<br /><br />We thought she was bored, we thought she was a little nutty, and maybe even had a kitty eating disorder. She always wanted food. It was kind of funny but in the end it was just sad.<br /><br />A few weeks back, we took her to a new (good, non-money factory) vet for her second checkup since I've had her. I talked with him about her being always hungry. He asked what she ate, and I told him the adult indoor Science Diet. Without saying as much, he basically told me that this food is garbage and I should look for something else. He said cat food should have a protein followed by a carbohydrate as the first two ingredients. Science Diet does, in a very loose, by-product kind of way - ground up slaughterhouse leftovers and corn dust. Then they put a bunch of vitamins in it to make it ""healthy,"" instead of just using good ingredients from the beginning. Not that I care about spending money on the Bean, but this food is way too expensive for what it is.<br /><br />So we began transitioning her onto Wellness indoor formula about two weeks ago. She is still eating 50 percent Science Diet with 50 percent Wellness (you really shouldn't just give a cat different food one day out of the blue) but SHE NEVER FREAKS OUT ANYMORE. It's amazing. And it's 100 percent because she is eating real food now, along with that sawdust and chicken hearts I still regrettable have to feed her. We have her down to eating twice a day, only 1/3 cup in TOTAL. She was eating three times a day, 5/8 of a cup in total. Now she eats some in the morning, walks away, eats some more a few hours later, and then looks for dinner about twelve hours after her initial feeding. No more knocking things over, no more trashing Dad's papers on the desk, no more howling, no more deliberately spilled water on the floor. It's incredible.<br /><br />I feel so bad that I was doing this to her for so long. We really thought she was just being dramatic or whatever. But no, she was genuinely hungry because she wasn't eating any real food.<br /><br />Do your cat a favor - buy her or him so food made with real ingredients, things you would eat - Wellness, Halo, Innova, Evo, whatever. Figure it out for yourself, but please don't feed your cat this. It's garbage.",negative,this review will make me sound really stupid but whatever i don t really care as long as people find out what s real and can avoid my mistakes i got my wonderful little sweet bella bean when she was a few days shy of three years old she had been bounced around from house to house and eating whatever was cheap i have had cats around me my entire life for about twenty five years now my mother always just fed them whatever the kinds of food you buy in the supermarket friskies nine lives kit kaboodle stuff like that and our cats were always fine at least in terms of their eating habits they would eat in the morning stop when they were done come back and eat some more when they got hungry my housemate at the time was working for hill s and assured me that this was the best food ever made so great so on and so forth i now know that she is an utter buffoon but i initially trusted her judgment which is so unfortunate because she doesn t think she also had plenty of coupons for free or deeply discounted bags which made it a much more attractive choice i first tried feeding the little bean an unmeasured amount of science diet in a bowl but that didn t work as she would devour it in one sitting so then i took to measuring it and she did the same thing then i started parsing it out to twice a day that didn t work either because she would start going crazy in the middle of the day running around intentionally destroying things deliberately spilling her water crying etc until she got more food so then i split it into three servings same thing then it got to be four servings that was a little better but it was too much maintenance and unrealistic to be around every day to feed her four times so then it went back to three all the while i was trying to reduce the amount of food i was feeding her to less than of a cup because she was a little chubby reducing was hell she became even more hungry but i figured she would get used to it not really for over a year she would wake me up every morning looking for food in a serious way knocking things off my desk ripping up any paper she could find scratching at the door and committing general acts of mischief as soon as she got food she was back to her sweet self but only for three or four hours we thought she was bored we thought she was a little nutty and maybe even had a kitty eating disorder she always wanted food it was kind of funny but in the end it was just sad a few weeks back we took her to a new good non money factory vet for her second checkup since i ve had her i talked with him about her being always hungry he asked what she ate and i told him the adult indoor science diet without saying as much he basically told me that this food is garbage and i should look for something else he said cat food should have a protein followed by a carbohydrate as the first two ingredients science diet does in a very loose by product kind of way ground up slaughterhouse leftovers and corn dust then they put a bunch of vitamins in it to make it healthy instead of just using good ingredients from the beginning not that i care about spending money on the bean but this food is way too expensive for what it is so we began transitioning her onto wellness indoor formula about two weeks ago she is still eating percent science diet with percent wellness you really shouldn t just give a cat different food one day out of the blue but she never freaks out anymore it s amazing and it s percent because she is eating real food now along with that sawdust and chicken hearts i still regrettable have to feed her we have her down to eating twice a day only cup in total she was eating three times a day of a cup in total now she eats some in the morning walks away eats some more a few hours later and then looks for dinner about twelve hours after her initial feeding no more knocking things over no more trashing dad s papers on the desk no more howling no more deliberately spilled water on the floor it s incredible i feel so bad that i was doing this to her for so long we really thought she was just being dramatic or whatever but no she was genuinely hungry because she wasn t eating any real food do your cat a favor buy her or him so food made with real ingredients things you would eat wellness halo innova evo whatever figure it out for yourself but please don t feed your cat this it s garbage,negative
388432,B0030VJA7K,A33FFCZR9A0RIH,bizee mom,1,1,5,1330560000,Perfect toddler treat!,My son started eating these at 12 months. He's now 18 months and still loves them!! They're healthy and I feel good about giving them to him. I would say this is his favorite snack - always cheers him up!,positive,my son started eating these at months he s now months and still loves them they re healthy and i feel good about giving them to him i would say this is his favorite snack always cheers him up,positive
433874,B006BXV14E,AHRNDSKWH1YBT,M. Hertzler,0,0,3,1342656000,"I love the ""Little Bites"" but not so much the flavor","I am a big fan of Mini-Wheats. I eat them often for breakfast. I have tried the frosted and plain, but never anything with a flavor. I was curious to try this one.<br /><br />First, I love the ""little bites"" size. I find they are easier to eat, they don't get as soggy as fast and they fit on my spoon! I also like the fact that it appears to fill up a bowl more, even if that's just my perception.<br /><br />I liked the sweetness that the cinnamon roll flavor added. I could certainly tell it just wasn't a cinnamon flavor, but a vanilla one, too. Sadly, there was also something very manufactured about the taste. Maybe it was an aftertaste or just some flavor that I wasn't expecting, but I didn't love it.<br /><br />I am going to stick with my normal frosted version. I like that much better.",neutral,i am a big fan of mini wheats i eat them often for breakfast i have tried the frosted and plain but never anything with a flavor i was curious to try this one first i love the little bites size i find they are easier to eat they don t get as soggy as fast and they fit on my spoon i also like the fact that it appears to fill up a bowl more even if that s just my perception i liked the sweetness that the cinnamon roll flavor added i could certainly tell it just wasn t a cinnamon flavor but a vanilla one too sadly there was also something very manufactured about the taste maybe it was an aftertaste or just some flavor that i wasn t expecting but i didn t love it i am going to stick with my normal frosted version i like that much better,positive
506333,B002YJC90O,AEC90GPFKLAAW,Lisa Kearns,1,1,5,1301184000,"Lipton makes great tea, even the decaf version","We enjoy iced tea, and I often make decaf so we can drink it until bedtime without lying awake.  We've used all the brands out there, but Lipton's tea stands out among the top brands.<br /><br />Lipton's decaffeinated family size teabags are handy for making large pitchers of tea.  I boil a quart of water, add the teabags (3 for a gallon pitcher), turn off the fire and let it steep for 10-15 minutes.  I partially fill the pitcher with ice, then pour the hot, steeped tea over the ice (squeeze and discard the teabags).  Finish filling the pitcher with cold water and you have tasty, fresh tasting iced tea.<br /><br />I like that Lipton's bags are made of strong enough material that you don't find tea leaves floating around in the tea.  The strings are also firmly attached so you don't have to go fishing for the bags.  The tea itself is strong and a beautiful dark amber color, and it has a fresh tea scent.",positive,we enjoy iced tea and i often make decaf so we can drink it until bedtime without lying awake we ve used all the brands out there but lipton s tea stands out among the top brands lipton s decaffeinated family size teabags are handy for making large pitchers of tea i boil a quart of water add the teabags for a gallon pitcher turn off the fire and let it steep for minutes i partially fill the pitcher with ice then pour the hot steeped tea over the ice squeeze and discard the teabags finish filling the pitcher with cold water and you have tasty fresh tasting iced tea i like that lipton s bags are made of strong enough material that you don t find tea leaves floating around in the tea the strings are also firmly attached so you don t have to go fishing for the bags the tea itself is strong and a beautiful dark amber color and it has a fresh tea scent,negative
493494,B000NMI4QM,A3WAA0W5CFQ4O,"Kenneth Carlson ""KEC""",16,24,3,1200182400,Shipping costs too high!!!,Product was of good quality and delivered on time.  The shipping costs were way out of line.  I would not use this vender again because of the shipping costs.,neutral,product was of good quality and delivered on time the shipping costs were way out of line i would not use this vender again because of the shipping costs,neutral
520017,B000YSTIL0,AANHKVVW7CZGC,S. G. Hardin,1,1,5,1211932800,WOW,THESE ARE BY FAR THE BEST CORN CHIPS I HAVE EVER HAD. I'M GOING TO SEND A CASE OF THESE FOR A GIFT. THEY WOULD BE WONDERFUL FOR A PARTY.,positive,these are by far the best corn chips i have ever had i m going to send a case of these for a gift they would be wonderful for a party,positive
228852,B0058AMY10,A1J5HHOPXZ6UNF,Chris,0,0,4,1336608000,kettle chips,"This kettle chips taste ""Good , Crispy & Crunchy "" too ! U will enjoy it also! Moreover,it's thinly cut & sliced!",positive,this kettle chips taste good crispy crunchy too u will enjoy it also moreover it s thinly cut sliced,positive
34166,B0009VFGKO,A1FKEP7GR2FSKX,Suzi1780,0,0,3,1333411200,My cats think they are okay,"When I first got these, all 4 of my cats FREAKED over them. Now, they don't seem as excited about them but they do eat them. I don't know if I will purchase them again after this bag is gone, I would rather have some treats that help with tarter control.",neutral,when i first got these all of my cats freaked over them now they don t seem as excited about them but they do eat them i don t know if i will purchase them again after this bag is gone i would rather have some treats that help with tarter control,negative
490528,B000CQE3IC,ALUIM4IUH9L45,Steveman,6,7,3,1206662400,"I'm a Slim Jim fan, but......","......for whatever reason, these are just too mushy.  I've gotten them from Amazon twice now and both times they've been like this.  They should be a little more aged or firm or whatever you want to call it.  It's hard to snap into a Slim Jim when it's mush.  I think I'll just stick to buying them in a store.",neutral,for whatever reason these are just too mushy i ve gotten them from amazon twice now and both times they ve been like this they should be a little more aged or firm or whatever you want to call it it s hard to snap into a slim jim when it s mush i think i ll just stick to buying them in a store,negative
323855,B002GWFA1Y,A16CFMFJTOAO88,D. Dalaney,0,1,5,1312761600,Coffee,I like this product. The price is right and it tastes good. I've got a self grinding coffee pot and this works well in it. I only have to clean out the grinding area after 1/2lbs. of beans have gone through. I do put half of the 5lb. bag into a gallon freezer bag and freeze it until needed. This seems to work well and the beans don't go stale.,positive,i like this product the price is right and it tastes good i ve got a self grinding coffee pot and this works well in it i only have to clean out the grinding area after lbs of beans have gone through i do put half of the lb bag into a gallon freezer bag and freeze it until needed this seems to work well and the beans don t go stale,positive
47769,B002UP2TG6,A1J6IK179OUBL6,"The Cat ""tinstaafl""",0,0,5,1337126400,best food on the market,"ever since eukanuba has been making cat food it's all i have fed to my kitties. from the kitten food on up i have had excellent results in terms of acceptance of the food to overall health of my cats. they utilize more of the food thus there is less waste, which is very noticable when you have 4 cats. their coats have a healthy shine and there is never a problem with dry skin. it's a bit pricier than most cat foods but, to me, it's well worth the extra money. i do mix it half and half with the hairball formula since three of the cats are strictly indoor cats.",positive,ever since eukanuba has been making cat food it s all i have fed to my kitties from the kitten food on up i have had excellent results in terms of acceptance of the food to overall health of my cats they utilize more of the food thus there is less waste which is very noticable when you have cats their coats have a healthy shine and there is never a problem with dry skin it s a bit pricier than most cat foods but to me it s well worth the extra money i do mix it half and half with the hairball formula since three of the cats are strictly indoor cats,positive
318179,B001HNU8PG,A14JAES0G1SMO5,J. Patrick,0,0,5,1264032000,Rich & Charlies Salad Dressing Rocks My World,"If you want a true taste of St. Louis without the hassles of TSI and flight delays, just order some Rich & Charlies Salad Dressing and add to iceberg lettuce, diced pimento, red onion slivers, marinated artichoke hearts, and a generous handful of Parmesan Cheese...for a true Rich & Charlies Salad use half iceberg and half romaine.  The only thing that makes this salad better is toasted garlic bread rounds with PROVEL cheese!!!!!<br />I miss you for your food St. Louis, but not your weather.  Long live the Sonoran Desert!",positive,if you want a true taste of st louis without the hassles of tsi and flight delays just order some rich charlies salad dressing and add to iceberg lettuce diced pimento red onion slivers marinated artichoke hearts and a generous handful of parmesan cheese for a true rich charlies salad use half iceberg and half romaine the only thing that makes this salad better is toasted garlic bread rounds with provel cheese i miss you for your food st louis but not your weather long live the sonoran desert,negative
213915,B000EPMP40,A3ADT55I2B26WG,L. WEESE,9,11,1,1208044800,"Caution, I was Glutened by MI-DEL Ginger Cookies",I purchased these and once home ate them and experienced a severe gluten reaction.  On the bag in small print at the bottom it said they were manufactured in a facility with wheat and dairy.  The label also stated that routine testing occurs only to maintain gluten free label status.  Our bag tested positive for gluten which caused severe bleeding.<br /><br />Please be careful when buying this brand as the statement is for CYA and labeling purposes only.  That way they can charge more for the product.,negative,i purchased these and once home ate them and experienced a severe gluten reaction on the bag in small print at the bottom it said they were manufactured in a facility with wheat and dairy the label also stated that routine testing occurs only to maintain gluten free label status our bag tested positive for gluten which caused severe bleeding please be careful when buying this brand as the statement is for cya and labeling purposes only that way they can charge more for the product,negative
568333,B001BOAOLY,AIU66NO84WX2,K. McAvoy,3,4,5,1243468800,Delicious!,These are my favorite cough drops.  Just the right amount of honey and lemon.  No artificial ingredients.,positive,these are my favorite cough drops just the right amount of honey and lemon no artificial ingredients,positive
138189,B001EQ5BXA,A3Q8JZTT51HCHI,m,13,13,3,1256169600,"Red is good, others weak","I really wanted to like these. I bought the double pack so I would have one for home and one for school. The school used traditional food dyes and my daughter broke out in hives. Not good. But we just tried to make playdough with these colors and were unable to make blue or green or yellow. Shades of reddish-pink to purply colors were ok. Perhaps it would help if I used bleached flour . As is, I can only endorse this half-heartedly for those who aren't trying to achieve a very specific color. It's a lot of money to spend for a product that only works moderately. I wish I had just experimented with juices instead (spinach, beet, and carrot) as someone else had recommended. I still would pick these over standard food dyes since those are linked to causing cancer and no amount of fun with food dye is worth that!",neutral,i really wanted to like these i bought the double pack so i would have one for home and one for school the school used traditional food dyes and my daughter broke out in hives not good but we just tried to make playdough with these colors and were unable to make blue or green or yellow shades of reddish pink to purply colors were ok perhaps it would help if i used bleached flour as is i can only endorse this half heartedly for those who aren t trying to achieve a very specific color it s a lot of money to spend for a product that only works moderately i wish i had just experimented with juices instead spinach beet and carrot as someone else had recommended i still would pick these over standard food dyes since those are linked to causing cancer and no amount of fun with food dye is worth that,negative
411978,B000CQC05K,A34G3TXQU250B,"Betty L. Murphy ""rocky mtn. lady""",0,0,5,1242259200,Best flavor for Licorice lovers,I tried Licorice spice at a B and B in Maine and absolutely loved it.  I can't always find it at a kitchen or grocery store so Amazon came to my rescue.  I now purchase a case at a time.  The clove and licorice flavors are wonderful and very soothing.  Very nice to have at Christmas time!,positive,i tried licorice spice at a b and b in maine and absolutely loved it i can t always find it at a kitchen or grocery store so amazon came to my rescue i now purchase a case at a time the clove and licorice flavors are wonderful and very soothing very nice to have at christmas time,positive
54062,B001LM5V64,AZHFW7PS8QAMH,California Will,2,2,5,1263600000,Simply the best...,"My wife and I are thorough ""feta foodies"".  We've tried just about every feta available to US consumers and this is the absolute best we have found so far -- smoother, creamier, and seasoned the best.  Far better than Bristol Farms, Trader Joe's, or any other grocery store selection.  This is the stuff whether you use it on salads, in scrambled eggs, or just as a table cheese.  I think the difference may be that this feta doesn't seem to be brined which can oddly dry out, mush up, and give the cheese a completely different texture than this brand.  Highly recommended!",positive,my wife and i are thorough feta foodies we ve tried just about every feta available to us consumers and this is the absolute best we have found so far smoother creamier and seasoned the best far better than bristol farms trader joe s or any other grocery store selection this is the stuff whether you use it on salads in scrambled eggs or just as a table cheese i think the difference may be that this feta doesn t seem to be brined which can oddly dry out mush up and give the cheese a completely different texture than this brand highly recommended,positive
323297,B000OQ2DL4,ADXSGDJ1SI2ZI,S. Ng,3,3,5,1292371200,Great stuff!,I've been using this product for the past few months and I've seen a difference in my health. It makes me more calm in stressful situations and it keeps me regular. I love the taste - it's just like drinking raspberry soda on a daily basis!,positive,i ve been using this product for the past few months and i ve seen a difference in my health it makes me more calm in stressful situations and it keeps me regular i love the taste it s just like drinking raspberry soda on a daily basis,positive
370698,B000CQ01GU,A3O5DXM8U22OBA,Ann V. Call,1,2,3,1212624000,Needs something extra,"Don't get me wrong, I love this mac n' cheese.  BUT, I think it's really bland without adding anything.  When I eat it, I add a can of tuna and mix some parmesan cheese in with the sauce before I mix it with the noodles to make it thicker.  This makes the sauce stick better to the noodles.",neutral,don t get me wrong i love this mac n cheese but i think it s really bland without adding anything when i eat it i add a can of tuna and mix some parmesan cheese in with the sauce before i mix it with the noodles to make it thicker this makes the sauce stick better to the noodles,negative
25439,B001VPCKV0,A2O090R7Z74O3N,G. Paxton,0,0,1,1321488000,"Beware: this is doggy junkfood, not a bullystick","Bought one of these from a pet store for my dog. I always try to give her natural minimally-processed chews and treats, she goes through a lot of bully sticks, pig ears, & himalayan chews.  The label didn't say what this was made of & I thought it was a bully stick or other bit of dried bull anatomy like a large tendon. Nice that it's odor-free but the texture seemed unusual, it's sort of soft & chewy like a heavy dried dough, not tough & durable like a normal bully stick.  My 20lb bicha-poo ate the whole 12"" stick in about a half an hour. After looking it up online I discovered that it's not natural meat at all but a man-made ""fake"" bully stick.  Ingredients: Potato starch, meat by product, corn starch, sorbitol, liver, cellulose, water, egg, lecithin, calcium stearate, titanium dioxide, caramel color, sorbic acid.  I won't be buying these again: Full of weird ingredients, not natural, and it does not last.",negative,bought one of these from a pet store for my dog i always try to give her natural minimally processed chews and treats she goes through a lot of bully sticks pig ears himalayan chews the label didn t say what this was made of i thought it was a bully stick or other bit of dried bull anatomy like a large tendon nice that it s odor free but the texture seemed unusual it s sort of soft chewy like a heavy dried dough not tough durable like a normal bully stick my lb bicha poo ate the whole stick in about a half an hour after looking it up online i discovered that it s not natural meat at all but a man made fake bully stick ingredients potato starch meat by product corn starch sorbitol liver cellulose water egg lecithin calcium stearate titanium dioxide caramel color sorbic acid i won t be buying these again full of weird ingredients not natural and it does not last,negative
432552,B0000TSQ6G,A3AKHFULBHYL1W,Dino,1,1,5,1302134400,Dog food,"I can't stress enough how great this dog food is. My lab LOVES it! And his coat, eyes, and overall good health proves what a great quality food Holistic Select is. Ordering it from Amazon makes it so easy! It's delivered right to my door (No more heavy lifting) and the price is cheaper than most pet stores.",positive,i can t stress enough how great this dog food is my lab loves it and his coat eyes and overall good health proves what a great quality food holistic select is ordering it from amazon makes it so easy it s delivered right to my door no more heavy lifting and the price is cheaper than most pet stores,positive
405309,B005K4Q4LK,A3T0DU2IH2E13R,Vincent Martucci,2,3,1,1320451200,Not what you think--taste wise,I tried this and was disappointed. No coffee taste and artificial milk and sweetners. It does not really taste like a cup of cappuchino that you get in a store or restaurant---It is really an artificial made up blend ----stay away or try it at your own risk.,negative,i tried this and was disappointed no coffee taste and artificial milk and sweetners it does not really taste like a cup of cappuchino that you get in a store or restaurant it is really an artificial made up blend stay away or try it at your own risk,negative
306966,B000EM8TYS,A2P3EAL546VFXR,Onlysee,0,0,1,1320969600,Buyer Beware!!  Not as pictured,"Just be aware (BEFORE ORDERING) that this item is for the CUP SIZE tea bag product - NOT the Family Size (as shown in the product picture).  There is a big difference in the size of the tea bags themselves.  Just be aware of this fact before you order this product.<br /><br />If you want the Family Size tea bags, they are here: <a href=""http://www.amazon.com/gp/product/B000HBIHLG"">Lipton Iced Tea, Decaffeinated, Tea Bags, 24-Count Boxes, (Pack of 12)</a><br /><br />The product received the 1 star because of the listing issue not being correct.  The product itself is GREAT!",negative,just be aware before ordering that this item is for the cup size tea bag product not the family size as shown in the product picture there is a big difference in the size of the tea bags themselves just be aware of this fact before you order this product if you want the family size tea bags they are here lipton iced tea decaffeinated tea bags count boxes pack of the product received the star because of the listing issue not being correct the product itself is great,negative
172839,B004UB6IFQ,A293UBA80BWN1J,"D. Cusick ""scalloway""",0,0,5,1348272000,Truly strangely addictive,"I discovered these in a local health food store when I began searching for seaweed products as a way to add some iodine to my diet. The store carried lots of products, but most were processed with nasty canola oil which I try to avoid as I do all the high-PUFA oils. Then I found SeaSnax which use olive oil!<br /><br />I bought some and the rest was history. Now I buy them in bulk from amazon because the price is much better. Yes, they do have a slightly fishy odor and flavor - but I *like* that. You may not like them as much as I do if that bothers you. But for me they are the perfect snack - great taste, a nice crunchy mouth-feel, low in carbs and calories. No matter what your eating goals or eating style - low carb, low cal, low fat, vegan, etc. these snacks can fill the bill, but you *must* like that slightly fishy taste and scent. However in my case I do!<br /><br />I eat these so often that it's great amazon has them in bulk like this, although my most recent purchase was a 6-pack and not a 12 as I wanted to buy ALL the flavors, not just the plain, so I bought 6-packs of them all. But I'll certainly be ordering again soon. These are one of my favorite food finds of the year.",positive,i discovered these in a local health food store when i began searching for seaweed products as a way to add some iodine to my diet the store carried lots of products but most were processed with nasty canola oil which i try to avoid as i do all the high pufa oils then i found seasnax which use olive oil i bought some and the rest was history now i buy them in bulk from amazon because the price is much better yes they do have a slightly fishy odor and flavor but i like that you may not like them as much as i do if that bothers you but for me they are the perfect snack great taste a nice crunchy mouth feel low in carbs and calories no matter what your eating goals or eating style low carb low cal low fat vegan etc these snacks can fill the bill but you must like that slightly fishy taste and scent however in my case i do i eat these so often that it s great amazon has them in bulk like this although my most recent purchase was a pack and not a as i wanted to buy all the flavors not just the plain so i bought packs of them all but i ll certainly be ordering again soon these are one of my favorite food finds of the year,negative
202465,B0015NHRE8,A2XKRRF9QYW7J6,AZCHAZ,0,1,3,1346371200,Vitemin Validation,"This product is above most in quality.  The Company that produces the product gives more validation that most others, that the prodict is pure and the quality is as specified.",neutral,this product is above most in quality the company that produces the product gives more validation that most others that the prodict is pure and the quality is as specified,positive
55220,B000KAKZ2I,A22A5VZW2FPNGF,Aimee E. Lansky,0,3,1,1242864000,throw up every time,"I bought these as a treat for my dog and he started vomiting about an hour later.  I thought it was something specific to that dog but when I tried giving them to my other two dogs- they both got sick too.  I think they eat them like a treat rather than chewing on them and then they block their digestive tract.  Whatever is going on, I wouldn't purchase them unless you don't mind dog vomit.",negative,i bought these as a treat for my dog and he started vomiting about an hour later i thought it was something specific to that dog but when i tried giving them to my other two dogs they both got sick too i think they eat them like a treat rather than chewing on them and then they block their digestive tract whatever is going on i wouldn t purchase them unless you don t mind dog vomit,negative
325723,B000LKXQJQ,A2VY6PIZHB12QK,garnet10,2,2,5,1257897600,"Great tasting, easy to make","The Taste Adventure soups are healthy, all natural soups that are easy to make (just boil water!).  Great tasting soup especially on a cold night.",positive,the taste adventure soups are healthy all natural soups that are easy to make just boil water great tasting soup especially on a cold night,positive
362209,B001AWBZQK,A290AVE8KMSCS7,Mars,1,1,2,1341705600,Not the same product anymore,"It's the 3rd bad batch now and I'm certain it's become a new standard. I know they changed the can material (tan/copper vs. brushed stainless look), but the product?? It is now DRY, and almost impossible to penetrate with a plastic fork. Other 5oz items are fine, as they used to be, so I'm switching to the bigger cans :( I used to like this product for its size, as my cat eats small, but, oh well.",negative,it s the rd bad batch now and i m certain it s become a new standard i know they changed the can material tan copper vs brushed stainless look but the product it is now dry and almost impossible to penetrate with a plastic fork other oz items are fine as they used to be so i m switching to the bigger cans i used to like this product for its size as my cat eats small but oh well,negative
458498,B000FFIL92,A2H5CVDCFN7ON,A. Lee,3,4,5,1168473600,The center of attention!,"I bought this as a gift for a friend who had a holiday party.  My friend loved it and immediately set it up with a flowering tea.  There were about 20 guests, all of whom were captivated by the beautiful display.  Everyone wanted to taste the tea (white tea), and after using the flowering leaves an additional two times, the tea was still very fragrant and tasty.  My friend was not willing to part with all her flowering teas, but she opened up another one: a black tea.  It tasted good, but was very similar to conventional teas.  The bamboo gift set was beautiful, and the box is also very lovely.",positive,i bought this as a gift for a friend who had a holiday party my friend loved it and immediately set it up with a flowering tea there were about guests all of whom were captivated by the beautiful display everyone wanted to taste the tea white tea and after using the flowering leaves an additional two times the tea was still very fragrant and tasty my friend was not willing to part with all her flowering teas but she opened up another one a black tea it tasted good but was very similar to conventional teas the bamboo gift set was beautiful and the box is also very lovely,positive
491811,B000AY9SR2,A2L5XUKW1T3K55,Marie Porter,0,6,1,1329264000,Loma Linda Tender Bits,"Recieved my order quickly, unfortunately, Loma Linda Linketts were shipped instead of the Tender Bits. I was so in the mood, these are so wonderful fried w/ a little crisp around the edges.",negative,recieved my order quickly unfortunately loma linda linketts were shipped instead of the tender bits i was so in the mood these are so wonderful fried w a little crisp around the edges,positive
333606,B00188S3PM,A34E1744VPQCNU,Dbp323,1,1,5,1337299200,Dbp323,"Recommend it to all.  Lovely natural sweet delicate flavor and add some raw honey is a great cold kicker.  I loved it during a URI, upper respiratory infection and it was fabulous.  Soothed my sore throat and helped ease the coughing.  I now brew it for cold tea as well.  Very refresshing.",positive,recommend it to all lovely natural sweet delicate flavor and add some raw honey is a great cold kicker i loved it during a uri upper respiratory infection and it was fabulous soothed my sore throat and helped ease the coughing i now brew it for cold tea as well very refresshing,positive
160563,B001AHJ9U4,A35N3Z47EAAR6H,Cyn,0,0,4,1335571200,Great oatmeal,"Had this oatmeal in Vermont and really liked it.  If you like natural, chewy oatmeal, you will love this.  I use brown sugar for sweetener and I use water instead of milk.",positive,had this oatmeal in vermont and really liked it if you like natural chewy oatmeal you will love this i use brown sugar for sweetener and i use water instead of milk,positive
257550,B002TSA91G,A1X8X47IEVEAZD,"F. F. Dumlao ""violencejack""",0,0,4,1283126400,It's for men,"It's a bit strong immediately from the bottle but after it's been rinsed off, it is not too imposing.  Like other Dove products it is gentle on sensitive and dry skin and is a good option for those of us who have chronic dry skin.",positive,it s a bit strong immediately from the bottle but after it s been rinsed off it is not too imposing like other dove products it is gentle on sensitive and dry skin and is a good option for those of us who have chronic dry skin,positive
56161,B0016LL5DS,A3AMB7AMDQ50JK,Norman A. Hoffman,5,5,5,1318464000,just the best!!,"i have eaten nutella for ever,i just wanted to try something new,so i purchased this product,WHAT A MISTAKE!this is just what i did not need,one more food addiction nocciolata hazelnut spread is not quite as sweet as nutella and is softer.this one is not for the kids,save every indulgent smear for you,IT IS WORTH THE PRICE!!",positive,i have eaten nutella for ever i just wanted to try something new so i purchased this product what a mistake this is just what i did not need one more food addiction nocciolata hazelnut spread is not quite as sweet as nutella and is softer this one is not for the kids save every indulgent smear for you it is worth the price,negative
373598,B0027E0XGS,A22WTWH1EOT40V,Southern girl,0,0,5,1334793600,mint juleps made easy,"My brother got me hooked on mint juleps last summer.  When it is miserably hot they are so refreshing.  I use one part mint syrup to two parts Maker's Mark.  This mint syrup makes it so easy.  My only complaint is the caps on the bottles are pretty flimsy and were broken and leaking when they arrived.  However, they replaced them right away without any problems.",positive,my brother got me hooked on mint juleps last summer when it is miserably hot they are so refreshing i use one part mint syrup to two parts maker s mark this mint syrup makes it so easy my only complaint is the caps on the bottles are pretty flimsy and were broken and leaking when they arrived however they replaced them right away without any problems,positive
378586,B004051BO0,A1IL6W1NK05UW9,"C. Baker ""cbaker""",1,1,4,1299801600,Good Afternoon Tea,"As far as flavored teas go this is a rather nice blend with smooth yet bold vanilla spice taste.  It has a good bit of caffeine in it as a pick me up and can be a nice change for an afternoon cup of coffee.  Beyond the caffeine it also purports to be a healthier choice than many other energy drinks.  While I was not overwhelmed by this tea, as I tend to like heartier blends, I would give it a qualified thumbs up.",positive,as far as flavored teas go this is a rather nice blend with smooth yet bold vanilla spice taste it has a good bit of caffeine in it as a pick me up and can be a nice change for an afternoon cup of coffee beyond the caffeine it also purports to be a healthier choice than many other energy drinks while i was not overwhelmed by this tea as i tend to like heartier blends i would give it a qualified thumbs up,positive
340994,B0011DFY38,AIGCWIWP1NR14,Delano,0,0,4,1334016000,blk cherry juice,"Good product of high quality for a very good price, just as advertised. This product is very hard to find in grocery stores, thus this made it very convenient.",positive,good product of high quality for a very good price just as advertised this product is very hard to find in grocery stores thus this made it very convenient,positive
190637,B000FI4O90,A2AX79T99WFDV,E. Dickinson,3,3,2,1222992000,"More work, but it works","It took 2 kits to get a full garden.  Only  2 seeds grew on the first kit.  I wrote to aerogarden and they sent me a replacement, told me to use distilled water (the kit said not to use distilled water, to use tap water).  I received the replacement kit quickly and was able to get some more growth from new seeds, but took a few more times.  There are 7 spots, 2 grew with first kit, 3 more grew with second kit, and 2 more are still waiting on.  I like this product, but should be as easy as they said.  I really like the customer service that went with the product though.",negative,it took kits to get a full garden only seeds grew on the first kit i wrote to aerogarden and they sent me a replacement told me to use distilled water the kit said not to use distilled water to use tap water i received the replacement kit quickly and was able to get some more growth from new seeds but took a few more times there are spots grew with first kit more grew with second kit and more are still waiting on i like this product but should be as easy as they said i really like the customer service that went with the product though,negative
45849,B0041NYV8E,A1WXJ1I42UOQ2V,AuburnTygr,0,1,2,1334188800,Spicy Hot...,"This drink has too much ginger for my taste.  I like ginger just not this much in one drink.  I tried to improve the taste by adding honey and that helped but not enough for me to be able to drink it.  10 minutes after taking a few sips my tongue was still burning from the spices, not the heat.  More lemon might have helped the flavor a bit but the ginger is quite strong.",negative,this drink has too much ginger for my taste i like ginger just not this much in one drink i tried to improve the taste by adding honey and that helped but not enough for me to be able to drink it minutes after taking a few sips my tongue was still burning from the spices not the heat more lemon might have helped the flavor a bit but the ginger is quite strong,positive
13382,B001BSBFUO,A3FWTV1T0E2L6X,"Rivka A. Strom ""RivkaS7""",0,0,5,1318118400,A lifesaver,This product makes giving medication a breeze.  Just pop the pill in the center and squeeze shut.  My dog thinks it is a treat.  I love them!,positive,this product makes giving medication a breeze just pop the pill in the center and squeeze shut my dog thinks it is a treat i love them,positive
239069,B00473USSK,A1ZZZT0KJR46UV,Darla Mcgranaghan,1,1,5,1308873600,White wheat flour--who knew.,I love this product for just about anything.  The only time I had any issue was making a cake and forgot it is just A BIT heavier than regular flour.  To say the cake was dense is a real understatement.<br /><br />My grandkids think that Mema makes the best cinnamon rolls and cookies ever so must be using the right stuff after all.  This flour rocks the biggest problem is the issue of finding it available locally.  Keep up the good work.,positive,i love this product for just about anything the only time i had any issue was making a cake and forgot it is just a bit heavier than regular flour to say the cake was dense is a real understatement my grandkids think that mema makes the best cinnamon rolls and cookies ever so must be using the right stuff after all this flour rocks the biggest problem is the issue of finding it available locally keep up the good work,positive
526763,B001FA1L8O,A3W3LOIKHEGLPW,Diane Johnston,5,6,5,1185408000,"YUM, YUM AND YUM, MAKE PLENTY","They are light and fluffy.  You have to control yourself.  I ate 2 and wanted more all sense of calories and control disapeared.  Hide the can, you guest will be impressed and want receipe.",positive,they are light and fluffy you have to control yourself i ate and wanted more all sense of calories and control disapeared hide the can you guest will be impressed and want receipe,positive
551048,B000XEV9YE,A1ZXQSWCMQ74PV,A. Stein,2,2,5,1250985600,The Best Tea!,I absolutely love Yorkshire tea and am so glad it is now available on Amazon!  A cup of this full-bodied black tea with milk in the morning is how I start each day and just love it!,positive,i absolutely love yorkshire tea and am so glad it is now available on amazon a cup of this full bodied black tea with milk in the morning is how i start each day and just love it,positive
466392,B0057ISDW2,A1IUGRT7PJ2IH0,oldfashionedgal13,0,0,5,1349049600,The Names Fit the Flavors,"My mom and I bought these some years back, from World Market. We chuckled at the names and decided to give them a go. We couldn't believe they actually tasted like their given names...Volmit, Earwax...yuck! These were a good laugh and a fun experience.",positive,my mom and i bought these some years back from world market we chuckled at the names and decided to give them a go we couldn t believe they actually tasted like their given names volmit earwax yuck these were a good laugh and a fun experience,positive
536639,B0002LDAHC,A6SANB5L4DFDU,helixfrag,1,1,5,1324166400,Flavorful Coffee,"I grew up with this can around my house -my parents, like me, are coffee drinkers. Somehow it got phased out by my teens but I picked up a can at my local asian supermarket around three months ago.<br /><br />The first couple of cups of this was wonderful, dark, and flavorful. I loved the taste but got bored. Then I went back to my Columbian Coffee. Something still wasn't right. Now I use a 1:2 ratio of Cafe Du Monde to Columbian and haven't looked back. I cannot have my coffee any other way now. My local coffee shops rarely see my face these days because of this small orange can.<br /><br />Cafe Du Monde is coarsely grounded and has a darker brown color than most other coffees. It's not hard to see the difference if you mixed the two in a single can (which I did). Coffee Addicts need to get a can at least once in their life.",positive,i grew up with this can around my house my parents like me are coffee drinkers somehow it got phased out by my teens but i picked up a can at my local asian supermarket around three months ago the first couple of cups of this was wonderful dark and flavorful i loved the taste but got bored then i went back to my columbian coffee something still wasn t right now i use a ratio of cafe du monde to columbian and haven t looked back i cannot have my coffee any other way now my local coffee shops rarely see my face these days because of this small orange can cafe du monde is coarsely grounded and has a darker brown color than most other coffees it s not hard to see the difference if you mixed the two in a single can which i did coffee addicts need to get a can at least once in their life,negative
161173,B000LKZ86K,A1SMJOGDW059OG,Trish Deneen,1,1,5,1319068800,Excellent tofu to have on hand,This is my favorite brand of tofu.  I've used the extra-firm style in egg-like dishes like scrambled eggs and quiche and other recipes that call for a firmer tofu.  The expiration dates on the packages are usually a few months away so I can easily use them up in time.,positive,this is my favorite brand of tofu i ve used the extra firm style in egg like dishes like scrambled eggs and quiche and other recipes that call for a firmer tofu the expiration dates on the packages are usually a few months away so i can easily use them up in time,negative
211014,B001EO5Y52,A10TN1JAVPHKWR,L. McGinley,0,1,5,1211068800,I'm hooked!,"I've tried just about every extra bold K cup available and this by far is my favorite. The rich syrupy flavor is just right, has no aftertaste (not sure what the one person who said there was an aftertaste was drinking but it must not have been this coffee) and is drinkable on a daily basis (not too over the top for everyday).",positive,i ve tried just about every extra bold k cup available and this by far is my favorite the rich syrupy flavor is just right has no aftertaste not sure what the one person who said there was an aftertaste was drinking but it must not have been this coffee and is drinkable on a daily basis not too over the top for everyday,positive
223225,B002BCFI70,AO8H4TVN5RZMU,mspriss678,1,1,5,1278460800,Love it! Hard to find this at the grocery store,"I've tried them all and keep coming back to the Belgian chocolate.  A chocoholic's dream. I drink this every morning and this seem's to be the most economical way to buy it, 6 cans at a time.",positive,i ve tried them all and keep coming back to the belgian chocolate a chocoholic s dream i drink this every morning and this seem s to be the most economical way to buy it cans at a time,positive
325233,B000F41ZG4,AHOBBFAUQU9IA,Kt,4,4,5,1231545600,My Favorite Tea,"I have tried a fair number of teas and drink tea pretty often.  My favorite used to be Twinings though even with Twinings tea, sometimes it just does not come out well.<br /><br />I don't usually drink loose tea, but I received this tea as a gift.  When I tried it I was very pleasantly surprised!  This tea is the best tea I've ever had.  Every time you make it it is always good.  It is just delicious with milk and sugar.  LOVE IT!!",positive,i have tried a fair number of teas and drink tea pretty often my favorite used to be twinings though even with twinings tea sometimes it just does not come out well i don t usually drink loose tea but i received this tea as a gift when i tried it i was very pleasantly surprised this tea is the best tea i ve ever had every time you make it it is always good it is just delicious with milk and sugar love it,positive
146856,B000EJR49M,A1YUL9PCJR3JTY,"O. Brown ""Ms. O. Khannah-Brown""",13,15,4,1188518400,"Fine Tea Experience, With Caveats","****<br />This Cranberry Weightless tea is lovely, and has a marvelous taste. It seems to work as a diuretic, which isn't a bad thing, since it does so by promoting urological health. It probably does contribute to ""Weightless"" (weighing less) but only by ridding your body of excess water; still, if it can do this in a healthy way, I'm all for it. I like drinking it as a calming ritual before meals, which for me has some value, too. It seems to work for me; even more importantly, I enjoy it.<br /><br />The ingredients in Traditional Medicinal's Weightless Cranberry are: bitter fennel fruit 150 mg, red clover blossom 150 mg, uva ursi leaf 135 mg, cranberry fruit concentrate 60 mg, cleavers herb 52.5 mg., as well as a proprietary blend of: organic hibiscus flower, organic roasted chicory root, organic parsley leaf, and organic stevia leaf.<br /><br />Weightless Cranberry is part of a line by Traditional Medicinals that includes the original Weightless and a Weightless Cinnamon-Spice.<br /><br />Traditional Medicinals seems to be a responsible company. They adhere to sustainable and fair trade practices, use organic ingredients when feasible, and base their tea formulations on sound research and knowledge.<br /><br />The brewing instructions for this tea are very important: ""For maximum benefit, medicinal tea must be properly prepared. Pour 8 oz. freshly boiled water over a tea bag in a cup. Cover cup and steep 10-15 minutes. These steps directly influence the amount of beneficial components that will end up in your teacup! Gently squeeze the tea bag to release any remaining extract.<br />Drink 3 cups daily, one cup before each meal, for up to 2 weeks, then pause a few days before resuming."" So, Weightless is a long-brewing pre-prandial tea...if you want it to work properly.<br /><br />Also note the following cautions: ""Cautions: Tea containing bitter fennel fruit and uva ursi leaf are not for long-term daily use without medical advice. Contraindications: Not for use during pregnancy, while nursing, or by children under 12 years. Side Effects: Teas containing uva ursi leaf may cause nausea or vomiting in individuals and children with sensitive stomachs.""<br />****",positive,this cranberry weightless tea is lovely and has a marvelous taste it seems to work as a diuretic which isn t a bad thing since it does so by promoting urological health it probably does contribute to weightless weighing less but only by ridding your body of excess water still if it can do this in a healthy way i m all for it i like drinking it as a calming ritual before meals which for me has some value too it seems to work for me even more importantly i enjoy it the ingredients in traditional medicinal s weightless cranberry are bitter fennel fruit mg red clover blossom mg uva ursi leaf mg cranberry fruit concentrate mg cleavers herb mg as well as a proprietary blend of organic hibiscus flower organic roasted chicory root organic parsley leaf and organic stevia leaf weightless cranberry is part of a line by traditional medicinals that includes the original weightless and a weightless cinnamon spice traditional medicinals seems to be a responsible company they adhere to sustainable and fair trade practices use organic ingredients when feasible and base their tea formulations on sound research and knowledge the brewing instructions for this tea are very important for maximum benefit medicinal tea must be properly prepared pour oz freshly boiled water over a tea bag in a cup cover cup and steep minutes these steps directly influence the amount of beneficial components that will end up in your teacup gently squeeze the tea bag to release any remaining extract drink cups daily one cup before each meal for up to weeks then pause a few days before resuming so weightless is a long brewing pre prandial tea if you want it to work properly also note the following cautions cautions tea containing bitter fennel fruit and uva ursi leaf are not for long term daily use without medical advice contraindications not for use during pregnancy while nursing or by children under years side effects teas containing uva ursi leaf may cause nausea or vomiting in individuals and children with sensitive stomachs,positive
110692,B00438XVGU,A2FVTM2HS00DPE,"Gift Card Recipient ""Mom""",2,2,5,1307750400,Great. Just a little pricey,"This is hands down the best cup of coffee. It helps me not drink a whole pot of coffee, because 1) It is too expensive to drink more than one via a morning. Even though I often cheat and have two. 2) It is so satisfying, i don't need to sit and drink 4 cups of okay coffee to get a good coffee fix. Great product. And AWESOME to travel with. So you can go anywhere and have a great cup of coffee.",positive,this is hands down the best cup of coffee it helps me not drink a whole pot of coffee because it is too expensive to drink more than one via a morning even though i often cheat and have two it is so satisfying i don t need to sit and drink cups of okay coffee to get a good coffee fix great product and awesome to travel with so you can go anywhere and have a great cup of coffee,positive
559799,B001E8DHPW,ANHF5SC7QL87E,Linda Timothy-wood,1,15,5,1170720000,"Thank you for the great price of the Coconut Oil, not so happy the way the book was sent.","My husband and I were so happy and very please, for the fast delivery.  The only thing I would teach my crew that mails out the Books know the difference and the reason  for the different addresses.  The book which was a $1.00 item ended up costing me $13.00 just to mail it. The book went to the Forwarding Address.<br /><br />When it should have been shipped to the P O Box.<br /><br />The reason  I have two address is that I live in Alaska, some item cannot be delivered here, so we use a forwarding address for more expensive items.  The P.O. Box is for small books and  other small items.<br /><br />I would like to know if you read this....<br /><br />Thank you<br /><br />Linda Wood<br /><br />Eagle River, Alaska",positive,my husband and i were so happy and very please for the fast delivery the only thing i would teach my crew that mails out the books know the difference and the reason for the different addresses the book which was a item ended up costing me just to mail it the book went to the forwarding address when it should have been shipped to the p o box the reason i have two address is that i live in alaska some item cannot be delivered here so we use a forwarding address for more expensive items the p o box is for small books and other small items i would like to know if you read this thank you linda wood eagle river alaska,negative
253259,B002TOPOLK,A2WW2BUY38FIR8,MargBully,1,1,5,1277078400,These treats are great for training even the most wayward dog,"I have an english bulldog. Training my bully outside to not approach every dog without first being calm was often a challenge. I had tried to utilize numerous treats before with limited sucess at getting her to focus on my command. Plato's thinkers are not only made of great quality ingredients, but the smell and taste is something that most dogs find hard to resist. If you are looking for a great training treat I recommend these highly. Just break them up into small pieces either with a knife or by hand.<br /><br />These treats have not only worked with her, but with her fellow friends. I constantly refer folks to get this type of treat, when they are looking for a good training treat. And all my friends who have purchased this for their dogs are happy with their purchase.<br /><br />The larger 24 oz jar is the best because they last longer and the lid prevents them from air exposure which otherwise makese these treats hard.",positive,i have an english bulldog training my bully outside to not approach every dog without first being calm was often a challenge i had tried to utilize numerous treats before with limited sucess at getting her to focus on my command plato s thinkers are not only made of great quality ingredients but the smell and taste is something that most dogs find hard to resist if you are looking for a great training treat i recommend these highly just break them up into small pieces either with a knife or by hand these treats have not only worked with her but with her fellow friends i constantly refer folks to get this type of treat when they are looking for a good training treat and all my friends who have purchased this for their dogs are happy with their purchase the larger oz jar is the best because they last longer and the lid prevents them from air exposure which otherwise makese these treats hard,neutral
71264,B0041CH3NU,AMW32Q68XRH59,Irene,0,0,1,1331251200,Disappointed,"I was just deceived... I'm pregnant and have a craving for caviar, but can't eat any raw fish products. So the only option for me is pasteurized caviar. The description of the product here states that this romanoff caviar is pasteurized, but when I got it I didn't find any mention about pasteurization on the jar or packing! So, I can't eat it. It's not cheap, but I don't want spent more money on return shipment, so don't know what to do with it...<br />Shame on you, seller, for deceiving your customers!",negative,i was just deceived i m pregnant and have a craving for caviar but can t eat any raw fish products so the only option for me is pasteurized caviar the description of the product here states that this romanoff caviar is pasteurized but when i got it i didn t find any mention about pasteurization on the jar or packing so i can t eat it it s not cheap but i don t want spent more money on return shipment so don t know what to do with it shame on you seller for deceiving your customers,negative
180305,B002AQP5MK,A5LZH0EYFCZ38,Simon,0,0,5,1255996800,"Only made them once, but very happy with result","I've been GF about 1 year now, and to be honest don't miss cakes, brownies and the like that much. With that said, the novelty of these (buying GF items in a regular grocery store) meant I had to try them.<br /><br />The batter turns out VERY thick. It's okay, just spread it out very well. I used a 9x9 square pan. If I make these again I will cook them a few minutes less than the box recommended as the edges were a little tough. With that said, these turned out GREAT, just like regular brownies.<br /><br />I bought the chocolate chip cookies next - I can't wait to try them!",positive,i ve been gf about year now and to be honest don t miss cakes brownies and the like that much with that said the novelty of these buying gf items in a regular grocery store meant i had to try them the batter turns out very thick it s okay just spread it out very well i used a x square pan if i make these again i will cook them a few minutes less than the box recommended as the edges were a little tough with that said these turned out great just like regular brownies i bought the chocolate chip cookies next i can t wait to try them,positive
295318,B004N5FG66,A2M3ZCPMPU2ZP0,Marissa,0,0,5,1325721600,my son loves these!,These are easy for my 10 month old son to eat and he absolutely loves them! The purple ones get pretty messy but these red ones aren't that bad.,positive,these are easy for my month old son to eat and he absolutely loves them the purple ones get pretty messy but these red ones aren t that bad,positive
527132,B002FJM9SU,A1NUQ6CDN23P7,"Wildflowers ""Lily""",2,3,5,1281571200,Good Formula,"I transitioned my baby onto this formula after I learned about the method that other companies use to extract the DHA for their formulas. I figured an Organic formula would be much better for him since I only feed him organic food anyway. He loved it, took to it immediatley. It is slightly foamy, but my baby has never been colicky. It's definitley not as bad as some other reviews state. I noticed that it only gets somewhat foamy if you shake it for a good while. If you are really concerned about that, you can stir it, it will not get foamy. It's not a concern to me. Overall, glad I switched his formula.",positive,i transitioned my baby onto this formula after i learned about the method that other companies use to extract the dha for their formulas i figured an organic formula would be much better for him since i only feed him organic food anyway he loved it took to it immediatley it is slightly foamy but my baby has never been colicky it s definitley not as bad as some other reviews state i noticed that it only gets somewhat foamy if you shake it for a good while if you are really concerned about that you can stir it it will not get foamy it s not a concern to me overall glad i switched his formula,negative
50188,B000KGW2C8,A3TSQVDK4TZ1VD,yosemite sam,0,0,5,1305763200,great,"i have nothing to compare it to, never having using anchoy paste before.<br /><br />but what was i missing, this tastes great. i have used it in salad dressing, on toast with grated sheese, in spaghetti sauce, as a sort of 'pesto' in milaneze style spaghetti...odd, i eve added toasted shredded coconut to it on top of toast...and it was pretty good-just seems an odd grouping.<br /><br />we do not feel cheated in any way and would buy again when depleted.",positive,i have nothing to compare it to never having using anchoy paste before but what was i missing this tastes great i have used it in salad dressing on toast with grated sheese in spaghetti sauce as a sort of pesto in milaneze style spaghetti odd i eve added toasted shredded coconut to it on top of toast and it was pretty good just seems an odd grouping we do not feel cheated in any way and would buy again when depleted,positive
469639,B003WPYY3E,A2AK8TGNPXD0AU,Tofu_Ninja,3,3,3,1307059200,A little let down..,"I was excited to try this tea sampler with my Keurig Brewer, as it's getting pretty hot where I live and all I usually brew is coffee.  I decided to try the peach tea first.  When brewing, the tea melted most of the full cup of ice that I brewed it into.  After brewing I just poured some up in a fresh glass of ice.  Sadly, the tea tastes much too strong, even after brewing it on the largest cup option.  It's sweetened, but not nearly enough, as the peach flavoring just tasted sour/bitter.  With a little truvia, and some more ice, it's pretty good, and stretched to two servings worth.  But I was hoping for more of a brew-and-go experience.  I don't think I'll purchase this sampler again, but I will do want to try the Southern sweet tea by the same brand.",neutral,i was excited to try this tea sampler with my keurig brewer as it s getting pretty hot where i live and all i usually brew is coffee i decided to try the peach tea first when brewing the tea melted most of the full cup of ice that i brewed it into after brewing i just poured some up in a fresh glass of ice sadly the tea tastes much too strong even after brewing it on the largest cup option it s sweetened but not nearly enough as the peach flavoring just tasted sour bitter with a little truvia and some more ice it s pretty good and stretched to two servings worth but i was hoping for more of a brew and go experience i don t think i ll purchase this sampler again but i will do want to try the southern sweet tea by the same brand,negative
51483,B004HOLD92,A1TIWOZV0KQKOF,Chuck Smash,0,0,5,1325116800,Wasabi Lovers Rejoice! These Wasabi SoySauce Blue Diamond Almonds Taste Fantastic!!,"Hello everyone, I just had to write a review for these Wasabi and Soy Sauce flavored Blue Diamond Almonds, because I enjoy them sooooooo much! I am a bit of a wasabi junkie as I love sushi with plenty of soy sauce & wasabi, wasabi flavored shrimp chips, and tuna sandwiches made with wasabi mayonnaise, but my new wasabi flavored favorite are these Wasabi and Soy Sauce Almonds from Blue Diamond. The flavor is fantastic, as it is spicy but not so much to bring tears to your eyes. Also, the price of this product is great as well. Sometimes when my money is tight, and sushi is a little too pricey, I like to buy these almonds as an cheaper alternative, to satisfy my wasabi craving. Treat yourself to these awesome almonds today!",positive,hello everyone i just had to write a review for these wasabi and soy sauce flavored blue diamond almonds because i enjoy them sooooooo much i am a bit of a wasabi junkie as i love sushi with plenty of soy sauce wasabi wasabi flavored shrimp chips and tuna sandwiches made with wasabi mayonnaise but my new wasabi flavored favorite are these wasabi and soy sauce almonds from blue diamond the flavor is fantastic as it is spicy but not so much to bring tears to your eyes also the price of this product is great as well sometimes when my money is tight and sushi is a little too pricey i like to buy these almonds as an cheaper alternative to satisfy my wasabi craving treat yourself to these awesome almonds today,positive
142988,B003CFV3S8,A25F9WKXU3X8BX,"Positive Mom ""Marce""",1,1,5,1311206400,Best ever,Sprout are the best. i tried happy baby brand before but the taste of this ones is much better. recommended,positive,sprout are the best i tried happy baby brand before but the taste of this ones is much better recommended,positive
330859,B00014G43W,A1WSQLUJUEKZH1,Good_4_Tummy,2,2,5,1304035200,The closest thing to FRESH GOAT milk,"My poor baby was lactose intolerant and suffered from colics, so I had to give her that soy stuff I won't even touch. When she turned 12-mon/old and thanks to a friend I found Meyenberq... My toddler loves it and after some research I can't believe I didn't try it sooner.  I have also tried fresh from the farm goat milk. OMG!!! is hard to get in NJ but totally worth it. I can order it online from a source and boil it at home. Can't get fresher than that. Still love Meyernberq and use it when I need it.  It worked out great for our vacation to the caribbean last week!<br /><br />If you research store bought caw milk you will be disgusted at what you are drinking, specially the UHT stuff. Try raw milk. You can get it in Connecticut and NYC. Don't be scared about the bad publicity, that is just another way to use ""fear"" to manipulate consumers. Be cautious and informed. Visit farms, boil it at home, wash your hands. That's all it takes and if you are really comfortable, drink it raw! so many benefits you wouldn't even believe. ENJOY!",positive,my poor baby was lactose intolerant and suffered from colics so i had to give her that soy stuff i won t even touch when she turned mon old and thanks to a friend i found meyenberq my toddler loves it and after some research i can t believe i didn t try it sooner i have also tried fresh from the farm goat milk omg is hard to get in nj but totally worth it i can order it online from a source and boil it at home can t get fresher than that still love meyernberq and use it when i need it it worked out great for our vacation to the caribbean last week if you research store bought caw milk you will be disgusted at what you are drinking specially the uht stuff try raw milk you can get it in connecticut and nyc don t be scared about the bad publicity that is just another way to use fear to manipulate consumers be cautious and informed visit farms boil it at home wash your hands that s all it takes and if you are really comfortable drink it raw so many benefits you wouldn t even believe enjoy,positive
46675,B001E530IE,A13MQ2P6J6L2D7,Theresa,0,0,5,1320192000,Coffee Lover,Thankyou so much for having this product avalible at such a great price. we used to have this brand of coffe avalible to us in our area and now they have discontinued it. My husband and i were devistated that we couldnt have our Yuban coffee so decided to search online. low and behold we could get the same great prouduct shipped right to our door. the coffe is VERY good. I would have to say I like this product better than the top brands of coffe that are offered on the shelves at the local grocery stores. The flavor is very full and smooth. love this coffee. for the price and product flavor i would have to give this item an A+++++.,positive,thankyou so much for having this product avalible at such a great price we used to have this brand of coffe avalible to us in our area and now they have discontinued it my husband and i were devistated that we couldnt have our yuban coffee so decided to search online low and behold we could get the same great prouduct shipped right to our door the coffe is very good i would have to say i like this product better than the top brands of coffe that are offered on the shelves at the local grocery stores the flavor is very full and smooth love this coffee for the price and product flavor i would have to give this item an a,positive
304079,B0029NVJ4M,A215Z05E3V8JBS,Megan,0,0,5,1330992000,My cat loves these!!!,"My cat goes craaaazy over these treats!  Every time I shake the plastic container I put them in or open the lid she comes running and meowing.  She loves them so much I've been able to teach her tricks using these.  She can sit, beg, jump up/down off of furniture and ""speak"".  I will never buy any other treats ever again!",positive,my cat goes craaaazy over these treats every time i shake the plastic container i put them in or open the lid she comes running and meowing she loves them so much i ve been able to teach her tricks using these she can sit beg jump up down off of furniture and speak i will never buy any other treats ever again,positive
449719,B001D0GVAO,A1X9JY3NKC7JPB,jagaito,0,0,5,1303689600,Best decaf ever!,"I am now restricted to decaffeinated coffee for health reasons, but was very pleasantly surprised with Emeril's Jazzed Up Decaf.  It is by far the best decaf coffee I've had - at home or elsewhere.",positive,i am now restricted to decaffeinated coffee for health reasons but was very pleasantly surprised with emeril s jazzed up decaf it is by far the best decaf coffee i ve had at home or elsewhere,positive
131535,B000CQY378,A216NSW58Q3SCJ,"ccincalif ""ccincalif""",0,0,5,1262995200,Excellent product-feel good about my kids eating it...,"These are the thin style pretzels that are truly ""thin"" which is what my family likes.  Many ""thin"" pretzels are very thick.  The best thing about these is they are organic and a  Newman's Own product, which makes me feel good about my kids eating them.  I send them in their lunches to school and they love them.  Healthy snack and good price on Amazon.",positive,these are the thin style pretzels that are truly thin which is what my family likes many thin pretzels are very thick the best thing about these is they are organic and a newman s own product which makes me feel good about my kids eating them i send them in their lunches to school and they love them healthy snack and good price on amazon,positive
32097,B0009F3SAK,A33PNAQ33DGBJG,Michelle Polk,5,6,4,1184544000,Healthy...,"and good for you. A very good tea but there should be a way of making ""good for you"" tea taste better!",positive,and good for you a very good tea but there should be a way of making good for you tea taste better,positive
225032,B001LNTY70,A2GH0L50430WJF,E. Reynolds,0,0,5,1336262400,Mostly lime!,"Not a big fan of chili actually... so these almonds are perfect!  ok sounds weird right!!??  What i am saying is that i LOVE LIME, and these almonds are mostly lime with a very subtle hint of chili n spice as an after thought... PERFECTION!",positive,not a big fan of chili actually so these almonds are perfect ok sounds weird right what i am saying is that i love lime and these almonds are mostly lime with a very subtle hint of chili n spice as an after thought perfection,positive
563287,B007JFMH8M,A13SGME8HN4P3U,DVMom,0,0,4,1342051200,Will buy more,"Quaker Soft Baked Oatmeal Raisin cookies taste closest to homebaked cookies than any others I have tried. My kids loved them, too. They are moist and flavorful. We like them as a snack, or even as a breakfast on the go!",positive,quaker soft baked oatmeal raisin cookies taste closest to homebaked cookies than any others i have tried my kids loved them too they are moist and flavorful we like them as a snack or even as a breakfast on the go,positive
292323,B000QV2GRS,A1VP5MZE36H25J,S. Wu,0,0,5,1325894400,Sturdy and decorative,"I purchased this gumball machine to dispense candy at my office.  It is sturdy and easy to work- just add candy in the top and remove coins as necessary.  I was able to follow the instructions to take the machine apart to control the amount dispensed and allow it to dispense without coins (""freeplay"") in about 20 minutes.  The most this machine will dispense at a time is about two small Cadbury chocolates, which works for doling out chocolate to my co-workers. :-)<br /><br />The machine was shipped quickly in sturdy packaging and arrived intact.  The medium model was about the size I expected.  I might get the smaller version if I was going to use this for decoration at home.",positive,i purchased this gumball machine to dispense candy at my office it is sturdy and easy to work just add candy in the top and remove coins as necessary i was able to follow the instructions to take the machine apart to control the amount dispensed and allow it to dispense without coins freeplay in about minutes the most this machine will dispense at a time is about two small cadbury chocolates which works for doling out chocolate to my co workers the machine was shipped quickly in sturdy packaging and arrived intact the medium model was about the size i expected i might get the smaller version if i was going to use this for decoration at home,neutral
55918,B003EX2ECM,A2B31FIZTUKQCV,"Donna Robinson ""The Traveling Nanny""",6,45,1,1316649600,Dangerous..read more!,"Before you even consider this, please read [...] or the video from Australia, [...]<br /><br />I am horrified Amazon is selling this stuff!!! Amazon wouldn't let me rate it 0 stars!  If amazon cuts out the www and video sites again, just google Meat Glue and look for the Green Prophet report and Meat Glue video to see the Australian report...It's banned in Europe--why is it being let in the USA?",negative,before you even consider this please read or the video from australia i am horrified amazon is selling this stuff amazon wouldn t let me rate it stars if amazon cuts out the www and video sites again just google meat glue and look for the green prophet report and meat glue video to see the australian report it s banned in europe why is it being let in the usa,negative
553842,B002GWMD2I,A2LUVMCV6XIOYP,blacam,0,0,5,1325980800,Great flavor and great price!,Everything is great about this coffee. The price is just a tad over Folgers except this is excellent coffee. It has a good and smooth flavor. Its very enjoyable.,positive,everything is great about this coffee the price is just a tad over folgers except this is excellent coffee it has a good and smooth flavor its very enjoyable,positive
397709,B001EYUE5M,A3LCF0C8FPHOZ3,"Robert C. Reade ""Random buyer""",1,7,1,1297123200,Ridiculous delivery,"I ordered this coffee and another brand, it seems, about three weeks ago.  I checked this morning, February 8,  and found the deliver is out into March or Apri.  I  paid for the product soon after it was ordered and have been told on checking delivery that it can no longer be canceled.  Wow!!!!!",negative,i ordered this coffee and another brand it seems about three weeks ago i checked this morning february and found the deliver is out into march or apri i paid for the product soon after it was ordered and have been told on checking delivery that it can no longer be canceled wow,positive
397098,B001AY8VV0,A33AQPJYH7UUXR,"Desert Gypsy ""A Brooklyn Girl Out West""",1,2,5,1327708800,"great product, great price!","This bag is nearly as big as a bed pillow, lol! The bag I received was filled with fluffy large sized flakes - no dust. Purchased primarily for the cat's consumption, this is an easy, healthy treat that doesn't break the bank when you buy in bulk like this.<br /><br />Will purchase again and highly recommend.",positive,this bag is nearly as big as a bed pillow lol the bag i received was filled with fluffy large sized flakes no dust purchased primarily for the cat s consumption this is an easy healthy treat that doesn t break the bank when you buy in bulk like this will purchase again and highly recommend,positive
459509,B000SANU7C,A2FLSZMJDICQ9J,openwisdom,0,0,5,1344384000,"delicious from a tea-lover, good ethical choice","I am so happy to find this tea--and all of Davidson's bulk teas--on Amazon for such an affordable price.<br /><br />First of all, I have visited tea plantations in South Asia, and out of respect for the workers, I believe very strongly in buying organic teas, not only for my family's health but for the health of workers who would otherwise be getting cancers and all kinds of health problems from spraying the pesticides day after day.<br /><br />At the same time, Fair Trade and organic teas can be much more expensive! but this tea solves the problem. I love buying it in bulk, and the 16 oz lasts us awhile, and it is not very costly.<br /><br />Secondly, THIS TEA IS DELICIOUS. I am a big bergamot fan, and all of Davidson's earl grey teas have a delightful amount of it. They are also stored in packaging that retains the bergamot oil even after several months after being opened.<br /><br />The lavender addition is calming and quite nice, hot or iced.<br /><br />I hope you enjoy it as much as we do!",positive,i am so happy to find this tea and all of davidson s bulk teas on amazon for such an affordable price first of all i have visited tea plantations in south asia and out of respect for the workers i believe very strongly in buying organic teas not only for my family s health but for the health of workers who would otherwise be getting cancers and all kinds of health problems from spraying the pesticides day after day at the same time fair trade and organic teas can be much more expensive but this tea solves the problem i love buying it in bulk and the oz lasts us awhile and it is not very costly secondly this tea is delicious i am a big bergamot fan and all of davidson s earl grey teas have a delightful amount of it they are also stored in packaging that retains the bergamot oil even after several months after being opened the lavender addition is calming and quite nice hot or iced i hope you enjoy it as much as we do,positive
69850,B0029JZAIC,A1RN6JWFZTI2GL,"Ramesh Bansilal ""Ramesh""",0,0,5,1349740800,Really tasty,"My 7 year old really likes them. They are worth the price, good packing and fresh to taste. I highly recommend this product.",positive,my year old really likes them they are worth the price good packing and fresh to taste i highly recommend this product,positive
179426,B000CQC050,AU2DAD4WD5Z0C,"Cheyenne Ann ""Ann""",18,18,5,1146700800,Licorice Lovers--You must check this out!,"Those of you who love licorice or anise flavor and who happen to be tea-drinkers, rejoice! This tea is so flavorful and aromatic. The anise/licorice flavor is intense. The tea is relatively sweet, so in my opinion, the addition of sweetener is not necessary, but you may want to add a little honey to it. This is not a wimpy tea, but full bodied and the longer you steep it, the stronger it gets.",positive,those of you who love licorice or anise flavor and who happen to be tea drinkers rejoice this tea is so flavorful and aromatic the anise licorice flavor is intense the tea is relatively sweet so in my opinion the addition of sweetener is not necessary but you may want to add a little honey to it this is not a wimpy tea but full bodied and the longer you steep it the stronger it gets,positive
338723,B000HBO134,A37ZONHNRUQQCN,Lori J. Larsen,2,2,5,1229904000,A good deal,"I believe that Lipton has an excellent product. I have long loved this flavor of iced tea, and am glad that it was available to me on Amazon. I have share a couple cans with others, and so we're all enjoying the delicious and refreshing taste.",positive,i believe that lipton has an excellent product i have long loved this flavor of iced tea and am glad that it was available to me on amazon i have share a couple cans with others and so we re all enjoying the delicious and refreshing taste,positive
64265,B001BM4SPY,A3MB95ZAZ3BTQH,U. Salim,0,0,5,1290038400,best baby food out there,"my son loved earth's best food. Usually baby food is pretty tasteless but i tried this once and it is ok. My son loved it while he was in this stage.<br /><br />Glass jars made it easy to warm up, i just put them in a bowl of hot water.<br />Great baby product!",positive,my son loved earth s best food usually baby food is pretty tasteless but i tried this once and it is ok my son loved it while he was in this stage glass jars made it easy to warm up i just put them in a bowl of hot water great baby product,positive
28170,B005LNM2AC,AOKILQ6VBEE9H,"P. Kummer ""p59404""",1,1,5,1332201600,Feedback on popcorn items,"Great popcorn, salt and oil. Corn pops great just like good.show house popcorn. Oil taste real buttery and pops good.",positive,great popcorn salt and oil corn pops great just like good show house popcorn oil taste real buttery and pops good,positive
544506,B001KYCQXE,A1TNZ05LIXE2H1,linda black,0,0,1,1312848000,disappointed,"very disappointed.  I like splenda but not the packets, so ordered these tabs to throw in my purse. PROBLEM: the dispenser catches and breaks the tablets apart.  This isn't the first package I've had so think it's a general problem with design---would not buy again.",negative,very disappointed i like splenda but not the packets so ordered these tabs to throw in my purse problem the dispenser catches and breaks the tablets apart this isn t the first package i ve had so think it s a general problem with design would not buy again,negative
249639,B001LGGH54,A1J5HIF41ENSMZ,Adam Wood,1,1,4,1237420800,"Good product, but not my favorite flavor","I've tried three flavors of this product so far:  Black Cherry, Watermelon Strawberry, and Kiwi Berry.  My favorite so far is Kiwi Berry that I thought was very good.  Watermelon Strawberry was second, and Black Cherry was a distant third.<br /><br />This product has a lot going for it, in my opinion.  100% fruit juice, so healthier than soda, but with added carbonation to make it different than just plain juice.  To me, the amount of carbonation was just right - I was able to drink it quickly and found it very refreshing.  The serving size is good, too.<br /><br />I do wish that it was available in larger sizes, even if someone didn't want to drink it all at once.<br /><br />My rating for the flavors, based solely on my personal opinion, is:<br />Kiwi Berry:  5 stars - would buy again<br />Watermelon Strawberry:  4 stars - would drink again, but probably won't buy again<br />Black Cherry:  3 stars - would drink again if very thirsty, but wouldn't go out of my way to get it",positive,i ve tried three flavors of this product so far black cherry watermelon strawberry and kiwi berry my favorite so far is kiwi berry that i thought was very good watermelon strawberry was second and black cherry was a distant third this product has a lot going for it in my opinion fruit juice so healthier than soda but with added carbonation to make it different than just plain juice to me the amount of carbonation was just right i was able to drink it quickly and found it very refreshing the serving size is good too i do wish that it was available in larger sizes even if someone didn t want to drink it all at once my rating for the flavors based solely on my personal opinion is kiwi berry stars would buy again watermelon strawberry stars would drink again but probably won t buy again black cherry stars would drink again if very thirsty but wouldn t go out of my way to get it,positive
266380,B003QKBDX4,AU3MQMT3X6O35,William J. Bertrand,0,0,5,1298246400,Worth every penny,"Awesome, great product. They cost $1.15 each which is about a third what an iced coffee costs at Starbucks. I will always have these on hand.",positive,awesome great product they cost each which is about a third what an iced coffee costs at starbucks i will always have these on hand,positive
378147,B008FHUGNQ,AUHM3WCYV8YM,JPIII,0,0,5,1346889600,"Great Flavor, Great Price","We have enjoyed Jet Fuel Dark Roast many times.  We love the full flavor and the aroma is very coffee like, kind of along the lines of a strong expresso.  The flavor is earthy, strong and has a full flavor like you would expect from a dark roast.  It is not overbearing as far as the flavor and I find it is good with many different creamers.  The smell is what you notice first but the taste is something you can't forget.  If you like strong coffee that is rich and aromatic then try Jet Fuel, you will not be disappointed.",positive,we have enjoyed jet fuel dark roast many times we love the full flavor and the aroma is very coffee like kind of along the lines of a strong expresso the flavor is earthy strong and has a full flavor like you would expect from a dark roast it is not overbearing as far as the flavor and i find it is good with many different creamers the smell is what you notice first but the taste is something you can t forget if you like strong coffee that is rich and aromatic then try jet fuel you will not be disappointed,positive
284262,B0051COPH6,A2XFM8PN6G0B02,S. J Parker,0,0,5,1329955200,LOVE IT !!!,The easy pore pouch is a great feature. My 7 month old has not eaten any baby food as fast as he ate the pears and greens. The pouch is easy to close and store for later if needed. The pouch is also microwavable. Overall I love this baby food.,positive,the easy pore pouch is a great feature my month old has not eaten any baby food as fast as he ate the pears and greens the pouch is easy to close and store for later if needed the pouch is also microwavable overall i love this baby food,positive
356365,B003SSWCJI,A244RMAJXFY8P4,Carzar,0,0,5,1324857600,THIS IS THE REAL DEAL! Ended years of IBS-C suffering,"I tried every possible remedy I could find and nothing gave me consistent results. This product changed my life after 20 years of suffering from IBS-C. I only take one heaping tablespoon a day. I have been using it for about 2 years now and the results are very consistent. I ramped up my dose until I experienced loose stools and then backed off just a little until everything became normal. I am now thinking of breaking it into two smaller doses because the effervescent nature makes me burp like crazy for the first 15 minutes after taking it. But believe me, no matter what, it is worth it. I will most likely take this product for the rest of my life. THANK YOU to the makers.",positive,i tried every possible remedy i could find and nothing gave me consistent results this product changed my life after years of suffering from ibs c i only take one heaping tablespoon a day i have been using it for about years now and the results are very consistent i ramped up my dose until i experienced loose stools and then backed off just a little until everything became normal i am now thinking of breaking it into two smaller doses because the effervescent nature makes me burp like crazy for the first minutes after taking it but believe me no matter what it is worth it i will most likely take this product for the rest of my life thank you to the makers,negative
453173,B0029XLH4Y,A2WYP6MZRK4G4A,M. Clark,18,18,5,1270512000,The absolute best so far!,"I really like Coffee People Donut Shop coffee, but since it is a tad on the weak side for my tastes, I decided to try the Coffee People XBold variety pack.<br />For reference, I have a Keurig B66 which has 3 cup sizes (5.25, 7.25, 9.25oz), and I always use one K-cup for one 9.25oz cup, and I drink it black. I don't make smaller cups to make it stronger, nor do I run extra water to make it weaker. I judge each k-cup in 9.25oz. It should also be noted that I use spring water exclusively in my machine; done for both taste and machine longevity. (The tap water where I live is brutal. Life span of a water heater is 5-8 years.)<br /><br />I tend to like full-bodied/full-flavored coffee (that doesn't always mean ""strong""). Therefore, I tend to like the dark roasts better, which is why I find Donut Shop just a bit lacking (but I like it enough that I still drink it).<br /><br />After trying the variety pack (and having since bought this item by itself as verified above), I can honestly say that by far my new favorite K-Cup is Jet Fuel (and I've tried at least 15-20 different varieties, not including flavored or decaf coffee). It has full flavor that is really good, but has no ""strong"" characteristics IMO (i.e. bitter, burnt, dense, etc.). When I took the first sip of Jet Fuel, I immediately thought, ""Wow, this is good coffee!""<br /><br />Highly recommended if you like a full-bodied coffee that doesn't have any bitterness or burnt characteristics, and is not too dense.",positive,i really like coffee people donut shop coffee but since it is a tad on the weak side for my tastes i decided to try the coffee people xbold variety pack for reference i have a keurig b which has cup sizes oz and i always use one k cup for one oz cup and i drink it black i don t make smaller cups to make it stronger nor do i run extra water to make it weaker i judge each k cup in oz it should also be noted that i use spring water exclusively in my machine done for both taste and machine longevity the tap water where i live is brutal life span of a water heater is years i tend to like full bodied full flavored coffee that doesn t always mean strong therefore i tend to like the dark roasts better which is why i find donut shop just a bit lacking but i like it enough that i still drink it after trying the variety pack and having since bought this item by itself as verified above i can honestly say that by far my new favorite k cup is jet fuel and i ve tried at least different varieties not including flavored or decaf coffee it has full flavor that is really good but has no strong characteristics imo i e bitter burnt dense etc when i took the first sip of jet fuel i immediately thought wow this is good coffee highly recommended if you like a full bodied coffee that doesn t have any bitterness or burnt characteristics and is not too dense,negative
