text,actual,predicted,transformer_pred,transformer_correct
this has got to be the best black licorice in the world as i consider myself quite the connoisseur of this fine product,positive,neutral,positive,True
this is what you have been looking for unless you grind your own annato seeds if you re wanting that yellow rice you ve had in miami puerto rico brasil cuba or a thousand other latino restaurants then look no further i ve been using this product for yrs and it is the same thing same quality same mistake free results all you need now is that unreal rice onion garlic oregano pepper salt recipe i ve been using passed down from my dear old brasilian father hehe good luck if you want a copy send a sase to chef doogie nantucket pkwy oxnard ca,positive,negative,negative,False
i took him off the pedigree food after i heard about how loq quality it is purina one isn t the highest grade dog food but its considered to be good certainly an improvement over pedigree it smells good and looks healthy you can compare both at dogfoodadvisor com purina one is different from regular purina canned food,positive,neutral,positive,True
i thought i would try it out good price and pretty good reviews but it s not for me i crave a nice strong cup of english breakfast in the morning but this one wasn t to my liking if brewed too long it had a really bad flavor but if i brewed it less not enough or an off putting flavor i m going to try something different,negative,neutral,negative,True
now first let me start off by saying i am not a big chocolate fan that being the taste i percieve as being great may be different from yours if your looking for that rich chocolate flavor then this beverage may not be what your looking for this is by no means chocolate flavored water its got flavor as long as you stay with the first two size settings and is so easy to make why bother with anything else the bottom line if your looking for a cup of hot chocolate with a powerful chocolate flavor these k cups are not for you if you are looking for a cup of hot chocolate with a moderate amount of flavor then give these a try when trying these k cups i did not add anything else before serving ex marshmellows i hope you enjoy and dont let the low review scores point you away from enjoying the easiest cup of hot chocolate you have ever had,positive,neutral,negative,False
i handed out samples to my parents toy poodles and my newfoundland and they all thoroughly enjoyed them the size of the treat is more appropriate for a small to medium dog than my large newf though that didn t stop her from wanting one when i picked up the bag the ingredient list is pretty basic which is good preservatives always make me a little uneasy but the list is much better than the typical grocery store brand if they were a snack for me i d say they went a little too heavy on the smoke flavor the dogs didn t mind and the smell didn t seem to stay on my hands for too long i won t be buying them again but primarily because of my dog s size and because she would much rather have a piece of broccoli or some beans than something out of a plastic bag odd i know,positive,neutral,positive,True
i have just ended a year custody battle needless to say i have anxiety i m set off at the slightest thing then this little miracle fell into my lap i was prepared for disappointment didn t happen the anxiety edginess i had become all too familiar with has vanished this affect is achieved with your very st dose i now feel calm literally i no longer feel agitated i no longer bite peoples head off and to top it all off i am sleeping soundly through the night every night no waking up no tossing turning just solid sound sleep thank you first magazine for this reccommendation,positive,neutral,positive,True
i have ordered alpen cereal twice from amazon com the first order arrived in red white and blue package herein being reviewed it cost and was ordered just under a year ago the second order was only eight months after the first i do love to eat alpen cereal and cost about less however the package for the second order was different it is now the brown white and gold packaging given to original alpen original i know i ordered the original variety but the cereal i first recei ved is now called alpen with raisins and has shot up in price over for six boxes despite the word original on both packages and the words new look same great taste on my most recent purchase these cereals are not alike the most glaring difference is that the product in the red white and blue package herein being reviewed and which now seems to be called alpen with raisins although this title is nowhere to be seen on the box but instead the appelation alpen original is still used is that the product herein being reviewed is certified organic i still have one box of my first order and the newer brown box does not have the certified organic seal anywhere on the box instead of organic rolled oats and organic whole wheat the newer brown box lists rolled whole oat flakes whole wheat and etc both boxes however still carry the ou symbol signifying acceptance by the jewish orthodox union for kosher quality i am very very glad to see that the old version is still available the brown box says new look same great taste which is a bit confusing for a while there i belived the red white and blue box no longer existed however one pays almost three times as much at present for the old version natural vs organic hmmm both are good but well no one ever said organic food was cheap i hope that both versions continue be available but please if this version the one being herein reviewed is now called alpen with raisins please put these words on the box having both versions labelled original is highly confusing especially when one version has organic ingredients and the other only natural ones,positive,negative,negative,False
we have given the treat to the family pooch australian shepherd who appreciated the taste will be trying this on every other day to find the dogs preferences but won t make an immediate judgement for now as the price sees a bit high for the product will have to count the cost into the evaluation,positive,negative,negative,False
this food is definitely a step above grocery store brands but my dog could not tolerate the grain and had loose stools for months which she also had on royal canin switched to orijen puppy food and all is well,neutral,positive,positive,False
i m the biggest oreo cookie eater you ll ever find so when i discovered they make sandwich cookies i was interested however the taste is significantly different from a regular cookie the icing is the same but the cookie part is soft and mushy like a moonpie you can t really dip these in milk because they fall apart not recommended for those who grew up with the dippable kind of oreo cookies that being most of us,negative,neutral,negative,True
although the product description says that this bowl tastes like shrimp it doesn t so don t be alarmed it is a nice warm chicken broth that is full and flavor and isn t too spicy perfect for the kids on a rainy day try this bowl and you won t be disappointed i love them,positive,neutral,positive,True
when i opened this alot of the tea sacks were broken and the tea emptied out and spilled everywhere i steeped some inside my cup and noticed that all sorts of the tea leaves had come out i even took a picture and posted it under customer pics and when i sipped my drink tea leave crumbs got inside my mouth i havent noticed any effect from the tea though but i have only used it for a few days so maybe it takes awhile however if they d be able to keep the sacks closed that would help alot,negative,neutral,negative,True
i purchased a case of boxes delicious little treats of these for i thought that at that price it would be worth it even if they weren t any better than the high fructose corn syrup filled name brand poptarts and i do not regret the decision one bit the calories fat etc are very similar to those of regular poptarts but the ingredients are different sweetened with cane juice molasses honey etc they still are pink covered with sprinkles in case that s what you re into the taste consistency are really what you re interested in though right well we ve got a win win situation the pastry itself is quite good similiar to the consistency of a traditional toaster pastry in my experience some foods made with whole wheat flour end up being sort of like paste in my mouth when i m chewing but that doesn t happen at all with these and the filling is divine it doesn t taste like a liquified fruit roll up which is what i think of the cherry filling in a regular poptart you primarily taste the cherry but the pomegranite or pomegran as it says on the box comes through as well that being said these are definitely worth the super low price i paid for them and in the future i ll most likely be willing to pay more if i have to definitely superior to the ones you ll find in my local grocery store,positive,neutral,positive,True
i tasted these before giving them to my kids and the strawberry flavor is very sweet i couldn t believe it was this sweet by using natural organic sugars and not pushing the calorie count up i have not had these tested by a lab or anything like that but i found these too good to be true to give them to my kids,negative,positive,positive,False
i order this product because i work in a warehouse where it is hot in the summer most electrolyte replacement drinks to me taste to salty sqwincher does not it has a great flavor,positive,neutral,negative,False
i have three himalyans all turned their noses up at this treat offerring the cat reviewers were not impressed with the texture or the portion size however i believe the feral strays in our neighborhood may have enjoyed them,negative,positive,positive,False
i have purchased this hot cocoa for the keurig on several occasions not because of it s great taste but rather my kids love making hot cocoa with the keurig machine at a minimum of per cup i think that it s a bad value and i m only purchasing this brand until a better tasting cocoa comes along at a better price,negative,positive,negative,True
i was very skeptical at first but i was certainly not disappointed i would say these are the best cheese flavored crackers that are gluten free that i have had to date,positive,neutral,positive,True
i was pleasantly surprised how lightweight this oil is and how quickly it absorbs in to my skin i also cook with it a little and it isn t too strong although i keep thinking i smell like a large macaroon after i rub this in to my hands and arms it fades in a few minutes i ve started giving it to my very old and very finicky cat who to my surprise and delight enjoys licking it off my fingers after she eats her dinner her digestion has improved and it helps her keep a little weight on i would definitely buy this again,positive,neutral,positive,True
shipped quickly the candy was fresh and tasted great what more can i say i wish we bought more there,positive,neutral,positive,True
chips for calories is not bad when you are really craving chocolate and don t want the guilt of a calorie candy bar i also like to bag them with a handful of members mark premium quality whole almonds california grown lbs and ocean spray sweetened dried cranberries ounce bag pack of for easy trail mix,positive,neutral,positive,True
at first bite this turned off of us the kids who are veggie nuts and eat raw spinach by the handful did not care for the snacks at all the adults kept nibbling thinking it might get more palatable with time we eventually decided to try it as a snack with red wine as the slightly salty slightly bitter taste might blend really well with a hearty wine i expected more judging from the other reviews and i guess i should have just seen spinach and kale and realized that i should not have bought bags to try something new still it s not awful just a bit odd perhaps i will test mixing it with the caramel booty,neutral,negative,negative,False
very satisfied with this product addition times are listed beside each ingredient which makes this recipe easy to follow if you are already familiar with the basics of extract brewing,positive,negative,positive,True
everyone i have shared this product with has liked it if you eat it with hummus it is spectacular,positive,neutral,positive,True
i ordered this because it is science diet and it says it is minced well it is not minced and my cats do not like it it is more of a pate than minced and gets mashed down in their bowl so they can t eat it i am very unhappy with this product and my cats are too will not be buying it again returning it would be not worth it as the shipping charges are taken out of the balance so i would be losing money,neutral,negative,negative,False
don t be fooled and misled by believing these chips are healthier or better for you same fat grams and calorie content but what is worse is that they taste stale not enough nacho flavor and are so hard,negative,neutral,negative,True
this was bought for a christmas treat for my family and the other kind was really good but this one was kinda hard and stuck to your teeth and not good at all,negative,neutral,negative,True
i reviewed this product previously and gave it a low rating because i did not like it at all i passed the chicken broth on to a friend of my and she says it is great in fact she says it s the best she has ever tasted i guess it s just me so i ll give them a middle rating to reflect my dislike for the broth and my friend s enthusiastic thumbs up,neutral,negative,positive,False
perhaps i should have known when i read caramel but i found this item too sweet for my tastes nor do i remember reading that it is an instant not a brew product a lot like international coffee without the ability to adjust the flavor taking it off my s s list,neutral,negative,negative,False
very smooth but also bold on flavor and no bitterness i like this better than caribou which is also a very nice k cup coffee the starbucks has more flavor than caribou but pulls it off without turning you off i brew this starbucks house blend on medium size oz which works out for my taste when a little creamer real is added i can t say that it tastes like the starbucks house blend you get inside a real starbucks because i have never tried the house blend inside a starbucks but as k cups go this is a pleasant blend with just the right amount of strength for me and no bitter aftertaste i only gave stars because the price is higher than most other k cups otherwise this is a fine coffee,positive,neutral,positive,True
i buy these crackers all the time and this batch was not consistent with what i have bought in the past they were over toasted hence did not have the same flavor still good but i think they sent you seconds,positive,negative,negative,False
english toffee flavored liquid stevia amazing how intensely rich this is it totally tastes like sweet english toffee how thay accomplish so much flavor in these zero cal little droplets that s a voodoo mystery to me my one complaint is that they don t give any hints of their tricks to get the english toffee flavor i know that stevia is already magic in itself for its sweetness power but wondered about how they managed to get the strong english toffee swing in there on package label all they have to say basically is natuarl flavors unfortunately staying more secretive than i d have preferred but i can forgive them that one decision since overall this stuff is a great treat while leaving your conscience clean on matters of substances in the body ultimate summertime cappuccino good quality roast coffee chilled soy milk frothed if frother handy liquid stevia english toffee flavor for total indulgence serve over ice,positive,neutral,positive,True
i was chagrined by the contents way too salty so that the nuts had little flavor left also the peanuts were about and low grade examples at that not a gourmet item might be all right for commercial use,negative,neutral,negative,True
this is a wonderful full flavored tea with no bite that i ve encountered with many other greens i ve bought at least a dozen boxes both to use and to give away like the cereal commercial says mikey likes it,positive,negative,positive,True
hellmann s real mayo oz pack of is exactly what i have been looking for over the past year we ordered our first batch last fall when we had two foreign exchange students with us plus our four boys we can use container every two weeks it is important to realize that these are the big commercial containers and you get of them out of the jars we have had none of them had discoloring or bad smells every one of the containers has been to our expectations thanks for providing this product,positive,negative,positive,True
i bought this product for a friend but i liked it so much i m keeping it and buying a second one for my friend,positive,negative,positive,True
no visible contaminants good uniformity powder nice color and consistency once opened i found it to be a nice fine powder and would recommend recommend transferring to a tightly sealed container i use it for confectioners glazes and improving the durability of shellac,positive,neutral,negative,False
my dogs seem to find likety stik extremely tasty as demonstrated by their desire to keep licking it on my part however there are some reservations i have the liver flavor and for one it is one of the worst smelling doggie treats that i have not too sure if people want to carry this around in their purse the stick works like a rollerball like some of the anitperspirants you see out on market when you first open it does not roll very easily but eventually it will get going after your dog licks it a few times the second major reservation that i have is that if it is being licked then the part my dog just licked cleaned saliva and all goes back into the fluid reservoir which doesn t seem too clean to me some may argue that this shouldn t make any difference to my dog who loves licking his hooha and whose favorite appetizer is cat poop but i cannot help to think that this may be a festering ground for bacteria this may be prevented by having certain chemicals present that inhibit this possibility but then it loops back to my concern of feeding these to my dog although novel i don t really see a benefit of having this as a treat other than the caloric count,negative,neutral,negative,True
i was looking for something more grown up in a frosted mini wheat and these actually tasted better than kellogs still looking for the ultimate healthy cereal though,positive,negative,negative,False
i first came into contact with this gum from a bzzz campaign for which i am a bzzz agent this gum really surprised me what are the qualities that you want in a gum great flavor retains its softness does not promote dental caries long lasting flavor not to sticky on bubble popping good elasticity rebound on bitedown this gum holds all these qualities i think it is well worth your trying this product if those points matter to you you accomplish all those in one gum not a common thing,positive,neutral,positive,True
i liked this although it is much sweeter than betty crocker and duncan hines so i tossed in a tiny bit of salt to compensate for this but now i am getting used to the taste i no longer do so it is a good standby to have ready at hand,positive,neutral,positive,True
this tea is loose so you need to have a strainer which i didn t read in the description but i m sure it s there the tea is very fragrant i don t like mint but it s difficult to find rose lavender and camomile without mint mint does not sit well with me but the other ingredients do i like this tea very much it s very fragrant and potent beautiful box and very fresh,positive,negative,positive,True
tastes like blueberry muffin and coffee without the muffin my opinion is that its better than green mountain coffee golden french toast count k cups for keurig brewers but not as good as green mountain coffee caramel vanilla cream count k cups for keurig brewers it s all a matter of opinion and all of these green mountain flavored coffees are mild with artificial flavors it boils down to would you rather have a blueberry muffin or french toast drenched with maple syrup with your coffee try em all and pick your favorite is my suggestion also check out the other flavors to see which is lower priced and take turns,positive,negative,negative,False
the chips are over a month away from the expiration date and they taste stale not much flavor i was disappointed wondering if i should bother returning them,neutral,negative,negative,False
my dog cotton is an aggressive chewer she could chew her way through anything within seconds then she s looking for something else to chew she s a yr old coton de tulear a rare breed which are in the bichon family my dog is very hyper has nervous energy she doesn t know what to do with i thought getting her a chew toy would keep her busy for a while but they didn t even last for a day i went on line and read reviews from other s reviews on different chew toys when i read the reviews for this dinosaur chew and read their had the same issues my dog had and their dogs were a lot bigger weighed more then my dog is small weighs lbs i thought this chew would be a perfect chew toy it would last for a longer period it has lasted she is still chewing on it after months this is going to be a second dinosaur chew i am buying for her as a backup she loves this toy and i would recommend this for those pet owners who have dogs who are heavy aggressive chewers this will last a long time i love it and i save money no longer need to buy any other chew toy but this dinosaur chew suzan mesquite nv,positive,negative,negative,False
package arrived in time i was expecting the salt to be finely ground which to me means something powdery the salt was more like rock salt the crystals being slightly larger than what you find in kosher salt i have to dilute it with water before i can consume it if you sprinkle it on a salad or similar semi dry food you will feel the crystals which is an unpleasant experience because it feels like you have sand in your food this salt is not like regular salt that dissolves easily with little moisture liquid the package it is in is also labeled finely ground i use it for cooking where i have no problems with it the three stars are only because the salt was not what i would consider finely ground,neutral,positive,negative,False
i like my coffee dark and rich except for my first cup in the morning when i prefer a milder blend after taste testing a variety of different k cup dark roasts including green mountain extra bold dark magic gloria jeans extra bold black gold green mountain eb espresso blend and timothy s eb parisian nights timothy s midnight magic extra bold stands well above the rest it is made from specialty grade certified kosher arabica coffee beans so the box says what really matters is how the taste fits the description and this java is bold dark rich and exceptional with just a touch of sweet not at all bitter or acidic i brew it on the smaller size setting for a deeper taste so if you have a keurig single serve coffee maker and your taste is similar to mine timothy s midnight magic extra bold is the brew for you i know it s my favorite jana perskie,positive,neutral,positive,True
after trying these from the airline i am addicted they smell like baked blueberries and taste like crunchy blueberry muffins,positive,negative,negative,False
i realy injoyed the tast of these kippers better then other s i also injoyed the texture of the fish i will recomend to frind s,positive,neutral,positive,True
the picture is almost actual size quality mackerel but mostly sauce and i m not kidding about the size about equivalent to a can of sardines,positive,negative,negative,False
my kids love this the first time i fed it to them they asked for another pouch one is very picky and both hate veggies they are yr old twins and eat big kid meals but i love the portability of this pouch and it makes a great nutritious snack to take on the go i especially love that it is organic i want to note that i did not buy this product on amazon i found it at target for cents each i thought i could find it on amazon in bulk for less but instead it cost almost times more i ll buy it at target instead unless that changes,positive,negative,positive,True
xylitol is fantastic for dental health this gum is great because it doesn t contain any of the less than ideal additives like aspartame nutrasweet saccharin sorbitol mannitol artificial flavors artificial colors etc that make most other gums and mints even those with xylitol as an ingredient problematic the flavor is nice the texture is fine and it lasts for at least minutes which is all i want it to do note that this gum is manufactured in finland and the xylitol is sourced from birch wood also it s non gmo not genetically modified which is not the case with some other brands of xylitol products which source their xylitol from china and or from corn i wish that this gum could be purchased in smaller amounts because the price for this company s giant containers packs is quite a lot of money to spend on something you ve never tried before i m sure more people would give them a try if they packaged this in one piece portable little cardboard box and sold it as an add on product at amazon for dollars or something just so folks could try it out,positive,neutral,positive,True
this gluten free cereal is pretty good it has a maple taste but it s not something i would eat every morning somehow this cereal didn t really taste that good to me but you might like it so that s why i gave it four stars,positive,neutral,positive,True
i liked the idea of a grab and go type lunch or snack so decided to give this a try however it sat on the shelf for over a month before actually giving it a go i was nervous that i wouldn t like it so kept putting it off it was the only flavor available when i decided to give it a try well my worry was founded as i did not care for it at all the salmon spread was super fishy i love salmon and the fresher it is the lighter more delicate the taste this hits you over the head with fishiness the crackers were your basic ritz type crackers and were as expected there was a granola ish mix of fruits and nuts that was okay but seemed sugar sweetened the dried edamame were indeed dry and not very flavorful all in all the best item was the little chocolate squares for dessert but even that wasn t anything i d purposely seek out when shopping perhaps the other gopicnic meals are better and i was just turned off by the fishiness of this one i would consider trying a different flavor before completely writing off these little meal packs and suggest that anyone else considering these meals does so as well unless you like a strong fishy taste summary great idea salmon is super fishy try a different flavor meal pack if considering gopicnic or just pass it up all together,negative,neutral,negative,True
benecol chews were recommended to me by my endocrinologist because i do not tolerate the statin medications i haven t had a re check on my lipid profile since i started taking them so i don t know if they work yet or not they are tasty easy to take and i sure hope they work benecol smart chews caramel count soft chews,neutral,positive,positive,False
always purchase this coffee at the supermarket very flavorful strong enough to satisfy the taste its better than starbucks coffee which is very strong,positive,neutral,positive,True
i love all of the blue diamond almond flavors and they are my favorite snack this one while good was not great for me when i hear the word bold i expect something over the top and this one was just sort of medium it seems that they aimed for the middle of the road when it comes to being a spicy flavor we have buffalo wing restaurants here that offer about grades of spiciness from hot to death and this wasn t even close if i compare this to the blue diamond wasabi soy spiciness it is not even in the same galaxy this is still a good flavor but not what i was expecting one serving of these nuts is calories and it contains grams of protein grams of carbohydrates grams of fiber and only gram of sugar and gram of saturated fat you also get calcium vitamin e and magnesium from the almonds which are good for your body heart and bones i would rather eat of these almonds for calories than potato chips for the same calories and none of the dietary benefits this flavor does have of your daily intake of sodium which is almost twice the amount in many of the other blue diamond flavors it has even more salt than the bold salt n vinegar flavor for that reason i will eat this flavor more sparingly the only problem with these almonds is that they taste so good you have to be able to close the can and walk away if you don t like the super bold and spicy flavors then this flavor is ideal for you just watch the salt i like all of the blue diamond almond products as i feel that they are healthier for you as long as you don t overdo it in eating them since they have a more moderate flavor than what i was expecting for a bold product and contain so much salt i gave it stars i eat these almonds because they taste good and are healthier for you but the extra salt in this one negates some of the health benefits in my opinion this is still a good flavor and i like them but not love them,positive,neutral,negative,False
the amazon com description does not list ingredients and two of the reviews were confusing in this regard one indicating that the product contains sugar and the other mentioning cranberry juice not blueberry i checked the website and it stated that the product is made from blueberry concentrate,positive,negative,negative,False
i was going to purchase this until i saw that it has soy lecithin in it soy is estrogenic and soy lecithin in particular is like the crap they scrape off the floor they pump it into everything and is not good for you why is it so hard to find food without this crap in it especially in food that is supposed to be good for you because it is organic,negative,neutral,negative,True
i ve been drinking using the fresh goat s milk for years i ve recently bought the dry milk meyenberg powdered goat milk vitamin d ounce cans pack of in hope of saving a little money it does taste a little powdery i can t drink it straight where i used to with the fresh i noticed on the amazon page where it says customers who bought this also bought evaporated goat s milk meyenberg evaporated goat milk ounce cans pack of i m wondering if this makes it creamier or taste better i hope to get some feedback from those who have tried combining the two and what quantity of dry to what quantity of evaporated i m trying not to give up on the dry yet thank you vicki,neutral,negative,negative,False
came in the mail over night the fruit was still very fresh the wife enjoyed them very much so she was surprised to see them after not eating them for years but it is kinda pricy to order the only down fall,neutral,positive,positive,False
after reading the review about the change of ingredients i contacted holistic select to double check the information and they clearly state that there are no pork products in this food the only change they made was to add canola oil as a secondary fat source here is the list of ingredients that they sent to me anchovy sardine salmon meal oatmeal ground brown rice ground white rice canola oil preserved with natural mixed tocopherols dried beet pulp menhaden fish oil flaxseed dried egg product carrots sun cured alfalfa peas potassium chloride organic quinoa apples blueberries cranberries dried kelp yucca schidigera extract dl methionine vitamins beta carotene vitamin a supplement vitamin d supplement vitamin e supplement riboflavin supplement vitamin b supplement d calcium pantothenate niacin supplement pyridoxine hydrochloride thiamine mononitrate folic acid ascorbic acid vitamin c biotin minerals polysaccharide complexes of zinc iron manganese and copper cobalt carbonate potassium iodate sodium selenite choline chloride lecithin rosemary extract glucosamine hydrochloride inulin dried lactobacillus acidophilus lactobacillus casei enterococcus faecium bacillus subtilis bacillus licheniformis aspergillus oryzae and aspergillus ni ger fermentation products mixed tocopherols a natural preservative holistic select radiant adult health anchovy sardine and salmon dry dog food pound bag,positive,neutral,negative,False
if you like a strong taste in your coffee dark magic is for you i ordered box and will be ordering it again,positive,negative,positive,True
the barbeque flavor of these pretzel pieces is tangy to me not sweet honey smokey or even hot i am not a big fan of tangy buffalo wings but i am a fan of these tangy pieces be warned there are plenty of big pieces but there are also a lot of crumb pieces stars,positive,neutral,positive,True
since i bought my keurig i felt the coffee wasn t as rich as coffee you slow brew i bought starbucks caribou and many other brands it wasn t that i dislike the coffee but i did not get the same satiisfaction the first cup of the french roast i really felt it had such a good flavor i m hoping they start selling more flavors,positive,neutral,positive,True
the illy issimo cappucino coffee drink is a well made medium body and moderate calorie drink it s produced in denmark and imported it has calories and grams of fat in an ounce drink a bottled starbucks coffee frappucino has calories and grams of fat and it s slightly larger at ounces so the illy drink offers a lighter alternative if that s what you re seeking personally i prefer a stronger coffee flavor and am not as concerned about the calories for a pick me up i often want some calories as well as caffeine i found the illy drink pleasant and it s probably right for some but most of the time i d probably buy something else the label mentions that it has cocoa so i was looking for the flavor but it didn t seem to me to have much if any cocoa flavor since i don t really want that in a cappucino drink anyway that s actually a plus but if you re looking for a mocha flavor try something else,positive,neutral,positive,True
i though i would be good i am french and le rougie is not the best but a quality brand i wanted to test it before my christmas party a good thing i did the box we received was tasteless i prefer duck foie gras to goose because duck has a stronger taste compared to goose wich is more subtile so i was so disappointed in the end i ordered a whole duck fois gras made in usa,negative,neutral,negative,True
service prompt had to pay to send incorrect order back disappointed in product not all flavors in box as described,positive,negative,negative,False
ok now i understand why so many people online recommend using americolor brand for my icing and fondant coloring needs i bought the black and the color was super strong worked really well i ll probably buy one of their color kits now that i know it s a great brand the only thing i haven t tried yet is using it to color melted chocolate i ve been told that water based dyes like this one will make the chocolate crumble but shrug it doesn t hurt to try i will give an update when i do,positive,neutral,negative,False
i have bought from this company before there is a major change in the size of their containers the description states packed in large containers for instance garlic powder granulated the last container was also large and rightfully so as it was oz today i ordered the same product and the picture caused it to look like a large container but it only had oz of the item you would not know the difference just by looking at the pics this is all true for many of the product i purchased not a good thing to mislead consumers like this,neutral,negative,negative,False
one package contains thin layers of sesame crackers little too sweet but sugar is not the first ingredient for weight watchers each package is points,positive,neutral,negative,False
this gum tastes very good much better than the trident layers strawberry tangy citrus version in my opinion that flavor has too much tang and not enough sweet for me the cherry lime version has less tang more sweet yum trident layers gums in general don t get tough or rubbery but rather stay soft for a long time i also like the size of each piece just the right size in my opinion for comparison trident tropical twist pieces are a little too small although i like the flavor of that gum also note that i am a grown adult female with a child sized mouth who must use small sized tooth brushes trident layers gums are also individually wrapped in a foil wrapper other trident gums like tropical twist are wrapped in a thin waxy paper i wish the flavor of trident layers cherry lime lasted longer it lasts longer than some but i think trident tropical twist flavor lasts a little longer in spite of their smaller size i also like the sturdy wallet style packaging it provides very convenient access while protecting the gum from other things floating about in a drawer pocket or purse and it probably helps keep the pack fresh longer after removing the plastic wrapping too other gums produced by trident lack the wallet packaging even new ones like trident tropical twist that i mentioned above with the current competitive pricing by amazon shouldn t be much more than a dollar a pack else wait a few days because the price fluctuates there s nothing to complain about here it s all good stars edit beware of the exp date i bought a pack from a local store with an exp date of june and the gum was already stale,positive,neutral,neutral,False
the kitchens of india items came promptly and tasted sooooo delicious i first was given one pack by a friend who said he purchased on amazon com after trying it i knew this was something i had to get i now have two packs and will definitely be ordering more when they are gone,positive,negative,positive,True
i have two boys well first we had one he was a little panther zipping and yowling around our house and would anything especially bagels i still can t keep bagels in my house then we decided he need a playmate that s when we came across octavious or silky as his current human called him and he was silky such much so in comparison our first cat felt like velcro when petted we couldn t afford science diet and they seemed to hate the plain taste of it we started mixing the good life with it and we have noticed more energy more love from them and softer shiny coats less itchiness too yes it has corn but guess what so does half the things you eat i am not concerned on wheat corn debate as my cat goes after my bread my bagels or anything tasting like wheat,positive,negative,negative,False
all three of my dogs get very excited about these even my one super finicky dog the bag says they are made in the usa compared to other similar dog chews treats on the market these seem like a pretty good value to me,positive,neutral,positive,True
great tasting and crunchy tastes like the real thing good packaging to keep fresh i will buy more in the future,positive,neutral,positive,True
absolutely the way to go if you re cutting refined sugar low glycemic index tastes like sugar great for diabetics,positive,negative,positive,True
great tasting crunchy snack the touch of cocoa is not too sweet and one serving definitely ease your hunger till the next meal i much prefer this over granola bars,positive,neutral,positive,True
i have a special sauce i make and have tried others but none have even come close to giving me the taste of mesquite this does not to much and not to little doing something right when i make the ribs they are gone faster than i can put them out,positive,neutral,negative,False
i m confused by the label but have yet to try the oil to see if it s genuine or not i will update after trying it,neutral,negative,negative,False
when i ordered this product i was too lazy to convert mm to inches and consequently discovered the coarse grinder salt was almost to be exact way too coarse for my salt grinder shortly after receiving my order from amazon i received a courtesy email from the spice lab to make sure i was happy with my order i replied that actually i was not happy but the fault was mine because i didn t convert the metric dimensions to english units and consequently didn t realize how coarse the salt would be which was too coarse for my salt mill two days later i received a package of smaller crystals no charge that s amazing customer service,positive,negative,negative,False
i haven t been able to find these locally so we ordered a case from amazon we weren t disappointed our only complaint is that there could be more dried berries instead you get mostly apples which are good but not quite as exciting,positive,negative,negative,False
i bought this as a substitute to the gravy mix i did use bought at sams club that had monsodium glutenage in it i used it spread on top of roast when cooked in a dutch oven the hain pure foods vegetarian brown gravy mix was a good substitute i recommend it,positive,negative,positive,True
i have been making wine for several years and purchased mainly wine expert kits i ordered one of these to try after making the barlo kit this kit suprised me on how it turned out granted its not a bottle of wine but it is enjoyable my son thinks this is the best one i have made yet after looking at the reviews i ordered a chardonnay to try also,positive,negative,positive,True
ok i was real skeptical on trying anybodys rub but i kept seeing this name come up time and time again on the bbq competitions i was seeing on tv so i google it and got it i went to my local grocery store first and got the little bottle but it went so fast i had to get a bigger one what a difference it makes to have a solid rub you can use on anything you cook i use bbbr on almost all of my meat it s a great base to any real cooks rub i use it along with some other ingrediants i normally use and it s the real deal the name says it all byron is one bad dude if you are thinking about trying a rub other than your own then start with this one you won t be disaapointed,positive,neutral,positive,True
my friend denna adopted her sheltie from us at sheltie rescue of utah i was over her house the other day i had brought some of z chews to share with her boy duke she immediately told me that duke doesn t like any chewies and she s tried a whole bunch he just leaves them laying around i said well i ve got them here it s a premium product with outstanding ingredients so let s just see what happens when we offer him one you know the end of this story duke at first sniffed suspiciously but then ate the zuke s z chew denna stood there like she was in shock so we found a chewie treat that duke likes and it s really good for him too yeah i m really sorry that someone else s dog threw up the pieces if that happened soon after eating the z chew then there was no time for anything to get digested everybody s stomach is different human or canine,positive,neutral,negative,False
this product kills ants as advertised i don t want the carpenter ants in my house i m not sure about the other insects but who likes them either,positive,negative,negative,False
i used to love the homestyle pop secret they have changed the recipe and it no longer tastes the same it is not buttery now it is just salty and greasy they used to say contains land o lakes butter now it says salt and buttery taste not as good,negative,neutral,negative,True
if this is what good coffee is supposed to taste like no thanks to me it s weak and pretty much flavorless safeway and winco store brands in my opinion are much better,negative,neutral,negative,True
peacock brown rice vermicelli ounce pack at first i didn t know what vermicelli was let alone how to cook and serve it mother always said there would be days like this there are probably millions of ways to prepare vermicelli but i like to keep things simple especially since this would be my first time with vermicelli so for this review i took out a large pot added an envelope of dry soup mix lipton recipe secrets savory herb with garlic cups of water lots of my favorite spices a bit of salt a tablespoon of real butter and a can of drained mixed vegetables brought the mixture to a boil lowered temp to medium drained the water from the soaking the instructions on the package suggest one soak peacock brown rice vermicelli for a minute in water that is room temp vermicelli and added it to the pot gave the mixture a couple of stirs with a wooden spoon and in about minutes that s all the time it took all was done smelling good and ready to serve i presented this wonderful little dinner with oven toasted garlic bread a few large pitted black olives a variety of cheese wedges and wine of choice fast and easy the brown rice vermicelli did not stick clump together or become gluey either cooking or after being served the color of the cooked product was aesthetically pleasing especially with the colorful mixed vegetables and will probably look appetizing served on most any color or patterned dinnerware peacock brown rice vermicelli was a huge hit at my home everyone wanted seconds bon app eacute tit nuf said highly recommended katharena eiermann,positive,neutral,positive,True
i love these things they are easy and you get a good amount of lean protein however the last two shipments have been dry this is in stark contrast to the juicy and fresh ones that i have been getting for quite some time i m disappointed and thinking of discontinuing my orders,negative,neutral,positive,False
my dog is addicted to these and they re actually fully digestible and don t hurt anything i ve purchased them from everywhere on the planet and will buy from here from now on,positive,negative,positive,True
asin b inaqmm well here we have white fish with cottie s beloved cheddar cheese but his consumption of it is not on par with that for the tuna not by a cat s whisker or any other measure you care to use i do not understand it i have fed him white fish with a myriad of other foods including fish and shellfish and he has usually devoured them one and all but not this the only thing i can know for sure is that he knows it isn t tuna which is the food he expects to experience with cheddar cottie will eat it if very hungry but not with the same gusto i need to make an attempt to find something special to put in it so he will enjoy it more than he does now does anyone have any ideas for me your takeaway is this is a super fancy feast flavor most cats will love it but mine is a shtoonk,positive,neutral,negative,False
this was not bad at all it had a sugary black cherry taste but overall not bad there is a slight bitter after taste it s a nice alternative to soda although an ounce can of back cherry switch has g of sugar it s not thick but the sweetness does hit you one thing that raises my eyebrow besides the after taste was the price of the case a pack of cans that are slightly smaller than a can of soda for is a little on the high side consider a pack of pepsi or if you like coke which is roughly about per pack if you get packs you re only paying but if you get a pack of switch then your paying over for smaller cans than,positive,neutral,positive,True
i am at this very moment drinking my first ounce serving of amazing grass green superfood scoop to ounces of water and i must say that it doesn t taste that bad not good just not that bad sure it s not sweet but that s good because sweet s bad that s what i m trying to get away from right there might be some healthy ways to spruce it up a little bit now we ll see how the long term benefits develop keep you posted wientllc,positive,neutral,positive,True
my husband and i have been buying senseo coffe pods for about years recently i placed orders a few days apart for a total of packages of this coffee we love the coffee but the quality of some of the pods is disappointing so far we have opened packages of the first order inside of the packages were pods that were not fully sealed and the loose coffee had fallen out in the packages if we find more unsealed pods all of the remaining packages are going back to amazon,positive,negative,negative,False
when starbucks quit making tassimo disks i thought i would have to throw away my coffee maker instead i gave kenco a try based on a good review wonderful product,positive,negative,positive,True
my dog enjoys hiding and then eating the biscuits i gave crunch and clean stars because they don t seem any different than other dog biscuits but if they really do clean better than most than add another star,positive,neutral,negative,False
this is the best butter i have ever tasted it does not have an overpowering taste of coconut i had a problem buying it through the amazon i had to order it from another company it was the post office employee who caused this problem they kept it too long and did not even notify me that they had our package,positive,negative,positive,True
i bought these while attempting the hcg diet i lasted weeks lol and these breadsticks are the reason i made it past days i didn t give them stars because they taste burnt a lot and almost all of them are broken but beyond that they re pretty good i didn t care that they were broken at all but others may i recommend these for anyone on the hcg diet and wish you a lot better luck than i i still have these and still eat them periodically almost daily they re a great snack i may even purchase another box after these finish because i really do enjoy them as a low calorie snack if they could just get rid of that burnt taste they d be perfect,positive,neutral,positive,True
since when does buying in bulk come with a markup i don t care if you re only supposed to review the product itself here this is ridiculous the product itself is awesome low cal and perfect snack,negative,positive,negative,True
i am a fan of all the ingredients in this tea but the anise taste is too much blech blech blech,negative,neutral,negative,True
my year old kitty has always eaten science diet first the kitten formula then the adult indoor formula and has always been very healthy with a gorgeous coat and lots of energy a couple of years ago she started vomiting after meals about once a week the vet said there was nothing wrong and she was probably just eating too fast we immediately switched over to this sensitive stomach version and the vomiting frequency decreased dramatically now she vomits only once every two or three months i m skeptical that there is anything really different about this food and it could have just been a coincidence that she stopped vomiting after we switched still i d rather just stick with this kind than find out i took away one star because it is in my opinion unreasonably expensive,positive,negative,positive,True
our daughter showed signs of colic in the first two weeks so we immediately switched from similac advance to the similac sensitive before she was born i had purchased a large case of the oz ready to feed bottles one of advance one of sensitive just in case we had nearly used all of the advance by the time she started having problems so i switched her to the sensitive it definitely helped i still had to supplement her with gripe water we used colic calm my goodness that product is worth every single penny if you have a colic child please don t waste any time pick up the colic calm at your local cvs or order it online through their website it saved us here s the catch after a while i tried to switch her to the powdered version of the similac sensitive i will be honest here and say that the powdered version ends up thinner causing more spit up and hiccups you also have to be careful when mixing it if you shake it up it becomes very bubbly with air and causes tremendous amounts of gas for us it was as if she had gone back to her colicky ways again i knew it had to be the powder so i put her right back on the liquid ready to feed and she is amazing again sleeping hours at night no fussiness etc i hope this helps someone good luck parents,positive,neutral,positive,True
brain toniq is an interesting product i love the fact that it is an energy drink and focus enhancer without all of the additives and caffeine however i m still not exactly sure what gives this product its effectiveness there s no major amounts of vitamin b or no ingredients like taurine or guarana so what is it i don t know but i do know the ingredients are good and that it works that s good enough for me the down side to this product is its very pricy especially considering the drinks only have one major ingredient agave nectar so why charge a can for it i guess they just can if they can continue to succeed with this product at that price then i commend them for their marketing abilities overall this is a star product with stars for price,positive,neutral,positive,True
well i m not changing my review of the dog food i stand by pedigree and my dogs thrive on it however i bought my first pack for and did subscribe and save thank goodness i looked because the price when my next shipment was due had gone up to then it was now i think it s something you simply cannot tell me the price of this dog food doubled in less than a month there is something very wrong here so i m not downgrading the dog food i m downgrading what amazon is doing with pricing very very wrong beware of subscribe and save like another reviewer i ll be going back to lugging cans of dog food rather than pay double initial review prior to price increase i have to have wet food around for my older rescue dogs and my own two love this as well was surprised to find it on amazon available at a better price than the store and with subscription i will never run out again i know some people don t like pedigree due to high filler content and if i had my druthers i d be feeding my crew a raw organic diet but i don t with the rate people are dumping dogs we feed them as best we can and there is nothing wrong with pedigree dog food canned or dry i have two year old dogs who have been raised on it and they are the picture of health so with that in mind give em all the love you can and don t feel like you re doing something wrong by feeding them pedigree this is much cheaper than i can get at the store and now i don t have to haul crates of food into the house,neutral,positive,negative,False
these cookies are not only good tasting but helps me stay on tract with my diet it is a little expensive but i have lost lbs i like the convenience you can get them at wal mart sometimes,positive,neutral,negative,False
i give this food to my wolf dogs it has what they need in it no other food i ve found comes close except straight meat only diet i also use a multivitamin with it just to be sure they are at the proper weight and are full of energy,positive,neutral,positive,True
ingredients salt imitation butter flavor anti caking agent artificial color there is no fats or oils popcorn is a whole grain with lots of fibre the problem with popcorn not being a healthfood is fats from butter cooking oil and the salt using this in place of salt makes one of the three problems go away the butter fat this product is in granules sized to fit in a shaker just like salt of course it doesn t taste as good as real butter you knew that already but it is a bottle large enough to refil many shakers and is in my opinion better than the imitation butter oil products better to put the butter flavor in the salt like this,positive,negative,negative,False
this coffee is so great that i have had little fantasies of getting a cup lying in bed pouring the beans all over me and tossing them in the air so i can get more of the aroma if you are a cherry lover this is the thing for you i may have to visit traverse city in one of their weeks of summer just to get a taste of the place that creates such juicy tantalizing visions and tastes,positive,neutral,positive,True
yes i mean sweet it is good when drinking coffee but for eating alone it s kinda too sweet for me,neutral,negative,negative,False
i didn t realize it but my tea wasn t arriving as promptly as suggested the company also noticed and sent a box out immediately wow i was very impressed,positive,negative,positive,True
i just finished my bottle of taco seasoning after a year s use we used it for tacos fajitas didn t care for the fajita seasoning and even sometimes in the meatloaf i wish it had a little more kick to it we usually also add chili powder but flavor wise it s great,positive,neutral,positive,True
the pill pockets were all broken up into little pieces i have to put them together and wrap them around the capsules very inconvenient,negative,neutral,negative,True
the maple flakes were just what i thought they would be they had great maple flavor for just a little bit and calories are not bad i recomend using after cooking for best flavor i added it to oatmeal while cooking and it wasn t enough so i added some extract the next time i made it i added a sprinkle atop when in my bowl much better i have also added it to vanilla yogurt cinnamon toast and cut apple slices for the kids i love it shipped very fast too,positive,neutral,positive,True
when i read one of the reviews that stated that this supplement changed their life i was immediately excited because this supplement has changed my life as well i started taking this supplement as a part of my diet plan ideal protein i took it to help me with bowel movements lucky for me not only did it improve my bowel movements it fixed my insomnia problem i had insomnia and could not fall into deep sleep for years within weeks of taking this supplement i was sleeping like a new born baby in addition i became more relaxed and my anxiety completely disappeared it did not stop there my menstrual cycle is regular now and i no longer have muscle twitches totally changed my life i was soo excited about the improvement in the quality of my life so i quickly spread the news to all my family and friends i worked like wonders for all of my family members the results from my friends was a mixed bag i think that for the people that have a true magnesium deficiency this is a miracle supplement for those that may not have a true magnesium deficiency this may not be the magic bullet for them i hope that this review was helpful i was compelled to spread the word about this supplement because it has truly changed my life,positive,negative,positive,True
my yellow lab who loves any and all food does not like these i get them out and she doesn t come running so that s the perfect indication i pull out some other snacks to lure her into her crate and she bounds in but not with these,negative,positive,negative,True
i bought this exact product previously for under and now it is nearly what happened the natural and the mango didn t sky rocket was is a successful product and now they plan to take advantage of their customers i can do without it at that price,positive,negative,positive,True
this is an interesting energy drink with the promise of calorie burn just by drinking it down without a laboratory i cannot vouch for this however it certainly does give an energy boost even for an avid coffee drinker like me and i was pleasantly surprised by the flavor it has a real ginger tang and not too sweet fruity flavor although you can taste the artificial sweetener in it i did not get shaky or find my heart race after drinking this but did feel more alert if you can tolerate the caffeine it is a refreshing change from soda,positive,neutral,positive,True
the packaging was nice and it was a great idea but the bubble gum was really hard i really wish the gum was fresh if that were the case i might of actually been able to get people to take them home,negative,neutral,negative,True
normally this columbus salame is great but lately there seems to be a problem with just getting the paper off of the salame i so don t like eating paper w my italian salame but it doesn t come off unless you either peel or cut half of the meat off off of the product to get it off not good somebody is taking shortcuts with this product and eventually causing good paying customers who love italian salame to look elsewhere for their italian salame addiction lol the product itself is still good it s just becoming too hard to get to for the money i ve been eating italian dry salame for over yrs now and i prefer the columbus brand for its consistency it is simply put a superior product minus the paper issue so i m taking away star from the rating because of the paper problem,positive,neutral,positive,True
have you ever served up a can of pedigree wet dog food for your furry little friend and felt secretly jealous as you watch him tear into the vaccuum packed ration like a lion tackling a zebra if only it were possible for humans to survive on such simple yet delicious means if only there existed small convenient meals of comparable taste and price made just for us folks at the top of the food chain well if you re still pondering a suitable solution then look no further than hormel compleats the beef steak tips with mashed potatoes in particular are sure to delight even the most sophisticated palette in this meal we find overwhelmingly grainy mashed potatoes paired up with bland steak cutlets swimming in an even blander sauce that i can only assume to be some kind of gravy with this kind of savory goodness you honestly can t go wrong at this price range to top it all off the meat appears to be free of any type of seasoning or flavor enhancement in general so don t hesitate to pile on some of your own sauces and spices to improvise not since the us army s mres meals rejected by ethiopians have we seen such sublime culinary innovation in other words it s the best of the best pick some up tonight for the whole family and keep the pepto ready my friends because believe me when i say this is one meal that just won t stay down on its own,negative,positive,neutral,False
i wasn t sure what this salmon would be like i saw it recommended on a site listing portable paleo friendly food so i gave it a try i love salmon but only just started eating it last year and have only ever had it fresh and cooked and hot well this seabear salmon is delicious i d say the smoky salty flavor is a bit strong but in a good way it does contain some sugar g but doesn t taste very sweet thankfully the package is so thin flat that it s nearly two dimensional so i was kinda expecting to open it and find a flattened pasty mess but actually the appearance isn t bad and there were many large whole chunks of meat as with these season brand skinless and boneless sardines that i first tried a few months ago i was quite pleasantly surprised by how good fish in a can or bag can be,positive,neutral,negative,False
i liked it although i can t brew it as strong as starbucks recommends the vanilla added a nice fragrance to the coffee and unlike what others have said i did definitely taste the vanilla just remember starbucks is formulated to be mixed with milk it s really not at it s best when it s black with or without vanilla,positive,neutral,negative,False
for some reason i was just not able to fully enjoy this tea i tried to brew it different ways starting with the water temperature and brewing length at best this tea was just okay when lightly brewed and some might enjoy the subtle flavor this way i thought most jasmine blossoms take time to develop but the longer i brewed this tea the more bitter it became and tasted so strange i had to dump it on more than one occasion due the ratings for this tea being very high on amazon com i wanted to like this tea and tried my best to enjoy it maybe i got a bad batch but for now i ll pass on this tea ciao,negative,neutral,neutral,False
i really like using these bags however as one poster commented you cannot recycle them i didn t deduct a star because they are biodegradable on another note the bags seem to be thicker than the lansinoh bags neither a plus or minus for me but i do cut a slit into the top to attach my adapter these bags are pretty study so it never tears past the cut i make and i ve never had any mishaps,positive,negative,positive,True
regular zico coconut water is my favorite but mango comes in a close second not a very natural flavor but still pretty good,positive,neutral,positive,True
this hard candy tastes like strawberry and is tarty i was a little disappointed because i was hoping for something more exotic and haven t had lychee before but i guess their flavor is very light the outside of the candy was a little chewy and stuck to the wrapper but otherwise was very good worth a try especially for those not very adventurous with foreign foods,positive,negative,positive,True
as expected this is a good strong cup of coffee although the flavors are subtlety different i also enjoy the french roasts from tulleys and starbucks the best value is usually green mountain,positive,neutral,positive,True
i thought i was in love with romanoff caviar till they priced their way out of my life i took a chance with roland and haven t looked back true they are still fish eggs but the taste is right up there with romanoff s but a bit more subtle with just a bit less salt which will make a lot of salt sensitive people out there happy to find out that caviar can be back on their party planning menu and the price is spectacular four oz bottles of fine black lumpfish caviar for and even without super saver shipping is still superior to how much the same amount of romanoff s caviar will cost you roland black lumpfish caviar ounce boxes pack of,positive,neutral,positive,True
i ve tried both this and the same company s caffe drink i preferred this which is less bitter and is smoother it did taste good on a warm indiana day but i doubt that i ll be a regular consumer preferring freshy brewed coffee it s sure worth a try though,positive,negative,positive,True
short story my friend ordered this food for a top breed when the breeder insisted that the kitten s diet did not change the demands of the breeder caused the deal to fall through so my unspoiled cat reaps the benefit of the non returnable gourmet cat food he loves the duck and now will not eat his dry food except when i win the face off and he is forced to eat a morsel or two he is now a spoiled brat and i am forced at gunpoint to order this a can gourmet duck well i guess he is worth it with all the abuse he has had to experience with my less than desireable diet thanks a lot nature s variety,positive,neutral,negative,False
as a coffee drinker the flavored coffees have never really appealed to me but after a colleague brought some of the coconut creme coffee to work i found the coffee to be unlike any other flavored coffee i had had it really struck a fancy with me and when i got home that night i ordered the coffee masters coconut creme and enjoy every cup of it it s good coffee and the price is fair,positive,neutral,positive,True
nice medium coffee blend that has a hint of vanilla and a touch of sweetness if you like emeril s vanilla bean bam medium roast coffee for keurig brewers count k cups pack of or gloria jean s coffees cappuccino for keurig brewers count k cups pack of you should like this blend i drink this as an afternoon or dessert coffee with a splash of milk and a sugar packet stars because i would like just a touch more vanilla flavor we ordered another box of this coffee and the vanilla flavor seemed to be a little stronger than our first box,positive,negative,positive,True
i love timothy s coffees orange tea chai tea etc this is first timothy s product i didn t like nothing is more soothing than a cup of hot peppermint tea it s like a hug from the inside out i order fresh loose tea leaves from a website i m probably not supposed to name here steeping the loose leaves in a glass teapot with an infuser is a pleasant ritual but inconvenient for work so i bought these k cups to make peppermint tea at my desk yuck what a disappointment the tea is awfully strong and bitter i added half again as much water ice a little splenda my fresh peppermint tea never needs sweetener and drank it as iced tea but it still had an edge to it i didn t enjoy,negative,neutral,positive,False
i bought these because i m lazy i want good espresso as i m trying to hurry out the door to work and get the kid to school on time these deliver lots of different styles to keep things fresh and different i don t think i ve had one i didn t like they re a little pricy but that s likely because they all look like they re imported if they were a little cheaper i d probably buy more and end up buzzing around the office so maybe it s good they re not cheaper i use them in a real pressurized espresso maker i m not sure they d work well in a steam powered one like some of the home coffee espresso combo units i ve seen used they re pretty dense pucks,positive,neutral,negative,False
i liked this product at first but after the th or so use the cheap quality really shone through when i first used it the lid was very tight but that quickly changed now it fits extremely loose and there s a gap between the bowl and lid so that when used it sprays food everywhere i tried pressing the lid down but that only partially stops it i ve only hand washed it so not sure why it warped so quickly seems like the plastic is really thin and cheap overall seemed like a great idea but if i had it to do again wouldn t spend more than for the thing,negative,neutral,negative,True
i received my order promptly and it was just as described will definitely order again,positive,negative,positive,True
taste is a bit bitter like most artificially flavored drinks but it does wake you up with a quick burst of energy similar to coffee,positive,neutral,positive,True
the ingredients clearly say evaporated cane juice that is sugar amazon needs to change the description,negative,neutral,negative,True
emeril i ve never really seen him on tv since i don t watch food stuff generally but i kinda know his catch phrases for some reason i know celebrity products are just celebrities tasting products and deciding to put their name on them after my last bad bought k cups which were dollars cheaper but ended up being instant coffee grove square i ll give this stars for being real coffee with real flavor and nice strength to it cheers emeril bought this are target for a few cents less than dollars it was an pack not a bad deal with real cups of coffee and not watered down stuff,positive,negative,positive,True
awsome product they are so good you can eat them in a bowl with a fork could be just a little hotter but very good,positive,neutral,positive,True
i grew up in the fiji my grandma used to make coconut oil from scratch and sell it for extra income i find it odd that people use coconut oil for cooking to be honest the only people in fiji who used coconut oil for cooking were the ones who could not afford cooking oil food cooked in coconut oil tastes awful if you are one of those people who have used coconut oil for cooking and did not notice any after taste then you did not use pure coconut oil coconut oil is good for external use like hair and skin you can also warm it up and dissolve some camphor cinnamomum camphora into the coconut oil for psoriasis all points aside i am really happy with the product i received i got an extra ml for free along with the big oz i opened up the smaller ml bottle and the oil came out of it easily i applied a small amount on my hands and i know for sure it is pure coconut oil i recommend this product and the price is right too,positive,negative,negative,False
i enjoy this flavor enhancer in a big glass of ice water it s just something different than plain boring water i like the berry pomeagrante better than the other flavors and it was at a great price with free shipping it has since gone up,positive,neutral,positive,True
folks now that i have your attention buy these crackers and replace all the typical crap you have lying around your house these are known as a heart healthy and are recommended by my cardiology group note i am not a cardiologist but i slept at a holiday inn last nite these are low sugar low fat no trans fat etc as important if you consume these instead of potato chips cheese doodles onion dip and salsa chips you will be replacing the bad cholesterol stuff with the good stuff and keeping your sugar intake low as well a lot of eating is emotional and psychological based not hunger based do the above mentioned swap give it six weeks and you will be proactively ahead of the curve i put these in my music store as well on the front counter customers eat about half and my employees gobble the rest of them up wanna buy a banjo here have a handful of these while you think about it,positive,negative,negative,False
well what s to be said other than i really like this licorice spice tea i cut out sugar and reduced my caffeine intake over the last year or so and this licorice tea is my favorite replacement for a caffeinated hot drink because i have a sweet tooth i usually now drink tea and coffee with soy milk to reduce the bitterness this licorice spice tea is delicious and i drink it equally happily both with and without soy milk the licorice gives it a natural sweet flavor i have at least one or two cups a day and even if i was to return to my previous high regime of caffeination i would still include a cup or two of this tea during the day i m not a fan of chamomile and this licorice spice tea does not seem to list that as an ingredient it seems many people don t like the flavor of licorice but those that do really like this tea i ve found that the flavor of each batch seems to vary in intensity and the last batch i bought had a less strong taste which simply means it needs to be steeped a little longer scratching around for other things to say my only concern about stash teas is what appears to be plastic coated aluminum sashes that the teabags are sealed in that does a great job in terms of sealing in flavor but i d rather it wasn t either plastic or aluminum coated maybe there s no good alternative the only other thing is that the latest boxes have changed the design of the semi circular hole at the bottom of the box and the new design makes it near impossible to easily remove a sachet you ll be attacking it with the scissors or opening the box lid to get them out but what really matters is the flavor and this is simply the best,positive,neutral,positive,True
no need to look it up and reorder auto shipping is very convenient i receive this product automatically each month foil envelopes in individual boxes contain a rich indian briyani spice paste each box contains a packet of peppercorns cinnamon stick pieces leaves and cardomum seeds to add to the mix delicious taste and a wonderful aroma each time,positive,neutral,positive,True
i have gradually made the switch to organic foods for myself but was still feeding my cats non organic if the big agriculture business harms the planet making human food it must do the same making food for our pets i bought organix after seeing some good reviews for it it costs more but the ingredients are high quality i have noticed that my cats need less of it so the same size bag as conventional food goes farther my cats also love the taste of this food organix is good for my cats and better for our planet organix organix adult and kitten dry cat food pound,positive,neutral,positive,True
the product says it contains piece bars pieces total but it actually contains pieces pieces total that s a piece difference but for a price of around i d say it s still a pretty good deal the flavor is really good but the candy is a little brittle if you chew it right out of the wrapper if you suck on it for a little while first it becomes nice and chewy like they should be overall i d say it s a good product you get a lot for your money and the candy is tasty,positive,neutral,positive,True
this soup was always my preferred choice when i was sick or just in the mood for chicken noodle soup my only problem now is that sodium level is off the charts if i eat packet i have eaten my entire day worth of sodium,neutral,negative,negative,False
sarsaparilla cinnamon ginger licorice burdock dandelion cardamom cloves and that s just half the list i just recently got in touch with preventative herbal ideology and decided to get cloves dandelion and ginger then i found this tea and knew i had to order it i m not a picky eater so i m not the best person to ask about the taste i say most things taste good but i can testify to the efficacy of many of the ingredients listed here if you like some of the other yogi teas you ll probably like this one to it does have a kick to it have you ever had fresh ginger but i like it and i will continue to order it because it helps me relax and feel good,positive,neutral,positive,True
listen it s a strong cheese that is not for the inexperienced cheese eater strong flavor hoppy and salty however an excellent accompaniment to trappist ales or other robust ales a little pricey but a nice treat now and again,positive,neutral,positive,True
this is a tasty product however it s got a tad too much sugar and consequently calories for my taste if i m trying to eat healthy i really do try to avoid eating things with a lot of added sugar now if i m going to have a chocolate chip cookie so be it i expect the sugar and carbs but if i m aiming to eat some granola then i might just prefer it to be high in fiber some added protein and a minimal amount of added sugar or otherwise useless carbs the taste was good don t get me wrong but don t think this is some health food sorta thing cause it s not really that,positive,negative,negative,False
this is a pretty good price for the product however there are way more whoppers than candy bars which is disappointing whoppers are my least favorite of this variety,neutral,positive,negative,False
i have just discovered this coffee and i am all in on this trio i do not even know where to begin i liked all three of the flavors as each had its own personality and taste i was not a fan of hazelnut until i tried the vanilla hazelnut flavor now i am hooked i could taste the subtle vanilla flavor and the hazelnut was not too overwhelming i really liked the chocolate caramel brownie and the toasted southern pecan these flavors really made my mouth happy none of the flavors left an aftertaste none of the coffees were bitter or acidic i have not done it yet i am going to try each of the coffees as an iced coffee treat as this is how much i enjoyed the coffee i feel the cooffee can stand up to being iced the flavors are that good not too strong not too weak full flavored enough to be iced take advantage of the subscribe and save if you try this coffee treat trio i am sure you will not be sorry you did yes i recommend this if you are looking for a good quality coffe and a change from the same ole same ole,positive,neutral,positive,True
few things good about this product made by wellness no recalls of any kind thus far i am really paranoid about having a sick pet with a figured vet bill so that is something i look out for a lot ingredients is a lot better than most foods palatable my dog kinda hates wellness but would eat down wellness core products literally right away high fiber if i am not wrong what made me try this food was that my dog had constantly soft stools at one point in time so i saw the high fiber percentage and i decided to try this out my dog had really solid poop after that it helped a lot for me so hopefully will be the same for you relatively reasonably priced about pound no ethoxyquin preservative used way s this product is sub par compared to the very top products this is really no biggie at all but i just decided to write this because for some it might be an issue dried varieties of certain products as opposed to fresh ones such as dried ground potato instead of fresh ones canola oil used instead of salmon oil which is a cost cutting measure used by the company dogs can t digest canola oil so the omega levels provided by it are pretty much just for marketing purposes only overall i wouldn t really be concerned with the cons of the product if you even consider it as a con to start with this is a really good product that is priced pretty reasonable for its quality i would feel safe about feeding my dog this based upon the manufacturer s reputation of not having any recalls in its history hope this helps,positive,neutral,negative,False
yogi perfect energy vanilla spice tea is an ambitious grouping of green tea and black assam tea with several herbs and spices making recent news for promoting health benefits the added bonus resides in one of the yogi principles we work with what nature already offers rather than trying to concoct it we don t have laboratories we have kitchens that said it s no wonder the all natural yogi brand has a dedicated following i personally really like this blend the fragrance is enticing and there is just enough spice to mask some of the underlying earthiness detected likely from the herbs it is a very mild tea i ve resorted to two bags per cup for full flavor which is why i took off one star for this review once brewed i add a little rosemary and lavender honey and it s yummy with two tea bags providing approximately mg of caffeine i would normally expect to feel jittery the fact is i m quite the opposite i don t feel particularly more energized but i do feel somewhat more focused to task here s a list of ingredients green tea black assam tea cinnamon bark rooibos leaf honeybush ginger root licorice root stevia leaf gotukola leaf ashwagandha root shatavari root shankpushpi and lastly mg of l theanine interestingly l theanine suntheanine has had several clinical trials with some evidence that it assists in managing stress anxiety and pms while enhancing the immune system the problem is that the recommended dose is to mg day with only mg per tea bag you d have to drink four cups for the minimum therapeutic effect perhaps when coupled with shatavari and shankpushpi which both provide some nervous system support too less is required to offset the caffeine jitters surprisingly it does seem to work i ve noticed a little more diuretic effect than with simple teas perhaps this is a result of the shatavari root which is indian asparagus but i m not sure you will want to avoid this tea if you are allergic to asparagus or any of the other ingredients and as with many other herbal tea blends it is not to be used by pregnant or breastfeeding women infants or children it s a good idea to familiarize yourself with all the listed ingredients yes there are benefits but also potential side effects for example ashwagandha root is not recommended for those with thyroid disorders or liver ailments without consulting your physician enjoy the bounty of nature but always be informed will i purchase in the future yes i think i will,positive,neutral,positive,True
the flavor of this drink is good when you mix it with water it pretty much has that typical fruit punch flavor the only thing is that i didn t know how much i should really add at first i just squirted it once or twice into about ounces of water and the flavor was too light then i just kept squirting more and i ended up having to add more water because it was so sweet and had an strange aftertaste once you get the combo right it tastes pretty good and if you mix it into cold water then the aftertaste is not nearly as obvious,positive,negative,negative,False
i love to cycle and i love to go long distances i have always hated the way gatorade powerade ect tastes it tastes too sweet too salty and unless i was extremely dehydrated i have always prefered water cytomax does exactly what it says it does it does cut the burn and definately helps you even out your peformance in those longer workouts best of all it tastes pretty good i have no complaints in the taste and i love the boost to the performance i receive,positive,neutral,positive,True
these bags do the job they are good quality and i have yet to find one that has a defect i feel good that they are as environmentally friendly as you can get my only gripe would be their size and or their lack of handle ties my dogs are only pounds so their ahem loads are not gigantic by any means but if you gather any extra debris such as leaves then it can be difficult to tie the bags off this was especially true when i was wearing winter gloves i would say any pup bigger than mine definitely needs the large size bags edit unfortunately the new batch of bags that i ordered did not measure up to the review i posted i would guess about in of the bags had faulty bottoms if you carry the bag for any distance then the bottom would give way and its contents would spill after this happened a few times i started handling the bags more gingerly but even that didn t help much i don t know if it was a temporary glitch in the manufacturing process or not but i don t plan to find out sorry biobag but i m switching over to mutt mitts,negative,neutral,positive,False
i eat these plain an ounce at a time to get my salty crunchy fix while on weightwatchers i think they re pretty darn healthy and pretty unique it s not drowning in salt just enough sea salt to bring out the natural flavors honestly they re so good i can t bear to cover them up in any sort of salsa or dip and can t think of any that would both compliment and stay subtle then again i m not a huge fan of chips with dips just plain chips for me,positive,neutral,positive,True
my family i are enjoying the various samples downfall for me only one of each flavor except for french vanilla too many versions of french vanilla,neutral,negative,negative,False
smuckers natural pb is pure peanuts it does not have sugar or palm oil like so many of the other big name natural peanut butters try smucker s natural peanut butter and you ll never go back to the processed peanut butter the sweet horribly textured processed peanut butter smuckers healthy smuckers good but for two oz jars works out to ounce ouch my local grocery store has oz jars for or ounce,positive,neutral,negative,False
this is da bomb marzipan made from peanuts especially great for peanut butter addicts who think peanut butter cups have too much chocolate,positive,neutral,negative,False
three members of our household tried this cereal and in general it met with favorable evaluations only one of us pours milk on cereal and he was impressed that even after minutes it still remained crunchy probably because of the sugar coating the other tester has the philosophy that nothing is ever sweet enough and this met their criteria yellow corn meal is the first ingredient and sugar is the second the third tester was a bit disappointed that there was not as much of a peanut flavor as they expected the cereal pieces are not as textured with peanut slivers as they look on the box picture we all came to the conclusion that we would buy it except for the price that it is presently listed at for boxes that seems a bit high for many budgets,positive,neutral,negative,False
plain hob nobs are hard to find so bless you for carrying them buy in bulk to spread the sting of the shipping charge and they actually become quite affordable either way they were worth it package arrived quickly well wrapped and with no broken biscuits,positive,negative,positive,True
maybe this says something about the psychedelic effects of jasmine tea first anon thinks there are snails in the teabag then graham rips anon for saying they were in the bottom of the cup even though anon wrote that they were in the bag not the cup i guess this is the proverbial tempest in a teacup in any case i like this jasmine tea it s not too perfumed and does have a smooth taste no snails but wait there are little green men in that teabag,positive,negative,negative,False
before i begin i do want to say that every dog is different and what works for some won t work for others for us we suffered for years with severe skin allergies and infections bloody lesions ear and eye infections would plague our poor dog no matter what we did change dog foods use expensive antiseptics administer even more expensive steroids and antibiotics nothing helped i put her on probiotics i gingerly bathed her for years i cared for every lesion like a nurse in a war battle zone we then decided after consulting with our vet to stop all meds it just wasn t working and we were afraid it would do too much damage to her kidneys he said to try with food get rid of all corn products and high preservative foods a friend suggested her dog s favorite fish and chips she gave me the link to the website and i read up a little and ordered a small bag at that point i figured it couldn t hurt well that was years ago and i can t say that it was all the magic of food but i honestly think it didn t hurt our dog now has been lesion and infection free for three years i think the low corn and preservative content of this food has assisted us with maintaining a low allergen environment for her now again i preface every dog is different for us flint river ranch food is our go to food for all our dogs and we will probably continue with frr for as long as possible if you want to try it i recommend trying the sample packs you can get it cheaper and with free shipping at another website st result via google search for flint river ranch,positive,neutral,negative,False
currently having trouble with the consistency its still runny but i am sure i will figure it out found some good recipes on pinterest,positive,neutral,positive,True
i enjoyed most of the snack but not the salmon spread i love fish but this spread was too rich and not salty enough and it left a funny taste in my mouth still the rest of the snack made up for that the crackers were nice and tasty the dry roasted soybeans are as addictive as you d expect and the fruit and nut mix was great the nut and fruit mix does have peanuts so if you re allergic you should know that and the chocolate candy was fantastic so everything except the salmon was great so maybe the other products in that line are better the only other thing i d add is that this is definitely a snack and not a meal so all told i am not sure it s worth it for the kind of price they re asking,neutral,positive,positive,False
i ve never needed to use these for energy as i never feel drained but my brother recommended them saying he takes one before and every half hour of his runs i still haven t noticed a difference but when i start running over miles maybe i ll need it,positive,neutral,positive,True
the last box of gloria jean hazelnut contained at least k cups that leaked coffee grounds into my wife s cup so far that is the only k cup to do this love the taste hope you fix the problem ralph,neutral,positive,negative,False
picture a warm summer day and you re lying in a comfortable handwoven hammock tied between two towering coconut trees as the welcoming sun beats down on your glistening face sunglasses drawn you sip your cool pineapple laced mai tai enjoying every gulp as it refreshes your dry parched mouth a cool breeze brushes past as if nature s hand itself wanted to rock you gently as you would a baby in its cradle the soft crashes of ocean waves against the white sandy beach beckons you for a short dip in the cool clear waters of hanauma bay ahhhh paradise eyes closed you feel a presence come up next to you as they cast a shadow across your body you open your eyes to find a beautiful island girl dressed in her native garb of hawaiian grass skirt coconut shell top and aromatic lei around her neck and forehead she greets you with her pearly white smile that shines in contrast against her perfectly tanned soft skin surely no mortal deserve such perfection she reaches over for a chocolate covered macadamia nut and motions toward you to place one of these little pieces of heaven in your salivating mouth just when the tip of your tongue senses the sweetness of milk chocolate slap inexplicably your horrible boss appears before you with his arms belligerently crossed against his chest yelling at the top of his lungs demanding to know where his tps reports are as he is already minutes late with his appointment with the bobs in the meeting room he storms out of your cubicle while contentiously muttering the words we ll talk about this later mmmmkay suddenly the reality surrounds you like a cheap wet suit as a co worker passes by insisting you have a bad case of the mun days dejected you sit back down in your office appointed chair and reach out for a macadamia nut chocolate and realize this candy is the closest you ll ever get to hawaii sigh,positive,neutral,positive,True
i did buy two other flavors with better results not fireworks but better i have two year old neuters and a three year old girl who is spayed none would touch this flavor the two boys will normally eat anything nope the little girl likes wet food better but will still eat most dried food,negative,neutral,negative,True
and that is the problem i order these by the case of and when they are good which is over half the time they are the best kettle chip the best and then i get a case of the worse the potatos are mealy and old so i just throw them out and order again expensive but when they are made with good fresh potatos they are the best the last case is what prompted me to write this the potatos were weird like they were almost sour as in going bad and i even wrote the company that makes them so if you want the best kettle chip there is try these and if the ones you get are not the best try again i myself am done ordering because it is creeping me out that they are using soured potatos and either not noticing or not caring,negative,positive,negative,True
always liked lavazza there is no bitter aftertaste and find it both good for esspresso maker and regular drip depending on the strength that you like it was a great deal from amazon,positive,neutral,positive,True
while i agree that these nuts are quite tasty the total weight of the eight packs is one pound thats per pound for cashews i can buy fresh roasted spiced cashews at the local gourmet nut shop for half that and see them roasted right in front of me,negative,positive,positive,False
stop using this pricey junk now search chicken jerky treats china on google for more info and spread the word some media coverage but way too little i am fortunate my dog only suffered small amount of kidney damage others are not so lucky remember the chinese pet food scandal of that killed s of our four legged friends tell amazon not to sell chinese chicken jerky i read that dogswell was going to stop manufacturing in china tho dont know current status,negative,positive,negative,True
i m a yankee i didn t discover the joys of rb r until i was over in spite of this i m going to review mahatma red beans rice and you can decide if my opinion is worthwhile this is the best dry mix i ve tried it s the first one i ever had and i haven t found anything better lipton was bland goya didn t really impress me zatarains has a different taste so i actually like them both and z s is easier to find but the smooth tasty sauce is the key to this product i also like popeye s rb r and this has a similar saucy goodness it s really good with sausage particularly some hillshire farms lit l smokies mixed in,positive,neutral,positive,True
smooth i normally drink dark roasts but purchased this on a lightning deal or maybe a friday sale i like it,positive,negative,positive,True
my dogs love these treats unfortunately their price has gone up and i can t order them as often so now i get the beef treats instead i m not sure how healthy they are at this point i m still researching the package does not specify complete ingredients they are light and crunchy and obviously very tasty to my dogs who will eat the entire bag if i let them addendum just received an order of these lamb munchies and for the first time i am very disappointed they were full of white chaulky fat and had to alert amazon who graciously refunded me i have never received them in this condition in the past and my dogs absolutely enjoy them i had to toss this package away sadly now i m skeptical about reordering i hope the manufacturer of this product sees this review and makes note,positive,negative,negative,False
i have these on auto order we go thru them so much my daughter and her husband came for the holidays and he doesn t really eat sweets but he really just about ate a whole bag himself i first ate gummi bears way back in the s when the german club sold them when they got them from germany along with toblerone and these taste alot like them the german gummi bears taste a bit different than the american gummy bears i prefer these to gummy bears yummmm,positive,neutral,negative,False
i drink a lot of cappucino so i decided to try this drink it is only vaguely reminiscent of real cappucino that said it was rather tasty a nice light drink if you don t care much about true coffee flavor and they do name this a coffee drink it might be worth a try,positive,neutral,positive,True
i may have gotten a bad batch but these tasted stale to me i m also frustrated with poor marketing is this a cereal or a snack if it s meant to just be a snack it falls very short there were few actual clusters and the rest was loose bits of grain etc that could have worked in milk with a spoon but the packaging seemed to indicate it s a snack food i have no idea what s kind about it and i don t like the push for grains to be considered required in anyone s diet the original studies that showed fiber was important for digestion were all studies on vegetable fibers in real whole foods not in processed grains they re doing good by using only non gmo ingredients but still not what i consider to be truly healthy food,neutral,negative,negative,False
this is not potato chip or tortia chip it s seaweed in paper form please don t create bad review if you were thinking this was something you could have for lunch this seaweed in paper form and is meant for soup miso soup or quick appetite supresant please don give bad reviews on items that you didn t research or things that you don t understand,positive,negative,negative,False
they are just deliciously irresistible soft marshmallow on the inside with a thin layer of biscuit and quality chocolate on the top the biscuit is so light that you don t even feel the taste of it our local market sells these so i get one box every week or two and for the price you they are worth every bit of it,positive,neutral,positive,True
if you are looking for something to quench your thirst without sugar without artificial sweetener splenda aspartame then you need zevia twist this is the most refreshing beverage out there it has the all natural lemon and lime and tons of carbonation that you ve been looking for,positive,negative,positive,True
luv these super tastes and smells when i brew a cup have ordered before and will order again my favorite of all the coffees i have tried,positive,negative,positive,True
i am so glad amazon had our brand after our distributor went out of business i couldn t find hi tek anywhere we switched our two cattle dog mixes to hi tek from blue buffalo after it made our year old gassy this food is all natural and made in america even the packaging is made in the usa and i can get a huge bag of hi tek for less than other natural brands in the pet store with amazon s free shipping when i forgot to order more food and had to get another natural brand at the pet store my dog turned her nose up at it and waited until we got the hi tek in the mail the next day to eat i don t know what i would ve done without hi tek natural food on a budget,positive,negative,negative,False
this is distinctly different than gran riserva while this is good balsamic vinegar it is not great we had previously purchased fattoria estense s gran riserva in the short squat bottle same of oz and it was amazing this vinegar is much sharper and thinner it does not have the thick sweet quality of the gran riserva the gran riserva you could easily serve on ice cream this no,negative,positive,negative,True
the name of this coffee shouts to me powerful thunder in the rocky mountains can be very loud and strong so i decided i must try this product i have often been disappointed about my coffee selections i became rather fond of strong but smooth coffee while serving in the military after my retirement my strong coffee turned bitter and my mild coffee was weak reducing the portion before brewing seldom helped strong coffee from becoming bitter increasing the portion did not help the mild coffee gain strength so i am now on a quest for better coffee boyer s rocky mountain coffee is my second choice from boyers i selected rocky mountain because it was advertised as a strong coffee rocky mountain is a dark roast guatemalan coffee that claims to have a distinct smoky flavor rocky mountain is really good coffee it is not bitter but rather is very smooth full flavored and rich rocky mountain titillates my taste it is a pleasing drink with a taste that lingers awhile i endorse boyer s rocky mountain coffee to those who are strong coffee lovers i judge the coffee superior and highly recommend it,positive,neutral,negative,False
i really like hot sauces of all temps but they have to taste good this hot sauce certainly does meet and exceed the tempuature requirements however it just tastes like hot cannot find much that i like to eat it on i guess if you put some in a bowl of chilli it would mask the taste of the hot sauce but the hot sauce does not compliment the taste of anything it is just hot i do like the packaging and skull key chain though good as a novelty item or if you have a dare contest that s for sure,neutral,negative,negative,False
i was apprehensive of buying a flavord coffee i had a bad run in with a cinnamon flavored coffee recently this pumpkin spice coffee is very tasty it smells good and it leaves my dorm room with a plesant aroma the only downside to this coffee is it is a very light roast,positive,negative,positive,True
glutino honey nut cereal is glutinfree but it tastes like a regular cereal i am gluten intolerant and i eat it regularly though i usually mix it with other cereals and craisins or raisins,positive,negative,negative,False
it s a tasty tea handy packets to keep at work local store stopped carrying it and the amazon case is a decent price,positive,neutral,positive,True
after returning from italy i wanted to find a better one than i had been using this one is it,positive,negative,negative,False
i always enjoy how a flavored coffee or tea smells i ve usually found that the taste is never as good as the smell in the case of lipton blackberry vanilla herbal pyramid tea bags this has been my experience the bag is an eye catching design that entices because of the texture of the tea and infusions the smell is amazing i would make this into an air freshener in a heartbeat the flavor wasn t bad but it was overpoweringly blackberry i couldn t even taste the vanilla this would be an outstanding blackberry tea but this product doesn t live up to the description on the carton,neutral,negative,positive,False
the product was fresh the product was tasty the product is addictive the product is gone eaten that is although i too agree that more natural flavorings and ingredients should be in the product it s still very enjoyable five stars,positive,neutral,positive,True
i already did a review on the coffe i purchased coffee is good expensive for not being a pound and shipping is expensive too,positive,neutral,negative,False
i ordered this coffee for my husband who is a huge coffee fan he really likes the bold flavors the product shipped fast was fresh and the packaging was nice we will certainly buy this product again,positive,neutral,positive,True
i adore dried apricots it seems that all i can find at the supermarket anymore is turkish apricots and they just aren t as flavorful as the ones from california i don t know why that is maybe they are a different species maybe they re processed differently turkish apricots are dried whole california apricots are cut in half they are more expensive than turkish apricots too which seems counterintuitive at any rate they re worth it and i m so glad amazon carries them,positive,negative,negative,False
i bought this because i like sweet and sour chicken i was not disappointed instead of chicken i use fresh turkey breast meat i also add curry to my rice while it is cooking i used about of the sweet and sour mixture they supply as i don t like it too sweet easy cleanup as it is all gone,positive,negative,negative,False
i have been enjoying this unique tea for the past couple of years and give it stars in the latest batch i received june the tea just tastes plain as if they accidently switched it for unflavored green tea or mislabeled the bottles i wonder if anyone else has experienced this hopefully it is a one time issue and the next batch will have the unique rose flavor,positive,neutral,negative,False
i did genuinely get a subscription to these bars you get a full case and its cheaper than if you were to buy at the grocery store pretty awesome,positive,neutral,positive,True
i have bought these in the past it does not even begin to compare with the local retail store s versions flavors are very true and does not taste like chemicals i have not tried a lot of brands only department store ones but i really like this brands flavors i have not ordered through amazon yet but will because the shipping can t be beat when i ordered before the shipping did cost a bit but others need to be reasonable when bashing for shipping charges these are heavy,positive,neutral,positive,True
for a store bought cookie these are good very crunchy and a good flavor even if you don t have dietary restrictions these are worth trying,positive,negative,positive,True
this is all my son will eat besides oatmeal the texture works for him because he s always choking if things are too chunky this has a mushy with texture consistency that he swallows just fine i m going to try other happy baby products now,positive,neutral,positive,True
these are tasty but a little sweet for me i couldn t eat more than of these at a time even if i wanted to wait maybe that s a good thing i purchased these along with the blueberry flavor and the blueberry bars are the better choice in my opinion overall a good option if you re looking to satisfy a sweet craving in a healthy way,positive,neutral,positive,True
now i like fresca as much as the next person which is to say i m fairly indifferent to it but there s no reason this should cost is there some kind of fresca speculation going on where like people are driving up the price of fresca in anticipation of it disappearing has science recently discovered that it can be used as an alternative fuel source i understand that you get of these bottles for a grand total of liters but gas is cheaper than that folks friends don t let friends buy fresca,negative,neutral,negative,True
i ordered for containers of above coconut water of ounces each the packing was not good actually one container was leaking the taste of the coconut water was as good as any other coconut water that i have ordered from you in the past few years or from some other supplier please give me a ceredit for the one that was leaking on pro rata basis thanks,positive,negative,negative,False
this is pretty good soy sauce our meijers recently started carrying this so i wanted to try it it is much better than kikkoman soy sauce i have several recipes that give soy sauce as an alternative ingredient i must say using this in those recipes made it so much better i also put a squirt in my ramen or udon noodles yum sooooo gooood,positive,neutral,neutral,False
this knocked me out all night when i was having a hard time getting enough sleep with my day midnight shift and taking care of two old sick dogs a lifesaver for such times,positive,neutral,negative,False
besides being a great tasting cup of coffee i like the idea that s it s organic as well as a fair trade product it was also a great price and ends up costing only cents per cup you certainly won t get anything at the big s for that price my husband and i both like this one and have received our second shipment we ve had our keurig breville coffee maker which we just love for about weeks now and have been ordering all varieties of coffee coffee people s tree hugger jet fuel wake up call along with paul newman s extra bold are all at the top of our favorite s list so far try it i m sure you ll like it,positive,neutral,negative,False
very disappointed with this product although the taste is good it was difficult to serve these crackers with a topping of hummus to other celiac friends the two foil pkgs in each box does not guarantee is whole cracker from one foil pkg in the first box i ordered i had whole crackers the rest of the foil pkg was broken pieces this does not speak well for glutino products i will never order them from amazon again,negative,neutral,negative,True
it is difficult to find pecan roasted coffee fortunately my daughter did some searching and found this one it is even better than the ones we use to get at the supermarket,positive,neutral,positive,True
march update wife brings me the empty box of tea i only have one more box left get more at christmas my wife asked for earl gray tea like she had years ago stronger bergamot flavor being such a nice guy i bought her premium earl gray teas none i tried were strong enough i tried twinings stash bigelow tazo nothing had enough flavor than i saw this this stash double bergamot she likes it i m not sure what changed over the years but the flavor of most of the earl gray tea is weak,positive,negative,negative,False
the chocolates are only a third of a size of a normal chocolate bar they are like kinder size a little disappointment for my big sweet tooth they are pretty delicious though i very much loved the lavender flavor to them i found the chocolates to be less sweet that typical american chocolate with the white bar being the sweetest overall these bars are a great gift for a little kid lol but if i realized that i would be paying for a total of one cadbury size chocolate bar i d think again,positive,neutral,positive,True
i had been dieting and missing so much the great flavor i was used to with flavored creamers for my coffee i am one of those people who like a little coffee with a whole lot of other stuff i had tried several flavors of stevia but the flavor vanilla creme did it for me i had been making hazlenut coffe and adding vanilla but could not get that cream flavor untill this product if i close my eyes i can imagine it is my old coffe with lots of cream flavor thanks for product,positive,negative,negative,False
we have two pugs a nine year old and a four year old both have arthritis on their back legs our vet recommended glucosamine with msm i tried the chewable tablets and that was a bust both dogs hated them then i did an amazon search and discovered this liquid formula the dogs love it along with the ease of use neither dog has had any trouble with their legs since i started using this product if you have an arthritic pet you should give liquid health k a try i don t think you will be disappointed,positive,negative,positive,True
no msg and organic in glass bottles you can t beat it unless you can find it cheaper elsewhere i am always looking for a better price,positive,neutral,negative,False
i traditionally drink my coffee with a little vanilla creamer i usually brew a cup of starbucks house blend coffee at home every morning and indulge from time to time in a white chocolate vanilla latte from starbucks i know what some of you are thinking that s not real coffee but hot chocolate regardless i usually don t like strong coffees and manipulate the directions to accommodate my tastes when i selected this coffee i hoped that it would be something that i would enjoy and i was not disappointed starbucks natural fusions ground coffee vanilla flavored was pleasing remember i used less coffee than the directions required and not overwhelming the way i prepared it it had a rich yet mild flavor it is a bit milder than most starbucks coffee that i have purchased in the past and not as acidic it made for a decent cup of coffee scale to with being the highest packaging you are able to secure the product once opened adhesive tape closes nicely insuring that the product remains fresh flavor it has a rich mild taste and isn t acidic i rate it a because if i follow the directions on the package the taste would be a little overwhelming cost in the store where i shop starbucks coffee costs close to for a package unless you get it on sale so the amazon cost seems reasonable especially if you consider you are getting packages for a little over the cost of and it s cheaper if you spend between and for a cup of coffee in starbucks while buying a bag gets you at least smell when you open the package you can smell the faint smell of vanilla and even see some vanilla beans in the grounds while brewing you do get the faint aroma of vanilla the only thing that i am not sure of was my use of vanilla creamer while i really enjoy the taste of my regular house breakfast blend with a splash of vanilla creamer i don t have to add sugar it seemed that my normal splash of vanilla creamer did not complement the vanilla already in the coffee i think it is better with a regular half half than a flavored creamer otherwise i think this coffee is a wonderful alternative to regular coffee,positive,neutral,positive,True
great stuff the dog wouldn t touch it at first after a few tries he took to it worked real well as a dog treat and additive for food rather than a complete meal,positive,neutral,positive,True
as the rest have been taking the product for over weeks didn t notice any improvement or change in anything and it tastes awful,neutral,negative,negative,False
i do not eat potato chips very much anymore so i bought popchips to see if it was a good product after eating two bags and giving a few to friends co workers i think they are above average my friends co workers liked them still processed food but better for you than regular oily potato chips for what they are they work the price is ok maybe they are more expensive to make so not a big hit here,positive,neutral,negative,False
i would call this fudge rather than brownies my husband didn t like it my son ate a small piece but wasn t too impressed i thought they tasted ok but whatever ingredient is in it it gave me awful cramps and bathroom issues the same problem i get with sugar free candy so i guess i should have known sugar free fudge is a great concept but i guess there s no real way to be slim and still eat brownies because this is not the answer atleast not for our family unfortunately,neutral,negative,negative,False
we used to get these noodles when we lived overseas and there is no ramen noodle in the us that even comes close to the amazing flavor of indomie i was thrilled to find it was available here on amazon i keep ordering it again and again never to buy regular ramen noodles again once you try these you ll never want any other kind of noodles,positive,neutral,negative,False
this product is very expensive but my dogs love them i can get them to do what ever i want as long as they know they are getting these as a reward but then again i can also use cheap hot dogs with the same results if you have money to burn then buy this if not stick with store brand hot dogs cut up into small pieces,neutral,negative,negative,False
i posted a picture that says it all about servings some of the reviews seem skeptical so i started keeping track with a mark after each use my usage was servings from one bottle some people have said these have too much food color in them but i realized why the color is serving strength feedback people expect tea to be a certain color so they heavily color the mio so that you ll get the color you expect at the dosage you should use this is clearly purposeful product design i did not find the smell or aftertaste odd the way some people did i drank this at my desk and during workouts to get some flavor without empty calories and it worked great,positive,negative,negative,False
three small boxes seems a little small for the price gave as a gift so i hope the snacks were fabulous to make it worth the money,neutral,negative,positive,False
amazon just hiked the price with no notification it is now much more than the local supermarket lousy deal,negative,positive,negative,True
we have these chilled for dessert after chinese food it s always possible to find a few cans stashed away in the fridge for just such occasions very handy,positive,negative,neutral,False
have heard good things abt this product bought it for a friend lets hope it works,positive,neutral,positive,True
the most distinctive qualities of this sauce are its light green color and creaminess the sauce has a slightly hot flavor that is where the hotness is provided by that most famous of spicey molecules capsaicin capsaicin is what makes peppers naturally not at any rate the good folks in iowa who work tirelessly to put corn and pork on the table might consider this sauce to be adventuresome or out there however folks from the san francisco bay area where practically every block contains a thai restaurant a chinese restaurant or a korean restaurant will find this sauce to be bland or tame thus although the label reads bold creamy it cannot be said that the flavor of this product is bold in view of the fact that the product is called jalapeno sauce i would expect to find crunchy bits or slivvers of jalapeno peppers or if not that crunchy bits or slivvers of ordinary bell peppers but there are no crunchy things there are some tiny specks perhaps measuring having a length of one millimeter in addition to the hot flavor of this product it does seem to have the typical flavor of a pepper this flavor could be classified as bitter since the flavor is not sweet and not sour but in my opinion this bitter flavor should have been a bit stronger food chemists have synthesized the pepper flavor molecule i am not referring here to capsaicin and i would have appreciated a product with a bit more of this pepper flavor molecule also i would have liked to see a product that is darker green the sauce is light green there are no jalepenos that are colored light green jalepenos are only dark green or red but now i think i will be more honest while this sauce does have a mild hot flavor it is notably lacking in any other flavor the light green color gives me the creeps,negative,neutral,positive,False
weak coffee which was very disappointing compared to wp reserve blend medium to dark roast still a clean non bitter no aftertaste coffee but if you want a great rich coffee with all of those qualities go for the wp reserve which is truly the best coffee i ve ever had,negative,positive,positive,False
my dog has severe food allergies and this is one of the very few canned foods she is able to eat with it s limited ingredients i can confidently feed it to her knowing she won t have a medical reaction when the local pet grocery store stopped carrying this product i was grateful to find it on amazon,positive,negative,positive,True
you ll love this stuff it is delicious but i was pretty surprised when i pulled it out of the box the jar is tiny by tiny i mean it s about the size of one yogurt cup just giving you a heads up,neutral,positive,positive,False
our cat loved this new brand we introduced the new diet over a week but she started having frequent vomiting episodes thereafter the vet ventured that she may have developed a food allergy to one of the ingredients he said that such episodes were impossible to predict and could happen with any food we switched her back to her regular diet and the vomiting has since stopped,neutral,negative,negative,False
its ok it tasted more like sugar than pina colada i was a lit bit dissapointed maybe because it was sugar free so it wasnt as tasty or good as i have expected it but it really tasted like watery sugar,negative,neutral,negative,True
i d rate these as better than average but since i am not a fan of flavored coffees i d only give them a rating as to me they taste artificial and weird like all flavored coffees do the regular coffees were very good better than many i really liked the amazonia and the africana medium roasts not so much the colombian the dark roast eclipse mexican and french roast were very good i made them into ice coffee strong but not bitter i didn t care for the costa rican light roast it had an artificial taste to me the house blend was good but nothing to write home about i hate decaf so i used that k cup to water my plants with so as far as taste goes i have no idea but my plants perked up the chocolate raspberry went nicely into a chocolate cake batter in place of water and it was delicious if priced right i d buy them again,positive,neutral,positive,True
i ve loved the taste of bubblegum since i was a kid but i don t need all the sugar that is in bubblegum and so have avoided it for the most part as an adult i was happy to see that my favorite brand had a sugar free variety and decided to give it a try for sweetening it uses five different artificial sweeteners sorbitol maltitol mannitol aspertame and acesulfame potassium there are grams of sugar alcohols in one piece which seems like a lot the taste seems very much like the original sugar sweetened product the pieces strike me as being a little smaller than the original i have not tried blowing any bubbles but i suspect one would need more than one piece for that like the sugar sweetened version the flavor does not last very long but unlike the original once the flavor has worn out there seems to be a vague off putting somewhat sour flavor left behind the only reason i dropped a star on the rating being that it is sold here in packs of boxes i will be chewing for awhile it doesn t quite make me feel like a kid again but i am enjoying it like i did as a kid,positive,neutral,negative,False
we have always liked this product and when we could no longer find it in our local market we ordered it from amazon,positive,neutral,positive,True
we just switched our english bulldog from bulldog food to this food because she has a bad rash and we can t seem to get rid of it the person that sold us the dog recommended it i don t really think it was caused from her food but everyone tells me to switch her food so we are trying this out the only thing i don t like too much about this food is that the pieces are quite small and harder for my dog to pick up so they get all over the floor she seems to be eating it and we will have to wait and see what happens everything i read about caring for an english bulldog seems to point to food for everything and this looks like it should be good for our dog,positive,neutral,negative,False
i just received this product and i am very disappointed the description led me to believe that the product included its own cup and the convenience was the only reason i purchased it what i got was a box filled with little bags of noodles and little bags of powdered cheese not so easy after all if i had wanted the basic original version i would have ordered kraft mac and cheese as it is i feel like i am the victim of a bait and switch routine here is the actual product description copied and pasted from the page here on the amazon site consumers in the us are turning to kraft easy mac cups for the great taste of macaroni and cheese easy mac cups are simple to prepare just add water and put in the microwave for a few minutes plus they are portable with a disposable cup that makes clean up easy easy mac cups are perfect for any need to eat now occasion kraft easy mac cups is available in several flavors like original triple cheese bacon cheesy taco roasted garlic parmesan and alfredo please note the frequent use of the word cups and the inclusion of the statement plus they are portable with a disposable cup that makes clean up easy i can t help but feel ripped off i would not recommend this product to anyone it is grossly overpriced for what you get and i will never order this product again unless you want to pay top dollar for tiny little snack sized bags of mac cheese do not buy this product kraft easy mac original macaroni and cheese dinner microwaveable single serve packs,negative,positive,negative,True
i came across lundberg rice chips at health food stores but the price was at least a bag and sometimes they wouldn t have the sea salt ones in stock i was looking for something that is satisfying to eat and does not have as much oil as potato chips i find the rice chips very hearty there are other flavors available i was excited to find that i could get a case through amazon with free super saver shipping,positive,negative,negative,False
company sent me pecans by accident so i contacted them and they shipped me the mac nuts for free so i got two piles of nuts for the price of one nuts,positive,negative,negative,False
cinnimon toothpics anyone awsome careful though they are about as hot as you can imagine you won t be able to feel your lips,positive,negative,negative,False
i love love love unfrosted brown sugar cinnamon pop tarts it has to the be unfrosted i can t stand that hard crusty frosting on all their other flavors it s the only flavor i will buy and i could eat it everyday unfortunately finding a store who still carries it is becoming more and more like searching for the holy grail the last wal mart in my city just stopped carrying them and i almost cried scotts and kroger discontinued them long ago what s up with you people bring it back i would drive miles out of my way to find it now it looks like i ll be ordering it strictly online from now on very bad marketing kellogs,positive,negative,negative,False
this is my new favorite tea it s black as coffee maybe even darker it has a very strong flavor you will either love it or hate it the tea leaves are allowed to decompose or compost a bit it is weird but it makes a amazingly powerful tea it is supposed to promote weight loss if you want to use it for that reason,positive,neutral,positive,True
these have no bite at all nothing they should scratch off the wasabi from the label on the verge of false advertisibg bold my behind the only reason for stars is that they are at least almonds,negative,neutral,negative,True
these cookies are so good you d never know that they were wheat free the bags are not filled anywhere near full my only compliant too much packaging so a package of is not really too much bags of cookies will fit in a medium clamp top glass jar which is how i store them in my kitchen looking forward to trying the chocolate cookies next,positive,neutral,negative,False
accidentally picked this up when i thought i was picking up the curry cubes was pleasantly surprised that the pre made version is just as good as the kind you cook up yourself also the single serving size was an added bonus since i don t always want to have a huge batch left over,positive,neutral,positive,True
it doesn t state artificial flavorings in the ingredients list on amazon but they are listed on the box not for me because of the artificial ingredients but my husband likes the taste,negative,neutral,positive,False
not much to add to the other star reviews had to provide my star rating this product deserves the highest rating possible i only buy ceylon cinnamon it is healthier than cassia and it actually tastes better mine arrived in the two oz containers as pictured with a quantity of about sticks per container each long and approximately a half inch diameter width so you get about sticks all together not as the description states still a great value for what you get i also appreciate the fact that it is organic and is free of pesticides,positive,negative,positive,True
this product was amazing during my pregnancy i packed it everywhere to aid in my nausea it worked beautifully i haven t used it much since unless i have an upset stomach because i m not a huge ginger fan but hey if you re suffering from morning sickness or suffer from nausea this may work perfectly for you as well,positive,neutral,positive,True
two big dogs a german shepherd and a rott lab mix will chew on them for hours without destroying them some different from other products which are gone in five minutes,positive,neutral,positive,True
we got this toy to keep my month puppy busy when we went to work it s a great toy for dogs that inhale their food and need some stimulation so they keep out of trouble my dog is not a light chewer so i was worried that he would chew this to pieces but after a couple of months this toy remains intact love it,positive,neutral,positive,True
my dog is a bit of a jerk she won t eat a lot of foods and we ve narrowed it down to basically purnia products but as she ages we had to switch to a bit of a healthier choice for food all of them she turned her head down at except for beneful i obviously cannot speak to how it takes but the texture and variety of shapes looks as appealing as dog food can my dog seems to enjoy it whereas before she required gravy or some wet food to get her meal down she can eat this without it she seems to go to do her business more regularly and her movements are more solid and seem healthier,positive,neutral,positive,True
it took a little bit of time and a few demonstrations for my dog to become interested but now weezer likes to play with this toy he still hasn t learned exactly how the treats are dispensed which is nice because i don t have to constantly refill the toy tug a jug does not keep weezer occupied for long stretches of time but it entertains him for minutes here or there it has held up fairly well with just a few scratches on the plastic sides i put cheerios into the tug a jug as a treats,positive,neutral,positive,True
these chocoperfection bars taste so good you ll never believe they are good for you i get these at my local jimbo s for each but am hoping they will be available from amazon soon what a delicious way to g grams of fiber instead of sugar chocoperfection uses erythritol which has fewer calories than sugar fewer than maltitol and no effect on insulin levels and oligofructose a sweet tasting dietary fiber made primarily from chicory not the same as fructose these silky smooth delicious chocolate bars actually help you lose weight because the high fiber content and the high fiber content also acts as an appetite suppressant and unlike maltitol sweetened chocolate chocoperfection bars will never upset your stomach give you gas make you bloat or stall your weight loss chocolate perfect on top of all that chocoperfection is diabetic safe and tooth freindly too what more could you ask of a chocolate bar what is erythritol like xylitol erythritol is a polyol or sometimes called a sugar alcohol although none of them contain sugar or alcohol and has some of the cavity fighting similarities xylitol is as sweet as sugar and has about the calories erythritol on the other hand is about as sweet as sugar and and almost zero calories plus it is better tolerated by most people with less gastronomical or laxative reactions by the way xylitolnow sells erythritol in bulk on the main product page being only as sweet as sugar erythritol sometimes needs a little help in the sweetness department in the case of these bars that s where oligofrutose comes in what is oligofructose oligofructose from wikipedia the free encyclopedia oligofructose sometimes called fructooligosaccharide or just fos is a subgroup of inulin specifically those fructose polymers with a degree of polymerization dp lt unlike most carbohydrates it is not digested in the human small intestine and thus has a lower calorific value whilst contributing to dietary fiber oligofructose is on the more soluble side due to its lower chain length than the general class of inulins and is therefore commonly used as an additive to yoghurt and other dairy products it is used specially in combination with high intensity artificial sweeteners whose sweetness profile and aftertaste it improves oligofructose is also a prebiotic stimulating the growth of bifidobacteria in particular food sources fos is extracted from fruits and vegetables like bananas onions chicory root garlic asparagus barley wheat and tomatoes the jerusalem artichoke has been found to have one of the highest concentrations of fos in the case of chocoperfection the oligofructose is extracted from chicory root health benefits fos has been a popular dietary supplement in japan for many years and is now becoming increasingly popular in western cultures for its prebiotic effects fos serves as fast food for the probiotic beneficial or friendly bacteria that naturally populate the gut increasing their ability to benefit overall gastrointestinal tract gi tract health especially proper digestion it has also been touted as a supplement for preventing yeast infections and this from steggall nutrition oligofructose is a tremendous substrate for bifidus bacteria stimulating its activity by several hundred percent this is called prebiotic activity referring to stimulation of health promoting bacteria in the intestinal tract short chain fatty acids are produced lowering ph levels and providing an energy source for the growth and maintenance of large intestine cells this process leads to differentiation of cancer cells a vital step that is required before cancer cells can be killed the ideal environment for healthy bacteria is quite different to the environment preferred by pathogens and gram negative putrefactive bacteria consequently the undesirable bacteria diminish in number as the healthy bacteria proliferate in the presence of oligofructose,positive,neutral,negative,False
these are freakin amazing the grand mariner alone is worth the cost buy one for yourself and one for the rest of the family,positive,negative,positive,True
my cat hasn t been eating them long enough for me to notice a huge difference in her movement as such but she tries to open the bag for me when i get them out all natural is great too,positive,neutral,positive,True
i have had a twitching eyelid problem for over a month now i ve had that happen a few times here and there in the past but never like this this was really getting bothersome it was doing it like every minutes or so for a few seconds at a time from the time i woke up till the time i went to bed it go so bad last week i looked up again online about it and somehow came across a forum where someone had the same problem and someone replied you have a magnesium deficiency well then i started looking up magnesium deficency and came upon this product i went and bought it the next day a local store and guess what my eye twitching has almost completely come to a stop from something that was getting to be every min to now it does it about times a day much less noticable too the twitching isn t as severe or bothersome so i would have given this stars but i am still waiting to see if this supplement helps with any of the other problems i ve noticed after reading about magnesium deficiencies those would be an added bonus if it helped with my other symptoms i am starting out with a small amount and will work my way up and see if it gets any better with other things but i think it s great for just helping with my eye it was literally driving me crazy so glad i came upon this product and the taste is really not bad at all i mix it with a whole glass of cold water and it really only tastes like water with a lemon wedge in it to me anyway maybe a larger amount of it in less water might be too sweet but it s really diluted in a full glass of water so it isn t bad at all,positive,neutral,negative,False
i first bought this as a subscription so it wasn t terribly expensive i found the first box to be unpleasant it tasted thin and acrid but i kept drinking it as i was eliminating caffeine and thought detoxing would alleviate the symptoms of caffeine deprivation after a couple weeks i was caffeine free headache free and grump free well less grumpy than the week before d i had several unopened boxes which i put away fast forward a year i caught a cold at new year s eve i looked through my shelves for all the tisanes in my house i soon drank up all the ones i like i figured since i was sick i wouldn t be able to taste it anyway so i started on the detox am i was fully recovered in days that s a different story cold eeze homeopathic sugar free unflavored tablets with zinc gluconate glycine ea ricola coughdrop honey lemon with echinacea oz lots of vitamins c and b complex and rinse that sinus congestion away baby nasal aspirator by apex medical but i m still drinking am detox it s not my favorite tisane that s herb tea tension tamer bag value multi pack of two packs of but i definitely now appreciate its lightness and health benefits warning don t let the tea sit unrefrigerated i left a half full teapot overnight and found out the hard way that this herb blend ferments super easily yech,positive,negative,negative,False
i ve eaten other brands of unsalted potato chips and they ve always been terrible i didn t expect much when i bought these but after i tasted them i was amazed i have never enjoyed unsalted potato chips before these they have a natural potato flavor with thick crunchy chips the only bad thing is the bag is a pain to open use scissors and save yourself the aggravation,positive,negative,negative,False
of all the ground coffee that i ve tried this is by far my favorite i m not big on flavored and too groggy in the a m to even think about grinding beans and waking everyone else up this stuff smells great when you open the can and the grind is moist and powder like not gritty and granular taste is a subjective thing i just like it it is pricey though and i tend to look for deals and get rainchecks when the local grocery store has it on sale lately for the oz can the supplier through amazon has better deals for the flavored varieties so this must be their best seller i was getting the oz delivered on a schedule for a little less than a can but it became unavailable i was really happy to then see it for and ordered but when it arrived i realized i hadn t read the fine print since they were oz cans so yes it is somewhat expensive and that s worth to stars but as for the coffee itself it s star all the way for reading the fine print i give myself no stars,positive,neutral,positive,True
i love eating at taco bell now i can have a taste of taco bell at home i tried it on my taco salad and it was good it does have the taste that reminds me of taco bell it wasn t to spicy for me although depending on your taste buds it might be a bit spicy for you the container is very much like a salad dressing container the consistency of the sauce is a bit thicker than ranch dressing,positive,neutral,positive,True
i grew up getting jelly rings from the dept store candy counters but they are increasingly hard to find i ordered these hoping they would be the same but they are not these are a dark chocolate i m not a fan of dark chocolate and even taste a little old or stale the raspberry filling is not as sweet as i expected either,negative,neutral,negative,True
this is the first time i try canned eel it was the worst eel i ve ever had another thing is that each oz serving contains daily fat,negative,neutral,negative,True
i have been drinking the starbucks coffee s for years the little double shot espresso can similar to this one i like this one much more there is no aftertaste i really like it i will get this product instead of the starbucks if i need to choose between those two this product taste much better,positive,neutral,negative,False
i use this garlic and salt too much for my health maybe but it perks up everything it is one of the basics in my kitchen,positive,negative,positive,True
i got this as a substitute for the truvia packets i had in the past this product is a fine powder unlike the truvia which is granular the sweetleaf clumps in the bottom of my iced coffee even though i was stirring it rather well i was getting chunks of it up in my straw and it has a very bitter taste i tried it a few times in my iced coffee before i went back to my truvia i do not think i would buy this again since it does not serve my needs,neutral,negative,negative,False
i tried this flavor years ago right after i bought my first keurig machine it had a good smell but the taste was completely awful it was so heavy on the cloves that it obliterated everything else the pumpkin flavor was barely discernable as was any other spice where are the cinnamon and nutmeg flavors there was nothing i could do to make this kcup palatable i tried flavored creamers syrups whipped cream cinnamon and nutmeg i mixed it with other kcups french vanilla caramel drizzle obsidian french and italian roasts the result was it ruined my favorite flavors brews i had to toss the last few kcups and the box after a year of it sitting on my shelf and taunting me i would not let anyone else drink this vile swill i found one recently hiding in my storage draw that i no longer use for kcups i resisted the urge to beat it with a baseball bat and just tossed it in the garbage top worst ever pumpkin spice wolfgang puck sumatra kopi raya another spice problem and folger s vanilla biscotti incredibly artificial honorable mention goes to caribou mahogany trust me on this never try a coffee that describes it s taste as leather and tobacco sometimes there actually is truth in advertising if you want good pumpkin coffee run out and buy the dunkin donuts kcup it s everything the green mountain pumpkin spice should have been smooth balanced a hint of spice and you can actually taste the pumpkin,negative,positive,negative,True
i have two medium size dogs and they both love these we get the peanut butter flavored treats when i have to leave my older dog at home and take the younger one the older dog usually gets really upset if i give him one of these treats as we are leaving he couldn t care less that he s being left behind,positive,neutral,negative,False
the peppered brand is my favorite of the hot options from jack links beef jerky it is on the pricey side but i subscribe to it anyways currently i ve tried the jalepeno brand but it is not as hot as the peppered brand but i still make room for both again back to the price it s on the high side which compels me to eventually research more about making my own beef jerky and then make it closer to what i m looking for scorching hot something that includes cayenne habaneros and the like for a taste to remember,positive,negative,negative,False
we purchased two of these for gifts and both recipients are absolutely delighted one is my elderly father in law and he mentions it every time we talk to him on the pnone he is an avid gardener and the aerogarden has given him a lovely winter crop of lettuce for the last months and is still going strong he said it is easy to set up and is a subject of conversation when people come to visit the second purchase was at the request of my father in law for my niece she is also in a cold climate and the aerogarden is a bright spot of green in her kitchen with a fine crop of herbs growing that she enjoys using in cooking she also has small children who are getting an education in aero hydroponic gardening i am hoping that my husband buys me one for my birthday,positive,neutral,positive,True
feeding my baby formula wasn t my first choice but breastfeeding ended up not working out for me wasn t able to produce enough so i really didn t have much choice so i was glad to find an organic formula that was affordable and using amazon com s subscribe and save program makes it even more affordable i get diapers and wipes for my son through that too and it does save me a lot of money anyhow he loves the formula the regular milk based one and is thriving i wish i could make his formula as i do his pureed baby food but i guess this is the next best thing and it makes me feel better knowing it s organic and probably as close to nature as possible formula wise,positive,negative,neutral,False
i got the pack of this for in new york where frosted flakes sell for for the tiniest box this was a huge bargain it looks like the price has gone up a bit so not sure if it s worth it anymore but it was definitely a bargain at,positive,negative,negative,False
i like this tea too it actually does not taste at all fruity it s just a very mellow black tea that reminds me of the kind i ve had in chinese restaurants,positive,neutral,negative,False
kraft s three cheese ranch dressing is rich and creamy without the bite normally associated with regular ranch dressing unfortunately this exceptional dressing is very difficult to find this in the stores for some reason which is why i have used amazon to order it s been a smooth process to place the order and receive my salad dressing,positive,neutral,neutral,False
i tried a different brand of lemon juice and lemon oil from italy and liked it this one is cheaper but there is a reason for that i suspect my other brand has a higher dose of the oil or comes from tastier lemons my batch expires in december but can it be that delallo uses the european way of writing a date where july th would read maybe i was sent a batch that is expired,neutral,negative,negative,False
this is a case of boxes and each box contains two packs it came out to nearly half the cost compared to my local grocery how can you go wrong it s a bargain for this family,positive,negative,negative,False
before i got my puppy i was collecting plastic bags instead of using my reusable cloth bags from grocery stores to pick up my puppy s poop i refuse to be one of those people who think that dog poop will melt into the sidewalk after a certain period of time i also do not want to be blamed for starting the next black plague if dog poop could start a plague like that in comes this bags on board bone thing stocked with bags for like i m thinking well is less than the price of a bacardi and diet why not man i am not looking back for some reason my puppy pooped her way through all bags in a little over a week good for her i guess so i had to re up i almost went with stuffing plastic grocery bags in the bone and then decided that was worth convenient poop bags they fit perfectly into the bone the bone is not bothersome on the leash and most important i never forget a bag i don t really care about the colors and i don t see a quality difference between these and the regular blue bags the bags are not super thick but my fingers have not broken through the plastic and poop has not come through the plastic i am conscious of the destruction waste causes i do recycle i do wish that these were biodegradable but instead of collecting the big grocery bag plastic bags i am going to use these smaller bags for poop and my cloth bags for groceries right now the bags are a little big for my puppy but i am sure she will grow into them gross,positive,neutral,negative,False
the packages arrived on time and were really nicely package in a strong cardboard box the price was really great on this item and the meal is very smoothly ground and tasty i do recomend that the unused meal be refrigerated in the the freezer section for continued consistent taste and potencey i just keep serving in a glass jar on the counter before refilling there is no real defrost time after removing the package believe me i ve done it i would have given it stars if they would give me a free bag once in while seeing how i eat so much of there product,positive,neutral,positive,True
these are perfect for lunch and not bad in the calorie dept i hate red sauce but for some reason i like this one maybe b c of the extra flavor meat adds to it however b c it is in a meat sauce i only gave it stars and not i would prefer not to eat meat,positive,neutral,neutral,False
this review is for the blackberry flavor of this product only i can t speak for the other flavors izze is onto a pretty good idea here sparkling water fortified with vitamins and flavored with real fruit juice i was happy for the opportunity to sample the blackberry because that s one of my favorite flavors but you don t see it in too many mass consumer products but according to the label on the can this beverage includes pure juice made from white grape apple blackberry lemon and raspberry juice concentrate note that blackberry is third on this list but the product is called blackberry is this mixture necessary to create a believable blackberry flavor that does not react negatively with sparkling water in any case the flavor passes for at least artificial blackberry which is tasty enough outside of the sorta blackberry in general the beverage has a rather bitter aftertaste and the izze sparkling waters are a bit on the pricey side even when bought by the case with the small oz cans but with plenty of vitamins low sodium and fruit juice though in a curious combination this is tasty enough for four stars and it s an enjoyable beverage if you don t think about it too much doomsdayer,positive,neutral,positive,True
i have to say that i only tried this on accident and it was a great accident to find i was in gnc looking for something else when the g of protein and only g of sugar caught my eye the cashier told me to shake it up before drinking not a good idea like the other person that reviewed this you should open first then close and shake it went all over me because i shook it first i have been drinking muscle milk prior to this and considering you get way more protein the taste is good i am looking to gain weight and i drink this after i workout also for cost comparisons this is no more than most g of protein drinks also on another note if you are not on a multi vitamin you need to check out animal pak original it is an incredible multi vitamin for people working out the normal multi vitamins do not cut it,positive,neutral,positive,True
so i thought fresh meant i could eat it out of the box much like i would fresh apples and pears apparently not after devouring three pounds of fresh whole rabbit out of the box i have spent the last week in the hospital be sure to read the instructions apparently you have to cook the rabbit,negative,neutral,negative,True
i ve been testing new rubs for the last two years and this is the one i m sticking with it brings the heat look somewhere else if you want a brown sugar based rub,positive,negative,positive,True
i ve purchaesed twice so far and in both boxes the gum was really hard product is great but i wouldn t purchase again through amazon due to it being so hard to chew,neutral,negative,negative,False
i know some reviews said that the packaging wasn t adequate however i think they have changed the packaging the tea comes in a sealed foil bag in a paper bag in the box shown there was no spillage of the tea the tea flavor was great in a smoothie that i made i was very happy with the tea,positive,negative,positive,True
if it were coffee or wine the manufacturers would say something about it being full bodied and talk about the various notes that make it superior to all others and it would be true,positive,negative,positive,True
i grew up drinking coconut water of the freshly cut fruits from trees i tasted all the brands except zico i found naked the closest to the fresh natural coconut water it didn t taste any artificial contents nor sweeteners like other brands taste probably to enhance taste especially vita coco does taste like natural coconut water with little bit of added sweetener flavor this is my personal opinion i use naked coconut water for my months old daughter daily jan th i m satill using it its been couple of months now and by far this is the best,positive,neutral,negative,False
mojitos have become all the rage in mixed drinks over the past several year especially here in s florida this instant mix takes most of what is great about this drink and distills it into an instant mix one package makes enough drinks to serve a number of guests it is a bit much for one or two people and i think it would be nice to have the option for single serving the mix itself is surprisingly drinkable i m not a big fan of artificial drink mixes but they got this one right it still has a detectable artificial aftertaste but it for the most part it is quite an enjoyable mix you can mix it as per the directions or add a bit of rum to the mix for a quick cocktail either way crystal light s moctail mojitos mix is a better instant mix than one might otherwise hope for kort,positive,neutral,positive,True
i had been using happy belly baby cereal since gavin was months old but decided to switch it up and offer him some new grains i chose this cereal because it includes barley in the mix which i like alot gavin really likes the taste eats it up just fine it is a finer cereal than happy belly and can get a little gelatinous but gavin doesn t seem to mind he hates gerber baby cereals however i like to add mashed fruit canned pumpkin or spices especially cinnamon and ginger to the cereal to keep it interesting,positive,neutral,positive,True
both this product and pro pest clothes moth ready to use traps appear to be somewhat effective two traps one of each brand were placed in two different closets a total of four traps over a three month period with an insignificant difference between the two brands in the number of moths caught eight for pro pest and seven for safer given the small number of individuals trapped i ve extended the experiment for another three months with four new traps but at this point safer appears to be the better buy costing roughly half of pro pest at the time of this writing the low morals of female clothes moths they are polyandrous and the fact that the attractant is the female pheromone means the traps will mostly collect adult males so a few clever randy males can keep the population going although neither product is apt to eliminate all the clothes moths in your closets they do seem to reduce the overall number if you have a sufficiently large freezer placing your woolens in them for a week combined with the traps can be quite helpful update after another three months using the same protocol and a total of eight traps safer appears to be the better choice both by effectiveness and price the total number of moths trapped by brand were safer pro pest,positive,neutral,negative,False
a very good coffee the dark roast makes a very bold strong cup of coffee without being bitter i actually mix the dark and regular roast beans to get the flavor i want amazon s price is good and they show up at my doorstep as needed with the subscribe and save deal the only reason s this is stars and not is a the vacuum seal on the bags is sometimes poor or broken the package is not open just not under high vacuum any more that said i have not noticed a difference in the flavor between the vac sealed and the non vac sealed b i recieved a shipement where one of the bags was slit open perhaps from a razor knife used to open the large boxes from lavazza and package them into the amazon shipments i called and they replaced them immediately,positive,neutral,negative,False
i was not expecting much with all the instant flavored drink mixes out there there are ten packets in each box i added one too oz bottle of cold water it dissolved quite well with some vigorous shaking when i took my first sip i was shocked this tasted very good and as advertised the water had become a refreshing and tasty blackberry pomegranate green iced tea sweeten with honey i wanted this for flavor and did not care about calories but for those who do one warning the box list that these are calories per serving which is eight ounces but each packet is designed too be used with ounces so is calories so for two servings which is what i drink you are consuming a drink with mg of caffeine g fat g sodium g protein and g each of sugar and carbohydrates as another reviewer mention the packets are very convenient too carry with you and too use anywhere you can get a glass or bottle of water i enjoyed the taste so much i have ordered two more flavors,positive,neutral,positive,True
this is a product that really works my cholestrol levels are now normal after months of using this product along with a modified diet,positive,neutral,negative,False
i did not buy this product i had this oatmeal at a buddy s home i can tell you this much it is the best tasting oatmeal i have ever had the reason why i have not bought this item is because at this time i send care packages to this young marine in afghanistan i feel his needs are more important than mine i just wish these wars would get over with,positive,neutral,positive,True
this coffee really surprised me in a good way preferring my coffee black starbucks coffee has always seemed too bitter for my taste this coffee was not bitter at all and had a pleasing woodsey flavor that was very pleasing i plan to buy some more of this,positive,negative,positive,True
the oatmeal is delicious as i already knew it would be but the notices i started getting from amazon subscriptions product no longer available product available on different date etc hey you ve either got enough of the stuff for a steady supply as in subscription service or you don t don t sell me stuff under false pretense i hate that back ordered crap,positive,negative,negative,False
the soup bowls arrived cracked and couldn t be used defeats the purpose of the grab and go meal the taste wasn t anything special but wasn t horrible either as long as you didn t use all the flavor packet way too much salt,neutral,negative,negative,False
we prefer flavored coffees and as far as those go this is a very good just a touch of sweetness resembling butter toffee and a balanced amount of caffeine these are not a dark roast but not a light weight either i get just right amount of caffeine bump from this one two con s i miss the old sizes is a lot of any one flavor by the time we get through it we re tired of the flavor i m sure there were some manufacturing efficiencies or something in it for the manufacturer but from where i m sitting the ct is sorely missed that said they need more flavors not only all the same but also variety packs please bring those back overall five stars for the coffee itself but one star lost for pack size and lack of other flavors in a variety pack,positive,neutral,negative,False
this product was shipped to my door in timely manner and the product is very nice delicate and helpful ingredient addition to my kitchen the price is probably high but it beats a blank that i find in the local markets around my neighborhood,positive,negative,neutral,False
i purchased this for my father for christmas though the packaging is not all i could wish many packets crammed into a box the quality is exceptional the product is fresh the decaf bit does not make it taste any different from regular earl grey the price was wonderfull i will be sending more to my father when he runs low you can not go wrong to order this product if you love earl grey or know someone who does,positive,neutral,positive,True
this is an incredibly good cereal i ve never had currants before and was a bit suspicious but they are seriously the bomb i just make sure that i only get currant per spoonful because they can be a little bit strong but i m a bit ocd anyways so you may not mind another thing i love about it is the flakes they are thick unlike most crappy cereals so they aren t all soggy by the time you take your last bite which is a sad moment i found it at grocery outlet which was super cheap but i don t think they have it there anymore i m hesitant to pay for a box of cereal but this one is totally worth it,positive,neutral,negative,False
it s the original formula folks the other reviewers are right it s not like the mix in the can the company changed the formula for the canned cappuccino and now the only way you can get the original product is to buy it in these bags i m thrilled i could find it and will keep ordering it as long as it s carried the new stuff in the can is totally different from the product that used to be in there,positive,negative,negative,False
i like the single serving bags and this is the second batch of jtc rounds i ve bought but they certainly aren t my favorite snack they are crunchy and have a decent texture but they re saltier than i d prefer they re what i reach for when i want something salty or when i m just bored with the rest of the snacks on hand i m not sure i can tell a difference between the nacho flavor rounds and the plain ones,negative,neutral,negative,True
i got my aerogarden despite the many bad reviews on the faulty pumps i figured that surely it wasn t a widespread problem i had about a week of happiness watching most of my plants sprout a buzzing sound started within days but it was bearable in about days the pump could be heard in the kitchen and the living room after days i had to move the aerogarden to the only room in the house where there were no occupants most of the day the utility room to say it is loud is an understatement i have called the aerogarden help line they told me that they had replaced the pumps with a different kind since they were having trouble with the old ones these new ones just weren t working out either apparently they would replace mine immediately i have a black aerogarden but the customer service rep told me i could get a white replacement pump faster than a black one i agreed to the white pump but now i m not sure i can wait for even that to come in i am pretty sure i will have to pull the plug on my garden the noise is awful and i m willing to sacrifice my herbs for my sanity they agreed to send me a replacement herb kit for the herbs i will lose another problem i have no cilantro sprouts at all they have apparently also had trouble with these and the cilantro is now not covered under their guarantee of growth they will send you a different herb i guess it is my bad luck that i bought this mainly for the cilantro the rest of the herbs seem to be thriving too bad i am getting ready to sacrifice them for some peace and quiet this is a very interesting kit but you would be wise to assume that the faulty pump will happen to you too you would think that the pump problem would be ironed out by now i have spent a lot of time researching this most of my time spent after i bought it and this has been going on for a long time not much quality for your money update company has not provided a replacement pump as promised however here is temporary fix for the obnoxious pump noise from your plumbing or home supply store obtain plumber s silicon grease after removing the pump from the base using a small philips driver remove the front cover and small diffuser plate from the pump fingers will do the pump impeller will be exposed then lift the impeller off of the spindle using the plumber s grease apply enough to coat the round magnet on the impeller shaft making sure that there s enough to fill the gap between the magnet and rotor hole re assemble the whole thing and treat yourself to silence if the noise comes back in a day or two then you didnt use enough grease this grease is not petroleum based and does not contaminate the water its milky clear and easy to use the basic problem with this pump appears to be that the rotor bearing surface is not hard enough to resist wear and just a small amount of additional clearance between the rotor and rotor shaft due to wear allows the rotor to chatter the purpose of the grease is not necessarily to lube the rotor bearing surface but to dampen the rotating resonance effects inherent in the design the best fix is of course to replace the cheap pump with a better design you d think that for ag could spend an extra cents for something that lasts hey ag though i may have tried i could not polish this turd,negative,neutral,negative,True
the first time i ordered this product i just let it go and decided it was a fluke when my containers arrived smashed and broken open now it has happened again on my first shipment i also had containers that looked ok but were obviously open spoiled after tasting argh,negative,neutral,negative,True
the actual product is exactly what it is described as a hybrid of a chip and a cracker some pieces tasted more like a cracker and others more like a tortilla chip either way it was pretty good but i think the saltier pieces were better tasting it took a few pieces to get used to the taste and texture since it s really not quite like any other snack i ve had the pieces are very thin and light like a tortilla chip but they re also textured and grainy like a cracker after the first or chips i decided i did like the taste and texture and easily munched down the rest of the bag the bag is a small oz of calories and seems to have as many chips as one of those calorie packs this would be a refined alternative to baked lays,positive,neutral,negative,False
never tried volpi salami before but took a chance with this bundle package no dissappointment here each one seemed better than the other,positive,negative,positive,True
not the best i have had for the senseo but drinkable too much packaging a bag of pods has such a nice aroma that the individually sealed packets cannot compete with,neutral,positive,negative,False
melitta caf eacute collection gourmet coffee hazelnut cr egrave me brulee first of all a summary for those of you who only want the brass tacks using a high quality drip coffee maker the result was a pleasurable but not perfect experience and so i give this coffee four out of five stars if you are willing to add good cream to your coffee then i would even venture to give this blend a full five of five rating before i even opened the package i was hit by the smell of its contents the strong scents wafting through every tiny opening the smell however was of cinnamon rolls not of coffee cautiously cutting open the container i put it to my nose and was rewarded slightly by the previously noted sugary odor mixed with a very gentle smell of ground coffee beans the package didn t indicate the date of their grinding but having received them for review i assumed they were relatively fresh i have to admit that i was a bit concerned about using the drip coffee makers because of the fineness of the grind but nonetheless i approached them hoping for the best one of the first things that struck my attention was the fact that the instructions on the side of the bag indicated a measure of two teaspoons of coffee per six ounces of water the standard measurement for gourmet coffee is two tablespoons per six ounces although two tablespoons per six ounces provides too strong a flavor for many people it pulls out the best taste with the least amount of bitterness extra water should be added after it has been brewed to lighten the coffee to the desired level never decrease the amount of coffee to make it less strong to properly determine the appeal of the coffee to the typical buyer i decided to prepare the beans two ways a via a high quality drip coffee maker using the two tablespoons of coffee grinds per cup of water measurement and b via a more standard generic drip appliance using its recommended two teaspoons of coffee grinds per cup of water measurement i first tasted the results straight without any added flavoring and then with cream using the high quality drip coffee maker the results were quite satisfactory the taste of smoky wood was definitely there and the flavor brought to mind fire roasted beans slightly burnt to enhance their essence the hazelnut flavoring was more of a scent than a taste lingering on the tongue and in the nostrils after the rest has been swallowed good coffee prepared correctly should never be bitter never so i was disappointed to find that there was indeed a small amount of bitter aftertaste in the cup i drank also to my disappointment was a bit of a sourness that permeated the entire experience like the beans had been left to ripen a bit too long to my surprise one sensation that was not there was the sugar and cinnamon that hit me so hard when i initially opened the bag i can only assume those flavors were run across the beans to provide a pre brew experience to tantalize the potential buyer but they didn t make it across after the water had been applied so as stated at the beginning of my review using a high quality drip appliance the result was a pleasurable but not perfect experience and a good start for my tasting process with the initial pure tasting complete i added some cream to my coffee the result was wonderful all of the bad tastes were washed away instantly no more sourness or bitterness granted a coffee drinker should not have to rely on something external to wash away unpleasant side flavors but in this situation it produced a cup i eagerly look forward to drinking again five out of five stars for that experience next i turned to the department store brand of coffee maker and used eight tablespoons the equivalent of teaspoons with cups of water the result was passable it retained most of the flavors of the stronger brewing but in a watered down state unfortunately the bitterness and sourness the two worst flavors came out in full force judging purely by this taste test i would give the coffee at most three stars next i added cream and to my pleasant surprise it again completely wiped away all of the unpleasant flavors leaving behind a delightfully light cup that flowed smoothly down my throat once more five out of five stars i should note that i gave the lighter version with cream to a friend who generally does not enjoy coffee and she loved it going so far as to say it was one of the best cups of coffee she had had in years i generally don t like flavored coffees but this one won me over as a good attempt and something i m happy to keep on my shelf again i wish to note that i am disappointed that the addition of cream was a necessity in removing the very noticeable bad tastes from this blend but at least they could be removed which is more than i can say for many coffees out there black as the devil hot as hell pure as an angel sweet as love charles maurice de talleyrand speaking of the perfect cup of coffee reviewed by brianna footnote from grey i agree with brianna s review this coffee is much improved with the addition of cream however i got a very noticable hazlenut flavor from the coffee,positive,neutral,negative,False
the peppers are fabulous the size of the jars on the other hand are tiny i know i originally ordered and received so be careful and double check order,neutral,negative,positive,False
pops up light and fluffy and tastes just like what you get at the theatre if you have purchased a home popcorn machine as we have you will appreciate the convenience of the pre measured packets no guess work involved just great popcorn every time we buy it by the case in oz and oz packages this way if it s just my husband and myself we make a oz package and if we have company over we can use the oz i m sure it would be cheaper to get plain popcorn and oil but this is well worth the cost and isn t the popcorn what you like about going to the movies anyway,positive,neutral,positive,True
when i ordered the bluebird pineapple juice ounce cans pack of amazon product features were listed as not from concentrate juices have that right from the grove fresh squeezed taste and just like fresh squeezed juice there s no water sugar or preservatives added only percent pure premium pasteurized juice uses fruits grown right in the us all our fruits are grown by us farmers in florida and florida only and amazon s product description for the bluebird unsweetened pineapple juice was listed as florida s natural growers was organized in by growers who had a personal interest in bringing the best possible citrus products to the market today we are one of the largest florida citrus cooperatives of growers with a membership base of grower associations the entire cooperative is made up of more than grower members who own more than acres of fine citrus groves in the heart of central florida we own the land and we personally nurture the fruit until it reaches peak ripeness because we process and package everything ourselves we can guarantee the quality of our citrus juices citrus growing is a time honored tradition in central florida one that has been passed down through generations our grower families came together through florida s natural growers to ensure that the knowledge and lands our grandfathers passed down to us continue to thrive and to cultivate the juiciest best tasting oranges you can get anywhere in the world as a grower owned operation we believe it s important to know exactly where your family s food and drinks come from our florida s natural brand premium juices are made and packaged right here in the u s so every time you pour a glass you can be sure that it s always fresh and never imported none of that is correct what i received was pineapple juice from concentrate this is listed directly on the front of the bluebird pineapple juice can the ingredients which were clearly listed on the bluebird pineapple juice can are water concentrated pineapple juice ascorbic acid concentrate from costa rica this is what was stamped on the bottom of the bluebird pineapple juice can,negative,positive,negative,True
i am very happy with the product however when i received it there was a broken k cup i believe it happened during packaging the outside box was fine the cup was smashed it looks like the orders are filled by machine and it got crushed coffee was everywhere just wanted you to be aware of this problem thank you pat boudreau,positive,neutral,negative,False
my daughter would have the worst gas pains and spit up on the newborn formula by enfamil so my doctor suggested we switch to gentlease it did the trick no more huge spit ups it just makes her poo a weird color and it doesn t taste as good as the regular milk formula,positive,neutral,negative,False
one of my dogs is an extremely picky eater so when i find a food he will eat without a problem i can safely recommend it to everyone,positive,negative,positive,True
bought this kit based upon the reviews the directions were excellent and summarized a week of research into four pages even had pictures for us simple folk it really does make wine making a simple and enjoyable process i am currently wainting for the specific gravity to drop so that i can fininsh the process and test the fruits of my labor did add extra sugar for a little more kick added dark oak cubes and a little vanilla for the primary ferment once i finish the next two batches of wine using grapes i will defintiely buy two more kits to keep me busy and up to my elbows in wine,positive,neutral,neutral,False
i tried these at the local food coop in new london ct where you do not have to be a member to shop btw eighty five cents ea there great to satisfy a sweet tooth no added sugar very grape y sweet and tart didn t see any reviews mentioning the grape so for the naysayers try those before you write these off your shopping list,positive,negative,negative,False
like others have said the price on here is high and i bought it for a lot less at kohls but am not going to give it a bad review over the price the cofee is very good it does taste just like carmel vanilla it is very strong so if you don t like your coffee super strong i would recomend brewing a larger cup if you have an adjustable cup size setting on your brewer if i drink it hot i brew the large travel size cup and it is the perrfect strength for me it is very good brewed as an ice coffee and seeing it is a stronger brew it is great for iced coffee i like to put in sugar free vanilla syrup isntead of splenda to sweeten it and that really enhances the flavor i am sure it would be great with carmel syrup as well,positive,neutral,positive,True
these figs are excellent firm and sweet i found the figs sold on amazon in the smaller cans in a pack rather mushy tho no doubt it is a matter of taste and some may prefer a soft fig since i only eat a few at a time i transfer the big can s contents into two smaller containers and refrigerate them one thing tho these cans are enormous and very heavy don t order them with anything else in the same order or they ll crush the other items even books may be damaged and the cartons are really not strong enough they usually arrive in pretty bad shape tho the cans themselves have never been damaged but great figs tho and worth it,positive,neutral,negative,False
i was very happen with my purchase from amazon it was easy and i received by coffee even quicker that expected the price was right and the coffee is good i don t usually like flavored coffee and i am new to the kerig k cup world but this is a good one,positive,neutral,positive,True
i bought these along with the cherries the cherries are delicious by far the best that i have had the cranberries are just ordinary though i don t like them any better than the ocean spray ones that i buy i d buy these again they were perfectly fine but not amazing,neutral,positive,positive,False
this hot sauce has a fantastic flavor however it was not as hot as i d expected i assumed habanero hot sauce would be enough to really spice up a dish since i can t eat a whole habanero without my eyes welling up with tears this was not the case this stuff is really mild compared to the pepper it s made from that said i have no regrets about buying this product if you re looking for a really tasty fairly thick sauce that s comparable to tabasco in heat this sauce is for you if you want something that will kick up a burrito all on it s own look elsewhere,positive,neutral,positive,True
nestle offers better quality of chocolate in europe since there is more competition since america is a feminist country the slogan it s not for girls would never work here,positive,negative,negative,False
i bought both this product and the lorann extreact to compare as they were both comparable prices unfortunately they were not comparable in product the nielsen massey had no flavor to speak of the lorann was very aromatic also i was very disappointed that this product had sugar in it,neutral,negative,negative,False
if you are looking for a strong and robust cup of coffee look no further every time i brew a cup i get a reaction from people near by you can even run the same bag twice into one cup to get a slightly weaker cup of coffee it s still eye opening however brew on,positive,negative,positive,True
oatmeal is good for you but i have always hated the taste the maple brown sugar flavor of quaker instant oatmeal has always been my favorite way to eat it i started with the regular version then moved to the lower sugar option and have finally settled on the weight control variety the weight control tastes great and smells like waffles one reviewer of this product was disappointed by the fact that when he compared the weight control version to the regular quaker instant oatmeal he realized that weight control has the same number of calories and more fat g instead of g but you need to analyze the products as a whole there may be more fat in the weight control but if you look at the other components of the product you ll see that weight control has fewer calories coming from carbohydrates g instead of g but it has two times more dietary fiber g instead of g and a lot less sugar g instead of g more dietary fiber and less sugar is what you should really be looking for in your carbs anyway weight control also has almost twice as much protein as regular g instead of g there is more to think about with your food than how much fat it contains quaker instant oatmeal weight control fit my family s needs but you should make sure you really look at the different products nutritional information you can compare quaker s products on their website,positive,negative,negative,False
this rosehip tea is surprisingly good reminds me slightly of rhubarb with a subtle regular black tea undertone the package did take days to arrive it was all crushed up inside the jiffy bag so it s a good job it wasn t ordered as a gift i also think the price is a bit steep for teabags i just couldn t find this flavor in supermarkets so i had to get it online,positive,neutral,negative,False
i have two indoor cats that have a very sedentary life one will eat everything you give her literally everything including green salad and doritos the other one will only eat cat food i feed them tonight for the first time with royal canin light i mixed other brand with royal canin and guess what they sorted the food and ate all the royal canin pieces first leaving behind the other brand i m so happy they liked it but mostly i m happy they are eating high protein food instead of fillers it s expensive yes but i think it s worth it i do recommend this product,positive,negative,positive,True
some reviewers say you can t teabag these pods because the coffee will be week however if you put the pod in a cup pour boiling water over it then set a spoon on top of the pod so it doesn t float to the top leave it in the cup for about twenty seconds or so then use two spoons and gently squeeze the pod over the coffee cup voila you get a nice rich cup of coffee,positive,neutral,positive,True
this was the first time i ordered the nestle cappucino packets from this seller it arrived promptly and in good condition however it s too expensive i frequently purchased three packs of the same cappucino in the past from another seller on amazon for the same amount this seller charges for just two packs i buy alot of coffee so this makes a huge difference,neutral,negative,negative,False
i bought this contraption after a savage group of gophers was ravaging both my front and back yards i caught two gophers in about a week it is kind of a pain to dig and set it in the ground but it certanly works i did not use any bait there are good videos on youtube on how to set this kind of trap,positive,neutral,negative,False
i used the fig almond spread as a filling for a layered cake i got rave reviews from my coworkers they really thought the spread had a nice flavor and consistency using the gracious gourmet spread as a filling gave more dimension to the flavor of my cake i highly reccomend it,positive,negative,positive,True
yes i got my box for free i probably wouldn t have bought it there are too many cereals i like to bother with one i might or might not like right my concerns were two fold first would they be sweet enough i don t need sugar coated cereal but i don t want to eat cardboard either and second tight woven cereals like this tend to suck up all the milk so they ll start off too dry but end up too soggy could this cereal overcome those concerns in a word yes the flavor was sweet the squares started off crunchy but not too rough and they did not suck up the milk like a sponge so they weren t too soggy at the end either i still have other cereals that i like better but i ll likely occasionally buy this one too,positive,neutral,negative,False
i am a big fan of eating microwave popcorn a friend of mine suggested pork rines i thought she was crazy little did i know that they are best microwave snack that i have ever eatin in a long time now i can chose between microwave popcorn and pork rinds,positive,neutral,positive,True
i ordered these cookies and maybe it was due to the heat i didn t care too much for them and found them dry and crumbly well there is always a chance to redeem oneself and the manager caled and offered me a free offer it just so happened we were having a party and the cookies came just in time they were all eaten at the party and were a smashing success sweet fresh and with a glass of mild divine i highly recommend these sweets for a treat or just for someone special order two boxes and keep one for yourself thank you geoff and drew s i have added your website to my favorites,positive,neutral,positive,True
my first package got tied up in the mail somewhere the seller immediatel shipped another package out to me the beans are high quality i would definitely purchase this product again,positive,negative,positive,True
i have toy poodles it s a small breed not an actual toy made of plastic and they do not like to eat hard dog foods it got to the point where they were underweight because they refused to eat all of the different dog foods we tried now that we are using the moist meaty they are happily eating and back up to a healthy weight,positive,neutral,negative,False
jack link s beef jerky original ounce packages pack of tough and chewiness dry not too salty this is one of my favorites since the flavor isn t too strong i tend to eat too much,positive,neutral,positive,True
i had a really hard time drinking this product i tried it cold and room temperature nothing helped however of my co workers loved it it smells like fresh cucumbers i do like the vegetable however to sip it the taste is well it is a liquid light tasting cucumber thus the name hint i did give mine away,negative,positive,positive,False
just so you know you can usually get this at your local bodega or mexican grocery store for less than half the price i m like miles from mexico and i can still find it locally,positive,neutral,positive,True
i can t think of anything bad to say about this coffee every guest we have had enjoys it i m not much of a hazelnut person but it tastes pretty good to me,positive,neutral,positive,True
my cat was born in august so he s almost years old three years ago he started to throw up quite frequently the vet ran tons of very expensive tests and for the most part ruled out anything that can be treated we tried changing food but nothing worked i tried giving him home cooked food as well and that made throwing up even worse so one day i was in a pet store and the clerk said he had the same problem with his cat and suggested the most expensive food in store i was skeptical but i had nothing to lose but money three years later my cat is doing fantastic he only throw up when i feel bad for him and give him tuna as a pity treat he s healthy bouncy and seems to enjoy food the big bag lasts us for ever we bought a bag on november th and today again on march that s months for which is how much the bag costs in pet store i think i can afford month for my buddy i have no idea what s in there and i don t really care all i care is that my cat looks happy and healthy food purists who believe in feeding cat organic chicken and brown rice might not care for it,positive,negative,negative,False
whole family liked all three flavors we ve had some of the other brands of hot chocolates and they were good also but just couldn t get myself to pay that much for hot chocolate the price was right on these for sure but i was skeptical after reading reviews on the coffees made by this brand but it s just hot chocolate so i figured what the heck all three are actually plenty chocolaty on the biggest size serving honestly i think they re a little bit better than the other brands we ve had,positive,neutral,positive,True
while i was pleased to receive the grits i think the shipping and handling costs were ridiculous when i received the documents the actual costs of shipping was abut i would think twice before ordering again,neutral,negative,negative,False
this is actually not my favorite community coffee that would be the evangeline blend but it was on sale and i ve never tasted a bad community coffe yet so i thought i would try it still prefer dark roast coffee s but this was a good medium roast variety that is a nice change once in a while would be willing to try any community coffee it being on sale was just the icing on the cake life is too short to drink mediocre coffee if you drink community you get the best there is a true taste of new orleans,positive,neutral,positive,True
back to nature s chocolate delight granola tastes really good and has the perfect blend of crunchy and sweet that makes this a tasty snack either as a cereal or right out of the bag it s made from natural ingredients and doesn t contain artificial flavors preservatives hydrogenated oils or high fructose corn syrup but here s the rub the back to nature chocolate granola like all granola is high in fat some of it is the good fat polyunsaturated and monounsaturated but it does contain g of total fat g of that saturated fat it also packs calories per cup serving which is about handfuls and it s very easy to keep eating it since opening the bag i ve probably eaten three servings already because it s that good but that can t be good for my waist ok i shouldn t be that harsh and deduct star from back to nature for my own lack of will power but many customers will see the words nature and whole grain and think healthy treat the small serving size of the granola is also deceptive because many will think this is such a tiny amount that i ll just eat a little more because it really does seem like you re eating a small amount but then next thing you know you can t zip up your jeans on the plus side that means that the product is delicious but just be aware of serving size and portions otherwise it s a good alternative to say a calorie cookie that s full of high fructose corn syrup and sugar and no fiber,positive,neutral,positive,True
i odered because i love these but when i got the box the bags were different and the contents are not what they used to be i wouldn t buy it is not like the picture the added to many nuts and less of the good stuff dissapointed,neutral,negative,negative,False
we have a corgi and this kibble is one of the only two things that the breeder recommended unfortunately our dog does not like this food he would never eat a pellet on its own we always have to mix it with real food and even then he sometimes refuses to eat it on top of that none of the pet shops in our area carry this food so overall big pita we are still ordering from amazon but looking for an alternative,negative,neutral,negative,True
instant coffee does not taste as good as freshly ground and brewed coffee any instant coffee is a star at best instant coffee is only good for that moment when brewing a pot just isn t feasible or timely or your order for fresh beans hasn t arrived with that out of the way i think nescafe instant is one of the better instant coffees out there for me it has a better taste than most in the instant class measured against other instants i give this coffee stars for the price i got it for stars for the purpose of emergency gotta have coffee now stars,positive,neutral,negative,False
this food works for my dog she has some serious gas boston terrier and this food helps granted she still has gas but it isn t as well stinky two thumbs up,positive,neutral,negative,False
i bought these when i was looking for low point snacks as i have been doing weight watchers i eat the cinnamon apples when i want something crunchy when i want chewy and a little sweeter i eat the dried pears while many times i do eat packages for a snack i still buy the ounce bags since i have to get up and go get a second bag giving myself time to decide if i really still am hungry while it is true that some pieces have core and or seed on them i find it easy to cut that off or eat around it this is a great diet food and i like that it is organic,positive,neutral,negative,False
well this one is on its way to replacing my starbucks via at about half the cost per cup never would have thought that possible been starbucks fan for years egberts is a cost savings way to near perfect match to flavor and richness whoo hoo,positive,negative,positive,True
good coffee but i definitely prefer the their french roast the italian is not quite as strong as i like it,positive,neutral,negative,False
hi you should try the zero carb flavorrich version this version has a pleasant flavor and you can be confident you are having a legitimate low carb product it offer a money back guarantee that it will not increase anyone s blood sugar this is the only u s company that offers this guarantee on all their products even their net carb products have the same guarantee you can make your own decision on who is legitimate low carb product or just a product that may taste too good to be a real low carb product,positive,negative,negative,False
this item falls into the category of nice but not totally necessary while it steams and purees in one cup resulting in fewer dirty dishes if you already have a stove top steamer and a blender you can get the same results,neutral,positive,negative,False
i m not opposed to change but i do oppose change when change wasn t needed in the first place i am so disappointed in necco s misguided decision to change their classic sweethearts conversation hearts once a great traditional candy they re now just gross they changed all the flavors eliminated the white ones all together which as luck would have it were my favorites and changed the nice crunchy texture to a soft disintegrating mess bleck what a huge mistake why change a trusty classic why not just make a new candy,negative,neutral,negative,True
let me start out by saying how sad i am to give this product a negative review i love watermelon everything so i was super excited when i saw this new syrup was available i have to say however that it blows my mind how the guys in amoretti r d actually thought this syrup tasted like anything but watermelon cough syrup for use in italian sodas this is completely undrinkable i ve confirmed this with a few friends to make sure i wasn t just being a bitch others reviewers here have mentioned using this syrup in yogurt and i did try a couple pumps in a strawberry smoothie and the dairy did seem to help cover up the poison medicinal overtones in short i cannot recommend this flavor if you re looking for a good watermelon syrup try the torani version i m sure amoretti has some excellent flavors in their arsenal but this is definitely not one of them,negative,positive,negative,True
this cappucino is so good that all the employees at my office are drinking this now and want me to order more and i was going to try to keep it all to myself,positive,negative,positive,True
i tried this because you could not get any more of mrs leepers and i found that in my opinion mrs leepers is a better rice pasta,neutral,negative,negative,False
i transitioned my baby onto this formula after i learned about the method that other companies use to extract the dha for their formulas i figured an organic formula would be much better for him since i only feed him organic food anyway he loved it took to it immediatley it is slightly foamy but my baby has never been colicky it s definitley not as bad as some other reviews state i noticed that it only gets somewhat foamy if you shake it for a good while if you are really concerned about that you can stir it it will not get foamy it s not a concern to me overall glad i switched his formula,positive,negative,negative,False
since joy our bischon frise started eating this food her fur is no longer oily she smells much better the pieces are very small and easy for her to eat,positive,negative,negative,False
i have three dogs and one of them kept having bouts of diarrhea my vet gave her antibiotics and other prescription drugs to resolve the problem these would work for about a week and then the problem would return my dog groomer suggested that there might be a food allergy involved i looked on amazon com and saw the wellness limited ingredient diet for dogs with food sensitivities simple food solutions dog food i noted that the primary ingredent was lamb instead of corn i ordered some and the first day i fed it to my dogs it worked my little dacshund sugar had no more diarrhea or sickness from that day forward i feed it to all my pets and i believe that they are actually happier now i am too,positive,negative,negative,False
when i m in a hurry i can always count on these potato products from betty crocker to make a hit without much of an effort on my part,positive,negative,negative,False
i really purchased this products for my cousin she baked a pineapple pound cake and it was so good it didn t last through the family meeting very good product,positive,neutral,positive,True
the taste is as if you put cashews and cacao nibs together and eat no taste out of the ordinary in my opinion a snack should be a treat this product is good but not quite a satisfying treat i m surprised people gave it and stars i ve tasted better raw vegan desserts treats than this edit i ve been snacking on it more today and i must say the more you eat the more tasty addicting it gets,neutral,positive,negative,False
these gummies are the most delicious i have tasted compared to their american counterparts these are practically the real fruit their flavor is fresh and bright and they taste just like the real thing but with that fun gummy texture the lychee gummies are no exception they have the aroma and pleasant aftertaste the fruit has with the hint of tanginess they taste a hint more like the fresh kind than the canned for those of you that have had both,positive,neutral,positive,True
this came in phenomenal time i was shocked at how fast it arrived the coffee itself does taste like caramel but it s not too sweet nor does it have that strange aftertaste that some flavored coffees can have i would use this seller again in a heartbeat and look forward to trying more of their coffee,positive,negative,positive,True
i spent a lot of time seeking the right bean for my fully automatic espresso maker wanted a bean that was smooth with a chocolate finish and not oily top class is that coffee the product is also well priced,positive,negative,positive,True
when i recently started using k cups wasn t sure that the quality or the intensity would be up to par i wound up trying many of the standard k cups which for the most part were ok but not great the barista prima french roast is well worth trying very intense and flavorful no more concerns about throwing away my old coffee pot,positive,negative,positive,True
i usually drink green tea straight up but i wound up in a starbucks one day and ordered a chai latte it didn t taste like tea to me at all it was more like hot chocolate only with spices instead of chocolate i thought i d gone to heaven i regretted not bringing some of the tazo tea home later i just started craving the stuff i found tazo chai spice at the supermarket but wasn t happy with the price so i thought i d try stash i already buy some of their green teas it s even better than tazo the spice chai or double spice chai they re both delicious the double just has more spices and works better with milk or cream makes the house smell good too not knocking tazo either after all i did rave about their tea i just think this is even better if you want to give tea as a gift spice probably won t go to waste no matter what the tea drinker usually drinks every tea drinker i know can go for a spice every now and then,positive,neutral,negative,False
when i bought this i didn t think it would be so tasty this tea has a very flavorful sweet natural taste i am a big tea drinker and always hunt for a new taste and this is definitely at the top of my list,positive,neutral,positive,True
pros packaging keeps portions noticeably fresher than cans portions are for my cats ideal servings they are not large cats but not kittens either each pack seems to be just the right amount i no longer have opened half full cans of food sitting around that sometimes go to waste dispensing into the bowl is a much more clean process than with cans variety of flavors in each box cons despite the pros i had to give it stars because both of my cats and a catfood eating dog don t ask will only eat the pouches that contain tuna that means of the pouches seem to end up going to waste i can remedy this by purchasing differently but felt it was important since pets agreed at my house if your cat is large the portions will most likely be too small tip shake the pouch by holding it at the top before opening the top this pushes all of the juice down to the bottom of the pouch there is a chance when you rip it open that you ll get catfood juice on your hands if you don t,neutral,negative,positive,False
i ve been buying happy bellies for the past months though i didn t use it exclusively i also tried other brands i d say i ve bought probably or cans so far unlike most of the reviewers here who opened a seemingly bad can most of my cans have been grayish greenish color i thought it was a bit weird that the color consistency smell is different from the other brands but since the quality i got has been consistent consistently bad i didn t think too much of it and then one day i finally got one that looks normal i did some search on the internet and realized that i ve been giving my baby bad oatmeal i feel so bad i hope the company does something about it and that fda investigates on this issue has anyone reported this yet,negative,neutral,negative,True
this item was just as advertised you can see exactly what is in the item nuts etc are visible and held together with honey etc the taste is just wonderful worth the money to get such a good and unadulterated product,positive,negative,positive,True
i don t have much to say about this maple syrup except delicious great taste my other complaint which really isn t a complaint is that the price is only average not the fault of the maker at all maple syrup isn t cheap that s just the way it is so an average price is fine,positive,neutral,positive,True
the brown pieces of food have a bizarre almost rubbery texture to them but my dogs absolutely love this dog food i can t justify the price for use on a daily basis especially given that the ingredients aren t exactly top quality compared to come other brands so we ve been using it as treats and training aids i cant say enough about how much my dogs love this food if it was up to them we d be using chef michael s exclusively,neutral,positive,positive,False
in the supermarket its taste good with coffe or cooking just price is so hight here ill just go store buy it,positive,neutral,negative,False
i tried this when i was in southern california and cannot find it anywhere in northern california i like it because it is poultry and has natural ingredients with no preservatives i can eat it instead of a protein bar i can take it camping it doubles as emergency earthquake supplies and it s not full of fat or sugar i find the price a little high but i make sure to have the bag last for several days,positive,neutral,negative,False
i have tried herrs utz wise pringles lays etc but kettle tasted the best the quantity of salt used is the optimum which is required although they say serving size ounce you will finish the whole packet in no time total calories is for ounce bag this is slightly on the higher side but still it is ok as they have not compromised on the taste only issue was that all packets have some burnt chips which taste bad kettle should take care when packing to ensure no burnt chips are there thanks to amazon to get bags for just bucks with free shipping using their coupon,positive,neutral,positive,True
what happens when you say his name three times michael keaten stars in this comedy about two couples that live in an old two story house while coming back from a supply store the couple suddenly get caught inside of a quot broken up quot bridge and then just before they start to tumble down into the lake a board catches them but just when they ve got their hopes up and small dog steps on the board and the car starts to slide off the bridge and into the lake waters a few minutes later they find themselves back into their home they find that somehow somehad light the fireplace as if done by magic from then on they find a weird looking dead guy known as bettlejuice the only way they can get him for help is to call him by his name three times and he will appear at their survice but they soon wish that they have never called his name because bettlejuice was once a troublemaker but he is the only one who can save them on the account that they said his name three times they can t leave their houses or else they will find theirselves in another world with giant sandworms this is a stellar comedy that you should see michael keaton is awesome as he plays the leading role of bettlejuice,positive,neutral,negative,False
if you like flavored coffee this is okay it does have the smell and flavor of a chocolate donut it is not very strong or robust i tried this out of curiosity i would not order it again but then i like a rich robust coffee,negative,neutral,positive,False
now i m not going to compare this stuff to home made and especially not my own home made but for a container that you buy off the shelf it s pretty darn good i ve been getting tired of wolf brand chili for a few years and recently decided to try something different i got some of this and thought it would probably be mediocre at best what a great surprise the stuff is very tasty it s just spicy enough to get your attention but then it settles out and isn t bad at all it s sort of like false alarm chili it s got large beans maybe kidney and nice chunks of meat the sauce is a little more fluid like that other brands so you can see the beans and meat better i think i just found my new favorite instant chili,positive,neutral,positive,True
i was wrong thinking that this is dry salty plum i didn t like the taste i can say yhe product leaves bad after taste in the mouth,neutral,negative,negative,False
great tasting coffee strong but not obnoxiously strong and no nasty aftertaste too bad it cannot be purchased on subscribe and save anymore,positive,negative,negative,False
teavana had the ayurvedic white chai combined with this as a store sample loved ordered tastes just the same at home delish note we ordered a tea kettle on amazon that allows you to brew to specific temps i recently learned the temp coupled with the steeping time makes all the difference one more thing teavana has an app it provides directions for preparing all the teas they sell including combinations between varieties and it has a little timer for steeping good job teavana,positive,negative,negative,False
i ordered this product because of the dr oz show for anti aging a nice by product is i swear my knee pain has improved since i started drinking a cup a day oh yeah and it taste good,positive,negative,positive,True
this one is well thought out perfect in every way i threw my old my k cup out in the trash did you know that some of the new keurig brewers such as the b were redesigned a little yes and the new brewers don t allow the my k cups from keurig to fit properly i called keurig on this and their customer service team says some of the brewers were redesigned with slight changes that don t allow the my k cups to fit you have to move a small gasket down each time you switch between your k cups and your my k cup we don t have a new my k cup that works so you need to just use this work around for the time being now with my eco brew problems solved that s because it s the exact same size as the k cups no more changing the adapter in and out it works better too coffee is stronger no more hole down the middle with weak coffee and wasted grounds that were never used whoever designed this was a genius and too bad for keurig they didn t think of it,positive,negative,negative,False
the wrapping is secure and nicely designed and that s the end of the good news i m not sure this bar qualifies as food it is like single slice cheese in that it seems like a food product and not an actual food it is dry crumbly and not better tasting than shoveling a scoop of protein powder into the ol piehole also you can t really eat this product in public it literally looks like a big bar of chocolate covered mouse turds,negative,neutral,negative,True
i love anything pumpkin so of course this coffee fit the bill i find that one cannot go wrong with green mountain all of their seasonal k cups are great just so you know i prefer dunkin donuts over starbucks so if you are with me on that you will probably like green mountain i do not like bitter coffee,positive,neutral,positive,True
for whatever reason we have been using tin foil to cover the cat food cans for years finally it dawned on me to purchase actual lids after reading many reviews of lids on amazon we settled on these and good thing we did first these are real rubber soft and easy to put on and take off they have large pull tabs on the side that make it easy to take off they fit the large cans and small ones they have a inner ring for the smaller cans and the seal is tight i put them in the top shelf of the dishwasher and they hold up just fine after a few months they look and work as good as new they shipped fast and arrived undamaged,positive,neutral,negative,False
our two rescue cats are a year old torbie and an year old tuxedo both girls are inside kitties and get a moderate amount of exercise playing with each other and their dogs on regular dry cat food one of the cats has a tendency to tub up rather quickly and the older feline s fur tends to become tangled and a tich dry with diet foods this also leads to additional grooming and resulting hair balls after surfing through likely food sites i was impressed by premium edge s ingredient list chicken and salmon target audience and price point in that order the gobbler preferring seafod blends and the older girl loving chicken it seemed this would be a good fit but as any cat parent knows the proof is in the pudding would these indivuals like it really like it pounds worth both cats accepted this new kibble without problems big sigh of relief there the formerly chunky kitty has begun to look a little more panther like again while in only a matter of days the coat of our amh tabby is soft and gleaming with less need for as much grooming this is an added plus as not every weight reduction formula out there will yield a nicer coat our senior girl can chew this small firm kibble just fine stools seem the same with the premium edge dry food and there is not as much hacking and hawking of fur balls underfoot one tip since both cats become finicky with any dry chow that becomes old with bags larger than lbs we are using a few lock n lock containers with tight seals to hold the excess and keep at bay our pair of curious canine chowhounds,positive,neutral,negative,False
my cat went into mourning when our dog died and wouldn t eat so my friend gave me a tin of this to try and that got her back on track so i ordered more and boy did she love it it even smells good almost like human tin food,positive,negative,positive,True
this set is the same as what i bought in walmart and have lower price i like this product and shipped very quickly to my house good seller and good product,positive,neutral,negative,False
i have given my cats this catnip and they don t really react much at all from it they just roll around in it and that is all they don t get catnip that often so i don t know if it is the product or that my cats have a high tolerance to catnip thanks,neutral,negative,negative,False
this coffee drink is made in denmark and imported to be sold by coca cola its ingredient list is short and pretty non offensive coffee sugar potassium bicarbonate and potassium citrate the can is labeled as no preservatives so i m not sure of the reason for the last ingredient the taste is like a sweet high quality coffee it claims to be an italian espresso style coffee and i suppose it is although i m not an expert that s about it no milk or cream taste but good coffee if you like cold sweet coffee you should like it the drink contains mg of caffeine so it s about as strong as your average energy drink or high end cup of coffee it contains calories so it s fairly light in that department being that it doesn t use artificial sweeteners,positive,neutral,negative,False
these bars taste kind of like a peanut butter and strawberry jelly sandwich they taste like they are not full of sugar so that s good for young kids and adults alike i enjoy bars that have the nuts and other ingredients visible and so this product gets a good grade from me,positive,neutral,neutral,False
it cost a few pennies but it will give you an energy boost so you can keep on going i take one before the run and one every minute thereafter,positive,negative,positive,True
my local store stopped selling a popcorn salt and so i ordered this one i have been extremely happy with it its a fine grain salt so it sticks to popcorn and salts the taste the large container lasts a long time i think i used the first one for about a year and i just bought a second one,positive,negative,positive,True
i have purchased this product a couple times now and i think they are great normally i do not care for the fake taste of may lollipop brands but this one i really enjoy i also keep them in my candy dish at work at first people were hesistant to try them they were not familiar with the brand but the ones that have always come back looking for more they have also figured out which ones are the best flavors and which ones are rare when i refill the dish it is a race for the mango and sour apple flavors both which i quite enjoy,positive,neutral,positive,True
ordered these because i wanted to try them and none of the stores in my area seem to carry them normally i eat the habanero bbq or the wasabi for spiciness they are better than the habanero but not as much as the wasabi can be though in all fairness the wasabi is in a whole different taste spectrum anyway flavorwise is where they lose out they taste much saltier and the flavor itself is overpowered by that until you get to the end zing where the spice kicks in in summary they are edible and i will finish off the cans that i ordered but i will go back to purchasing my wasabi and habanero after that,neutral,negative,negative,False
i normally purchase the lavazza grand crema pods for use with my breville espresso machine and have always been happy with them but wanted to try something different so i ordered a box of espressione classic espresso instead initially i was very disappointed with the results a second shot of espresso using these pods contained only about half as much liquid as one using my normal lavazza pods in other words the water was passing through these pods at a much slower rate than through the lavazza maybe my machine is lacking in pressure but i could tell just by the feel of the pods that these are much more tightly packed than the lavazza ones my disappointment changed to delight when i tried these pods out on my handpresso wild however i had never really liked the taste of the lavazza pods using this machine seemed much more bitter compared to my real machine at home but with espressione it was perfect bottom line if you are using a handpresso i recommend these pods if you are using a normal espresso machine you may want to try out a smaller size package before committing to pods,positive,neutral,negative,False
i have tried many snack and nutritional bars and these are my current favorite the combination of flavors not only satisfies my hunger but also satisfies my desire for something sweet what turns me off about most fruit nut bars is the syrupy sweet substance that holds the ingredients together i don t taste that at all in any of the kind bars i have this particular variety on auto delivery,positive,negative,positive,True
great product but i pay cents per pouch at our local grocery store here they are selling for over dollars a pouch i was hoping to put a few cases on monthly shipment but given the price i will keep buying them at the grocery store,positive,negative,negative,False
we ordered a case of these without never having tried them before and were pleasantly surprised they have a distinct flavor and are very addicting the only down thing i can say is that when you open the package there is only around of a bag and they are gone before you know it,positive,negative,negative,False
brought several trees they all died within month s i have a lot of experience with both bonsai and orchids i have some who are over years old maybe it s the shipping or the fact i brought them when it was cold i m not sure but i won t buy them that way again,negative,neutral,negative,True
the seller of york peppermint patties tried twice to send me their product but due to circumstances beyond their control the merchandise arrived in a partially melted condtion the seller did their best to compensate but it did not work they were handsome in their actions to reemburse me and showed a company policy that i wish would be followed by all the merchants that i do business with alas what actually arrived were partially melted patties perfectly edible but not fit to be served to visitors if one had company opening the patties would scatter the chocelate covering and make a mess once passed the mess the patties tasted fine it has been explained to me that taking extra care in the shipping would make the cost prohibitively expensive would like to thank the bice wholesale company for the efforts they took to send me a satisfactory product sorry to say they were only partially successful in this particular case one could honestly blame the summer temperatures and or the heatwaves that pestered the mid west and east coast recently regards adam b dijkman,positive,negative,negative,False
i loved the hawiaan mix and when it was no longer available i decided to go for this one i am so disappointed and spend my mornings picking out the cranberry rocks ussually all udi products for the gluten free are superior but this cranberry granola should never leave the factory,negative,neutral,negative,True
usually i buy spicy shake n bake seasonings so i was prepared to be a little disappointed when i tried my sample of the original pork breading it turned out to be pretty tasty the crispy breading added a subtle flavor to the pork and didn t overpower it add some rice or pasta and a side of vegetables and you ve got yourself a healthy home cooked meal with little hassle i ll make a note to buy more of the original flavor in the future,positive,neutral,negative,False
both of my kids go crazy for these pouches they would eat several in a row if we let them with the little one you have to be careful so that she does not squirt it all over herself and she has made a big mess in the car a few times but by months she seems pretty good at self feeding with them definitely recommend these if you want something your kids will love and is hopefully good for them,positive,neutral,positive,True
i am a huge fan of genisoy soy crisps deep sea salted flavor i love the crunch and texture of this non greasy snack the flavor is subtle and very light no heavy salty taste or greasy lips or fingers after eating i also like that i can really indulge on these and not feel the regret of eating too many calories soy crisps are my fav crunchy treat lt,positive,neutral,positive,True
these tasted so good i was surprised because i have heard so many negative things about glutten free bread products i would eat these by choice not because i have to,positive,negative,positive,True
these payday peanut caramel candy bars were very yummy i don t know why the first description of the product says bars a bit further down in the details it does tell you bars for candy bars would be a rip off but you get king size candy bars which equals regular size so the price with the free s h is a good deal i would buy again,positive,neutral,neutral,False
i may still be able to use this mix if i pick out the sesame seeds and it may make rice taste great but i wish i had known there were whole sesame seeds in the mix,negative,neutral,negative,True
the nuts were plump and fat not too salty but seemed a bit dry which we interpreted as not as fresh as we would have liked for the purchase amount i feel when fresh nuts are uniquely flavorful each with their own signature taste it seemed that many of the nuts lovely as they were were indistinguishable from one another,neutral,positive,negative,False
i add these nibs to smoothies and yogurts everyone in my family enjoys this product including my month old son however cacao nibs are not at all sweet and i would not consider them candy,positive,negative,neutral,False
i tried this from the sampler pack and couldn t get over how great it tasted when brewed at the largest travel mug setting in the platinum brewer although i like the breakfast blend from green mountain for my actual breakfast cup of coffee this is the one that is keeping me out of starbucks,positive,negative,positive,True
i dont really worry about my weight these days these bars are not exactly low calorie though in the writeup i read on the internet i the guy who created the product says he sometimes eats a couple of them for lunch that s about right it would be a tasty light on the go lunch at calories so much better for you than a candy bar i read an interview the magazine about the founder of the company and it inspired me to try other bars also where they are selling them everywhere i loved it the one i sampled was different from this one but this one sounded like i would enjoy it even more and i did,positive,neutral,neutral,False
prices for pine nuts are going up and up it seems like the prices go up every month no reason to buy in bulk,positive,neutral,negative,False
i had bought these yesterday at ralph s about pretty average for a box of kashi bars i was looking really forward to having them as a snack today i had read the reviews about how hard they are yes they re hard but about the same hardness as a nature s valley bar the taste is great pumpkin pie does come to mind but these remind me of ginger snaps more in each individually wrapped package are two thin but not too thin pieces pretty enjoyable and most importantly the nutritional value is good if trying to maintain weight better than a quaker oat granola bar totally recommend,positive,negative,positive,True
update but stars go to amazon who issued a credit for my last order of this product good work and thank you amazon i am impressed mo change from stars to cancel this praise of this product it does contain bpa mo this is great fish no bpa no added salt i choose what and if salt is added i love lots of eatable fish bones top calcium availability congratulations crown prince and thank you for canning fish i can eat without bpa,negative,neutral,positive,False
this oil has a very mild flavor i use a lot of olive oil and this is a good economical option for a light flavor i did have some dripping issues with the can but nothing is perfect if the tin didn t cause drips i would have given it stars,positive,neutral,positive,True
the extract was just what i was hoping it would be we are using it to make pancake syrup it is perfect i was shocked when it arrived at my door only days after i ordered it the extract was packaged well couldn t be happier,positive,negative,positive,True
i was a bit disappointed in this pineapple it was dark colored and rather tough and limp i liked that it did not have any suphur or sugar in it but still i found the fruit difficult to eat because it looked so dark and unappetizing,negative,neutral,negative,True
i got this after reading an article in natural health magazine s october edition feed your pet right the article identified protein rich nutritionally balanced cat food my two cats did not like the chicken types but love the red snapper tuna and shrimp tuna and sole and yellow fin tuna i get the combo in the pack i would recommend switching over from dry food to wet slowly so there s no upset stomachs i think your cats will like this food even if they are picky like mine,positive,neutral,positive,True
i got these for my in laws who have the mr coffee version for k cups they do enjoy them but prefer the milk chocolate version better,positive,neutral,negative,False
my dogs love these but i stopped using them because they were expensive not long after i stopped i noticed my dogs breath stank really bad so i started buying them again totally worth the cost i just didn t notice what a good job they were doing until i stopped using them,positive,negative,negative,False
i purchased the peanut butter treats my goldendoodle seems to really enjoy them the only drawback is that they do dry out quickly so keep the bag sealed,positive,neutral,negative,False
i ve read a whole lot of reviews for the various different brands of truffle oil a number of which suggest that there is no way of infusing truffle flavor into the oil and that all are full of chemicals well i can t comment knowledgeably on that but i can say that the bartolini brand is by far the best that we have tried and tastes and smells strongly of truffle we use this primarily as a finishing oil on risotto and scrambled eggs where the quality of the underlying oil is critical and have been really happy with the bartolini oil i first used this product when living in london and had friends bring some out for me when i hadn t been able to find a good alternative in the us so am delighted to find this on amazon the oil is a bright yellow and the base oil smells like a good quality extra virgin oil each bottle at least has a small piece of truffle in the bottom lending some support at least to the idea that the oil is infused if there is artificial flavor added as some reviewers have suggested there has to be then all i can say is that the resulting taste certainly doesn t have a chemical or artificial taint unlike some other brands we have tried in particular we have also used the tourangelle brand available in a tin from amazon and whole foods which is absolutely ghastly and the quality of the oil used for that brand is appalling the end product is pale tasteless and almost without any aroma let alone that of truffles the presentation in a tin is unattractive and also lends the oil a somewhat metallic taint just a generally awful product i guess they realize that the product looks so bad that if they put it in glass they d never sell any of it perhaps they think people are going to use it as a cooking rather than a finishing oil which is completely inappropriate you could hope that heating it may burn off the dreadful chemical taint so if you re looking for a good option that looks and smells good on the food and at least gives the impression that it is a natural oil i don t think you can go past this product,positive,negative,positive,True
i am used to see either the pink saccharin or the blue aspartame envelope one warns about cancer while the other one warns about brain damage splenda does not have any of those now the pink and the blue are gone from our work office first approved for use in canada in and later on in the us in splenda is multiple times sweeter than the previous sugar substitutes unlike saccharin splenda does not have a metallic aftertaste another advantage is that splenda is stable under heat and can be used for baking,positive,negative,neutral,False
we ve been having a couple raccoons stopping by each night and foraging around the plants and trash so we ve been looking for a deterrent to keep them from getting too comfortable and deciding to hang out we didn t want to trap or hurt them or use anything with chemicals that would be bad for the plants and animals so this critter ridder seemed like a good choice since it s apparently all natural and unharmful apparently it just stinks really bad to animals yet isn t bothersome to us humans but i think we went a bit haywire with it because it s a lb canister and we used a bit over half of it for a relatively small area supposedly the canister is good for multiple applications to a mid sized area but i doubt that given how much we used for just application but it seems to be doing the trick because our security cams caught the raccoons steering clear from where we sprinkled the critter ridder the only downside i see is this stuff is it s quite expensive for something that needs to be reapplied every days or sooner if you water the area often or it rains if you had to keep this up regularly it would cost quite a bit over the course of a summer especially if you re trying to cover a larger area i m just hoping the raccoons learn to stay away and forage elsewhere before we run out and need to buy more of this expensive stuff fingers crossed bottom line works well enough but costs too much to be practical,neutral,positive,negative,False
love the oil but i hate the jar whenever i try to pour out some of the oil it spills every where for this reason going try another brand next time,positive,negative,negative,False
after getting a case of apple flavored izze and enjoying it immensely i am eager to try the other flavors this stuff is good the apple flavor has a sour apple thing going on but it s not too sour it s also not too sweet which is another reason i love it you know how some carbonated beverages are full of corn syrup and other things that can make you feel like you re downing packets of sugar izze doesn t make me feel that way if you like sparkling cider and you don t mind a little sour apple kick i bet you ll enjoy apple izze,positive,negative,positive,True
these are pretty good and i prefer them to anything else i have found but there are more pits that i would expect and some of the cherries are pretty discolored like they may have started turning bad or something,positive,neutral,negative,False
after what we went through with my daughter i would not recommend advance to infants that have tummy issues it will destroy their gi tract we used this for the first days at home if that,negative,positive,negative,True
ok so it isn t exactly as good as grilled cheese but melting a slice of cheese on one of these crispy discs in the microwave is close enough for me plus no need for fattening butter the thins are about a quarter inch thick maybe a little less not too thick and not too thin they offer a multitude of options for quick gf meals perfect for someone like me who typically eats several course small meals throughout the day vs large multi course ones the taste is very mild relying on whatever you put on them to add of the flavor by the way they are called corn thins but technically they are made out of popped corn so they are a little puffy sort of like rice cakes but thinner and crispier my batch just arrived with an expiration date of october which is a tight time frame but because these are so versatile i think i can manage finishing them by then update feb the last two unfinished packages were stale by the end of august in spite of the inner foil liners they didn t make it to the specified exp date and i ended up throwing those two away because the bulk quantity is so high would make more sense i m afraid i won t be buying this again i just can t finish them in time,positive,neutral,negative,False
honestly and simply this product was not a good one certainly not good based on my personal experience the beef jerky was so extremely tough and difficult to chew many pieces were so tough that they were literally inedible additionally i ordered the teriyaki jerky and it had a very weak or light flavor,negative,neutral,negative,True
i ve ordered this variety pack from green mountain several times i prefer strong coffee and i ve never been disappointed with the flavoring of this pack they do have a fresh by date on the box so maybe the other reviewer s experience could have been skewed by a less than fresh box in which i m sure amazon would exchange for a new one enjoy,positive,neutral,negative,False
i m a value shopper at heart so in all honesty i bought this wine kit primarily based on price i figured shipped for a kit that includes everything i needed except bottles was worth trying out i ve made some of the premium kits from other companies in the past and i wasn t expecting anything great from this kit but hoping for a drinkable wine however i ve been pleasantly surprised with the quality of the finished product my wine has been bottled and aged for months now and the flavor is very good and getting better crisp with hints of apples and peaches no unpleasant or bitter aftertaste i ll let it age a few more months before sampling again granted the kits that cost to times more do make a better wine but the difference isn t what the price would indicate this kit will make a decent wine comparable to a bottle you could buy in a store for about previous reviewers have indicated that if you make it to gallons the wine will be a little weak and thin in flavor i believe this would be correct i was aiming for a specific gravity of to start and i got that with a little over gallons volume what i did was add cans of frozen concentrate white grape juice and brought the total volume to gallons which gave me a starting gravity of fermentation took longer than indicated in the kit instructions probably because the juice concentrate i added isn t intended for fermentation purposes and contained sorbate as a preservative to help counteract any problems from this i made a yeast starter hours in advance to pitching the yeast and had it bubbling good when i pitched it the finished wine was fairly dry my wife and i prefer just a hint of sweetness in a riesling so i added some additional sorbate and sweetened a bit just before bottling it was a little harsh when bottled but that s normal and has improved significantly after months i expect it to be even better after months adding some metabisulphite when bottling provides increased protection for longer aging i did that and will let half the batch age at least a year we re very pleased with the results the next time i make this kit i will consider adding some golden raisins to the primary fermtation i think this would increase body and result in an even better wine mostly what i make are fruit or floral wines from scratch but i will purchase additional vino italiano kits in the future of various types for my grape wines i ve rated this kit stars because it yields a good wine for an excellent value,positive,neutral,positive,True
it really did help my father is a cancer patient and didnt want to eat because the taste was no good well the miracle berry gave him a good taste again,positive,neutral,positive,True
it arrived on time and the quality is good as i expected i will purchase again and recommend to other people,positive,negative,positive,True
i purchased this citric acid product for rust removal on tools so i just needed cheap not necessarily a food grade product this is the best price i have found online especially when including shipping the earlier reviews mentioned poor packaging someone must have listened because my package arrived in a heavy plastic overbag and arrived safely with other items in the box i ll buy again when i use this up,positive,negative,positive,True
the candy is great but a little too hard other than that we are enjoying it they shipped it fast and we got it when it was expected,positive,neutral,neutral,False
bear naked did it again they took the most basic items and put together a delicious product high quality products for a realistic price,positive,neutral,positive,True
just adding this to my normal diet routine has caused a big difference in my weight loss i m not hungry and have plenty of energy a huge change from before i started drinking it i was actually a little concerned at first due to the sudden drop in weight i thought i was losing water weight but i was wrong i use about a teaspoon teaspoon and a half per day and brew it times about cups per day as a bonus it tastes pretty good too,positive,neutral,positive,True
i purchased two sweet bay plants from this vendor i did not expect a fully mature tree for the price but i was very dissapointed when i received the plants they were less than in height and although healthy it will take quite a while for them to develop into a substantial plant i did contact the vendor and he stated that they grow quickly and to phone him back in the summer if they had not become more established frankly i think i should have received an acceptable plant in the beginning instead of dealing with this vendor any more i went on line and ordered a plant from almost eden smith road merryville la we appreciate your business and hope you are pleased also jeffm almostedenplants com this small tree arrived promptly and was in excellent shape i spent about the same amount as i did for the puny seedlings this tree was tall and extremely healthy i would recommend any looking for a sweet bay laurel to contact the folks at almost eden,negative,neutral,negative,True
unfortunately a previous reviewer stole my thunder but the oreo peanut butter fudge creme is basically a knockoff on the girl scouts tagalongs since both have a hard cookie base and peanut butter center all dipped in fudge when you have perfection a copy usually pales in comparison and oreo s peanut butter fudge creme does pale in comparison to the tagalong namely they skimped on the peanut butter also i think they d taste even better if they had had a double layer of cookie rather than just the single both together leave the cookie rather thin thinner than your standard oreo cookie and obviously much thinner than the fat double stuffed variety also the packaging does not include very many cookies open it up and there are rows of seven cookies with packaging making up maybe of the area very unlike your typical oreo package where you have wall to wall cookies i know that prices are going up and manufacturers are cutting portions in order to keep prices down but this seems like a colossal waste to have this huge package and only cookies i d also like to say that they are cheaper than tagalongs but at a package at amazon s market price of for these are pretty expensive as well that said knockoffs are not always bad as my wife and i basically ate the entire bag in one sitting however as an honest reviewer i had to weigh the positive with the negative and when you are left wondering about what if s then it can t be stars still pretty darn good,positive,neutral,negative,False
i am not a huge coconut fan so i wasn t excited about trying this but with one sip it definitely won me over the flavor is perfect and is now one of the flavors in our regular rotation and it smells so good,positive,neutral,positive,True
no instructions on packaging that i could find so first i put a pod into k cup machine this is not for k cup machines no taste i do brew tea bags in same machine with great results then i put a pod in a cup and covered it with hot water and let steep quite a while weak not my cup of coffee,negative,neutral,negative,True
the pepper stock they use for this must be really small peppers cuz this stuff is at least half seeds pretty decent flavor price was excellent got it at off with the different promo s roland seems to be pretty strait up for a chinese outfit whatever you do do not ever buy chinese garlic it s always irradiated for shipment to u s meaning it s absolutely dead bio actively,neutral,positive,negative,False
i think this is a fantastic product no more cans to open and no more worry if you can finish all the beans in the can you can make a little or a lot whatever you need for that meal to make different quantities just measure out beans for example a cup of beans equals a cup of water then heat and eat,positive,neutral,positive,True
these were pretty good nice coconut flavor but with that lousy fake fudge shoppe chocolate keebler uses they do taste kind of like the girl scout samoas but i didn t detect much if any caramel and with the sub par chocolate i don t really agree with people who say they re as good as samoas they were fresh though with good flavor and cookie part was still crunchy overall i liked these but don t expect the flavor or richness of the girl scout cookies,positive,neutral,neutral,False
we switched over to earth s best when similac had their big recall a couple of months ago the first thing we noticed when we switched was that she spit up a lot less and her gas was not as frequent some of the reviews mention that the formula is prone to not dissolving as well but all you have to do is shake it up for or more seconds than the name brand stuff also when bought in the pack on amazon it makes it just as affordable as buying at costco or sam s and you have the bonus of knowing you are giving your baby a premium alternative to breast milk which my wife can not produce anymore,positive,negative,negative,False
and i want to congratulate the graphic artist for putting the entire product name on such a small box the ad men must have really thought long and hard but seriously i love the product the taste was refreshing and i thought that the taste was pleasing with no aftertaste not too sweet and goldilocks would have stopped right there if there was a choice of easy to use as you just pour the contents into a oz bottle of water and shake mixed well no granulation you really couldn t ask for anything more and lipton like a good drug dealer knows what they are doing give me a taste for free and have me for life stars,positive,neutral,positive,True
this is the first time i ordered o clock coffee i usually drink columbian and buy my stock from joe traders from taste point o clock coffee is nowhere behind joe trader s coffee or for that matter any other columbian coffee however price is a lot cheaper compared to other brands i got a oz bag for and i call that a substantial savings in a market when everything costs more overall i am very satisfied and will buy again,positive,neutral,positive,True
with the rush of flavored water drinks on the market i decided to give vitamin squeeze a try i will admit to a level of apprehension but thought it could be really good there are a lot of them opening the cylinder the concentrate was a light red color that looked like hawaiian punch and had a faint scent like kool aid ok i thought so far so good i poured out a small glass of water following the directions added a squeeze of the syrup it had the color of hawaiian punch but was cloudy still had the same scent so far so good then i tasted it there was a faint fruity taste but also a chemically taste that was less pleasant maybe i didn t use enough i added another squirt hoping it would increase the flavor it did unfortunately the wrong flavor the fruit flavor had faded entirely overwhelmed by the chemical flavor in short bleah the label says nutritious delicious well they may have gotten one of those right but to quote john lithgow in the movie if it has to taste like this i don t care if my electrolytes are balanced,negative,neutral,positive,False
our family loves these pop tarts and we were glad to find them as the grocery stores will no longer carry them that said at least three of the pop tart boxes were crushed upon delivery makes them hard to toast and eat i am not sure who i can tell to make sure they are handled better next time,neutral,positive,negative,False
i enjoy trying different popcorns and this one is very good the flavor is great the only negative comment i have is that the texture is a little chewy i prefer a crisper corn,positive,neutral,positive,True
after the protein water in the bottle could not be found any where i found the mix in amazon and tried the taste is not the same you can adjust it not to be too strong or lighter but it still gave you an mild after taste the good thing about it is it costs so much less so i stay with it after a while you get used to and it still good after all,neutral,negative,positive,False
i liked it at first for the refreshing taste however it this product leaves a strange after taste that reminds me of soap or shampoo the color is also very strange the color is very pale a little turquoise like and almost looked fluorescent i would not buy this product it is just too odd,negative,neutral,negative,True
i love larabars and i love pistachios unfortunately i have found too many nutshells in my pistachio larabars the shells i find are small but it is bothersome to me to be chewing on something and suddenly hit something sharp and hard i don t think i ll be buying these again despite their good taste,positive,neutral,negative,False
this mix is very tasty it has nice texture and cuts easily into slices that can be toasted only problem it rises reeally well despite my adjusting for the excessive rising it still oozes up and up i ve taken to simply mashing it down again manually before the baking cycle starts,positive,neutral,positive,True
my only critique is that a lot of the crackers when i open the box are broken but the taste is the same as the ones i used to get from costco but costco crackers are not broken,positive,neutral,positive,True
these definitely aren t as fresh as you can get them and i probably wouldn t order again but for the money it wasn t a bad deal and i m not throwing any of them out,positive,negative,positive,True
we have purchased these treats several times for our aging bichon and been well pleased she loves them however this last batch is tough and really dried out,neutral,positive,negative,False
this tea delivers on aroma but seriously fails in the taste department i m not sure if the quality has gone down hill over time lots of rave reviews but i find this tea to almost be undrinkable i couldnt believe how bad it tasted so i had tried an endless amount of combinations on steeping time and amount used to no avail the bergemont is there in smell but all i taste is an overpowering bitter lemon also if steeped beyond it becomes very bitter and gathers a really awful taste in my experience the only reason i am still drinking it is because i can t bring myself to throw away a pound of tea my advice would be to steep for mins it ll be a little weak but won t taste as undrinkable as mins does which is a typical steep time for blacks or spend a little more money on something like twinings easily a star tea if it weren t for the extremely low price,neutral,negative,negative,False
worked great the first time i used it after once though its like my cats are immune to it i would not recommend this product to others,negative,positive,negative,True
i don t what that dude was talking about look at his others reviews and you ll see for yourself anyway back to the review the peppers were okay and tasted good the only thing is they could ve been hotter just a personal preference i tested them on my kids and they said they were too hot overall a good product and free shipping s a plus that s why i bought them they got here quick two days there great on sandwiches or out of the jar i ll order again,positive,neutral,negative,False
these prunes plums are good part of the reason i bought this reason was that the mariani family produced them on their farm the prunes come from turkey not the us it seems that virtually all dried plumes come from turkey and that data is hidden in the small print when a company hides the truth i don t think highly of them i like the product i don t like the hiding,positive,negative,negative,False
this puerh tea is fairly strong with an earthy flavor i am drinking it to lower my cholersterol as that is what it claims to do i believe it has a lot of cafeine so i don t drink it after dinner i actually like the flavor,positive,neutral,positive,True
caffeine can often be a problem for me and i often like to have a comforting cup of tea in the evening i have tried most of the decaffeinated black teas out there and most are poor quality and or very weak i m not overly fond of herbal teas earl grey or green teas and this is the best decaffeinated black tea i ve found at least readily available in the states though not as strong as the equivalent caffeinated twinings version it is pretty close and has a lovely full bodied flavor without bitterness if you like your tea on the stronger side simply allow a minute or so longer steeping time on this one i tend to drink mine brewed strong with a bit of milk i admit there are caffeinated black teas including several loose teas that i prefer over this one but based on a lot of searching this is the best of the decafs and i m glad it s available for an evening cuppa i still think there is room for improvement in this product area but this one is pretty good and is definitely a step above the rest of the field,positive,neutral,positive,True
easier than getting my favorite trader joe s in smaller bottles only and almost as good sugar is listed as an ingredient shouldn t be,positive,neutral,negative,False
despite a lot of negative reviews i still bought this product because of the great price to my surprise i loved the cappuccino i brew the small cup when using these k cups because it s a little stronger when you brew the larger cup size it s a little weak over all loved the product and the price,positive,neutral,positive,True
our vizslas have done very well with this food since we switched from foster smith food last year,positive,negative,positive,True
i ve been giving my daughter gerber fruits veggies and meat as everyday meals since she was months old thinking that she s got enough vitamins and prebiotics however she developed digestive problem and chronic constipation she almost stopped gaining weight since she was months old i took her to gi and she told me that those packed fruits are all cooked and there are additives to keep them fresh for long period of time i started to puree fruits and veggies using vitamix and only use gerber fruits veggies when we are out and about now after half a year of probiotics and wholesome food she s slowly getting better and opens her mouth to food,negative,positive,negative,True
hi i just wanted to put my two cents in regarding maca i learned awhile back that supplements superfoods herbs etc must be taken consistently in order to experience results i began taking maca for its nutrition and reputed adaptogenic effects similar to ginseng i later learned through research that it is a food and does not need to be taken in small amounts since i was a part time softball player after work and trying to increase my fitness i also increased maca intake oatmeal smoothies soup beverages i had maca at least twice a day in ounce portions i also want to add i was not on caffeine at this time i valued my sleep it took about and a half weeks to notice a marked improvement in energy and mood this experiment years ago convinced me that maca works for me and i haven t been without it for long since do try this in small amounts first the taste is not bad but malty and a bittersweet like dong quai you will pay quite a bit more for small packaging and or gelatin capsules but it will be worth it if you can reap the benefits then go for the big bag and never let go of your health,positive,neutral,positive,True
what was once a great tea has fallen prey to a worldwide packaged food malady smaller portions weaker portions or artificial ingredient substitutes all in the name of cutting costs in the case of twining s decaf english breakfst tea the amount of tea per bag seems to be shrinking at at alarming rate each year my latest purchase has turned out to be the weakest tea i ve ever had it s back to loose tea filling a tea caddy and hopefully more flavor,negative,positive,negative,True
i saw an advertisement for this new line of soups and was really interested i often have soup for lunch at work and thought this would be a nice treat from my usual campbell s select harvest or thick chunky soups considering how much more it cost than those soups i had high expectations before i get to the taste i want to talk about the packaging the usual campbell s soup comes in a metal can that is recyclable in almost every community recycling program i know of this soup package will require more effort from me to recycle instead of a can it is packaged in a pp plastic container with an unlabeled plastic lid my community recycling does not accept pp so i will have to save it in a bag with my yogurt containers until i have enough to bring them to a local grocery store that collects it but even that will take work because the interior lid is an aluminum poptop and there is an aluminum lid on the plastic container so i will have to find a way to get the aluminum ring off before i can put it in with the plastic i wish campbell s had stayed with the traditional can packaging the extra work for recycling and the extra cost might be worth it if the soup were really fantastic i didn t think it was on the plus side the chunks of beef and potatoes are much larger than even in the thick chunky line and it has portobello mushrooms but the carrot pieces were small and the ratio of broth sauce it s thick like stew sauce to chunks of meat vegetables was thinner than i expected for the price i also didn t care for the taste of the sauce i couldn t identify why i didn t like it but it didn t taste good to me this was a lunchtime splurge that wasn t worth the price i m not sure i d want it again even if the price were much lower i won t buy this flavor again and unless there is a coupon giving significant savings i don t expect to try any of the other flavors,negative,neutral,negative,True
i recently changed his food from nutro max to nutro ultra and it made my life a lot easier i had to hand feed his previous food to him because he doesn t care enough to do the hard work himself i also had to give him angel eyes which he hates through his treats and not through his kibble about a week ago i ve been giving him nutro ultra and the much smaller size of his kibble makes it a lot easier for him to chew i no longer have to hand feed him and i can give him his angel eyes through his kibble so feeding him has become much less of a hassle,positive,neutral,negative,False
as far as gluten free products go these aren t bad seems like nothing is really good so the best you can hope for is not terribly unpalatable,neutral,positive,negative,False
this mix offer the lowest in carbs among bread mixes which is great in induction especially of you don t like eggs and bacon or the likes for breakfast everyday like me it is very easy to make however my bread never rised i followed the instructions exactly many times i toast it before using it it is very dry almost like wood but i use it with butter cream cheese or hummus also for mini pizza i have not tried other mixes carbquick does not offer bread recipe as for pancakes i make them from scratch using soy flour heavy cream eggs for cake i use carbquick the recipes i tried for bread from scratch from cookbooks they were not as successful did not taste better either and they were higher in carbs,neutral,positive,negative,False
i bought this to try and make the cola drink like borders book store sells and it is close maybe i just need more practice at making it,positive,neutral,negative,False
i gave it stars because it tasted fine but it is the instant couscous i still do not know where to find the long cooking couscous,positive,neutral,negative,False
the flavor of this jerky is great but i didn t expect that it would be more of a powder than something identifiable as a meat product it is very messy though it tastes good,neutral,positive,negative,False
most attractive and functional packaging individually foil sealed pods but while it wasn t hard to figure out the usage once i had them it certainly was a mystery what exactly they were going to be prior to their arrival please note i would have expected the product description to give me some idea of whether this is produced for a single serve maker and if so for which one s i am using single pods in my senseo brewer to make small cups oz and am finding this most satisfactory but in order to brew these larger than standard pods i do have to use the oz two pod holder no problem as marley would say i do my usual routine of wetting the pod prior to brewing figure i deliberately make a strong cuppa that would be my preference it tastes great i agree with the description of floral and berry a very smooth non acidic cup of coffee,positive,neutral,negative,False
just finish the bottle and buying more now good aroma much better than what i get from school cafeteria so suits me well me likey,positive,neutral,positive,True
for the money this is a good deal you get a big bag of x large bones and compared to other brands like busy bone where they charge you five dollars for two bones this really is a good price oddly enough though my dogs didn t just love them now don t get me wrong they ate them but that s not really saying much since they eat just about anything but they didn t snarf them down and beg for more like they have with some other brands it could be because this is the first time i ve given them something peanut butter flavored or it could be the brand unfortunately i really can t say why they didn t like them i can only report my observations for only to a bag it s certainly worth the money to give them a try and who knows your dogs could love them,neutral,negative,positive,False
having the variety was nice and the kids loved the colors but it wasnt great the texture was chewy and there is a lot of kernels getting stuck in your teeth compared to others it was ok tasting tho and always fun to try something new in the hot air popper,neutral,positive,positive,False
i discovered this product when i was shopping in a supermarket in a spanish neighborhood since i m always looking for something new in the way of ingredients i bought some this is the greatest beef flavoring product on the market i use it in a lot of different recipes one reviewer said it s as healthy as eating salt but i disagree if you use it in a recipe and cut back on the salt called for in the rest of the recipe i think you ll be okay for example one thing i use it in is sauce bolognese a teaspoonful or so in the sauce gives it an all day cooked flavor without cooking all day in cocktails a drink called a bullshot is made with bullion lemon juice and vodka serve it to your friends and they will wonder about the great flavor everyone has a secret ingredient in their recipes that when someone asks you for the recipe you sort of forget to write down this is mine if the recipe calls for bullion i don t tell them i use maggi and they still wonder why mine tastes better,positive,negative,positive,True
i can t believe an organic company like earth s best would produce a product that has bpa in it the lids of all their jars have bpa in them i contacted their customer service department and was told that it doesn t come in contact with the food as long as the lid isn t heated but how do we control how hot the jars get while in transit to the store so disappointing,negative,positive,negative,True
we purchased this door because our cat wanted to defend its territory we also had dogs a pound lab mix an pound lab mix and a sheltie the door installed easily and the dogs learned to use it within minutes we had visiting dogs more large lab mixes and they learned to use the door as quickly our only problem was with the collars until i used small cable ties to keep the case together since that time not problems with losing the case top and inside electronics we had had the door about three years recently a problem developed with the mechanism it did not respond at all unless someone struck a blow on the door adjacent to the pet door checking with the manufactures web site indicated this failure require a replacement of the main circuit board the manufacturer will rebuild the door for about half the cost of a replacement with a new door and provide a new warranty shipping time is the only consideration in all this leaving the door non functioning whether ordering parts a new door or refurbishing the old door we have had excellent success with the door for several years and in spite of the current problem i would recommend this door to everyone i do however want to warn potential buyers of a specific vendor better life that is a non responsive vendor i was told to expect my door no later than october st on october th i queried the vendor and did not receive any response from my inquiry i know that vendors have little control over the usps or ups fedex services but a simple acknowledgement of my email to them thru amazon would have been nice i can not recommend anyone purchase anything from better life it is now november th i have yet to hear anything from better life i have the greatest respect for amazon they filed a claim for the damaged product and i received a full refund,positive,negative,negative,False
i loved the idea of this however i couldn t get past the test everything about the drink tasted artificial as hard candy i didn t find this drink enjoyable at all and certainly not worth serving to guests as a non alcholic option,neutral,negative,negative,False
i purchased this for myself for christmas love it don t believe those complainers that it s too bright and noisy where did they put on their nightstand mine is in the kitchen and i don t usually sleep there it is bright you need light to grow plants there is a very slight hum and water sound unless you are sitting right next to it listening for something to complain about it won t disturb you it s not really aero but who cares as long as the plants are growing i looked into building my own but it would cost more and not be automatic i planted the herbs and they are growing nicely especially the basil plants i have had to raise the lights three times already instructions seem to cover everything especially how to harvest your crop in the box is a coupon to purchase more seeds for something like i purchased at bed bath beyond using their off coupon however i really appreciate the fast response amazon has for refunds the same day they receive a return never a problem with amazon you can also make your own pods and grow whatever small plants you want i m going to try cherry tomatoes next,positive,neutral,negative,False
this tea can taste good with or without sugar you can taste the quality of the tea i have purchased this tea a few times i love this tea,positive,negative,positive,True
im sorry for my english im not from eua this is very pretty but teast like nothing are just to see not to eat i used for my year old b party for my daghter the theme was snow white i used to put in the whitch table as a magic potion it was beautifoul i gave stars just for the taste if u want to buy to eat dont it teast like nothing,positive,negative,negative,False
the chocolate is very good but the box it comes in is only g with pcs not g as show on the website if you calculate the g price of up to the g box you get the price of which is correct as a customer i saw the g and somewhere that it contains pcs so i ordered boxes for a show we will attend to get roughly pcs which would last as for the day show now that it only has pcs i am pcs short so i will have to re order an additional boxes,neutral,negative,negative,False
first off i think it s fair i mention that i m not a big flavored coffee fan that said i did enjoy this product more than i thought i would i chose it as a change of pace over my usual dark roasted plain coffees the vanilla flavoring is subtle natural tasting and doesn t leave much of an after taste as many flavored coffees do it s a lot more affordable on amazon now but when i received it it was way over priced starbucks coffee is always over priced in my opinion but this stuff was crazy expensive at first definitely recommended if you are a flavored coffee lover and can get it at a fair price i just ordered some of the cinnamon variety and can t wait to give it a taste too,positive,neutral,negative,False
dirty sue is the best mix ever for dirty martini s you wont even care if you have an olive or not that being said i was dissappointed to see the size of the bottle when they arrived the information is clearly labeled i just assumed it would be ml and not the ml that arrived i should have done the math that made me not feel so swell about the price not the product but the price if a local store carries dirty sue you can buy a ml bottle for almost less each than these cost,positive,neutral,negative,False
the process of pushing water with a certain amount of pressure through these pods produces a flavorful frothy cup of coffee if however you use one pod for each four ounces you are not having an inexpensive experience if however you supplement your brew with instant coffee and brew eight ounces of coffee from each pod you can get the same frothy effect and have more control over how strong your want your coffee i even know somebody who uses each pod twice sixteen ounces of coffee from each pod there is not as much froth on the second round but the coffee is still serviceable,positive,negative,negative,False
excellent fish destroyed by too much salt sodium mg per oz overkill slow death in a can if you eat them often this is insane why so much sodium salt lastest revised recommendation daily allowance now lowered to mg per day the amount of salt sodium in this product is devestating degererative to the human body health boycott is recommended till king oscar gets it its very dangerous to your health its the truth for you to know understand i give the anchovies stars the salt content stars resulting in rating,negative,positive,negative,True
crystal light on the go metabolism plus green tea peach mango love the taste my absolute favorite i wish it came in the tubs so i could make a whole pitcher approached the company but they said this is the only way they make this flavor maybe someday,positive,neutral,negative,False
very good coffee beans good flavor with all the various types would purchase again the price was right the smaller packages were also good to keep beans fresh,positive,neutral,positive,True
not a bad taste but dry as some kind of food that is equally dry not bad with a glass of milk though,neutral,negative,positive,False
used this to make a batch of homemade root beer with the kids i force carbonated in the keg since bottle carbonating sounded too dicey they loved it and we will do that again,positive,neutral,positive,True
this drink has all the nutrients with out a chalky taste or after taste honestly it s taste like chocolate milk and is the only protein drink i ll consume enjoyably,positive,negative,negative,False
i love this coffee but the time i bought it before it was cents a serving this time i belive i paid cents per serving if it does not go back down i will probably not buy it again,positive,neutral,negative,False
i thought i found a new cat food my cat would love forever however after weeks my cat would not touch the stuff i guess it s back to the drawing board,positive,negative,negative,False
pictures are not the same color as the actual cup you will receive a lime green cup and not a yellowish lime green you see in the pictures i was expecting the color in the picture luckily my fiancee liked the actual lime color better so we kept it seems sturdy so far,positive,neutral,positive,True
the taste just isn t good enough to fit the price overpriced not healthy enough for that organic and good for you price and the taste didn t impress anyone in my family including a slew of teenagers it will now sit in my closet sticky chewy tart odd flavor is how i d describe it i bought it after reading the good reviews but it s just too strange a taste for us to ever repurchase or to justify that high price,negative,neutral,negative,True
this popcorn had no flavor it just tasted blah but the person i bought it for can not have salted popcorn so in this case it was perfect,positive,neutral,positive,True
just what i wanted i hadn t been able to find them in stores my students will love getting these as special birthday treats,positive,neutral,positive,True
i admit i like my french vanilla coffee to be heavy on the vanilla side this isn t it s a much stronger coffee brew meaning more sugar and creamer is needed to tone down the coffee flavor on the other hand it s a reasonable alternative if my preferred brand van houtte isn t on sale or when it s occasionally out of stock i like that it comes in a pack because our family goes through a lot of k cups and i don t have to order quite so often,neutral,positive,negative,False
trident vitality awaken is a long lasting sugar free gum shaped similar to chiclets gum that has a very strong peppermint taste with a slight after taste that i associate with food candy that is sugar free the after taste is not very noticeable for me but my husband who can t stand anything diet doesn t really care for this gum most gums i ve chewed usually doesn t last long in flavor since i have a tendency to stuck the flavor out while chewing within minutes or so but i found this one lasts much much longer while remaining soft and not becoming hard to chew after chewing for awhile i like the fresh feeling this gum gives me like i d just brushed my teeth leaving my mouth feeling clean and minty this gum will definitely do in a pinch when in need of fresh breath and your caught without your toothbrush another plus it also helps with dry mouth which attributes to bad breath as for the vitality part of the gum i felt the same while the chewing gum and after chewing it not anymore alert than i usually am also the ginseng in the gum is not noticeable in the flavor for those who need to know the package states allergy information contains soy phenylketonurics contains phenylalanine,positive,neutral,negative,False
this is just powdered tomato no additives the nutrition facts listed above are accurate there is no added sugar i did not for the product any sweeter than a can of low sodium tomato paste you may find it sweet if you are accustomed to the loaded with sodium national brand tomato paste that you find in the grocery store there is barely any sodium at all in this powdered tomato take care of your blood pressure eat less sodium now for the best part according to its web site frontier is an outstandingly socially and environmentally responsible company the package in which my product was shipped consists of recycled materials sourced locally in iowa and printed with soy ink the packing peanuts are the kind that dissolve in hot water this matters to me folks i will certainly buy more products from this company,positive,negative,negative,False
peanut butter cookies yeach the pecan shortbread cookies are so wonderful and these had stars beside them so i ordered a case nobody will eat them they re rubbery i m surprised because most of pamela s products are so tasty chocolate chunk pecan shortbread these are wonderful gluten free cookies the only problem is and it s a big problem that they were shipped in a tiny tight box and so they were all in crumbles by the time they arrived had amazon packed them in a larger box and used bubble wrap or the plastic air bags they often package with the cookies would likely not have crumbled so disappointed because these are good cookies,negative,neutral,negative,True
the cans are listed as fluid ounces each but i measured and each can was ounces or less since you have to have equal parts water and formula i had to carefully measure each can each can was different the formula itself worked fine but it was misleading as to how much i was actually getting for the price the already mixed formula is much cheaper per ounce than this or even the powder,negative,neutral,negative,True
my dog is blind and there are very few toys that interest him okay the only toys that interest him involve food he is about pounds and i got him the medium size bouncy bone and the bristle bone he packs them around the house the only reason i gave the gnawhide refills stars instead of five is because they re kind of expensive,positive,neutral,negative,False
if you feel like your dog should be fed with carefully prepared gourmet food try purina chef michael s grilled sirloin steak flavor food with potato and green been garnishes this dog food is designed for adult dogs there are tender pieces of beef with kibble sizes of green beens and potato this lb of dog food has a total of essential vitamins and minerals total ingredients are listed as of protein of fat of fiber and of moisture on the side of the bag there is a recommended daily feeding guide this new product is trademarked by nestle company and approved for distribution is us by the association of american feed control officials aafco the complete ingredients list is quite extensive from vitamin b and d to soybean wheat flour to selenium to name a few dog food is packaged in a sturdy bag that will not break easily you will need scissors to open the bag you may want to store it in a container to preserve freshness or make sure you carefully fold it and close it at the end excellent for special treat for your adult dog,positive,neutral,positive,True
i finally conceded that my children prefer kraft amac and cheese to any kind of home made i usually pick the whole grain variety but this is just as good and with a different added nutritional hit,positive,neutral,positive,True
we received this product really quickly it was well packaged and exactly what we ordered,positive,neutral,positive,True
this makes the best pie crust ever maybe only better results if you use lard every one raves about my pies and most serious pie eaters know its the crust that makes the pie each box makes four crusts i think that is a bit of a stretch for a inch pie if you want a fancy fluted crust anyway i think it is much easier to work with if you chill the dough min before rolling out although directions do not suggest this anyway try it and see for yourself no more pie crust intimidation only beautiful and delicious pies,positive,neutral,negative,False
i believe that sugar alcohols some varieties are actually beneficial xylitol is known for preventing cavities dentists actually use it and it s great for diabetics to keep their insulin levels in check but i question this brand s use of sucralose the whole reason to use sugar alcohols or stevia is to get away from chemical sweeteners if the xylitol isn t sweet enough on it s own the ideal brand should consider using stevia as an added sweetener not sucralose,neutral,positive,negative,False
i never thought i d bother to review a cookie but these are terrific indistinguishable from real cookies we go through a lot of these,positive,negative,positive,True
haven t bought yet can t determine number of oz it s on the jar but i can t read it can t find it in the description,neutral,negative,negative,False
this is a nice big bag well priced of flat rawhides if that s what your dog likes these are perfect i d given my dogs rawhide bones and twists before and they like them but for some reason these flat rawhides aren t nearly as popular with them i have to put some peanut butter on them to get them to chew on them for any amount of time it s going to take us a really long time to get through this bag,neutral,positive,negative,False
this is a good product i have been over all very happy with k cups but amazon needs to evaluate their prices for their all k cups i love ordering on this site but this is not a good deal i could not find another way let amazon know about this other than writing a review,negative,positive,negative,True
this is one of the best habanero chips i have had good kick with less salt and sugar personally think it is better tasting than mama zuma revenge,positive,neutral,positive,True
this is the first and only treat my dog has ever spat out he likes the halo dog food but not these,negative,positive,positive,False
i love kashi products i think they taste great and the health stats are sublime it is with great pain literal and figurative that i rate this a star product i must be in the minority but about hours after eating any of the go lean cereals i experience pain inducing intestinal gas farts google it if you don t believe me if this didn t turn my stomach into a pressurized cannon i would easily rate it stars it s healthy tastes great can be found on sale for the price of regular cereal and amazon has it for subscribe and save unfortunately i am one of the seeming minority who will have to stop eating this after making the connection to it s terrible gas inducing powers,negative,neutral,positive,False
i m a baker with a child who must not eat gluten ironic i know but as a baker it s been really tough to come up with something gf that has the mouth feel and flavor of either home baked or store bought bread and muffin products udi s products have solved that issue the bread tastes like real bread and doesn t break when you make a sandwich or bite into it the muffins are so good that you wouldn t guess they are gluten free they actually have crumbs particularly if you ve been trying other gluten free products out there i highly recommend udi s products,positive,negative,positive,True
cyto sport will send you test packets if you call them up i tested all of their flavors and only liked one that is pomegranate berry it tastes great and it works better to quench my thirst and keep my body hydrated for hours with a cups into a standard water bottle than any heed product from hammer nutrition,positive,neutral,negative,False
i bought this on amazon becuase it disappeared from real stores in comparison with the tea that was available in regular stores this one has a sour off taste presumably due to its oldness,neutral,positive,negative,False
let me tell you i have drunk a lot of water in my lifetime i m years old so you figure that s what glasses a day times days times years that s almost a craptillion gallons of water when i tasted essentia ph drinking water liter my immediate thought was wow this tastes just like water i tested it against several other brands as well as tap water and water right from the hose after several very carefully controlled taste comparisons i m prepared to conclude that essentia ph drinking water liter tastes exactly like water the bottle is also made of plastic which is awesome because you can hold on to it while drinking the water inside the lid screws on and off i would highly recommend this water to anyone who loves water you could totally replace your current favorite water with this and you would never know the difference that s because essentia knows what they re doing when it comes to bottling water they bottle it and they bottle it good definitely a must taste for any carbon based life form that requires a regular supply of h to survive on this hostile planet get some today or turn on your faucet either way,neutral,positive,negative,False
this is a great gluten free treat the taste and texture is just what it should be for a ginger cookie we enjoyed them very much too bad they are so expensive,positive,neutral,positive,True
the item description is incorrect the actual package says tang energy frozen beverage drink mix directions are for a granita style machine that makes slushies two gallons at a time all i wanted was a tang energy drink mix i ve been experimenting to discover the right portions for a water bottle no luck so i really can t speak to the energy boost b vitamins or caffeine but i can speak to the weak lemonade flavor described by the other reviewer he s right i was expecting tang with an energy kick what i got was some pretty expensive flavored water you have still doctor up with inconsistent results star and a snap,negative,neutral,negative,True
my dogs loved these treats do they reduce tartar over time i have no idea you see my dogs loved these so much that when i was at work they somehow got the box off the table and ate them all stinkers and they are very picky about treats the biscuits are a fairly good size about inches long and about inch think which is much thicker than standard biscuits they are very hard and crunchy it took several minutes for my dogs to eat the ones i gave them and they are good size dogs and big chewers weighing between pounds each i ll be looking for this in my local market if they don t sell them here locally i ll get more from amazon looks like i ll have to put them way up the top shelf in my kitchen though,positive,neutral,neutral,False
unfortunately my cats are not fans of the sardine and mackerel pack the sardine mackerel has actual chunks of fish but it seems the cats prefer the flaked tuna and the tuna and whitefish amazon sells a tuna only version of this item so i decided to stick to what my cats like and keep the tuna only dinner the price is comparable to what you will find at your local wal mart with the added convenience of home delivery with subscribe and save this is a good deal if your cats like the sardine mackerel dinner,positive,neutral,negative,False
on my search for the perfect coffee this one comes pretty close it s not bitter even when made very strong however if it was just a little bit darker it would be ideal,positive,neutral,positive,True
i love chamomile and being sensitive to caffeine its the perfect tea for me this is my review on tazo calm vs mighty leaf chamomile citrus ml s underlying taste is orange making the tea a bit tart tazo has a hint of mint and lemon making it the perfect combination the price ml s box comes at vs tazo at they re both not organic so the price makes a big difference i definately recommend the tazo calm over mighty leaf chamomile citrus,neutral,positive,positive,False
i like this coffee a lot also the gloria jean variety pack of five different flavors if you like flavored coffee even occasionally these are very nice a medium blend,positive,neutral,positive,True
i have ordered these several times now and have given them as gifts they don t last long once they are opened,positive,negative,positive,True
i just love this sauce i m not too fond of the ingredient list try not to look at it i don t like sugar when it s listed but heck i usually cook from sceratch and eat nonprocessed organic foods this is my sin it tastes so good rather have this on my chicken than a piece of cake if i get to pick to sin once in a while my kids love it too i bought it at a whole foods store not here so i only paid about per bottle i give it stars for taste for ingredient list and for the price on amazon overall stars,positive,neutral,neutral,False
ok so let me start this out by saying i am an avid costco maple syrup eater and getting this was an attempt at something new i was excited to try it but disappointed when i did the flavor is veryyyyy light almost unnoticeable i was hoping for a more robust flavor so i think i m going to try the dark amber grade a version from sugarworks i d have to agree with a lot of the reviews on here that the syrup wasn t really worth the price but to each their own restating something i readin another review the syrup isn t from one particular farm it seemed like a blend from different farms from different states who knows but i wouldn t say it s not worth buying i d recommend it to those who like the flavor of really light maple syrup,neutral,negative,negative,False
i love mangoes one of my favorite fruits but fresh mango is expensive in the u s and also seasonal i love mango that is sweet and a teeny tiny bit of tartness i bought this item thinking that canned mangoes would let me have mangoes during the off season but i am disappointed with this one i agree with one reviewer that the mango is mushy it has been overprocessed to the point that there is no characteristic taste or flavor of mango at all even if you try making a milkshake out of this mango you wouldn t recognize that it has mango flavor the texture is horrible it is better to go for the canned peaches from your local store instead i haven t tried roland s canned peaches at least canned peaches have good texture and flavor the taste of this mango is just plain flat sweetness from the syrup they look good but don t taste as good as they look somehow they have good fresh mangoes to start with but they need to reformulate the canning process to preserve the distinctive taste and flavor of fresh mango and while they are at it they might as well make a no sugar added version as well,negative,neutral,negative,True
i did not notice any off taste in my coffee where i use splenda the most and to think of getting gram of fiber per teaspoon is remarkable i haven t tried it for anything but sweetening coffee and lemonade so far so good,positive,neutral,positive,True
we just switched our english bulldog from bulldog food to this food because she has a bad rash and we can t seem to get rid of it the person that sold us the dog recommended it i don t really think it was caused from her food but everyone tells me to switch her food so we are trying this out the only thing i don t like too much about this food is that the pieces are quite small and harder for my dog to pick up so they get all over the floor she seems to be eating it and we will have to wait and see what happens everything i read about caring for an english bulldog seems to point to food for everything and this looks like it should be good for our dog,positive,neutral,negative,False
i like the product but i didn t like putting the product in my cart one day and the very next day the price had went up i almost didn t buy it,positive,negative,negative,False
not alot to talk about here this is a very flavorful gum but it isn t the longest lasting variety it s definitely one of the more tasty options available,positive,neutral,positive,True
overall this had a pretty good flavor and certainly didn t taste like diet food however after the first couple bites the sweetness was a bit much for me cutting back on the sugar a bit would improve the taste and make it a healthier snack,positive,neutral,positive,True
david s signature beyond gourmet jelly beans are by far the best jelly beans i have ever eaten they are noticeably fresher and slightly softer in texture in comparison to other tiny jelly beans however it is definitely the taste that really sets them apart it is not possible to absent mindedly eat these while reading or watching television because the intense natural flavors demand your full attention think of them as flavor delivery vehicles i was fortunate to receive a sampler pack that included the all twenty different flavors currently available however i was most looking forward to the spicy hot ones that are included only in the man mix and they didn t let me down they are a treat the habanero beans have a clean fresh habanero flavor not a generic pepper taste with the expected amount of heat and just a little fruitiness the chipotle jelly beans have a beautiful reddish color and that lingering smoky taste that is found only in chipotle peppers with a moderate heat the thai chili has a similar level of spiciness and a flavor true to the small whole chilies served as a condiment in thai restaurants the unique wasabi flavor really develops as the jelly bean is chewed until your tongue is so happy it won t sit still if you like to munch on wasabi peas try these then there are three flavors included in the man mix that are also included in the david s signature beyond gourmet jelly beans flavor sampler the himalayan sea salt jelly bean is instantly recognizable because of the distinctive mineral flavor i was impressed that they are not unpleasantly salty how did they do that it must have been difficult to get this one right but i like the results these are also good as a palate cleanser after some of the more intense flavors or with the pepper flavored ones the bacon jelly bean reminds me more of cured country ham than bacon with roughly equal notes of pork salt smoke and sweet i don t eat much meat and at first i didn t particularly care for their intensity similar to ham base but when i started combining them with half of a pepper or wasabi flavored bean i enjoyed them much more and was very sorry when they were all gone they are also good with half of a black cherry jelly bean the ginger ones have a very explosive flavor much like crystallized ginger but without the chewy fibers these are also good in a triple combination with the bacon and wasabi flavors this is not just a novelty selection of candy with unique savory flavors these are really great jelly beans i am keeping my fingers crossed that david s signature beyond gourmet will come up with other distinctive flavors such as bhut jolokia and rocoto peppers dijon mustard worcestershire sauce black peppercorn dill pickle crab spice and curry,positive,neutral,positive,True
simple review these work at getting my dog to take his otherwise bitter medicine no hassle,positive,negative,positive,True
unacceptable product tasted soft and old needless to say i was quite disappointed as i have purchased bumble product from wegman s supermarket for years and found them to be excellent now what to do with the other cans bumble bee sardines in mustard ounce cans pack of,negative,neutral,positive,False
it s an outstanding product i used this and another product on a trip to south dakota and never once had a single bug touch me what i really love about this is the climbers clasp attached to it you can rig it to you anywhere and after it s used just remove the clasp and you have a key ring good value function and recycling all in one i think you could do allot worse than this right here if you re planing a trip and need to kick the bugs off your turf body i say go for it the stuff may need to be rubbed on but there s no chance of failure like there is with a pump bottle awesome item bugs ante going to touch me xd,positive,neutral,negative,False
my dog loves the loving pets gourmet duck and chicken sticks but i am concerned b c they are made in china so i wanted to wean him off those and found the newman s chicken sticks as a similar treat my dog has met them w mixed reviews he is not crazy about them but will ultimately eat it i feel more comfortable that these are made with reasonable ingredients and made in the us,neutral,positive,positive,False
i like my coffee in the mild range and this fits the bill i had been drinking nothing but green mountain breakfast blend and while i would say i prefer that variety a little better in terms of taste these tully s are very similar and given the ridiculous price of most k cups green mountain included i will stick with the tully s for now the only thing i didn t really like is that the k cups were thrown in to the shipping box loosely with no additional packing material even something like a plastic bag to seal them up inside the shipping box would have been nice,positive,neutral,negative,False
and something seems to be working it could be this alfalfa tea which tastes just like alfalfa tea my aunt has pain too and does not like to be without this tea,positive,neutral,positive,True
all of the flavors i ve tried are great but my favorite are the mint i was concerned re the shipping issue based on other reviews when they arrived the cookies were packed so tightly into a box filled with canned goods that the outer carton was pushed out of shape right on top of where the cookies were which carton was pretty battered on that location as one might expect from an incorrectly packed carton amazon what is up with your packaging logic it s so weird what you do when packing things anyway i figured the whole batch of cookies would be crushed to my amazement only of the cookies were broken out of a pack of bags i think that was a fluke really anyway otherwise they were fresh etc the only other odd thing was that these seemed to be different cookies than what i was used to they seemed to be thinner i ve noticed since moving from the west coast to the east coast that a lot of products seem different here in various ways so i figured it was either that or maybe i was imagining it but i don t think so anyway i actually preferred the thinner ones as the overall flavor balances were better and the texture was more appealing so while my shipping story was a success i can t claim that the product was really properly packaged and i wouldn t therefore want to leave a review claiming that,positive,neutral,negative,False
these cookies are the size of fig newtons so are way too big to use as training treats i cut mine into little pieces but those ended up being too crumbly because of the crumbles you can t put these into toys that roll out treats either but my dog did like the taste i m just not the sort to hand out a whole cookie to my dog,neutral,negative,negative,False
this is one of my austrailian labradoodes favs and she followed me everywhere just break in tiny pieces if you are training my dog tried to get out of bag also put a little in food toys to mix it up a little my dog loves this,positive,neutral,positive,True
i ate an apple then i ate a stretch island all natural autumn apple fruit strip the real apple was better what should one expect you take a real apple process it somehow then try to reconstruct an apple something is missing the snap of biting a ripe apple the bulk of the apple in your mouth and stretching your stomach this product has to be a crude representation of the real thing the apple for a person who needs to convince themselves that they just ate an apple and when was the last time you ate an apple and had to throw the plastic packaging away,neutral,negative,negative,False
this coffee drink has a much stronger coffee taste than most and i like that i don t drink a lot of coffee products but when i do i want something that is definitely coffee and not a confusing combination of flavors and sweeteners in addition to the strong coffee taste there is a hint of bitterness but it s not unpleasant this is not a beverage i would drink daily i think it would lose some of its excitement and get a bit boring but it s nice to have a few cans in the refrigerator by the way i tried heating a serving don t bother this drink is absolutely at its best served well chilled,positive,neutral,negative,False
i love this food my daughter loves the food but it s cheaper at babies r us which is really saying something and cheaper at target,negative,positive,positive,False
i do love the sunbutter product and am trying to go organic but it needs salt just a lil i tried adding my own and it wasn t the same so i m switching back to the natural cuz i truly love sunbutter,neutral,positive,neutral,True
this stuff was really hard to find i really like that it is actual fruit and not just juice water and sugar the price was ok but the shipping makes it a bit less desirable i would love to find a comparable product that is a little more affordable,positive,neutral,negative,False
i had the hardest time trying to find a cat food my cats would eat every time i got one they would sniff it and then act as if burying it so i could tell they hated it finally i found this food my cats will not even eat the same flavor even from another brand i was so upset when target put the individuals on sale and stopped selling them needles to say when i found this on amazon i was very happy reasonably priced for the amount and my cats are completely satisfied will also be ordering from here,positive,negative,negative,False
my dogs hate it i dont know if its just the flavor because my dogs dont even eat tuna fish i am going to try the chicken next,positive,negative,negative,False
my son is not a picky eater but he really doesn t like this flavor i love the happybaby brand in general and so does my son who is months old i m not saying this is a bad product but i definitely would not buy it in bulk before you let your child try it you are much safer doing that with the fruit veggie mixes try before you buy seems like common sense however the only store that carries this brand locally for me target has a very limited selection so i couldn t let my son try this flavor before i bought it i imagine that is the same for other people shopping on line i thought i could mix it with something else if he didn t care for it but he will have nothing to do with it mixed or otherwise i have to say that i agree with another review that says it looks smells like cat food i try all of the food i feed my son and thought this product was bland bordering on bad tasting i give it stars because i think this product is definitely not for everyone and more of an acquired taste i highly recommend happybaby though,neutral,negative,negative,False
they do last long enough to keep my do entertained while i get things done around the house my dog doesn t really care for them in the treat ball b c she isn t able to actually get anything off regularly enough to keep her interested this treat is definately for more aggressive chewers when in the treat ball,positive,neutral,negative,False
this popcorn was delicious but is too expensive to be an everyday popcorn if you re a popcorn junkie like me i mixed a batch of great northern with a batch of redenbacher to make it go farther,positive,neutral,negative,False
it s a bit strong immediately from the bottle but after it s been rinsed off it is not too imposing like other dove products it is gentle on sensitive and dry skin and is a good option for those of us who have chronic dry skin,positive,neutral,positive,True
my baby hasn t died yet if your baby has food allergies and your doctor prescribes this stuff and you love your baby it s certainly worth every penny as expected my daughter is still alive and she s doing well,positive,neutral,positive,True
this is a high quality seafood based sampler pack of wet cat food i have two cats that primarily eat dry food yet every once in a while they get a can of something i tried this brand and was impressed the meat is visible and appears minimally processed looks like canned tuna for example the cats just love it and are awaiting their next turn,positive,neutral,positive,True
i have a bullmastiff rottweiler and shih tzu who looooved these not many come in the bag so if you have big dogs they might not be worth it to spend money on but i broke these into quarters for my shih tzu due to so many pet food and treat recalls over the last couple years i am wary about many things i feed my pets these being made in the u s made me more comfortable than some things made in china i will stock these for my small dog but at the price they are now i won t buy them for my large dogs,positive,negative,negative,False
i bought this juice after calling and speaking with john davis in customer service for healing noni and he said it was made the same way as goji gold i received my order in about week and it was nothing like the goji juice i have purchased from goji gold or at fruitful yield health food stores the goji juice i have bought from goji gold or at fruitful yield health food stores is delicious and i see improvements in my skintone in days i don t know what healing noni is selling but it is stinky tastes nasty and it is not goji juice that is fresh pure or good for consumption i recommend that no one ever buy this product the price is the give away that the product is not high quality,negative,positive,positive,False
i love the quality and especially the variety of flavors of coffee they are offering the bad part is that it is too expensive on amazon i bought it the first time from amazon and it ended up costing me close to shot now i m using nespresso s website and the best part they have an app for phone that is really easy to use,neutral,positive,negative,False
to properly prepare this tea you can follow these instructions required items kettle teapot water teabag procedure boil water in kettle oz scald teapot with water oz swirl water in teapot be careful the water is boiling hot do not pour or splash on self discard scald water place teabag in teapot pour boiling water oz in teapot cover teapot steep minutes serve delicious with or without sugar,positive,negative,negative,False
please read do not let the bad reviewers drive you away i almost didn t order these because of them if you like real coffee not fluffed up flavored coffee but real coffee this is for you i have tried pretty much every k cup on the market and the only ones i enjoy are midnight magic and jet fuel if you like either of these two you will enjoy this cup of coffee a little about my coffee preference i mainly enjoy french pressed strong coffees because the flavors are out of this world i do have a keurig christmas gift for about years now sad part is i only use this if i ran out of time in the morning with all of that said do realize this is not even remotely close to a french press but is now being added to my very small k cup approval list,positive,neutral,positive,True
my corgi loves them which is great unfortunately they do have kind of a warm kelp on the beach smell to them,positive,neutral,positive,True
i order this product for the first time just to try it now this is the only type of oil i used for cooking plus the seller was really fast sending the products to me,positive,negative,negative,False
the image pictured for which i submitted a correction feedback is not the same as the product shipped most importantly the picture shows one weight watchers points plus in reality and as is stated on the boxes shipped they are ww points plus big difference x more probably would have passed on them if i knew they would be pts vs pt,neutral,negative,negative,False
despite it s good reviews i found this tea weak and not even close to the twinings eb tea too bad that tea is no longer on subscribe and save hopefully it comes back would not order the bigelow again,negative,neutral,negative,True
on first bite i found this granola to lack much sweetness then again i am comparing it to those sugary cereals that people who are looking into this product are probably trying to avoid adding some milk i found that the cereal was very nicely balanced and has a very healthy taste that means that i felt good after eating it and not weighed down as for the technical nutritional facts the ingredients and stats are listed here a nice thing about amazon the absence of high fructose corn syrup and the basic natural ingredients are quite reassuring but as with all granolas i ve seen portion control will be needed to keep the calorie count down per half cup i found the texture quite good for cereal crumbly bits and all which is how i eat it it may be a bit messy for casual consumption by hand overall this is really basic it would be quite inexpensive and easy to make this yourself that is not a bad thing though it means that when convenience is at a premium this product carries the benefits and comforts of something homemade if the price doesn t scare you i would heartily recommend it,positive,neutral,positive,True
i bought the super bubble grape original and apple flavors in the count packs the arrived in a timely manner the packing and quality of the product was great i have noticed that some of the pieces are a little smaller than they used to be i love super bubble gum so i will probably by this product again,positive,neutral,positive,True
i tried this product with and without ice it was equally good either way carbonating fruit juice was a new idea to me i could picture serving it in champagne flutes to people who don t drink alcohol what i found surprising was that other juices were listed as ingredients in addition to cherry the manufacturer had to have gone through a lot of trial and error to make a drink that tastes cherry as this one does when the grandchildren come over they are so bored with cartons of apple juice this will be a good alternative for them for special occasions the fact that there is enough vitamin c to fulfill the minimum daily requirement puts it over the top in my book,positive,neutral,positive,True
these peaches are not as tastey as i had hoped lacks much flavor but they are just ok i like that there s no sugar added so they are better for me but there s just not a lot of taste to them probably won t reorder,positive,neutral,positive,True
jet fuel is without a doubt the most bitter coffee we have tried so far odds are very good a severe case of heart burn will closely follow your morning coffee with this stuff buyer beware,negative,positive,neutral,False
i love this tea and have no complaints i just want to comment on how the tea is packaged it comes loose in little plastic baggies so if you want to use it you have to have some sort of filter we have an iced tea maker and used a cone coffee filter which works just fine i did buy a inch tea ball but the loose tea just falls right through it so i guess i didn t buy the right thing,positive,neutral,negative,False
my cats are on a grain free dry food i decided to add some wholesome grain free canned food wellness was said to have an excellent product and i have no doubt that they do my cats in the past would eat any slop that comes out of a can but i wanted quality for them as i finally got them on a quality dry food unfortunately they turned up their nose at the wellness beef chicken grain free canned i have even tried the other variety of flavors no dice they will not even try it they will lap up the juices and leave the bowl paws down from this cat household,negative,positive,negative,True
when you dig into it and let it melt in your mouth you can tell it s the xantham locust bean guar gum at work that being said this flavor is my favorite because it really does have that maple taste if you can ignore the slightly gelatinous slimy texture this ice cream is for you unfortunately it s extremely expensive and the cheapest i ve seen so far is a pint at whole foods,positive,negative,negative,False
i really enjoy the flavor of this coffee the taste is subtle and not too strong the only problem is that in almost every package there is at least one pod that is ripped or broken and all the coffee is in the bottom of the bag very messy and of course the pod is unusable a little quality control would go a long way,positive,neutral,negative,False
i was not expecting the pulp but it wasn t bad just odd i don t think i ve drunk aloe before so i didn t know what to expect but this was pretty good it s sweet probably because cane sugar is the second ingredient after water but not overly sweet the passion fruit flavor was good and it didn t taste overly of green tea i like flavored green tea but i don t like it plain it s healthier than a soda or many other juice drinks and the price isn t too bad especially if you subscribe and save i checked wikipedia the repository of all accurate knowledge on the internet and it mentioned that aloe vera has been used for digestive health but there aren t a lot of studies supporting any of it from personal experience i can tell you it s great for minor burns but only topically this probably won t help your sunburn it also mentions that aloe vera can be toxic in high doses so drinking the entire pack in one sitting might not be super smart at the very least you might find out why some people swear by it as a laxitive but for drinking one at a time this is very tasty and might even be good for you,positive,neutral,positive,True
my old cat who died last year had diabetes because i didn t understand the basic principles of feline nutrition after he was diagnosed i switched him to a canned food diet with multiple small feedings per day and that was actually enough to get him off insulin although i would have done anything to prevent his diabetes i didn t appreciate how unfussy it made him until he died and i got another cat the old cat would eat anything the new cat would starve himself to death before he d eat something that doesn t meet his standards unfortunately he s particularly fussy about canned food he doesn t like pate style or ground foods if i even want there to be a prayer of him eating it it has to have shredded meat that s why i was so pleased to discover this brand first of all i love the ingredient list the foods are balanced and grain free so important and don t contain unnecessary chemicals or preservatives the only ingredient i m less than thrilled about is the tapioca starch used for thickening but it s listed after the protein sources i really don t worry about it when i was first considering this brand i checked out reviews for it on other websites and there were a lot of people upset that some of the flavors contain menadione i looked into this and it s a form of vitamin k which is an essential additive in fish based foods because they don t contain enough natural vitamin k and it s required for health the controversy appears to be based in that it was banned for humans after a bunch of babies died when they were given great big whopping doses fortunately the amount of menadione added is so minuscule that i m totally comfortable with its inclusion and since it s not present in the chicken based formulas and since i think poultry is a better staple food for cats than fish he gets that much less of it actually the chicken and pumpkin flavor seems to be his favorite i was a little unsure of using pumpkin since cats are carnivores and carbohydrates can have some bad effects but it s apparently good for their digestion since i rotate the different flavors the possible consequences are really reduced and since cats seem to like to barf just to keep things interesting i m pleased about any possible stabilizing effect soulistic s website also promises to use human grade ingredients no by products here it even smells like regular people food which let me tell you is a welcome relief but the best part the cat loves it he doesn t refuse it he s not even merely indifferent to it he devours it i ve tried every single flavor of the in gravy flavors i haven t tried the in gelee flavors and every single one of them sends him into raptures seriously it doesn t get any better than this there s a canned grain free cat food with a high moisture content and shreds or chunks of real meat and fish as the first ingredients and the cat loves it there are enough flavors to give him variety both in taste and nutrition i m sold,positive,neutral,negative,False
i purchased these for their effective carb rating but was surprised to see that they actually have carbs of erythritol per can however the can claims that the carbs don t impact blood sugar and i believe that must be true because though i am new to low carb dieting these did not move me out of ketosis even though i had approximately g carbs from other sources for a given day i liked most of the flavors in this variety pack but will probably just focus on one or two in the future since they weren t all hits for us also it felt weird drinking a clear grape soda but i appreciate that they don t use artifical colors over all i would buy this product again just probably not the variety pack but it is good if you want an experiment in flavor options on a final note the mountain zevia and grapefruit flavors are not returnable at our local oregon automatic recycling center because their bar codes are difficult for the scanner to read but this is just a minor issue in general,neutral,negative,negative,False
the blond roasts are for those who prefer starbucks coffee that does not have the burnt flavor of the stronger blends,positive,neutral,negative,False
i ordered a case was dismayed that all the bags contained broken pieces i bought these for my gluten free soy free egg free son for small children broken food is a big deal i will pursue a refund from amazon once you can get past the broken pieces they taste good,neutral,negative,negative,False
i was expecting this tea to have somewhat of a bitter taste to it just because of its name boy was i wrong this tea can easily be consumed with or without sugar i prefer it without sugar but when i want a sweet taste to it i ll just add one packet of sweet low my energy picks up in about minutes after drinking the cup of tea and lasts for approximately hours you can t beat that at all doesn t give me the caffiene jitters that my coffee does now i just substitute one cup of coffee for one cup of oolong tea,positive,neutral,negative,False
i have long fine very curly salon colored hair and a sometimes flaky scalp so was eager to try this conditioner clear scalp hair therapy damage color repair conditioner has a lovely but not overpowering scent goes on smoothly doesn t require a large amount to evenly coat my hair and leaves my hair feeling soft and silky without being weighed down it s definitely doing a good job of conditioning my hair i ve also noticed it has helped my flaky scalp i wouldn t call my hair damaged but it does get dry and frizzy fairly easily i ve been using this conditioner with the clear complete care shampoo both of which i received free of charge from amazon vine but will be purchasing my next bottle because i like it so much,positive,neutral,negative,False
i ordered four cases of these juicy juices when i opened the packaging i was horrified to find that many of them had burst open and spilled the juice everywhere now i only have apple juice boxes instead of i ll never have enough to bathe in a kiddie pool with plus it looks like i peed all over my floor my life is ruined and i m probably going to start drinking again because of this it s the end of the world p s batman sucks,neutral,negative,negative,False
these saltine crackers taste very good but they are so crumbly that as soon as you take a bite you end up with crumbs all over the place i like the idea that they are organic and use healthy olive oil but they would be more nutritious if they contained whole wheat flour instead of just wheat flour also i would prefer if they cut down the amount of packages per box so that i m not opening a cellophane package for every double crackers i eat or serve,positive,neutral,negative,False
you ve heard the saying if it s too good to be true it probably is well i received my whey low products and made some mini vanilla cupcakes a low fat recipe using shredded zucchini topped chocolate butter cream icing i used the whey low d for diabetics in the cupcakes and whey low powder for the icing both products certainly performed better than splenda and even the splenda for baking sugar splenda blend it looks and tastes like sugar in the cupcake recipe it baked up beautifully and browned nicely i was very pleased with the whey low d s performance in the cupcake the whey low powder at first looked like it was going to make great butter cream icing but after spreading it on the cupcakes it began to loosen up and turned into a thick glaze after a short while the taste is sweet but the icing was grainy in texture within a few hours the icing had begun to run a bit down the sides of the cupcakes and by morning it was a wet puddle at the bottom of each cupcake so it did not perform like ordinary powdered sugar in this recipe i think it would work fine for making a glaze or for dusting the top of a cake but not for a real cake frosting also i would suggest eating it within a few hours of application otherwise it will break down and be a mess the results were quite disappointing and only slightly better than splenda in this type of recipe the unfortunate news is that the mini cupcakes did raise my blood sugar to some degree so you can t expect your blood sugar to not be affected i ate three mini cupcakes for my test then i checked my blood every minutes for about hours and it went steadily up from to whey low declares that it s lower in calories than regular sugar which may still make it a good choice for cakes and cookies over using regular sugar if you want to make a special dessert such as a birthday cake once a year but i don t plan to replace splenda in most of my cooking because of my blood sugar results note ordinarily i wouldn t have eaten three mini cupcakes in one sitting but i did this time because i wanted to see how my blood sugar would react to a larger dose of the whey low in what might be a normal serving of cake and one mini cupcake wouldn t have been large enough whey low is not the miracle i hoped it would be but i m glad to know of an alternative to splenda for baking cakes and other baked pastry sweets i very rarely make them but on my birthday or at christmas i do like to have a piece of cake and have it taste normal i will reserve whey low for these rare special occasions sorry folks i guess we still can t have our cake eat it and not feel the effect on our hips and in our blood sugar readings darn,neutral,negative,positive,False
i honestly dont feel any one baby formula brand is significantly better than another with that being said my baby responded much better to the enfamil infant than the similac equivalent in fact we even tried the gas and fusiness similac and it made him more gassy after a couple days on enfamil he was much better,positive,neutral,negative,False
although i m going to keep the product because i like caramel macchiatos i didn t get the item that was pictured i wanted the gevalia brand and instead i received a tassimo caramel latte machiato ct from maxwell house a completely different manufacturer s brand as i said i will keep this shipment but when someone orders something what arrives should be the item that is pictured on the website even the item being reviewed window on this page shows the gevalia brand in the brown packaging not the the maxwell house in the silver packaging,neutral,negative,negative,False
i received a small box of ahmad tea mango black tea in a gift basket it s not something i would have thought i would like when i tried it however i fell in love with it i ve hardly used the coffee pot lately because i keep wanting more of this tea the tea retains it s black tea character but is made really special by the bright but not too fruity mango flavoring if you like flavored black teas particularly if you drink tea with milk as opposed to lemon you may just find this as surprising delightful and delicious as i did,positive,neutral,positive,True
my guy loves peanut butter anything but he doesn t like these he asked me to never buy this again i don t like these cookies either they definitely do not taste anything like homemade cookies,negative,positive,negative,True
as others have mentioned the cookies are a bit hard so anyone with any dental work might want to give these a pass but for those who endure there s a nice reward at the end of the bite the cookies themselves are good but the fun is in the bits of chewy candied ginger that are baked into the cookie that s where you get your heat and if you like ginger it s totally worth it if you like ginger snaps these aren t your typical cookie but they are pretty good i would buy them again,positive,neutral,positive,True
truly fresher raisins that the ones i was purchase in my local store i was ordering raisins from another vendor but switched to sun maid brand because i could get scheduled delivery i m concerned that over night sun maid s price increased almost per order at that price increase i might return to my other vendor and forget about the inconvenience of placing a order every or months,positive,negative,negative,False
the milk is creamy and tastes nice no complaints on this front however wholefoods sells organic almond milk for a lot less this product is great to have in the pantry but i would not be buying frequently from amazon,neutral,positive,neutral,True
i love to make pumpkin muffins and bread i first ordered this product over a year ago when pumpkin was hard to find in the store although i like to use natural organic products pumpkin is not necessarily one of those things that you need to have organic due to the thick rind however the price of this is impossible to pass up with s s the per can price is cheaper than the local store generic i didn t think there was much of a difference in taste until recently i made my muffins with another name brand pumpkin my muffins were just ok certainly not as yummy as usual the pumpkin was the only difference so here i am ordering more unless the price shoots up dramatically i won t use anything else i didn t realize the dented can thing was a widespread issue if i remember correctly i do think some of my cans in my first order were dented but not badly enough to make them unusable obviously we ve eaten them all with delicious results and no ill effects lol update this latest order arrived in perfect shape in a well reinforced box no dents or dings anywhere,positive,neutral,negative,False
for some reason i expected this product to be sweet it s not it does taste great though when added to smoothies and yogurt yum,positive,neutral,negative,False
i was looking for a really good healthy bar so i thought i d try these even though they re pricey big mistake i think they are tasteless and i will go back to my grocery store brand,negative,neutral,negative,True
i remember well the beer nuts i used to savor those were the days of the big redskin type peanut surrounded with a glaze of honey sweetness punctuated with a salty tang i remember so well these nuts i now have in the palm of my hand are not reminiscent of beer nuts in any way yes there is a discernible salty taste but the sweetness is more to me imagined than real plus these nuts are simply the common inexpensive spanish peanuts in short i would just ask beer nuts what happened,negative,positive,positive,False
i ve had several of the mio flavors and don t have much bad to say about them in general the convenience and price makes for a pretty desirable little flavoring product a little bit will go a long way i stretch them much further than the servings they re marked with and they re reasonably tasty personal leanings aside if i had any qualm with them at all it s that they are decidedly artificial in their sweetness and to a lesser extent in their flavors the flavoring is supposedly not artificial according to the packaging so perhaps it s more of the sweetener skewing my perception of the flavor while probably pretty obvious given the nature of the product it should be noted for those that really hate artificial sweeteners or have a particular dislike of a particular artificial tasting flavor i m giving you the stinkeye banana runts and all your ilk this particular flavor mango peach is pretty middle of the road for my tastes definitely mango and peach in flavor but i far prefer the berry pomegranate and fruit punch but that s just me if you re bonkers for peach and mango this will probably not disappoint,positive,neutral,positive,True
well what kind of review can i write for snack bites i was quite surprised by their taste which is very good i wish they were available in bigger packages otherwise the packaging itself costs more than the bites that s the reason for stars i mean the cellophane costs as much as the meat,positive,neutral,positive,True
joyva chocolate covered raspberry jelly rings if you grew up in nyc you took these things for granted at the cash register of every deli are sold small packs of candy made by the joyva company of brooklyn although they may be more famous for their halvah joyva marble halva bars bars an ancient turkish confection dating back years according to the joyva web site i was always partial to their jell rings having long ago left new york i have found that these simple treats are scarcely found west of the mississippi and certainly completely absent from my current home in the pacific northwest this being attributed to the complete lack of any ny style delis in the pacific northwest having found these on amazon was a pleasant surprise but as of the time of this writing being only available from a rd party merchant with a somewhat steep shipping price put a damper on my enthusiasm the pound quantity also gave me pause that s a lot of jelly rings but my wife possibly tired of my repeated search for and failure to find these anywhere ordered this item anyway and i am glad she did about month now from the time they arrived i am just finishing off the box with some help from friends and co workers with whom i have shared these small about across ring shaped candies consist of a firm purple berry flavored jelly covered in a dark chocolate shell the jelly is less tenacious than a gummy bear but firmer than say jelly you would put on a pb j i actually prefer to eat them on the cool side which increases the firmness the dark chocolate pairs nicely with the jelly giving a little bitter offset to the sweet jelly the chocolate itself is not the highest quality when simply considered against other chocolates the kosher parve rating means that these contain no dairy how does one make chocolate without any dairy but i put quality in quotes because ultimately it just tastes good and that is what should matter i ve shared these with friends and co workers and have received one of three responses these are good ok thanks these are great ugh tastes sort of like cough syrup coated in chocolate i am obviously of the response camp but maybe you need a little ny dna in you to have such a reaction reaction was not prevalent but who knows how many response s were just being polite so in summary i love these things if you ve never had them before you might want to try to find a smaller quantity before diving in to the lb box shipping and storage the box pictured on this page was packed inside a cardboard shipping box with a single ice pack along side it when i received mine the ice pack had assumed ambient temperature so i am not sure what good it did the rings in their original packaging box pictured are arranged in layers with cardboard between he layers this is not a great travel arrangement and upon opening i found them somewhat jumbled and a bit damaged the damage was mostly flakes of chocolate that had been knocked off but overall appearance was acceptable my take away here is be wary of ordering these when the weather is hot as spending time in the warehouse truck would not be good for them so overall stars for the candy star for the shipping price stars enjoy,positive,neutral,negative,False
i bought the happy apple snickerdoodles double chocolate brownie and chocolate chip cookies to me cookies should be crispy but if you like moist cookies these should satisfy they improved once the package was opened and the cookies started getting stale my favorite was the double chocolate brownie and i am really not a choco holic they just tasted good without having to be stale first the chips inside gave it a crispier taste my least favorite was the happy apple even though i do like apples i have to say that these cookies were a life saver when i was hungry and there was nothing else i could eat available i do wonder however if one should find out whether they are allergic to sorgham flour,neutral,negative,negative,False
i got this almonds for my daughters wedding candy buffet and they look as beautiful as in the picture and they taste so good there pricey but they are worth it i mixed them with ivory color almonds and it looks just stunning now you have to be careful with what almonds you order this are eatable theres some that they been sold cheaper and they are not eatable so be careful also theres some that they just have a gold wrapping but this ones are eatable and they have the gold finish shiny coat this are the ones if you are looking for beautiful gold almonds thank you,positive,neutral,positive,True
amazon hasn t figured out how to get canned goods to the customer every time of the cans are severely dented makes me fear food poisoning if they could solve this problem i would order this soup many other canned products regularly buy the soup in a store it s not bad a bit too much tomato carrot but good taste amazon please address this packaging shipping deficiency a few minor dents are acceptable but not cans that must be discarded,negative,neutral,negative,True
i purchased this product because one of my cats opus has lymphoma and was not eating the sprinkles were supposed to make food irresistable not only did opus show no interest in the sprinkled food but shadow the healthy one also turned up her nose fortunately medication has helped opus appetite but they still don t want the sprinkles,neutral,negative,negative,False
we like the limited ingredients beef tripe water garlic carageenan vegetable gum and it doesn t smell any different to me than other canned dog foods we make homemade raw dog food and this is a great addition to the batch if you are interested here s the recipe ratios i don t really measure i just guestimate the amounts after you do it long enough you get a feel for how much is needed of what item roughly we try for main protein organ meats greens carbohydrates we use a big stainless steel bowl and mix together pounds of raw ground turkey handful of organic mixed greens salad mix can drained french cut green beans can of pumpkin the plain cooked vegetable not the seasoned pie mix sometimes i use a baked sweet potato instead of the pumpkin raw egg with shell we get good country eggs cup alaskan salmon oil like grizzly s cup cooked brown rice cup of plain regular dannon yogurt not sweetened not lowfat can of tripett green beef tripe about a dozen chicken gizzards cut in half and cup liver beef or chicken we mix this really well and dish out messy well rounded almost heaping cupfuls onto paperplates then cover with plastic wrap and smoosh it flat stack the plates and stick them into a big freezer baggie like the gallon size and freeze em about plates days of dinners fit into one of the freezer baggies just pull out a pack and let them thaw in the fridge when you need them this makes plates or days of dinner for each of our two lb dogs we rotate their diet also feeding raw beef ribs some days raw chicken wings some days and nature s variety prairie kibble or nature s variety instinct kibble some days they always get of a stella and chewy s raw dehydrated steak for breakfast every day our pups are not overweight and have no doggy smell to their coats no bad breath at all they don t fart have no gum disease and they have gorgeous white teeth that don t need to be brushed and hopefully they re about yrs old now no future arthritis or diabetes arthritis results from a diet of corn and wheat and diabetes results from those icky sugary dog snacks read all pet food labels carefully a good diet is worth everything we all love our pups so much we must give extra careful thought to how we feed them,positive,neutral,negative,False
my dog likes to chew it but it s heavy weight even for this petite size it s almost like of her lunch but it s very safe to use my dog got choked often when she was chewing the rawhides or pig ears but never had problem with this one howwever it s quite thick and dense wish they could make the shape flat and thin that way it will provide longer chewing and more fun my lb dog consumes it in less than seconds she got a pack of trixie dentafun kauchips g made in germany from my best friend the trixie chews are superior than any existing dog dental chews in the us market but unfortunately we don t have it here,positive,neutral,negative,False
good product but expensive would be cheaper in my local co op i do not understand why this is so expensive but i needed for my gluten free pantry flours michele,positive,neutral,negative,False
two years of trying just about every coffee offered in k cups and this flavor is by far our favorite we keep it stocked in the pantry at all times our second favorite is a seasonal flavor island coconut and we look forward to that being available usually in the spring k cup prices vary not only from different sellers but at different times however it seems that amazon s prices are always sky high compared to other places prime membership or not the prices here aren t doing you any favors if you like this coffee hunt around i get free shipping next day delivery and pay box of or less no matter what brand or flavor i m ordering sorry amazon while i do most of my shopping with you in all categories this isn t one of them even though i keep checking back and hoping your prices on k cups become more competitive,positive,neutral,negative,False
this is not a bbq rub it has a real kick at the end which was spicy but not in a good way threw out the rest,negative,neutral,negative,True
this is the second time i have ordered this and i love it i mix it with yogurt and it s really good much more reasonably priced too hope they keep having it at the fair price they do now,positive,neutral,positive,True
i love this stuff i use it all the time for piping gel transfers on cakes with water to make it look more real i posted a few photos on here of my hawaiian themed birthday cake that i made for y all to see i used blue tinted piping gel for the waterfall be careful when tinting the gel though as it colors really well,positive,negative,positive,True
this sauce is low in fat g sat fat low in sugar g serving very very tasty packaged in hard plastic jars that can be microwaved or put in freezer the puttanesca flavor is authentic with lots of olives and capers in the sauce buy this,positive,negative,positive,True
omg they are delicious its like filo dough with a cinnamon taste they shipped it so quickly before i knew it it was at my door well worth the money it averages out to around a box what a steal,positive,negative,neutral,False
i m a fairly awful and dedicated coffee snob but i go through so much coffee i thought it was worth giving a product that doesn t start with an s a try just to give my wallet a little relief granted if i m going to unnecessarily spend money on anything it will be good coffee i do have a strong preference for thick and smokey french roast flavors in the morning that linger with me and i grind the whole beans like i m making expresso anyway short story is that i m on my fourth five pound bag for me that s an very favorable review,positive,neutral,negative,False
it help clean the hard water out in my dishwater it did not work as good as i thought it would but i am sure it had nothing to do with citric acid crystals,positive,neutral,negative,False
well let me state first that we like this natural sugar that said when we received it it must have come in contact with dampness either from the manufacturer or via shipping each bag of sugar was hard we had to bang it on the counter many times to break it up have had it once before and it was fine wasn t hard or lumpy but still smelled weird now for the unpleasant part it does not smell like regular processed white sugar from supermarkets it has an odor of cat pee which i thought very peculiar although when you use it to cook with or put it in tea coffee cereal this odor disappears completely i guess it s the nature of the unrefined processing it s actually stronger than white sugar you don t need as much and we will buy it again just don t have a sensitive nose or keep your nose out of the sugar jar and you ll be just fine,neutral,negative,negative,False
love this stuff im full for hours after i drink a protein shake with added salba ive bought both seed and ground prefer ground though seed yealds more when self ground in magic bullet,positive,negative,positive,True
i do not believe the first two reviews are real someone that would actually want to purchase un roasted yirga would know better than to roast it to city sounds like salesmen who know nothing of the origin,positive,negative,negative,False
this is a very good product but i have had problems repeatedly when i order this product through amazon frequently one of the canisters in the pack of is damaged and the product is leaking i have alerted amazon of this problem and they have been great about refunds but i wish they could prevent this from occurring so that i don t have to keep re ordering more product,neutral,negative,negative,False
this bbq pork jerky is pretty good it s moist and chewy it s not dry at all flavor is good not super salty like most jerkys,positive,neutral,positive,True
i love the flavor of maranatha it has a distinct almond flavor if you are looking for a peanut butter like flavor go with barney butter however i like the almond taste of maranatha almond butter if you aren t sure try it a small jar at your supermarket first i read reviews that it tasted rancid which is not the case although if you expect this one taste just like plain peanut butter you will be disappointed,positive,negative,negative,False
if you notice all the bad reviews are from people who seem not to understand there are k cups and there are coffee pods totally different systems by their inability to read they create a negative view of this product the coffee is excellent and much cheaper than k cups not sure it is as good as java one sumatra coffee but pretty darn close for those who own pod brewers this is worth a try for those of you who own keurig k cup brewers be a little smarter and don t knock the product because you can t read or don t know the difference between k cups and coffee pods it is not the products failure,positive,negative,positive,True
this tea tastes great in my opinion but is usually a little pricey if you buy it at a convenience store buying in bulk makes it much cheaper ounce for ounce to the other reviewer that is inexplicably penalizing this product because it calls itself organic keep in mind that there s a lot more to tea than just sugar drink your tea in moderation if you re worried about calories,positive,neutral,negative,False
the following are quotes from the box of marley coffee count single serve pods ethically farmed artisan roasted exotic floral and berry flavor small batch roasted fair trade certified usda approved so far that s all good now for the real test how does it taste what s the aroma like for the coffee lovers in our house everyone this coffee got five stars on both those counts the aroma is rich and strong and gets you moving toward the kitchen in the morning if someone else has brewed the coffee of course the taste is robust and full bodied providing that perfect morning coffee fix so many of us need though i didn t detect any floral or berry notes i did notice that there was a nice smoothness and no bitterness overall this coffee is good stuff from the way it is farmed to the way it tastes recommended,positive,neutral,positive,True
i originally bought these chips because i d heard great things about the company and their customer service but i was a bit underwhelmed with the taste of the product pro lower calorie baked not fried this is definitely a huge plus con i was expecting something more potato ey instead of being made with potato bits or mashed up potatoes it s mainly potato flour and starch therefore the potato flavor is lackluster to non existent they re more of a delivery method for the flavoring than a tribute to the great potato the salt and vinegar flavor wasn t as strong as i d hoped especially since more salt and vinegar wouldn t really increase the calorie count very much also because the underlying chip was kind of bland more flavor would have been beneficial overall a great snack alternative to chips i would recommend it for anyone who loves snacks with the texture of cheetos and those puffy rice crackers if you re looking for something with potato flavor as well as salt and vinegar you might want to look elsewhere,positive,neutral,negative,False
i like this product but amazon s delivery required about ten days i ran out of coffee waiting for it and had to purchase more locally amazon s pricing was therefore no benefit,negative,positive,negative,True
i did not like these beans and won t be purchasing them again they were bland even after adding salt and jalapeno peppers they also had a weird aftertaste,neutral,negative,negative,False
i don t like strong coffee so this wasn t my favorite if you like a bold coffee you will like this one my son likes it recommended it to me i sent them to him,neutral,positive,positive,False
my cat loves this stuff the nutrition is fair and it has alot of juice in the packet it is a mixture of chunks of meat along with some shreads it looks like real shreds of chicken the sale price here at amazon was awesome less than half the price at my local stores for a whole case i never have any trouble getting all of the food out of the pouch it all slides right out this particular flavor though for whatever reason does have a bit more product in the pouch and to make things easier when opening i usually just cut the top off to avoid any messes while tearing open or i tear from one side half way and then from the other side the rest of the way and the entire top comes off then if there are any dribbles then it is just a tiny bit on the side of the pouch and not on my hands at all and i do not get splattered with it for some reason the top usually never tears cleanly the whole way across if you try to tear it from one side only and it can be a little messy if you re in a hurry it is not like it makes a huge mess though anyway just a few drips here and there maybe cutting the top off instead of tearing it solves that though the other whiskas pouches that i like to use are the choice cuts varieties they have nice big chunks in them instead of a bunch of mush or all shreds my cat likes the chunkier ones better,positive,neutral,positive,True
i originally purchased only of these for my labrador because she loves her kong so much my border collie mix could usually care less for such things however when the treat ball arrived they fought over it so i had to buy another one unfortunately they still bicker over them which is odd because my dogs never fight with each other so we ll see it may be a toy that only gets put down when i am home to watch them but judging by their behavior this treat ball is the greatest thing ever,positive,neutral,positive,True
graham crackers the way they are meant to be light crispy and with just the right amount of flavor or maybe it s just the adult version of graham crackers i also provided the nutrition data pic there fyi ingredients graham flour whole grain wheat flour whole grain rolled oats evaporated cane juice safflower oil honey raisin paste brown rice syrup leavening baking soda monocalcium phosphate sea salt cinnamon vitamin e to help protect flavor contains wheat,positive,neutral,negative,False
bought some chinese made rawhide bones a few months ago and it make one of my dogs sick won t be giving them rawhides any more they love these sam yams i just wish they would give them a little longer chew time i try to find them for less than bag retail on these is too much,positive,negative,negative,False
when i first glanced at this item my first thought was a nehi orange type soft drink however it is made of fruit juice with carbonation added it tastes way too sweet for my taste buds much more than regular oj in fact it left an aftertaste in my mouth and i had to brush my teeth right after taste testing it i ended up mixing the rest with a shot of vodka and it made a great screwdriver with a kick of carbonation,neutral,negative,negative,False
as i dog trainer getting a dog to come when called can be challenging but these are my secret weapon in the war of coming when called dogs come running these are definitely staying in my dog training toolkit,positive,neutral,negative,False
i was looking to buy this stock in bulk to save money as the previous poster noted it s great for using in recipes using it my broccoli soup instead of chicken stock takes the faintly gamy flavor out and makes it pleasanter but as of this writing kitchen basics wants per item for this pack that s insane at my local grocery which is not exactly cheap these containers of stock are around just wanted to make shoppers aware not to fall for the idea that you ll be saving money by purchasing it here in bulk,neutral,negative,negative,False
the ingredients price almost seem too good to be true that s my main thing lol but basically i tried this food out because i am a vegetarian because i do not like the way livestock is raised and what not it may seem stupid but switching to a fish based dog food is much more appealing to me than random parts of abused lamb chickens etc not that my dog cares when i opened the bag the biggest thing i noticed was the smell not overly appetizing for me but it smelled like food burnt toast mostly but it didn t smell like greasy crap like most dog foods do my dog also noticed this and was reluctant to eat it the first day she has warmed up to it a bit she still eats smaller portions but i believe that is because it is probably higher quality and she might feel full sooner,positive,neutral,negative,False
our boxers were super excited to have these bones they ate the whole thing the bones didn t upset their stomachs we will definintely buy these again,positive,negative,negative,False
i have dogs and even though one was not interested the other were they had fun trying to figure out how to get the treats even to trying to get me to get it for them ha however once it was figured out they had fun eating the treats i will warn multi dog houses you might try this on a individual basis of my dogs who normally don t fight over food at all got a bit possessive of the toy also do not leave unattended so it doesn t get chewed up otherwise i say go for it it is a good thinking dog toy,positive,neutral,positive,True
walkers royal toffees is a fine quality product that we enjoy very much we first experienced these toffees at a retail store that we frequent we tried to find a way to purchase some for aouselves which proved rather difficult we did a serch on the internet and found they could be obtained through amazon com after several attempts due to availability shorages we were able to succsesfully completre an order and was able to receive them we highly recomend this product,positive,negative,negative,False
i bought these thinking they were made exactly the same way as the individually wrapped macaroons i was disappointed they do not taste the same there s a slight flavor of preservatives or something that s off anyway i used to eat ounces individually wrapped ones per day when the local grocery store ran out i ordered these it s been almost two months and i ve only eaten of the cans ounces pound the ingredient list for the product is also incorrect the canned macaroons have the addition of evaporated cane juice whereas the wrapped ones have only honey as a sweetener,neutral,negative,negative,False
if you re accustomed to a typical american diet of sugar and salt and grease you re first impression might be that these rice cakes taste like packing peanuts and that might be your second impression too however once you put a few miles between yourself and the typical goo and glue diet you may grow to like these rice cakes the caramel flavor is my favorite but the apple cinnamon isn t too bad either they re good snacks and they re fairly healthy and they re good for your body and digestive system to my horror i see that they re sweetened with high fructose corn syrup which is mighty disappointing i d think that the demographic type that s interested in eating rice cakes is also going to be the demographic type that s sophisticated enough to read labels and sophisticated enough to know that hfcs is a dirty word and an unhealthy sweetener i wish these mega monster corporations would go back to sugar and just add the th of a penny cost to the retail price it d be worth it to me and others who struggle to keep their weight normal,positive,neutral,positive,True
i have purchased a lot of citric acid from iffy sources and been disappointed by it s lack of purity so i was very happy to see amazon carrying a good quality citric acid at an affordable price the granules in the spicy world citric acid all seem uniform important when you want consistent results the color is good no yellowing it wasn t clumped or sticky i will definitely buy this again,positive,neutral,positive,True
flavor was light and the syrup was thin people used half the bottle in one sitting would not buy again not worth the money,neutral,negative,negative,False
ok flavor tasted too much like bacon bits i got it on sale and an extra off that made it worth it regular price is way too high,positive,neutral,negative,False
you won t find this on the shelf but md s and parents should know it is out there i am not a medical professional i have children who had sever allergies to all the normal formulas milk or soy based as well as alimentum nutramigen and pregestimil i found it absolutely ridiculous that none of our pediatricians had any knoledge of the formulas out there and that i had to educate them but if i had not been proactive my children would of suffered more then they did or possibly failed to thrive live with all children i tried the normal formulas first then proceeded to the hypoallergenic i thank god i found neocate wow it was a life saver for my kids no more vomiting diaper rashes yeast infections thrush cramps bloating gas screaming in pain it was wonderfull not having infants toddlers who screamed in pain hours a day my children thrived on neocate where they had done poorly on the other formulas however my children did not tolerate the dha ara additives thankfully back years ago neocate could be bought without it the manufacture of this formula nutricia advanced medical nutrition has a large line of products to meet special nutritional and medical needs of infants children adults it had to be obtained by prescription and medically necessary to get insurance to pay for it,positive,negative,negative,False
a good snack but became sick of it the sticks are about inches in length a pack of seems like a lot for a fair price,neutral,positive,negative,False
this tea gets diluted out by the ice and ends up very weak not good at all as an iced tea great as a hot tea though,negative,neutral,negative,True
for those individuals who must limit or eliminate wheat from their diet this is a very good choice it cooks up quickly and creamy with a good hearty taste,positive,neutral,positive,True
i would say that overall this product needs better label and directions on it s use on the actual product after looking it over for about minutes i didn t see one direction on how to use this oil i marked it down from five to four stars to the lack of directions i marked it down further from four to three stars after i did test it on my hair when it was dry and it left it looking greasy and when i tried to curl my hair later the effect of the product left my hair hard to style the product itself says it can be used on wet or dry hair but with my hair i don t need a lot of oil on it and even using the smidgen of oil that i did i just didn t like the results i finally after some trial and error figured out the best way to use this product after washing and shampooing i used the clear scalp hair beauty therapy to oil my scalp after massaging this into my scalp for about ten minutes i promptly took out a blow dryer and dried my hair while brushing it with a soft bristle brush after about minutes of this with my hair completely dry my hair was transformed into shiny straight hair that looked like it had been through a deep conditioning treatment i usually only get results like this after going to my hair dresser and three plus hours and about later my hair is done i know other reviewers thought the product was misleading but before obtaining this i looked up the product and found that it was meant for ethnic hair i would strongly recommend using this only as a oil for ethnic hair also i would recommend only using this on wet hair and after going through your usual shampoo and condition regime with your hair,neutral,negative,negative,False
i bought this seed to make centerpieces for a safari themed baby shower i did a test run with one planter last week they sprouted beautifully and close to germination the grass is tall and healthy within only days,positive,neutral,positive,True
are glucose syrup and evaporated cane juice just because these ingredients are organic doesn t mean they re healthy i worry that we are giving our kids the implied message that sugar is good we already eat a ton of sugar as a nation and i don t have to mention what our obesity rates for kids are why can t we get a wholesome alternative that doesn t have a ton of sugar in it,negative,positive,negative,True
this mac n cheese is adorable with all the bunny and carrot shapes the quality is also very good but i feel like it tastes very flat,neutral,negative,negative,False
this flour tastes great but doesn t seem to have the best result when used by itself i had high hopes after reading the reviews and my first attempt pie crust was a flop the dough wouldn t stay together to even think about rolling it out so i patted it into the pan and it tasted good just crumbled i then tried it in crepes and added xanthum gum and it seemed better but still not great my best success with it has been using this and bob s red mill gf baking flour along with some xanthum gum the results are terrific great taste and texture,neutral,positive,negative,False
these didn t taste like i was eating a brownie but i never expected it to the chocolate does have a bit of that healthy flavor that s familiar in meal replacement drink mix products there is a bit of real chocolate taste to it and the texture is satisfying the bar has a chewy and slightly crunchy consistency i love that it requires a bit of chewing and has a good enough flavor to enjoy it i wouldn t consider this a snack though at calories a bar it s probably a meal for any one watching their weight or like me trying to lose weight these go great with a hot cup of coffee in the morning or a cold glass of water for lunch i do feel full for hours after eating one of these sometimes longer i was a bit disappointed that this no sugar product had carbs there is grams of protein to help even it out but only grams of fiber it d be nice if these had some extra fiber to them or simply less sugar substitute i would say as a rough average there s about net carbs per bar not bad but i was expecting less i suppose many people subtract all the sugar alcohols from the total carbs however maltitol is awfully close to sugar so i don t feel that would be accurate i enjoy the flavor of these and will probably keep them in rotation since they do have a nice price compared to other meal bars i hope thinkthin expands their flavors i would love to see what they could do with tropical flavors like coconut their lemon one is on my must try list definitely a product i can recommend for those who like chocolate mine came with an expiration date months away and seemed fresh i didn t experience any discoloration on them or have any stale bars i don t know if amazon thinkthin has solved the issue or it s a luck of the draw type thing though,positive,neutral,positive,True
the sign of a good earl grey tea is the use of real oil of bergamot not just flavoring bergamot is a yellow citrus fruit in the orange family native to southern italy the fruit is considered inedible however the oil extracted from the skin has been the foundation of the cologne industry for many many years higgins burke earl grey is provided in individual foil wrapped tea bags open a pouch and you are immediately aware of the distinct aroma of bergamot higgins burke chose asian black tea as the base for their earl grey unfortunately the tea is almost dust and somewhat weak if you allow it to steep long enough you can end up with a drinkable cup of earl grey if they had chosen a better tea base the beverage could be better,neutral,negative,positive,False
i found the packets at walmart for cents i believe but when i went back a week later they didn t have anymore i also checked cvs and walgreens and they didn t have it either i was so happy i found it on amazon and in cans which i think is a better deal than packets because you get more product this is definately the best hot chocolate i ve ever had the peppermint isn t over powering like most peppermint hot chocolates i ve had i ll definately be buying more when i run out,positive,negative,positive,True
i found the sesame bagel crisps as fresh as those purchased locally very flavorful eaten as a snack but not so overpowering that the chip fights with a dip or spread actually too good no worries that they will go stale because the bag is emptied too soon only problem was that amazon shipped in the original case meant for store display which means there s a large perforated flap across of the front of carton opened during shipping and front bags were bagel dust rather than chips back bags were fine for party fare,positive,neutral,negative,False
i hesitated about ordering food on line with some of the other questionable reviews about freshness of the product but i was desparate to fine this product as my local stores had quite carrying them was pleasantly surprised that all the boxes were tasty and the order arrived quickly,positive,neutral,positive,True
i reviewed werther s original chewy caramels caramel chocolates and creamy filled hard caramels as a bzzagent and found the chewy caramels came a close second to the original hard candies still has that great unique caramel flavor from werther s but now in a chewable form i prefer the original hard candy as those little gems last a little longer but these are a nice second choice,positive,neutral,positive,True
i love this candy it has a pleasant mildly sweet rice flour taste and the texture is similar to a powdered soft gummy bear the melon flavor is mild and sweet not sour this candy may be an acquired taste for someone who is accostumed to mainstream super sweet american candy the texture may take some getting used to and the taste of rice flour may not appeal to some all that said i ve been trying to find this candy for several years but because i didn t know the name of it i ve been making do with my memories now that i ve found a merchant i plan on buying a stockpile,positive,neutral,positive,True
at first it is not so hot but it grows on you i added a very tiny amount of honey in warm water to mix dash of salt too like it so much i made up the entire jar like that and kept it ready in refrig i put it on apple slices as a pm snack or mid morning break spreads nicely on an apple unlike real pb love not getting all those calories,neutral,positive,positive,False
for me the tea has light taste i drink it once a day for about months hoping to have better hair and nails after seeing it on dr oz so far i haven t seen the result yet but i m hopeful,positive,neutral,positive,True
my mother in law bought these from our vet the other day because they aren t fattening and are good for teeth my dogs love them i have two labradors but yesterday i gave them each one to chew and my chocolate lab choked he was gasping for breath and fortunately threw up the chew and his breakfast i say fortunately because i suspect he would have choked to death otherwise my other lab threw up over night and i suspect it was from these chews i m getting rid of them and won t buy them again these things should come with a warning label,negative,positive,negative,True
i received my bag of kind healthy grains clusters free from the amazon vine program in exchange for writing a review we eat cereal for breakfast a couple of times per week and i m always looking for one the kids like that isn t half sugar and artificial colors i was really impressed with the ingredients in this product non gmo flax seeds amaranth quinoa oats millet and buckwheat no artificial ingredients preservatives or coloring and it s sweetened with evaporated cane juice and molasses and not the dreaded hfcs it s high in anti oxidants omega s and fiber and is low in salt and fat it has a very nice cinnamon flavor too overall it s a very good choice for snacking or as cereal they need to put it in a box or some other container because my bag arrived with all the clusters broken into small pieces there was no way to eat this except as cereal with milk or sprinkled on food we had some on yogurt it tastes really good with complex flavors from the various grains the kids like it too,positive,neutral,positive,True
the food we used to give her which was supposed to be good for dogs would sit in her bowl sometime for days now when she hears the bag rustling she is standing by her bowl waiting to eat it,positive,negative,negative,False
the matcha came promptly there is plenty of it those are the positives the color of the matcha looks nothing like the photo it is a deeper darker more muted green it tastes similar to what it looks muddy sort of like dirty grassy water i have purchased much higher quality matcha at very reasonable prices for oz in japanese markets in nyc and l a i purchased this to drink every morning and to use in cooking and frappuccinos so far it is best for frappuccinos where the flavor is enhanced with plenty of sugar and mimic cream almond cashew cream substitute i would not recommend this product either spend more or keep looking good luck,negative,positive,neutral,False
this used to be the real great one in northern italian style espresso half the price of illy normale and more consistent but that s apparently all over now i have just had exactly the same experience as d cocco reports above the coffee was stale and completely changed way overbalanced toward one particularly strong flavor i sent a respectful email to them about this and received no reply it wasn t necessary to pay the premium price for imported italian coffee anyway it s just that this one was a particular favorite so i d spring for it once in a while but there are better choices and for a lot less dean s beans for instance,negative,neutral,negative,True
i wouldn t try this cereal if i were you because it is addicting i love it,positive,negative,positive,True
i love to use these pretzels to decorate and give to friends and family during the holidays i just recently bought cases boxes all of which contained at least broken pretzels each bag only had whole pretzels in them i m glad that amazon was able to working with me on this dilemma but i am still exremely disappointed with the condition in which these were received,negative,positive,negative,True
i bought these cookies for someone with celiac disease who needs to eat gluten free not only did he love the cookies but so did everyone else that tried them these cookies are not a compromise but a delight,positive,neutral,positive,True
i really like this very delicious cocoa no question about it that s why i gave the product itself five stars but a bullet on the product description page states specially designed packet to be used with any keurig machine and the rest of the description and other comments emphasize some intrinsic keurig connection that is misleading the only connection with keurig machines or their k cups is that keurig packs sample packets in with their brewing machines this product is simply a box of single packets that each create one ounce cup of not overly sweet cocoa from any hot water source tea kettle microwaved mug of water etc milk is not necessary as milk solids are some of the ingredients as for amazon s price i buy the same box of packets at smart final stores a west coast chain for under,positive,negative,negative,False
i love tortilla chips just good ol fashioned corn chips with salt on them i was curious as to how these fancy tortilla chips would fare before even tasting these chips the bag shows that the company is serious about freshness it s tough and a little slippery i almost couldn t open it by hand the chips are little hexagons about in diameter with the various seeds clearly visible in the chips while the corn flavor is dominant the various other elements of these chips really blend well to give them a unique flavor they re not overly salty indeed if i had any quibble it s that a little more salt would be appreciated these chips would be an excellent choice for finger foods for a higher end dinner party a date or just an evening when you want to treat yourself,positive,neutral,positive,True
and we find her here upon this grand amazon each day morinu feeds me like my own nourishing mother cherishes and consents my whims with this wonderful food eschew all animal byproducts and cadavers this tofu is a strengthening food fit for human consumption and so convenient from our mighty amazon sent right to your front porch or in my case post office box with free shipping rather than driving thirty to seventy five miles for the same product at three times the price plus gas this is fit food for humans food for which our bodies are created food which feeds us rather than kills both the source and the consumer you may read here written by the self deceived that this tofu is too mushy for firmness and that it must be pressed between towels before cooking to them so confused i ask cooking each day at least once a day i draw forth my serrated knife and one sacrificial box of this excellent tofu and i without remorse slice a hole in its top with great tenderness and care and gratitude releasing only the slightest and most apologetic gentle spurt of clearest liquid and this with a certain yearning i do not observe the indications written sternly upon the short edge of the box but lie this box gently down upon a smooth flat slab of wood with the face up and take the knife very gently sliding upon on edge of the top the very belly of the box and then upon the other edge of this top and then most gently along the bottom edge of this top each time releasing apologetically the slightest hint of a clear liquid revealing thusly by means of these three slits the gentle hidden secrets of the box the soft white substance lying shyly within awaiting with embarrassment our further processing i feel the need to explain this procedure with greater care and attention the very tip the point of the knife uncovers tenderly a certain point a certain distance from the corner of the broad top of the box the side with the picture and product label as pictured here the side which reads morinu the broad flat side laid flat the very tip of the knife i say discovers probingly a certain point near one corner which offers the proper resistance without too great a resistance without too little a resistance to penetrate this membrane too close to the corner is found to be too hard too resistant too unwilling although most convenient for the later proceedings too distant from the corner implies simply random slashings without specific purpose and our purpose in this procedure is most serious most purposeful intent in a word therefore the point of the knife penetrates the membrane slowly yet purposefully as close to the corner as possible penetrating as deeply as possible without piercing the wooden slab beneath a certain spurt of clear liquid may emerge but let this prove no inhibition as the knife reaches the depth of the box slowly withdraw the knife slowly at a diagonal allowing the serration softly with friction to continue to separate a slight slit along the ege of the box slowly resolutely but patiently with purpose as the serration creates an ever longer slit along that edge as closely as possible continue from this first slit along the the contiguous edge of the top of this box and then the third edge inserting carefully your knife and slowly withdrawing with a friction sufficient to separate the membrane without shredding without eliciting over muchly the clear liquid which may spurt forth let us call the top right corner of the box point a the bottom right corner point b the left bottom corner point c and the upper left corner point d begin to pierce at point a proceed in turn to b to c ending at d forming this a slit along the three edges arriving at point d withdraw the knife completely wipe the blade with a soft dry cloth and set it aside for cleansing we now may lift the flap thus created exposing the delicate white contents within i feel remiss if i do not address a probable misconception here writtenonly for the rhetorical convenience and i feel compelled by the necesity of correcting this counter indication no matter how unclear this may be due only to my severely limiting literary incapacities employing the same alphabetical coordinates as described above the consumer may discover this procedure far more efficacious to begin at point a and proceed gently yet firmly to point b as described divergently however please proceed to point d and then directly by knife edge to point c parallel to the line ab already created yet along the opposing edge having thusly formed two parallel slits find the midpoint between point b and point c as close to the edge as possible probing and then plunging the tip of the knife through the cardboard membrane through to the bottom of the box but now with an orientation perpendicular to that previously used in the formation of lines ab and dc withdraw slowly delicately yet with sufficient friction at an angle to proceed effectively to the corner at point b withdraw completely and reverse the knife blade returning it deeply at the midpoint previously entered withdraw once more with similar care and opposite diagonal completing the slit thus formed entirely to point c i am confident the consumer may discover this procedure far more delightful and effective than any here previously described firmly we roll back the top flap created by the three slits proceed mercilessly proceed not frenetically but ardently nevertheless to dice within the selfsame box her contents slowly gently but decisively the fresh tip of my serrated knife which in recent memory has touched no animal part but vegetable alone and never shall become so adulterate with the blood of the animal with the dairy of the animal this sanctified and reserved and faithful tip having never known in any sense animal but only vegetable purified thus unadulterate this sacred knife dares therefore pierce this gentle pure white tofu into a ruthless grid of slits fully through to the bottom box plunging first vertically in rhythmically repeated rows spaced gently a few centimeters apart and then relentlessly horizontally pushing ever so softly through the yielding unresisting white tofu laid back upon the flat slab awaiting without a word this process with utter patience yielding completed this repeated slicing back and forth up and down across and through and through i lift in one hand upwards the entire box gently yet unrelentingly over the recipient reserved for this purpose alone most often it is the daily lunch container reusable with soft top to receive the more securely and gently this daily offering removed demurely from its box as cautiously as a hermit crab from its borrowed shell vulnerable by exposure with one finger one may remove whatever residue remains relunctly within the package passing it reassuringly into the ultimate recipient lime juice freshly squeezed upon the tofu deposited there as ablution meets fragrant sprigs of fresh green cilantro mated with whole corriander seeds oz and a generous ladling of the eden organic garbanzo beans ounce unit pack of also available upon this generously nutrient amazon this is a meal in itself and comes most welcome at noon at night rather than such a cold lunch in this cold winter a warmer meal is wanted and so this gentle and yielding box of nutritious tofu might discover herself pushed gently into a saucepan of simmering miso soup such as perhaps shiro miso paste non gmo no msg added this miso soup would take far greater space to describe here in the making from this container of miso paste draw forth a goodly spoonful to introduce slowly most politely into a gently heating small saucepan of water later in place of seaweed and to deceive my own palate i place those small flat spinach leaves available in the organic department of your local market perhaps with the results of a small onion diced very carefully in the manner approved as described above or green onion when quite ready for dinner i add last of all to this essence this gentle box of tofu sliced as described above with great and tender care leaving it bathing one might dare say only long enough to warm through and through before eating a veritable meal in itself there are so many other manners in which to use and to abuse this pure white and utterly nutritious gentle product and i can only with my utmost recommendation say and this with my greatest gratitude that here at long last we may know a food most willingly fit for our human consumption and one most readily available upon this wonderful amazon,positive,neutral,positive,True
product is worth the money but expect a few to be damaged which makes it a bit messy you will have to rinse them all off but good product bad packaging,positive,negative,negative,False
i gave up coffee a little more than a year ago and have been shall i say adventurous in my pursuit of an alternative i ve become a fanatic tea drinker and find that only those with natural ingredients are worthy stash makes a phenomenal lemon ginger tea but this chocolate hazelnut although full bodied leaves a bad taste in my mouth an aftertaste that is i believe it has to do with the fact that it has natural flavors no real chocolate or hazelnut here folks i gave stars because of the quality of the tea,neutral,negative,negative,False
i quite liked it the flavor is a bit harsh at first but then it becomes more mellow it is most certainly caffeinated which is good it is too expensive to buy more than once though all in all i liked it,positive,neutral,positive,True
i was hesitant to buy this at my local grocery store lunds but they were on sale so i bought a bag i ve found that going beyond the simply flavored chips like cheddar or vinegar usually results in disappointment tried the thai or asian inspired chips by target archer farms and they were awful these kettle spicy thai chips are just awesome so much so that i m considering buying them in bulk from amazon the taste is complicated and stimulates different parts of the palate the taste sensations prevalent in real thai food is baked into this chip sweet salty spicy was sour in there too i don t know but this is a well made well balanced chip that is addicting,positive,negative,positive,True
these are delish imagine a bite size version of evaporated milk in a hard candy this is what it is stars for the redonk price though what was i thinking it s a small bag of candy,positive,neutral,negative,False
my older cat loves these treats if i m having trouble getting him to eat his canned food i can break up some of these treats on top of his food and that usually does the trick he even starts meowing at me if i forget to give him one during the day he has stomach issues and this treat doesn t upset his stomach at all the treats are dried white chicken breasts that are cut into small pieces and strips it does say on the bag that the chicken is human great but i ll just take their word for it,positive,neutral,positive,True
like the others writing their comments i was intrigued by caramel apple milky ways i thought these sounded like an wonderful treat i guess we all have different tastes personally i was not at all impressed with the flavor of these they were very sweet and the flavor was not appealing to me i m glad i only purchased two bags of these i knew the quantities were low when i ordered i thought if these were as good as i had hoped i would wish i had ordered more before they were all gone i m so glad i didn t i will be adding the reminder to the trick or treat bags for the kids on halloween,neutral,negative,negative,False
well it s difficult to review something like this coz after all i didn t eat any of it but i have three judges at home and as it stands it s two to one on this food one cat likes it and the other wants nothing to do with it the dog loves it though it comes in those little tin cans like fancy feast and you get an decent enough amount i suppose it seems a tad pricey but that s for you to decide so there you have it approved by one dog and one cat but bear in mind the third cat is a very picky eater,positive,neutral,positive,True
unlike most cent ramen this has three favor packets including one that s a liquid lots of flavor good spice wish it didnt come in the big plastic container though,positive,neutral,negative,False
i would never guess that these pretzels were gluten free if i had not read the label,positive,negative,negative,False
i was surprised to see so many negative reviews about these seeds i think they are one of the best flavors taste is very subjective so it s one of those things where you just have to try them for yourself to see if you like it don t relyon ther s sense of taste to define yours if you ve tried the jalapeno hot salsa version these are similar it s very hard to find these at stores around me so i m happy to find them on amazon outside of the taste the david brand typically has very good quality seeds rarely do you find stems or bad seeds and the jumbo versions are just plain awesome after you ve been eating the jumbo versions for a awhile it s tough to go back to the regular sized seeds,positive,neutral,negative,False
the first time i tried this tea i absolutely loved it the taste is amazing and it s hard to believe there is no sweetener in this it is that good i think i had three cups of it the first time i tried it the next morning my kidney s felt really sore i don t know if it s something to do with the cleansing aspects but i did cut back i ll have one now once a week but wish i could drink it more it is that good tasting only three stars because of my kidney reaction but otherwise great,neutral,positive,positive,False
i ordered osem vegtable soup mix as an inexpensive replacement for the pricey vegetable soup mix packets from the grocery store that i normally use for spinach dip as such being yellow in color rather than brown it has a different appearance than expected the picture on the label shows a brownish beef like broth but that is not how it looks it also lacks the amount of dehydrated vegetables visible in the brands of instant vegetable soup i am familiar with and yet the flavor is similar enough that it did work okay in the dips the unexpected bigger benefit has been its use in gravies cream sauces and homemade cream soups it s become a very handy item to have around adding a little something extra to the flavor of these other recipes and if you happen to run out of milk to use in one of these you can still pull off a tasty cream sauce or soup since it is met to be made with just water i opted for the subscription ordering system scheduling a delivery of six containers every six months the first time a shipment arrived all was well however the second time it was awful thank god the containers were packed inside of a plastic bag because the tops had separated in all but two of them the whole red top part of each container had come off the yellow base the interior foil seals that line the containers at the top had also pulled loose if not for the bag the soup mix would have been all over the inside of the box when i signed into my amazon account to look up the phone number to complain i was presented with a question regarding customer satisfaction with the shipping on the order so i filled out the form submit explaining what a mess that shipment had been i have never received a reply of any kind either no one reads the information they solicit from customers or they don t care that leaves me with a four star product because it does not look like the beef broth appearance as shown on the label and one star shipping experience so i gave it a three star rating i am undecided as to whether to cancel the subscription or not the product is not quite what i expected and wanted for spinach dip use but it has some other uses i had not anticipated that are worthwhile in their own way i had one good shipping experience and one that amounted to a lot of wasted product and no way to know what the norm is if anyone else reviews this soup mix i hope you ll comment on the condition it arrived in,neutral,negative,negative,False
i was pretty impressed by this pancake mix i m always looking for high fiber products and some don t seem to taste as good as i would hope this mix on the other hand was great the pancakes turned out nice and fluffy i d definitely buy it again,positive,neutral,positive,True
i don t usually like green tea because of the grassy taste but this is pretty good the grassy taste is very light it taste more like real tea than rooibos usually does matter of fact i have to remind myself it isn t real tea it has a very slight peppery aftertaste for something that taste like tea and isn t tea and isn t bitter like tea can be this is a really good alternative,positive,neutral,positive,True
i have a month old a preschooler and a teenager so i m forever tired i hated the taste but it did what i needed it to do i got energy enough to keep going but not so much that i was jittery when it wore off i also didn t crash out like other products powered with caffeine i received a free sample of hour energy from smiley,positive,negative,negative,False
i pre ordeded this product before its release so i had no reviews to warn me that it was sugar free nor was there any mention in the product name the aspartame ruins what would be a decent tasting cider i don t like artifical sweeteners but it would have still been good if the sweetener was splenda or stevia that aspartame takes over the taste,negative,neutral,negative,True
i m not much of a water drinker although i certainly know the necessity i needed to find something to drink that was palatable regular water from the tap in a glass makes me choke hint is perfect i tried a few of the flavors and i must say that mango red grapefruit is one of the i have ordered from amazon to be delivered monthly i get my water down and no sugar and i notice a difference and the flavor of this beverage leaves a nice feeling in my nose and mouth,positive,neutral,neutral,False
the flavor is better then any i have tasted i looked for the malted ones in several grocery stores and could not find i have a problem with them breaking apart when you take them off the waffle plate you end up with a piece waffle still taste good though,positive,neutral,positive,True
i bought a bag of these on clearance for locally i d never heard of them they are basically round tortilla chips rolled up like a taquito and coated with a flavor powder the flavor hot chili pepper and lime is as described it tastes like hot chili pepper powder with a hint of lime the heat is about on par with flamin cheetos if you ve had those it s hot but it doesn t burn so much you can t taste i can eat about at one time before i m overwhelmed but for me these have too much flavoring on each chip they are a dark orange color and there is none of the corn chip color showing through i like the amount of flavoring on doritos or pringles it s obvious but not too much the takis is too much although it does make it easier to not eat too many of them also you should wear a bib when eating them the flavoring drops off on your shirt and if you try to wipe it it stains a little i lifted some off with a piece of tape that didn t get ground into the fabric though but back to the chips crunchy very strong flavor on the hot side as the fuego would indicate not something i would probably buy again though i might buy a bag for my friend who likes the flamin cheetos if you like the strong flavored spicy chips and lime you should like these,neutral,negative,negative,False
this formula is all we have used for our nine month old baby since she was born it mixes well even with the water from our filtered tap she has grown well and is healthy overall,positive,neutral,positive,True
my dog loves the chicken steak and peanut butter booda bones but he s not as fond of the spearmint peppermint variety my dog will eat it if offered but my dad s dog who i often sit for will not even touch these i wouldn t recommend for a dog who prefers meat,neutral,positive,negative,False
this is the best diet ginger ale there is but your price is too high and the shipping cost more than the soda the soda is all real and has zero everything encluding no sodium and only uses sucralose as a sweetner i will use nothing else as a sweetner i can get this at trader joes for about for cans although i have to travel about miles round trip to do so p s be careful when you first take your first drink because it has real ginger in it and if you inhale it it will make you sneeze,positive,neutral,negative,False
i have been a fan of most of newman s products this one i would consider average maybe i was expecting too much from a medium roast it is worth a try and i would purchase again then i ll rotate my daily ingestion with some other blends so as not to get bored,positive,neutral,negative,False
length mins when i first reviewed this i gave it four stars i m a hesitant five star giver but having now used it for two weeks it gets the fully approved star love,positive,negative,positive,True
i decided to purchase this product after reading about it in the wall street journal it did not disappoint if you want a perfect bloody mary every time this is the way to go however if you do not like full flavored read spicy drinks this is not for you it has quite the kick,positive,neutral,positive,True
i knew i wouldn t use this as a spread but in protein shakes and therein it does the job makes the shake delicious low fat low cal which is what i was looking for since a banana and regular pb just make my breakfast too fattening and calorie laden i am wondering about the ingredients but since i m also concerned about my weight and finding ways to enjoy lo cal lo fat food it s a trade off in anything but a shake i imagine it would be horrid but one tablespoon does the trick in shakes,neutral,positive,neutral,True
this crusting for chicken is really good i used bone in chicken thighs rinsed and coated pieces and baked at for minutes i could only cover medium sized thighs with the amount of mix provided in one box it crisped the chicken up nicely and the breading has a light flavor to it kinda plain but good,positive,neutral,positive,True
i love grape tootsie pops and while the price for these is probably more than buying a variety bag in the store at least i am getting what i want and nothing i won t use,positive,neutral,neutral,False
i bought this thinking it would be a healthy snack alternative plain popcorn is filling and a much better alternative to a bag of chips this is not the simply salted title is misleading this product is perhaps the most greasy pre packaged popcorn that i ve tried i needed a napkin before typing this review because my hands were too sticky to type i know that there are plain microwave popcorns out there but this is not the one if you want a healthy snack which is seemingly how it is marketed on the plus side it tastes pretty good just wish i didn t feel like i ate a bag of potato chips after eating one serving,negative,positive,negative,True
this tea is very good but the packaging is quite deceptive to begin with it is not powdered matcha tea but a leaf tea that is a blend you can see that it is a blend if you look at the smaller print on the can but it is a bit misleading in addition the tea only fills about a third and maybe even as little as a fourth of the container once you remove it from the bag inside the can i would buy it again because it is very good tea but don t buy it if you are looking for matcha and be aware that you re getting less than it might seem,positive,neutral,negative,False
edit i had been giving my dog a half of one of these every day and he was having digestive issues with them i stopped giving them to him and he recovered i will have to lower my rating on these even though he loves the taste i have a havanese dog he is very picky about treats and food he loves these things he goes crazy for them he sometimes won t even eat his regular food evo chicken small bites because he wants one of these first i m not sure if they are actually helping his teeth though his teeth are looking kind of gnarly and he is only i don t mind the smell of these treats either,negative,positive,negative,True
we call this kitty crack at our house and if one of the cats is hiding out and we need him all we have to do is shake the tin my cats never liked treats before,positive,neutral,negative,False
i usually order organic but did these by accident still good everything is good from bob s,positive,neutral,positive,True
i love indian food and often buy various curry pastes in a local indian store i decided to try kitchen of india curries and this fish paste was the first one i have tried i am attaching photographs i took along my preparation the paste comes in a silver blister pack that can be stored without refrigeration for a long time so these packages are good to keep on hand when you need a quick meal photo shows blister pack just taken out of the package the second photo shows the paste removed from the package so you can see the amount you get in package the recipe on the box tells us to add of the cup of plain water and dissolve the paste dissolved paste is shown on the next photo the paste dissolved easily it only took a few minutes the fourth photo shows salmon covered with the fish sauce about to go into a microwave the fifth photo shows the cooked dish ready to be consumed with some rice overall i liked the flavors however i found the sauce too salty for my taste i had scrape it off the fish to enjoy it more however what penetrated the fish and a little of the sauce that was left mixed with rice tasted very good i think next time i will try dissolving the paste in cup coconut milk or cup of water upping the amount recommended on the box to dilute the salty flavor more the box said that there is enough paste for servings and in fact this was exactly right the amount you see in the photos will be servings of fish each serving of sauce is calories i suspect it was less for me since i did not eat all of the source due to saltiness the amount of sodium per serving is mg i bought a variety pack so i compared the amount of sodium in fish curry to other flavors from kitchens of india and fish curry has the second lowest amount among the flavors so this tells me to dilute the next one i try more than i plan to dilute this one so bottom line i found the flavor to be pleasant and the i believe the saltiness can be improved by using more water coconut milk to dissolve the paste than recommended on the package,positive,neutral,positive,True
not our fav it s great to have for guests who enjoy a lighter cup but it s not for us we like green mountain s breakfast blend and doughnut shop the best as our normal cup of coffee and newman s own extra bold when we need a starbucks type of brew if you love a light brew then you will love this,neutral,positive,positive,False
i tried tried tried to breast feed after hiring a lactation nurse taking drugs from here canada pumping every hours with what looked like a car battery i finally read in my studies research that women with bad thyroids sometimes can not breast feed so there you have it then i turned my research to formula this one is by far the superior formula my baby bear lives it he actually likes it room temp,positive,negative,negative,False
agree with all the title is misleading this is not bread flour i ve tried several protocols and can t get a decent loaf i ll certainly update and revise my review once i found a good recipe if it happen meanwhile it would be nice is the name of this product is corrected,negative,neutral,negative,True
my twins love this but walmart sells them for for a pack worth going there to save the extra,neutral,positive,negative,False
pros very low calorie dogs love the stuff good for them nutritious all natural cons stinky can be hard to get out you have to stand there squeezing it the whole time so giving a normal treat is far more convenient messy they inevitably drip all over so you d better use them over an easy to wipe floor or outside the way it usually works for me is squeeze squeeze squeeze where is it liquid starts pouring out lands on floor because it always comes out on the opposite side of the roller ball from the dog with luck the dogs don t step in it too much and i can easily go over the area with a damp cloth after pointing out the spots for them to lick up it s not as convenient as they d have you believe you don t just squeeze let the dog lick the coated ball and recap it this is liquid and it s going to make a mess and require cleanup to be fair regular treats can leave behind crumbs slimy goo etc as well you can travel with it sure but i would sure as heck never use it inside my car your hands can obviously still contact the sticky end and require washing and i never feel right screwing the cap back on without first rinsing and wiping off the sticky end if you don t make a habit of doing this i m certain that eventually you ll wind up in a dripping oozing gooey predicament this may be cleaner for your hands than pieces of something else that may be sticky slimy and or odiferous but it s hardly the neatest thing in the world also no delay in presenting hmm there s typically more of a delay in waiting for the liquid to start dripping out with the dog sniffing at it and waiting than there is in fumbling with a treat bag in your pocket either way they know what s coming to them but speed is not really an advantage of this product the very concept should make it excellent for training especially because that can run you through your allotted treats very quickly dogs really can lick as much of this stuff as they want at any given time one lick is hardly ever enough but always appreciated i normally wind up squeezing every few seconds for about seconds maybe a minute or so it makes a good diet snack because they get something very flavorful less filling and more healthful however it s so messy that you d have to keep it somewhere nearby and out of reach during training rather than inside your pocket of course they put a positive spin on the necessity of standing there holding and squeezing the tube saying that the administration of this treat provides a bonding time and reinforces to the dog the source of his her treats well okay i can t call that untrue although it is rather unnecessary for anyone whom has as strong a relationship with his her dog s as i do with mine and they are all definitely well aware of me as a provider or slave in the opinion of the dog with the catlike mindset you should see them make firm eye contact then look back and forth from your face to the treat cabinet or room pointing you in the desired direction don t get me wrong though it is usually pleasant to stay close to your pet giving him her continuous drops of scrumptious meat flavored liquid as he she focuses intently on that ball instead of simply watching them snatch a traditional treat and devour it wherever they feel like at the moment a marginal amount of bonding may occur while you hold onto this thing for a couple of minutes and the dog laps at the putrid smelling goo obviously mocking you for your deficient senses of smell and taste i tried out the three pack of liver chicken and bacon for my three dogs as stocking stuffers this past christmas and we ve still got a little bit of bacon and liver left they obviously last a decent amount of time i wouldn t be averse to buying them again if i saw them at a fair price in a store and was looking for a small portion different type of dog treat i haven t used them yet as a distraction or soothing technique i suppose this might work although you d clearly need someone else to administer the stick while you did the grooming or whatever you were trying to do and i wouldn t necessarily expect a dog to keep still just because s he was licking not my nutters anyway but it s an idea at any rate it might well be a good anxiety reducing distraction they do get pretty excited over it so depending upon the situation it just might have that power edit i m sorry but i had to lower the rating to two stars you re far better off dripping the tasty low calorie liquid onto a hard surface and letting the dog lick it up it should be sold as a kibble gravy or something to pour into a tiny bowl rather than as a lickety stick these things really do just splatter all over the floor ground whilst taller dogs lick some liquid from the ball and shorter ones risk being hit with falling droplets it s a good idea but perhaps the substance needs to be thicker or it needs to pour out neatly into a little tray or something some dogs are better at catching it all before it falls but height differences make it tricky to try and let two of them share one if they re both willing you can do one in each hand sure but of course that doubles the mess the secret really is to squeeze slowly and gently watch for where it starts to emerge and rotate the ball so that the dog can lick it before it slides around the ball and falls i somewhat doubt my likelihood to recommend or re purchase lickety stiks unless they come out with a particularly interesting new flavor or improve the stuff itself furthermore my dogs have actually begun shrinking away and ignoring them obviously mistaking the sticks for their tubes of tooth cleaning gel and spray not the product s fault naturally but still a newly noted disadvantage worth mentioning,negative,neutral,negative,True
overall i like the blend of flavors for this bar the chocolate is more of a cocoa flavor than traditional chocolate which works nicely with the tartness of the berries i would prefer if they were a little less sweet and looking at the ingredients you can see there is some added sugar for a total of grams per bar not overly high but i would have liked it to be around grams of sugar per bar the bars are not overly chewy which is a good thing so you don t need to worry about any dental work they taste more like a soft oatmeal cookie with a bit of bite,positive,neutral,positive,True
i really like the taste of these little cookies and this is the best flavor imo i got these when they were marked down to and felt like i was paying an ok price they have gone back up in price so waiting for it to come back down so that i can buy more,positive,neutral,positive,True
these are probably the best pancakes i ve ever had we buy gluten free products due to my son s allergy to gluten but i would probably buy these pancakes even after he s grown and out on his own i won t buy any other brand after tasting pamela s,positive,negative,positive,True
it s tastes pretty good if you have a pretty big cup of shaved ice then by the time you get to the bottom you have a tiny bit of an after taste i can handle that fine you get alot of uses out of this bottle it has a smaller hole in the bottom so it does not pour out but it does come out pretty quickly i wish there was a way to measure out the amount you use without having to go to your kitchen cabinet to get something,positive,neutral,positive,True
the plants were great but i did nt water them in time and they died my bad i will order from them again,positive,neutral,negative,False
after searching for a more constant and less expensive supply of real licorice over my favorite more about that later i decided to try this one based upon other reviews and the description i have to say that i was disappointed it is not intense enough and a bit too salty for my preference since all that i noticed was salt and more salt until it got down to the licorice flavor which i would charactize as modest my all time favorite licorice was discovered years ago while visiting a st louis mall has been and remains an excellent choice made by bissinger s chocolate company and they call it french long licorice it is not noticeably salty and packed with flavor without being a sicky sweet candy i say that and caution licorice lovers to know their favorite type of licorice this is important when reading reviews and purchasing i was looking for something not american style junk candy with actual licorice extract not anise chewy lasting with true strong licorice flavor and no other flavor overtones as far a bissinger s is concerned they do not make this licorice year round nor advertise it on their website or in their catalogs so you have to call their toll free number and ask if it has been in production it is expensive but well worth it for excellent flavor and lasting ability i can enjoy one for at least minutes if i don t chew these are my favorite thing to have when reading a great book and i limit myself to at a sitting for my fix okay sometimes if it is a superb book d the last time i ordered it they were generous and added a pound of their premium chocolate as a thank you for being a customer that troubled to find their particular product because i do not live near one of their stores and unless i visit say st louis where it is headquartered i have to mail order anyway i prefer my licorice hard and let it soften in my mouth so when i get an order for lbs i leave it out lightly wrapped for a few days to harden off that makes it last longer in my mouth and does not affect flavor but that it personal mouth feel preference it frezes without problems so i will just have to go back to that and pay for my pleasure and stock up licorice gotta have it,neutral,positive,negative,False
i m a watermelon snob lots of folks try to make watermelon beverages or candy but few succeed their products are either too sweet not sweet enough or redolent of artificial flavors not switch this is a great not too sweet drink with a realistic natural watermelon flavor the only issue i have is that the size is awfully small,positive,neutral,negative,False
i ordered this product because of the dr oz show for anti aging a nice by product is i swear my knee pain has improved since i started drinking a cup a day oh yeah and it taste good,positive,negative,positive,True
besides purchasing this at the groceries i ordered twice on amazon hoping that this product would improve there is an unequal amount of fruit distributed in each package out of the six packages only one actually contained mangoes also there must literally be only chips of bananas in each package and i have already gone through about by now the strawberry chips easily get pulverized so if you think you are missing them in your pack they may already be turned into dust at the bottom now why oh why do i still buy them at the grocery my toddler likes the banana chips and mangoes we now buy the mangoes separately which is another hit and miss on quality what doesn t get eaten by the little one gets thrown into my breakfast cereal or oatmeal so nothing goes to waste so for that i m giving it stars,neutral,negative,negative,False
i don t get how some people say the rawhide does not last i have a big black lab who can chew up a store bought foot rawhide in less than an hour that being said this one has lasted a week now i am so pleased with this product that this is our th purchase of the different styles offered our furry baby just loves them a plus to this product it is not only good for his hips and joints but he digests this one easily unlike the cheap store bought ones he has choked up and has gotten sick from we have no complaints about this rawhide at all just wish they came even bigger best rawhide we have ever bought and we will not go back to the store bought ones now,positive,neutral,positive,True
it does not see to matter which bottle you take off the shelf to make an outstanding dessert coffee the results will surpass your expectations this is an awesome product for you coffee and tea,positive,negative,positive,True
my son started on this the minute it got here was neat to see them both so interested,positive,negative,positive,True
the price was right and the coffee was not bad tasting not great either but the smell not really an aroma when you open the package is a turn off the semi k cup design fits the coffee maker ok but not so well in the carousel,negative,neutral,negative,True
for years i struggled with trying to help my obese cats lose weight they were very restricted in how much they were allowed to eat but just couldn t stop gaining the pounds i was feeding them what i thought was a high quality food nutro especially given the price the vet suggested i switch to all wet which i did but they still didn t lose any weight finally the vet suggested a grain free diet and i began purchasing innova evo wow what a difference it did take about months to adjust the cats to the new diet which i did by feeding them a mixture of innova non grain free and innova evo grain free but each week scaling back the amount of non grain free both cats have really started dropping weight at a healthy rate but that s not even the most amazing change one of our cats had always had bad dander but after switching her food the dander has completely cleared up and her fur is so soft our other cat had episodes of not only chewing her paws but of throwing up her food the chewing has stopped and she hasn t regurgitated once since the food change the only down side is how strongly the food smells but they use the litter box less so it s a trade off,positive,negative,positive,True
i ve had these before and loved them this time i only like them don t know why this is maybe manufacturer changed recipe if so i wish they would go back to the original recipe as i liked them a lot more,positive,negative,negative,False
i am a label reader i count fat grams carbs proteins and grams of fiber vs grams of sugar most foods that advertise themselves as a healthy snack are not really all that good for you often they are too high in calories or they use products that you just shouldn t eat this snack food foodshouldtastegood multigrain chips really is a good tasting good for you snack the ingredients are listed on this page and you can see that there are no hydrogenated oils no high fructose corn syrup and no msg they contain grains that are visible in the chip and a one ounce serving gives you grams of fiber the packaging doesn t specify if it is soluble or insoluble the chips are delicious they are thicker than what you would expect in a normal corn tortilla chip more like a cracker in thickness but with the crunch of a chip the flavor is similar to a popular name brand corn chip fritos only without the added fat i can see where some people say they have a stale taste there is a grain that has a mild nutty flavor in the chip that you don t expect to taste in a corn chip i recommend the multigrain chip if you are hungry for a salty snack that won t blow your diet and that leaves all the unhealthy junk out i tried the buffalo flavor and they have a very mild kick much milder than i expected i still like them but not as much as the plain i really enjoy eating the multigrain with a little lowfat queso,positive,neutral,negative,False
excellent taste very impressed i am disappointed though that the price has gone up significantly since i bought it back in december beautiful beans great aroma and flavor,positive,neutral,positive,True
the item didn t arrive on the date that it should have i really have not figured out why it took two weeks time before shipping it never heard from the shipper that it had even been shipped i m sorry but if i have the item i ship the next day especially the price i paid for the salt i wanted to try it as i had heard about it through different venues the salt is very good but i will not be buying again i have also tried a salt that was available not celtic salt that is suppose to have a lot of natural minerals and find it easier to use which also is just as good if not better i also didn t pay for it i chalk it up for foolishness for paying that kind of money for salt thanks,neutral,negative,negative,False
this coffee is exactly as described on coffee bean direct s web site it is smooth aromatic and has a slight chocolate afterglow organic coffee may be less likely to cause irritation and excitability fair trade coffee assures that the growers and workers make a decent living,positive,neutral,positive,True
mmmmm no the first ingredients are corn meal and the notorious chicken by product meal this is one of those things that has a name that makes it sound good but it s really not we try it occasionally when we can t find our preferred foods usually proplan which is in the same price arena but occasionally the fancier kinds and it makes our dog a ish lb hound mutt poop like crazy each time she usually goes only times each day but when she eats this she gets the runny poops and goes times a day or more can t be making her feel awesome i was told by a friend years ago that his vet told him that beneful is like potato chips for dogs and i believe it tastes great i m sure but not a whole lot of goodness in there also as other commenters have said the suggested serving size of this is larger than for better dog food so if you follow those rules the savings isn t as great as you d think,negative,positive,negative,True
farmer s market foods organic canned pumpkin ounce cans pack of this product is being sold and shipped by taylor s market according to this page taylor s market belongs to amazon s marketplace sellers group amazon is not responsible for dented cans not shipped out by them i would not accept severely dented cans if the seal breaks and air gets in the can sits in a hot ups truck voila you have ptomaine poison in your can it happened to me when i was a kid and it s not fun severe stomach pain everything else you can imagine you can even croak from it amazon does a terrific job i buy all my groceries from them so please blame the seller don t blame a good company that always attempts to do their best i m giving this product five stars because the pumpkin is excellent have been buying it for years at a local gourmet organic store now i m buying it from amazon,positive,negative,negative,False
nice an decent tea if you like kinda earthy unaltered taste i thought no reason to think they wouldn t make good food recipes,positive,neutral,positive,True
my two dogs are picky with what they eat we do not feed them scraps from the table so we wanted a dog food they would like to eat on a regular basis and one we would find to be nutritionally sound we found it in earthborn holistic small breed dog food we started them on it one year ago and they still like it today,positive,negative,positive,True
fallot is one of the top five usually available if you cannot find locally this is the best buy on amazon it is fine in flavor and properly strong shipping is expensive but stale on the store shelf is waste fallot is one of the top tier because of several factors it is an independent mill in burgundy they source their particular strains of brassica seeds carefully they use verjuice instead of other liquids the three pack is a better deal but unless you use a lot of this mustard and fairly regularly big is false economy do not get a oz jar if it takes you six months to use it will go first flat and then in another six months completely dead so stick with z unless you really need it dijon is time heat and light sensitive if you buy the three pack keep all in the refirgerator,positive,neutral,negative,False
i bought this bag along with another nut milk bag to compare them this bag busted open at the seams after using it twice the other bag i purchased was made of thin mesh material it is still going strong after dozens of uses this bag might work great for sprouting beans but i would not recommend it for nut milk,negative,positive,negative,True
i don t use small cans like fancy feast so i cannot comment on those however i like these because they last i bought them at a pet food store which no longer carries them probably because they are so expensive except for a lid i bought at least years ago labelled sargeant s these are the sturdiest the more flimsy ones always end up getting a crack in them and are not always tight for me the stars not is because they seem expensive however on amazon it seems that most of the can covers are more expensive than you would want to pay it s the s h that is outrageous,positive,neutral,negative,False
the first time i tried this tea i was a little disappointed the flavor was very similar to an oolong that i had purchased at a chinese supermarket i don t believe i steeped it long enough that first time i gradually discovered that the longer i steeped the tea the better the flavor became i even started stirring the pot horrors i know not quite proper eh wot to mix the heavier concentration of flavor at the bottom into the rest of the tea now i had a good strong english breakfast tea then i started using it in my french coffee press which has never had coffee in it the results were outstanding i recently decided to try brewing the davidson s english breakfast right inside my new oz thermos work series thermos bottle double horrors i keep a small sieve by my desk to filter out the tea leaves but the shape of the stopper with notches in the threads so you don t have to remove it to pour filters of the leaves so i don t even need the sieve now that is excellent to my considerable surprise,positive,neutral,negative,False
i ve relied in this the whole time i wad breastfeeding my baby for months i was able to pump times a day with oz per pumping because of fenugreek i took a total of capsules a day the health store lady says it was ok to do so and was fine the whole time i took it,positive,neutral,positive,True
i m a self proclaimed popcorn junkie so when i saw this real theater popcorn i knew it would be the perfect compliment to my whirley pop not so unfortunately yes the product is well packaged and easy to pop and yes almost of the kernels do pop sadly this ease of use and good popping characteristics don t add up to great tasting popcorn it s hard to articulate what is bad about this popcorn and perhaps it comes down to personal preference for one the aroma of this popcorn is simply not pleasing it certainly does smell when it s cooking but i wouldn t associate the smell with movie theater popcorn it s a sort of sickly sweet smell that sticks to the back of your throat it s also a smell that lingers in your house for hours after cooking this popcorn the finished product isn t much better the popped corn is very yellow i suppose to give the impression of real butter the taste however is not what i d call butter the best way i could put it would be artificial and thick thick as in a thick taste that sticks in your mouth and leaves a funky aftertaste the end result is a chemically over processed taste now granted i don t frequent real theaters but about once every decade so it s possible this is what passes as popcorn these days personally i think you can achieve much better results with your whirley pop using one of the many real popping corns available on this site and then adding your own real butter to your taste,negative,neutral,negative,True
bbq was out of stock when our subscription order was due so i tried these still light and less fatty but the flavor is off,neutral,positive,negative,False
bought the carbquick and wish i didn t does not taste good and when baking with it definately comes out different than the regular bisquick will not buy again,positive,neutral,negative,False
i like the fact that all the ingredients are natural and healthy i like the fact that when mixed with my dogs dinner she doesn t notice it i like the fact that she has a wiggle in her hips again i can notice the difference in her movement when she has her healthy motion mix,positive,neutral,positive,True
i usually purchase the green mountain naturals apple cider i found this product was much cheaper and i would try it from now on i will spend the extra for a taste i enjoy this went down the sink,negative,neutral,negative,True
my golden retriever whisper is very prone to anxiety when i leave the house i just fill this cube with cheerios or even her regular serving of her dog food and she goes to town rolling it on the floor to get every bit of treats from the cube we both love it word of caution you need to have the cube in a room where there are no places for the cube to roll into and get stuck like under couches or chairs i have blocked off high bottomed chairs and couches so the cube does not get rolled into and stuck my dog rolls this all around the room i should spray her with endust and have her clean up her hair while she is playing kidding,positive,neutral,negative,False
i had seen these brownies on gma and they supposedly were voted america s best brownie i had been so excited to try a very famous brownie from a company in chelsea market when we were in ny a couple years ago and was horribly disappointed so i was a bit gun shy to try another media hyped brownie but curiosity got the better of me these are indeed very delicious moist and full of flavor i ve only tasted the chocolate chunk but the box came with caramel pecan and peanut butter as well i gave these stars based on the chocolate chunk however since they all have the same chocolate base i expect the other two will be just as yummy no disappointment here these are terrific,positive,neutral,positive,True
my month old eats these as a snack and has since he s been on solid food they are great hand held snacks because they are dry grab able and dissolve quickly i like to put them in snack cups for him to eat in the car on a somewhat unrelated note we also reuse the plastic containers to store other dry foods like raisins or cereal in the pantry,positive,neutral,negative,False
i had ordered packages of these back in june no problems now all of a sudden they went from less than a package to almost a package a bit too steep of an increase for my blood i stopped by wally world earlier on the weekend and they still have them for about half price so i grabbed a case for what they want for three envelopes guess if your hardup and no way to get to town go for it however if your looking to save a buck and heading out to wally world wait for it,neutral,negative,negative,False
i ordered two packs of the k cup portion packs and got exactly what the description said there were k cups in a brown paper bag shipment came in a box the box had paper bags with a variety of different flavors the most repetition i found was of the same flavor because it was a grab bag you do risk getting those gross or at least to my pallet flavors of eggnog flavored coffee but it s still worth getting if most you will get is of that flavor there are brands of coffee i know i will not purchase a full box of because of this grab bag grove square hardly tastes like coffee i need to add regular coffee brewing next to the keurig to dial down the creaminess of the orignial all in all money well spent,positive,negative,negative,False
great for a change in tortilla chips tasty and not bland like some blue chips not too salty a bit healthier than most similar snacks,positive,neutral,positive,True
my pets love the chicken treats but over the last purchases of the bag ends up as powder which sticks in my pets throats working out to lb that s some very expensive chicken so i expect to be able to use more than only of the product maybe i should try to make my own,neutral,positive,negative,False
i love everything with mint and the combination chocolate and mint is terrific there are others oreo mint better then this one,neutral,positive,positive,False
fish has that all important dha that helps brain and eye development so i went looking for a baby food with fish i was so excited to find wild caught salmon in a baby food wild caught salmon does not have the mercury content other fish have plus it has other super foods such as lentils sweet potatoes and carrots but all this goodness is only good if baby will eat it and she gobbled it right up,positive,neutral,positive,True
ok sounds crazy i know but i heard about this baby food diet and figured whats there to loose the food tastes good and im sure your baby will like it too hahaha,positive,neutral,positive,True
i thought i was getting an orange flavored chocolate mix been looking for an orange mocha blend this is organge only in the name it s not even very good tasting overly sweet and not enough chocolate flavor and over priced please be warned it not a very good product,negative,neutral,negative,True
this is a good tasty juice it contains acai berries that are known for the antioxidant abilities i drink it every morning it nicely stabilize my metabolism i like this flavor the most it s less sour than the original flavor,positive,neutral,positive,True
i m hesitant to give this too good of a review because i don t want the whole world buying it and then the price goes up but this jerky is truly the best i ve found that all the wild ride jerky is fresh and easy to chew it is very tender hickory is by far the best wild ride flavor and i would eat it over jack links everyday don t listen to the idiots giving this bad reviews saying that it was stale or moldy this is what happens when you leave any kind of jerky out for weeks people any way just thought i d chime in with an honest review hope you dig this jerky and price as much as i do,positive,negative,positive,True
not worth the price has a very bitter taste you have to add a ton of honey to it to make it worth a damn does not help coat the throat in anyway,negative,positive,negative,True
i tried blue buffalo on the recomendation of an agent when i adopted my rescue i never thought that a premium food would make such a difference though the ingredients are pretty straight forward and the more i learned about how dog food is made the more amazed i was a bb for how they make their foods for one i love the fact that i feed about half of what i would feed my dogs using normal dry foods which makes the bag last twice as long also i can tell the difference in their health they are more active and having a sheltie with a sensitive stomach i was amazed at how dramatic the decrease in incidents related to his digestive problem we had as a fact since i switched we have only had this year mainly because someone didn t follow the no table scraps rule where with other regular and even higher end foods we had issues once or twice a week even if he did not get anything outside of his regular kibble,positive,neutral,positive,True
i ve ordered this before and enjoy it however wish it didn t have so much sodium,positive,neutral,negative,False
i like to have a jar of curry sauce in the pantry for quick suppers when i don t have time to make it from scratch i ve been testing several brands including maya kaimal the consistency of this sauce is a bit thin compared to most others i liked the packaging and the ingredients list however this brand s combination of ingredients was really unpleasant there s some sort of sweet off putting tinge to this sauce i think a madras simmer sauce should be rather spicy but this particular brand was not for me i would not purchase it again i ve found that seeds of change simmer sce og madras ounce pack of is much tastier and can t seem to get enough of it,negative,neutral,negative,True
expensive but a lot better than any store bought powder as a person who makes real malts on a regular basis i know a good tasting malt when i see one this tastes like the what malts used to taste like in the old days i used to use carnation up to about or so years ago until they changed their taste now carnation tastes excally like saw dust like i said high price but great product if you make a lot of malts go with the lb bag,positive,negative,positive,True
we gave our cat these treats for a long time she ate them ok when we switched treats she was noticeable more excited at treat time with the other treats plus her digestive system and cat box seemed smelled a lot better there is something wrong with these treats stay away do yourself your cat a favor and buy other treats and make sure your cat food is good quality evo or better,negative,neutral,negative,True
i really do like their coffee products and the prices cannot be beaten yes as the reviews state to keep them fresh requires a zip lock or container but for the cost savings that isn t a problem at all for me this is i believe my third order of the sf bay coffees,positive,neutral,positive,True
like many others i have loved this tea for decades both my husband and i would drink it everyday we used to get it from costco and then no longer could found it at our local sprouts but in a new purple packaging went home to enjoy a cup with my husband and he took one sip and put it down and refused to drink any more of it i tried to continue to drink it but gave up on it after about a half a cup it really tastes artificial with very little of the beloved cinnamon taste i am not even going to dontate this to the food bank as it is garbage and so it is going into the garbage the packaging was very deceptive new look same great taste sadly i no longer trust this company,negative,positive,negative,True
exactly what i expected the cereal is fresh and was well packaged good flavor and fiber content i would buy it again,positive,neutral,positive,True
our dogs liked them ok but greenies dental chews for dogs teenie pack chews they are pricey and our two pooches love veggi dental chews that s all we buy them now on amazon of course,negative,neutral,positive,False
what i like most about these muffin packs is that the whole mix only makes muffins total many other mixes make or more and if you have a small household you re stuck with way too many muffins these were better than expected they are soft flavorful and baked perfectly also use a small amount of cooking spray on your muffin pans and these will pop right out of the pan after cooking it isn t the healthiest food out there but overall i d recommend this mix,positive,neutral,positive,True
i read one of the reviews that says there is soy lecithin in puffs i double checked the label on the container that lists ingredients there is no soy no corn and no dairy the puffs are great usda organic and the container is bpa free nice choice for my little one,positive,neutral,positive,True
i ordered this solely on the reviews but found this very muddy and bitter i do however question the freshness of the cups both boxes cups were puffed up they looked like they were about to explode have never seen that before i like coffee people s doughnut shop if that gives you an idea of my taste,neutral,negative,negative,False
against my better judgement i tasted these cookies my good judgement told me that i might have a problem eating just one that was very true i had a problem stopping at three these cookies are tasty with no hidden trans fats zero grams doesn t mean that there aren t any but in this case there are none i wouldn t agree that these cookies are actually gooey they are in fact very soft and have a great chocolate taste these cookies are very good and i would buy them again i just have to figure out how to hide them from myself,positive,neutral,positive,True
new purchase works fine but you get only little more than a half cup of coffee had a senseo that gave a full cup of coffee and tasted better would return item to amazon but they won t accept returns on this item for any reason i ll give this item to a family member who doesn t mind half cups of coffee,neutral,negative,negative,False
this is not the same as the donut shop coffee that comes with the keurig brewer it is not very good tasting coffee,negative,positive,negative,True
they weren t nearly as pearlescent and metallic as they appeared in the picture the flavors aren t bad but they aren t anything to write home about either,neutral,negative,negative,False
love this coffee am a big fan of k cup coffee and when i ordered this coffee i didn t know what to expect but it s wonderful,positive,negative,positive,True
awesome tea if you want something different and like a mild cocoa taste it is not to be missed try it you will like it for sure,positive,neutral,positive,True
this was an impulse buy i purchased other food items and decided to try getting this from amazon i later found that the same product was much cheaper at my local big box membership warehouse store the jerky was about the same freshness as i find in local stores i was hoping for fresher ie softer jerky,neutral,negative,negative,False
i was pretty sad when i got these peaches which are indeed very delicious and the can stated they were from china china really native forests like california and georgia grow great peaches why do they need to come from china it s no secret that organic certification in china is highly questionable so you can t rely on this product to actually be organic also the other reviewer states the cans are lined with bpa double shame native forest i love canned peaches but i will not eat another until native forest or another company comes out with organic steam peeled peaches grown in the usa and canned in bpa free cans,negative,positive,negative,True
the belly flops were awesome i wanted more as soon as i ate the last one i have no complaints about them the only problem i had was that i received them at least a month after i ordered them apparently there was a glich in their system i was very happy when they arrived though i just placed my nd order i m trying the pomegranate ones too didn t care for the fruit gems going over there to write a review now,positive,neutral,positive,True
maybe i don t have as rich a pallet as the others that have reviewed this tea but it did nothing for me it was very bland on the pumpkin side just matcha to me i added some cream and sugar and ended up having to add a lot for me to get it down for me if i m adding more than three spoonfuls of sweetener the tea is just too bland for me i was actually really excited for this tea i expected something really rich and decadent and a kick in the mouth kind of flavor i had high expectations when i opened it it smelled really delicious and i was excited but i ended up just pouring my cup out and setting my packet up on the self maybe i was making it wrong maybe i added two much water well i ll be trying again until it runs out but i wouldn t buy it again i wish they had a smaller trial size that wasn t twenty dollars edit i gave it two stars at first but i m raising it to four four and a half if i could i was making it wrong and with a good shifting of the powder and a good shifting of the tea it s self plus some sugar and cream the tea is quite dare i say it delicious even decadent now that i know how to make it correctly i d certainly buy another larger portion so just be careful of the directions unlike yours truly,positive,neutral,negative,False
this tea is for medical use to lower blood pressure it seems to have diuretic effect,positive,negative,negative,False
too mild and i m not sure that it tastes of pecans at all we ended up mixing with stronger dark beans to give it some heft but that doesn t make me want this again the price is good esp given the rising price of coffee beans but we won t re order this one,negative,neutral,negative,True
i recently received a complimentary box of david s signature beyond gourmet jelly beans flavor sampler from the distributor after sampling all of the flavors i realized i really was a traditionalist and loved the fruit flavors the best while the sampler comes in a beautiful box appropriate for gift giving let s be honest it only has pound and this bag has a full pound even more it has a full pound of my favorites while i do recommend that you try the sample pack for a well rounded experience you won t go wrong with this package made with fruit flavors so real you want to check for seeds the real flavorings and lack of artificial flavoring is a big plus for me since i struggle with allergies in this area david is the original creator of the jelly belly and he has returned better than ever with these where the jelly belly won our hearts with their intensity these will win out with their true to life flavor it is as though the originals were made for children these were made for adults if you are a soda fan you might want to consider his other mild assortment david s signature beyond gourmet jelly beans soda fountain mix while i appreciated the complimentary samples now i have a serious problem i don t ever think i ll be able to eat the lesser varieties without comparing them i checked and i can t buy them locally yet but fortunately i can buy them here on amazon i really do appreciate good tasting candy and while it is pricy it is very good,positive,neutral,positive,True
we ordered a case of these without never having tried them before and were pleasantly surprised they have a distinct flavor and are very addicting the only down thing i can say is that when you open the package there is only around of a bag and they are gone before you know it,positive,negative,negative,False
i make it a point to try something new from the local asian market every time i go in sometimes it works out sometimes not this was one of the good ones once i got over the mentality of puffs of this sort only tasting like cheese they actually became quite addictive very puffy light and crunchy not too sweet and not artificial tasting check the ingredients it actually includes more banana powder than salt they re good you just might want to get more than one pack at a time,positive,neutral,positive,True
i bought this product after attending a wine tasting that used one and i have never been dissapointed i even bought one for several people on my holiday list it s simple to use you can use it with the stand or without which makes it easy for packing up and taking on vacation or tailgating or a picnic or well anywhere it really improves the taste of wine especially reds though i will say that some of the more fruity varieties don t benefit all that much and it even works for rum scotch and my all time favorite bourbon,positive,neutral,positive,True
good size for my papillon and pomeranian mix these are dense not airy so they last longer and from the usa,positive,neutral,positive,True
most of the reviews i have read were pretty much how the coffee tasted to people since everyone s taste is different i think it s a moot point what is important is how fresh the coffee is i found that each cup had the same freshness so that s a nod to consistency as for my own personal taste preferences i drank folgers classic roast for years and since that isn t available in k cup i ve been drinking the caribou coffee blend as a replacement it tastes fine to me and the caffeine keeps me going all day i haven t had any problems with using the caribou coffee k cup either when company comes this is one coffee i don t share,positive,neutral,positive,True
we are new to the gluten free world but found this bread unexceptable less than star but that was not an option whether fresh toasted or grilled it was dry crumbly had an odor and strange after taste after more checking we found sami millet flax seed bread you have to toast or grill it but it is fantastic we are enjoying toast with breakfast and toasted or grilled sandwiches again so don t bother with the ener g look for sami,negative,positive,positive,False
there is nothing wrong with the product itself and that is the star rating the prouct is very good my complaint is with the price i paid for boxes which comes to a box i found the same thing at wal mart for a box i could have bought boxes at wal mart for what i paid one box for through amazon not good jeanette,positive,negative,negative,False
this product is not as advertized they or not hot or even warm and nothing on lable say s there hot and the eggs are like rubber we have served hot eggs in our vfw for years so i know what i m talking about,negative,positive,negative,True
i feel this was faulty advertising on this product the picture looks like two boxes of coffee when i received the package it was only box the price was ok but not really a bargain,positive,neutral,negative,False
after using bob s red mill brand from my local whole foods and safeway at a oz package i was stoked to find this huge tub online at a better price i m a vegetarian and am constantly using vital wheat gluten to make seitan as far as i can tell this brand works the same as bob s red mill but has much smarter packaging stays airtight dry and doesn t spill unlike the competitor s non resealable plastic bags i also love making bread and though i haven t had a chance yet to add this i m excited to see how it will enhance my results,positive,neutral,positive,True
this fiber one bar has the highest grams of fiber per bar on the market the other catch it far exceeds any other fiber bars in taste you would expect it to have not much of a real good tatse whether peanut butter bars or chocolate but it will surprise you any child would not find any dis taste in eating them,positive,neutral,negative,False
i use three different sizes of cat food cans kitty loves variety and these lids fit them all also if you care about that sort of thing it s a very cute design the ears are helpful for pulling it off the can i just wish i could find these closer to where i live so i wouldn t have to pay dollars shipping every time i lost one,positive,neutral,positive,True
yes they are expensive but this is to be expected as this is a novelty item and because of licensing costs involved flavors are extremely realistic be it watermelon or rotten egg pretty close to what one can expect after reading the books,positive,neutral,positive,True
not worth the price has a very bitter taste you have to add a ton of honey to it to make it worth a damn does not help coat the throat in anyway,negative,positive,negative,True
i think kirkland is better than even splenda i can t think of anything else to describe it any better thank you carol h seattle,positive,neutral,positive,True
dip bold flavored vegetables and fruits like apples celery broccoli and cauliflower in the blue cheese dressing you won t get anything out of it on milder flavored or watery vegetables like iceberg lettuce and tomatoes hope that helps,positive,neutral,positive,True
we are on the ideal protein diet and need dressings that have no calories these fit the bill but are not edible what a disappointment perhaps the other flavors are better but i thought that just about anyone could get blu cheese and ranch dressing flavored right not so they are awful,negative,neutral,negative,True
these work great and will pay for themselves after a few uses but is a disc of plastic really worth that much fill the k cup about full with a moderately fine ground and you will not know the difference from a new cup i would suggest rotating the used k cup until the hole in the bottom lines up with the puncture site so the cups don t get so many holes in them,positive,negative,positive,True
the switch watermelon strawberry can is oz and contains calories that s the bad news the good news is that it contains no sugar no corn syrup that sneaky ingredient that is making its way into everything these days no preservatives no artificial colours and is gluten free so what does it contain juice juice concentrates filtered sparkling water natural flavours and vitamin c taste wise switch is a bit on the sweet side for me there s a very light strawberry flavour but i couldn t pick up a hint of watermelon would i buy this no because the calorie content is too high and i tend to go for fresh juices when i want juice if i was stuck in a restaurant would i pick this to drink over nasty sugary soda only if they were out of water,negative,neutral,negative,True
had been feeding my hounds purina one which they liked and thought i d try this since it s not much more and i liked the ingredients they love it and i plan to order more in the future,positive,neutral,positive,True
my dogs loved these but i stopped getting them because they came from china and the issues related to chicken and dog treats from china i d like to get them again can someone that has used them recently tell me if they still come form china,neutral,negative,negative,False
i wasn t sure if i wanted to pay that much for jerky but they tasted great and the sticks were pretty large they didn t last long in my household,positive,negative,positive,True
love these chips i think there are so many gf baked goods be they less than exciting rice chips heavy breads grainy cakes etc that just fall short of taste and texture i am knocked out by how crisp and tasty these are they are much like a popular orange triangular chip but better even fresher tasting if i don t take a serving and put the bag away first i m very likely to mow through it in one sitting products like these make me feel like i m not sacrificing anything at all for the sake of going gf,positive,negative,negative,False
i ordered this coconut milk cans before and loved it lots of creamy coconut fat that was as delicious in my morning cup of coffee as it was in curry dishes i didn t hesitate to order again but will have to try another brand next time multiple cans were dented on arrival and every single can we ve opened has contained a thin watery liquid with less substance than skim milk with a small hard waxy piece of solid mass that can t even be broken up with a spoon this was a very disappointing purchase,negative,neutral,negative,True
a cross between pringles and potato chips much better tasting and consistany than pringles pringles wins the packaging catagory though at the bottom of the bag are all the mini munchos pieces much like potato chip bag i find if they are in the house i can t stop eating them,positive,negative,positive,True
this makes being bit during a pilling session obsolete and you dont have to get your fingers all slimy giving fido that nasty medicine either,positive,negative,negative,False
this shampoo has almost no scent perhaps because it is intended for men it also seems to have low suds at least less than some i have tried it appears to work as anti dandruff also at least as well as the coal based shampoo that i have been using that my wife dislikes while i have only used it twice so far i like the way my hair feels after i use it i have never before heard of this brand but i will have to insure i can find where i can get it probably order from amazon,positive,negative,negative,False
i have tried many different brands and types of chai and this is definitely my all time favorite lovely with a splash of milk or try the recipe on the box of brewing in a saucepan with milk and sugar for added flavor and creaminess,positive,neutral,positive,True
this was a good deal a lot for your money but it was not the best marzipan sweeter and less almondy than some others,neutral,positive,negative,False
i gave this stars because i do feel it is a quality food but my dog got bored with it before he was finished with the first can two days the same thing happened with the chicken stew at first i thought maybe he just didn t want leftovers so i opened another can same thing he seemed to love it at first although i was still mixing in his organix chicken and potatoes when it was all the chicken or beef stew he would barely sniff it he would walk around his bowl like he was looking for the good stuff which i gave him when i took the bowl of stew away too bad because it seemed like a nice chunky food that he would enjoy not so much i know some people feel that they will eat it when they are hungry enough i have never and will never make my pets eat like that i wouldn t like to and i feel they are entitled to have likes and dislikes as well,neutral,negative,negative,False
i will definitely have to work on tweaking the amount used the directions imo had you using too much it also left an aftertaste in my house we are not regular soda drinkers and have been using more sparking water my kids did not like this flavor i may try mixing it with something else to try and balance the too strong taste,neutral,negative,negative,False
it is hard to get this clean you can soak it but then it s hard to get it dry since it is plastic i don t want to put it in the oven also my dogs blue heeler mix miniature poodle cocker mix don t enjoy it was much as the kong toy i think that s because the kong s movements are wobbly and more erratic more like prey this cube just clunks over and they lose interest,negative,neutral,negative,True
the vinturi is the third we have purchased for ourselves and for gifts it does exactly as advertised making wine right out of the bottle taste like it s been opening for an hour or more we love it and so do the people we gave them to for gifts,positive,neutral,positive,True
they changed the flavors and they are lousy there is no more lime which was my favorite and now there is a blueberry that tastes nothing like blueberry and all the flavors are slightly off even the orange and raspberry didn t taste right i used to love these now i ll never get them again,negative,neutral,negative,True
i like strong coffee i should get that out of the way first because i know not everyone appreciates deep dark coffees aside from dark magic and mahogany this is better than almost every k cup i have tasted i may be in the minority here but i actually prefer the filter like bottom of these pods over the k cup for four reasons i ve noticed no difference in freshness compared to the nitrogen filled sealed k cup i don t have to waste filtered water and keep a paper clip handy to unclog the coffee grounds that get stuck in the needle of the keurig because of pressure and temperature differences between where the k cup was sealed and where it gets punctured when brewing with these one cups the kitchen smells of freshly brewed coffee an aroma i had missed when using k cups and i realize not everyone will feel this way warning nothing but complaining ahead i had begun resenting being beholden to keurig i dutifully sent them money each month for k cups and each month they found new ways to make me regret it not shipping the k cups out at all allowing my package to sit in their warehouse for a week while they assured me it was on its way consistently being out of stock of the k cups i wanted and most of all whenever i called or wrote to point out a problem issuing a coupon code for free k cups but then repeating the problem the following month their customer service dept is structured in a way that they repeat problems and never resolve anything,positive,negative,neutral,False
the sauce is ok flavor but it takes a lot of sauce to get it to thicken bring the water to a boil and add sauce to get the cheese sauce to cream it takes alot,neutral,positive,negative,False
well this is definitely an energy drink that served my purpose well i just needed something to give me some energy to go work out because at the time i was very tired when i drunk this it gave me the energy to get up and go work out the flavor wasn t too bad it tasted like a typical energy drink,positive,neutral,negative,False
the product arrived on time and was well packaged it s a durable construction there is enough space for the cups it says it can hold and the product looks great next to my keurig coffee maker i ended up buying this design drawer as i think the carousels use up too much space for the number of pods they can hold and after reading reviews for drawers to put underneath coffee makers i figured that with a drawer underneath my coffee maker there wouldn t be enough space left between the top of my coffee maker and the cupboard to be able to lift the top of the coffee maker open to put new cups in if i would have had enough space i would have probably bought the nifty storage drawer to put underneath my coffee maker nevertheless i would recommend this product,positive,negative,negative,False
my dog will do just about anything for this treat also each treat can be cut easily into for small pieces for training ingredients listed are good quality i had no ill effects from giving to my dog beef was the flavor i purchased this time,positive,neutral,positive,True
use as much tea as you normally brew and still have a stronger more full bodied tea,positive,neutral,positive,True
i was very disappointed in the taste of this product i have had some great tasting manhattan chowder in restaurants hard to find in cans thought i would try this i wish i could have bought just one can to try i did not like it at all,negative,neutral,negative,True
this candy always tastes great if you want it to taste even better leave it out to dry for a while until the outside becomes a little harder,positive,neutral,negative,False
my cat went into mourning when our dog died and wouldn t eat so my friend gave me a tin of this to try and that got her back on track so i ordered more and boy did she love it it even smells good almost like human tin food,positive,negative,positive,True
although the cheese itself was yummy the salmon looked and smelled worse actually than catfood the chocolates were not so great the coconut flavor tasted manufactured and i have to say now after the excitement of seeing my boyfriend s happily surprised face has worn off that i am less than pleased with the product i threw the salmon away and there weren t even enough crackers for one of the cheeses included although it s a nice gesture to send to family and friends an assortment of cheeses and such i d look elsewhere in the future not worth the price,neutral,positive,negative,False
this candy is absolutely our favorite it is a wonderful blend of the various cadbury chocolates left over from their multiple chocolates blended into one bar a classic momento of england ireland just be careful they do have an expiration date so you must eat them and not save them,positive,negative,positive,True
i really like larabars in general and was stoked to get blueberry ones but these don t taste like blueberries at all they re more like unsalted cashews that have a weird sweetness to them get the apple pie or the cherry ones those rock,negative,neutral,negative,True
normally love this product and was excited about the individual packaging however the cookies had a funny plastic like taste to them wondering if the plastic in the packaging off gassed into the product blek,negative,neutral,negative,True
these are hardly deluxe or whole i was expecting larger and more whole cashews good price still as i just fire these things down by the handfull salt is a little messy but nice,neutral,positive,neutral,True
my dog is very picky about her food treats etc other powdered medicines sprinkled on her food she generally refuses to eat however this one is an exception either she doesn t know it s there or doesn t mind it the taste this does seem to help her mobility as well but i also supplement this with glucosomine treats and food containing some glucosomine so i m not sure how much of an impact it really has it definitely doesn t have any adverse effects on her mobility or diet so based on her taking to the powder and its perceived effects i d recommend this to prospective buyers,positive,neutral,negative,False
i used this to make rocky candy as meth for a costume prop i dressed as hiesenburg from breaking bad it does work i used two drops but you have to be careful because boiling sugar corn syrup and hot water makes a yellowish color adding too little too much or stirring too much can change to a green color took me three tries first americolor sky blue second mckormick neon blue and third americolor sky blue again but i got it eventually,positive,negative,negative,False
although they are a good idea in theory these bottles are much much smaller than i thought a mini bottles would be we ended up having to buy another set of hot sauces because it was just embarrassing to give these as a gift alone,neutral,negative,negative,False
i will say up front that this works if you have a gopher in your yard this will put an end to that just know that this is the end of the gopher human relationship here this is where you escalate things after all attempts for a peaceful resolution have fallen through after all would you play nice with a neighbor that leaves bear traps at your front door setting these takes some work you push the center bars down until you can hook the back of them with the hinge portion of the setting rod i had to look this up since the package didn t explain that well then just wander out the the most recent mound of fresh dirt in your yard and start digging you should find or hopefully tunnels place the trap so the gopher can t go around it and try to cover the hole don t fill the hole just cover it with a tile or something the box says to move the trap after a couple of days if you don t get anything i suggest to actually check them every couple of hours i got one within about after setting the trap likely good that i checked often since the trap doesn t land a killing blow take a close look at the working part of the trap and the tripline the distance on them basically tells you that this thing will hit low on the gophers body thus the catchy name i chose for the review just try to check the trap often i am not a fan of gophers but i am also not a fan of making little furballs suffer cleanup is simple worthy foes may deserve a viking funeral build a small mole sized ship and immolate it on the water or place your foe up on a pike in the yard as a warning to others just make sure you get them all before this last idea last thing you need is an angry gopher child coming back to get you we have seen too many revenge movies based on the villain missing a few stragglers in all this trap does exactly what you want happy hunting,positive,neutral,negative,False
this coffee proves that old not aromatic dry sumatra coffee still tastes better than most fresh whole bean coffees the packages i received were use by dated just a few months away from the date i received it usually there is about a month period between the date i receive a coffee and the use by date the beans were dry and had no aroma i will be going back to camano island sumatra coffee i tried this starbucks because i used to buy lbs of camano island sumatra from costco for and it is around on amazon still that will be the best choice for sumatra dark roast,neutral,negative,negative,False
my first shipment of corn chips was rancid and absolutely inedible that was very unfortunate because garden of eatin chips can be very tasty the amazon vendor was no longer shipping so they were not replaced i thought i was out the cost of a case of corn chips and still hungry but upon hearing my concern amazon found a vendor and sent a new shipment at their cost next day those chips are absolutely perfect amazon s responsiveness service and customer care is exceptional thanks amazon for a superb customer experience and for renewing my faith in garden of eaten blue corn chips,positive,negative,positive,True
i bought these and tried each flavor i could not even finish any bag but the barbecue i really liked the barbecue but all the other flavors were gross and the texture is really like fingernails on a chalk board to me how is this the best selling item amazed anywho to each his own godbless and enjoy but if you are like me and enjoy barbecue just get the barbecue kind,negative,positive,neutral,False
it seemed like our dogs were getting tired of the same old thing for dinner so i did some research and found this wellness brand dog food what i liked about it was the lack of by products and cereals our dogs love the taste of this food and there is never any left in their bowls it is a well baqlanced food that good for them also and having it shipped directly to my door saves us a trip to the pet stores i count on amazon for the best products,positive,negative,negative,False
my dogs are nuts for the dogswell happy hips dried chicekn breasts but they are made in china so i hardly ever give them to my dogs i wish the company would have them manufactured elsewhere,positive,negative,negative,False
i m a big fan of crystal light peach tea and this tastes the same to me it comes in a convenient concentrated liquid so you just mix the amount that you want right into water whether a glass or a bottle of water to me it s easier to use and better than the crystal light individual powder packs those have always been hard to mix and not ever the exact amount for the water i m drinking mio can be added just a little or a lot to customize to your taste preference i found it to be convenient for bottled water and for taking to restaurants so i can order water and add my own flavoring the liquid is just much easier to mix than powdered versions i like the taste so much though that i have found that i m just adding it to water around the house too to me there is no off taste or after taste,positive,neutral,negative,False
it was such a surprise to see the amount of seed that came even with the cost for shipping the item would still cost less than purchasing it at the super market it came quickly and was of wonderful quality,positive,negative,positive,True
this green chai tea is very good how can it be healthy and seem like a treat at the same time,positive,neutral,positive,True
the apple flavour is the best out this whole pack the banana feels sort of bizarre and the pear has no flavour what so ever,positive,negative,neutral,False
i ordered four jars of these great cocktail onions but got only two each of which was open and leaking don t know whether this was a packing issue or ups s fault but the company did promptly replace all four jars at no additional charge either for the product or the subsequent shipping hard to argue with the service,neutral,negative,negative,False
i love this gravy it s hard to find tasty veggie gravy in a packet however this item took days to ship meaning that i received an email that it was being shipped days after i ordered it i received the package a few days after that,positive,negative,negative,False
read about using black cherry concentrate to treat the symptoms of gout i tried this for about a week taking a couple of teaspoons worth each morning and evening after about a week the gout cleared up it seems to have worked the product is very strong tasting but that is to be expected of a syrup like concentrate the price is better than what i could find elsewhere,positive,neutral,negative,False
the tea works but sometimes i think that it causes me to have strange dreams,positive,neutral,negative,False
we all know that swiss cake rolls will never achieve the delicious status enjoyed by yodels but i really do give them an a for effort the major complaint with these snacks is that they are just too dry they attempt to surround creme filling with some kind of chocolate cake but the result comes off as a cheap tasting joke i don t really have any advice for little debbie to improve this product though they should simply leave it up to the experts at drake s snack foods,negative,positive,negative,True
while not a true coffee connoisseur like others i found this coffee just ok not bitter by any means but also not as strong as i would have liked there is a definite artificial taste to the coffee and the manufacturer clearly indicates on the box that the product is artificially flavored in comparison i prefer even folgers to this product,negative,neutral,negative,True
if you like the savory taste of beef hearts you won t be disappointed by this product delicious beef heart flavor in every bite,positive,negative,positive,True
this coffee is dark and bold it does taste kind of burnt but its a taste that i have acquired a liking for this coffee is second in taste only to green mountain s dark magic i give this four and a half stars,positive,neutral,positive,True
as soon as i kept noticing my year old cat by the water bowl i knew kidney failure chronic renal failure the vet said we caught it early but my cat s appetite started to change and lessen i feed all my cats and dogs the organic and free range foods and preferably human grade for my cats they all liked fromm s brand in cans fromm four star duck chicken pate which cost more than a can when my cat stopped eating it i panicked and ran to the vet to get the horrible prescription canned cat food for crf cats they were not cheap and my cat wanted nothing to do with it ditto for all the other premium brands such as wellness wellness core by nature organics newman s own organic when i finally turned to the halo brand i was desperate my cat did not like spot s stew but i could tell she liked some of it so when i noticed spot s pate grain free ground chicken i bought two cans for her i was shocked to see her actually eating it and not just tasting it i ran to the store and cleaned out their stock of this flavor now i no longer have to remember to go to the store or waste the gas time it s cheaper here at amazon and it gets delivered to my door for free i save even more now that i m on the subscribe save plan,positive,negative,negative,False
i haven t made the tea yet but i m already rating this four stars just based on the aroma actually i d have rated this five stars but i was surprised that the tea came in an unsealed paper bag i thought that was a big no no that not storing the tea leaves in airtight containers causes the tea to lose its flavor faster i ll update this review once i ve steeped a cup in the meantime i m off to find a tin to store the tea,positive,neutral,negative,False
received this item on time and in excellant condition this is the only jerky that i like because of the taste,positive,negative,negative,False
taste i thought these did a good job of mimicking the taste of home made cookies cinnamony and raisiny though the raisins aren t big plump raisins they re more suggestions of raisins and they are sweetened by sugar and fructose not hfcs mouth feel when mom makes oatmeal cookies you can feel the oat meal usually when you are chewing this doesn t have that the oats are milled to the point where the flavour is there but the texture is not if this is a problem for you you might want to pass other than that it s probably a good idea to have a glass of milk handy they are moist in that they aren t crunchy but they verge on dry value on amazon the cookies come to about a piece which is comparable to my local grocery a good all around large cookie and i think i will try the other varieties you should too,positive,neutral,negative,False
i have a lab who is a moderate chewer toys only i gave her the treat ball one day for about minutes and then took it away for bedtime the second time i gave her the ball with the same treat she had the treat out in about a half hour and ate the whole treat in minutes i would not recommend leaving your pooch with this without supervision once she removed it the treat was big enough that my dog could have choked on it while eating it,neutral,negative,negative,False
this is a good mild to medium morning coffee we offer this as an option in the office along w peet s dark roast and kreugers flavored single serve the short of it is that if they don t like it they don t drink and this pot is always empty i d compare it to starbucks and peets mild blends the order was recieved as i recall promptly and the expiration date on the vacuum sealed pkg was days out from receipt date,positive,neutral,negative,False
if i was rating this solely on taste i would give it stars however they are argued to provide energy and i found nothing of the sort to be true even after several yes they are that good i still had no more energy than regular the taste was like a caramel chew super good however i cannot agree that the ambrosoli provides any added energy consequently it makes for a rather expensive candy i would not purchase this again,negative,neutral,negative,True
i was having sour throad and as part of the natural mediciene i used it for couple of days it used to decreas my coughing and allowed me to work properly in office without disturbing others much,positive,negative,positive,True
i love the mango macadamia nut flavor it s sweet with a little crunch plus vitamin d and calcium and great also since it s gluten and dairy free the only reason i give out of stars is that i cannot eat most flavors since i cannot eat almonds i m hoping someday there will be more almond free flavors,positive,neutral,positive,True
this was advertised as a lb gift the total food was oz or half of what should have been in there the crackers were stale why include a small jar of mustard that didn t go with anything the only decent tasting items were the two less than an ounce ghiradelli candies many of the cheese straws were broken pieces i consider it to be a total waste of money and false advertising,negative,neutral,negative,True
we ve tried a number of different types of treats for our dog who has remained steadfastly indifferent to most of them she has generally preferred table scraps as treats instead of treats marketed for dogs however when this package arrived and we opened it she immediately responded just the smell was sufficient to get her excited and she clearly enjoyed the treats when we gave them to her the enthusiasm she displayed was pretty much the best endorsement i could ask for because the package indicated that these treats were intended for both dogs and cats we also offered some to our cat here the reaction was must more indifferent while the smell seemed to interest him he never actually ate the treat so i don t know that these are necessarily the best treat for a cat but they are certainly dog tested and approved,positive,negative,positive,True
i like this item because it enables you to freeze baby food in larger portions than ice cube trays which is a good thing if your baby is a little pig like mine is my biggest complaint is that it is difficult to get the frozen items out of the tray once they are done i usually have to run it under hot water for a few minutes which is not a big deal but just one more step also the price is very high for what this is i could use a second one but at this price i ll make due with the one i ve got,neutral,positive,positive,False
i would not purchase this coffee again although drinkable it needs a lot of creamer to drown out the bitterness,negative,neutral,negative,True
i used this mix twice to make gingerbread in my bread machine as mix is ou parve i used almond milk the mix is probably tastier using milk,positive,neutral,negative,False
i thought i found a new cat food my cat would love forever however after weeks my cat would not touch the stuff i guess it s back to the drawing board,positive,negative,negative,False
this is a good creamer and the little portable tubs are very convenient when you are on the go most of the places i go to only have the plain not the flavored this vendor is good as well got the package quickly and packed well,positive,neutral,positive,True
i have a pound month old couton he would rate these as stars the problem is he finishes these off in minutes this makes it an expensive dog biscuit rather than a dental chew toy,positive,neutral,negative,False
i know i can get asian sweet rice flour somewhat cheaper and i ve tried it it comes in boxes that don t reseal or in flimsy plastic bags that i find somewhat difficult to handle i find the bob s red mill sweet rice worth the small difference in price i trust their products and the bags are the same as those for their other gf flours a nice size and a shape that isn t difficult to handle i can stand one up on the counter while measuring from it and don t spill flour all over the place,positive,neutral,negative,False
cats are liking this flavor cans arrived dented so stars instead of wellness is a healthy food to feed,positive,negative,negative,False
i tried this syrup just to avoid all the calories in regular maple syrup i used a moderate amount on my pancakes and thought it tasted pretty good about an hour after eating i began to paying the price for consuming a product containing maltitol as the sweetener i ve never had so much gas and intestinal discomfort for about hours these are well known side effects of consuming this sugar alcohol and i am quite surprised it s been mentioned in only other review of this product on amazon just google maltitol side effects and you ll get the picture in my opinion this product should be not be sold until it is reformulated with another sweetener there are much better sweeteners than maltitol,negative,neutral,negative,True
packing was not appropriate the cardboard box was torn in several places cans were dented one can had broken and leaked over at least other cans causing a smelly mess it was quite unpleasant,negative,neutral,negative,True
love this coffee am a big fan of k cup coffee and when i ordered this coffee i didn t know what to expect but it s wonderful,positive,negative,positive,True
i couldn t seem to find the works in the store i ordered them on line and i received a case of chips in a reasonable time frame,positive,negative,negative,False
had tried the regular newman s own and found it left an aftertast i do use cream and sweetener but that didn t seem to affect the problem thought the decaf would be different sad to say it wasn t,neutral,negative,negative,False
i admit it i ve been a bad momma and my year old yorkie s dental health could be better after a recommendation from a friend i went out and got a few of the individually packaged ones just to make sure because my pup is a bit of a snot about what she eats much to my surprise she ran off with her greenie and hid under the chair so the other dogs couldn t steal it from her it wasn t until weeks later that i observed the ingredients list shock of all shocks my little carnivore is totally into these and there isn t a hint of any sort of meat in them other treats have been snubbed biscuits go uneaten and the money we spent on treats is invariably not worth it greenies changed that completely the only complaint i have is the steep price i m grateful to have such a little dog because i get more bang for my buck but they re worth it and it s probably much wiser to buy them here in bulk for a dog who s getting them daily the vet also says these are pretty high in calories but as our dog is pounds and doesn t eat much anyway i think these suit her well,positive,neutral,positive,True
update june they changed the recipe so these are now more tender good thing but they got rid of the slight tangy vinegar flavor now they don t taste like chicken wings just spicy chicken jerky i will probably buy these about once a year now instead of times per month back to the jalapeno jerky when i can find it original review from i don t eat chicken wings that often any more fat calories per wing being deep fried and dipped in butter and i love chicken wings but if the flavor you crave is that hot sauce vinegar comingling with a large chunk of tender chicken then give these a try if you re looking for the butter crispy or chewy skin and deep fried flavor components then you won t have those here i don t buy beef jerky anymore which is also a favorite i buy these i just wish they weren t so hard to find locally circle k and walgreens are the only retail locations i know of eat bag and you ll be addicted or nonplussed there s not really a middle road,positive,negative,negative,False
i think they call it cacao as opposed to cocoa when it s less processed and more pure or something this is good stuff very pure and chocolatey not positive it s much better than your standard cheap cocoa powder but it seems that it was processed without any junk and it s organic,positive,neutral,positive,True
it smelled like it but this tastes closer to rooibos than chocolate and hazelnut and i do not like rooibos,negative,neutral,negative,True
it should be noted since it isn t in the product description that these are pods for a pod type coffee maker they are not to be used without one that being said i thought the flavor was good nothing that blew me out of the water but it was pleasant my first cups weren t really strong enough for my liking i think i will try using a bit less water next time overall i love the aroma this product is organic and fair trade certified they also claim to be grown on a biodiverse farm with workers who are treated ethically and through sustainable cultivation all good points for me each pod is individually packaged which seals in freshness,positive,neutral,positive,True
i was sorely disappointed with the flavors that came in e sample pack i got they all tasted like diet saccharine blech at e local sur la table store i found the sparkling naturals pink grapefruit flavor it is fantastic not too sweet tastes like grapefruit and is not made with artificial sweetener two thumbs up the only reason i gave this stars instead of is it is messy when trying to pour from the measuring lid into the bottle the syrup dribbles down the side onto your pants the bottle the floor etc to fix this i now measure in the lid pour it into a small measuring cup and then into the carbonated water,positive,negative,negative,False
some of the oatmeal or something else seems to be too chunky and my son who normally can eat small pieces of chicken tends to gag a lot with it,negative,positive,negative,True
chocolate always compliments coffee it s the same case here the dark chocolate taste is obvious but not overpowering the coffee smells and tastes very smooth so it truly is a good combination for what it is,positive,negative,positive,True
i find that even with the gain on maximum the volume is not very loud i use it with a shure sm mic and my macbook using audacity one must be very close to the mike and speak somewhat loudly when i use the shure mics with a mixer the analog way there are no volume problems it is simple to set up being almost plug and play you have to choose the input source,negative,positive,negative,True
not too strong nor weak nor bitter perfect this is my favorite coffee and when i occasionally make some one else a k cup of nantucket blend they always love it too try it you won t be disappointed,positive,neutral,positive,True
i bought this tea to see how i thought it tasted i was very happy with the taste and have ordered more,positive,negative,positive,True
length mins this video demonstrates how to apply a siliskin to a glass baby food jar these siliskins are designed to fit a variety of glass baby food jars and protect the glass while traveling or storing the siliskin protects the glass jar against dings and bumps while in the diaper bag or tote as well as giving added protection against occasional drops the siliskins can be reused over and over again and are dishwasher freezer and microwave safe siliskins are also non toxic and bpa free silikids siliskins for glass baby food jars aqua white pack,positive,neutral,negative,False
this product was a good bye the original price was seventy something dollars and i got it for thirty something dollars i recieved the item on time and was very immpressed that it came intacted for such a bulky package i definitely will order this product again,positive,negative,neutral,False
my sons hate drinking water no matter how much i insist that they do i ve given them all the excuses i could come up some true and others made up just to get them to drink it of course their excuse was water has no flavor or it doesn t taste good so when mio first came on the market i thought that might be something to try something to enhance the flavor and get them drinking unfortunately when i m not around mio tends to become the new juice mix although i don t mind the enhancement of water to encourage kids to drink i d still prefer them to drink regular plain water when vine offered this product for review the first thing that caught my eye was vitamin well why not give this a try i was impressed since this one required just one squeeze i emphasized that my yr old would be the one doing the squeeze and that s all they were going to get well after their first squeeze the kids declared that it actually tasted good not as great a mio but good enough my issues with this is that i would have much preferred to have them tell me tsp tbsp etc instead of a squeeze not everyone squeeze the same the other issue is that it does require refrigeration and because of its size it s not portable unlike mio which i can stick in my purse and take to the park i haven t checked out the other flavors but will stick with mio because of the ultra portability and the ability to get a vast assortment of flavors without having to buy a pack of from amazon of this product,positive,neutral,negative,False
plus good deal on the price and love the convenience of free delivery subscribe and save saves money son ate it not always in stock at stores so online good buy like the ounce size containers minuses son gets constipated with the rice cereal the oatmeal is much better uses to much breast milk when mixing together if you mix by directions won t be the right consistency to feed baby i would buy one package first and see how your child reacts to the rice before you buy the pack of like i did,neutral,positive,negative,False
really who blends this stuff and decides that it is good ugh i can sum this nastyness up in one quick phrase stale airline coffee if you like that flavor then you will love this one if you don t like thin cardboard soaked never washed the pot out and the water came from a tin canteen flavored coffee then you won t like this one either i would give this zero stars if i could wow likely the worst cup of coffee that i have ever had i hope wolfy reads this as his name is on the package and i expected more now i know not to buy any of his signature products awesome thanks for saving me next time the package says extra bold but it doesn t taste extra bold it s almost like they put some ground instant powder in the mix to make it stronger,negative,neutral,negative,True
these are great peanuts big crisp fresh and yummy the only thing i could possibly say in the negative is that the packaging is a bit inconvenient the lid is difficult to remove unless you use like a knife or something and then you can t really put the lid back on unless you always have the instrument with you other than the lid issue this is a delicious product at a good price,positive,neutral,positive,True
i drink decaf when i drink coffee at night and i ve settled on this as the best i ve tasted most of the others were ok and i don t expect a decaf coffee to taste was good as a regular coffee but for my taste buds this works btw tully s kona is my top regular coffee,positive,neutral,positive,True
this chai is both fragrant and flavorful each teabag is wrapped within its own sealed package to ensure freshness up until you actually decide it s time for chai unsealing the teabags produces and aroma that is reminiscent of christmas for me and why wouldn t it with cinnamon ginger and cloves making up half the ingredients on the tea the flavor is robust and sweet leaving a little dryness behind as it slips beyond my uvula and into my belly honestly the back of my mouth tastes dry after i drink this and i rather like that higgins and burke chai leaves a pleasant aftertaste as well always a plus,positive,negative,positive,True
this appears to be the last place to sell canned figs the oregon brand used to market them through super markets but quit probably because of low demand however the roland figs are tougher then oregon the only guess i have is that oregon picked their figs later or processed them in a way to make them more tender however if you are fan of canned figs you should buy them the taste is nearly the same as oregon but the texture is more firm which may not bother other buyers,neutral,negative,neutral,True
lucky country licorice black is the most like old fashioned black licorice that we ve found we were very disappointed to find it was no longer available in the costco stores where we shop,positive,negative,negative,False
somehow this apple juice is overly sugary even worse the box is stamped to say it is a product of china there is no sensible reason as a consumer to buy overly sweet overly processed apple juice that has been shipped across the pacific ocean,negative,neutral,negative,True
it looks almost identical to the one in the picture except for the bowl the bowl in the picture is blue the one i got was in a brown bowl the rock in the picture is black but the one i got is red but oh well it is very easy to care for and it is nice to look at,positive,negative,positive,True
i don t think it looks or smells particularly appealing and i have not tasted it my son however thinks it s darn near the best stuff in the world after he had some at a friend s house and came home raving about it i reluctantly bought a box for his use as an after school snack according to him it s the kind of quick food that staves off after school hunger so severe that it will actually kill a year old boy if he doesn t counteract it by eating something the second he arrives home after all dinner is still a couple hours away far too long to save a hungry growing boy from complete starvation at his request i bought him a box of cheeseburger mac hamburger helper microwave singles at our local grocery store a few weeks later i went back intending to purchase more unfortunately they were out i asked a store clerk when they would have it back in stock and was told that that product would no longer be carried none of the flavors we have two grocery stores in our town i checked the other grocery store with the same result odd unfortunate i suspect that this may prove to be one of those products that just don t make it for some reason too bad it s great kid quick food food that they can make themselves food they will eat and not toy with before tossing away and food that actually has a modicum of food value to it instead of a load of completely empty calories so i m going online to buy up a bunch of this product before disappears completely,positive,negative,negative,False
actually the snack is not bad however it s primarily apples a few strawberries some small blueberries and in the first packet one cherry so fairly tasty but misleading,neutral,positive,negative,False
it has a really nice sweetness by itself and leaves no aftertaste i got it mainly for my coffee and i like the fact that it is raw and nutritious however the heat of the coffee will destroy any live enzymes present i gave it stars because it is rather clumped up in the container although it does dissolve rather nicely and although it is nicely sweet i have to use to teaspoons of it in oz of coffee rather than the teaspoon i was using with my regular organic sugar it is rather heavy and somewhat cocoa tasting although not offensive i have also tried sweetleaf stevia with the coffee but did not like it and this sweetener is much better still i will try another palm sweetener the next time i order navitas looks pretty good update although i do not care to use it with my coffee i am going to upgrade it to stars because i have found it is very good with plain greek yogurt cold cereal and oatmeal and dissolves very well in all,positive,neutral,negative,False
these don t taste like walnuts at all they are the whole shell picked while still soft and green the texture shape and size are about like a pickled beet they are in a simple syrup that the walnuts have marinated in they taste like rich spice as though clove and cinnamon were in there and something else not quite recongnizable yet there is nothing but walnuts and sugar in there i never would have thought to try these if my kroger hadn t given me a sample these would be so good on pancakes or waffles or pureed and used in a million different ways so far i ve just eaten them out of the jar,positive,neutral,neutral,False
i bought this but lifting up the litter and pouring it into the empty pan after sifting the waste out each day was heavy lifting i bought and used only the sifters from six of them then each morning i lift out one sifter and set aside by the end of the week it is not so heavy to lift it makes sifting out the waste a snap downside need more litter to fill up past all the sifters messy to store the sifters after lifting out need a large mouth reseptacle for dumping the waste but i use this in an outbuilding not recommended for in the house,positive,negative,negative,False
we have purchased several different types of jerky from this company and we have been satisfied customers every time the flavor variety is awesome and the flavor of each product itself is worth every penny you pay for it this company stands behind its product as well as customer satisfaction i haven t had the pleasure of dealing with a company like this in years you won t be disappointed,positive,negative,positive,True
regular salted almonds are okay but tend to be boring after awhile but blue diamond jalapeno smokehouse almonds are just amazing i could eat an entire can in one sitting no problem probably two cans i was tempted to give these nuts just star because i m afraid they re going to make me fat and broke fyi i also tried the wasabi soy sauce almonds absolutely no comparison the jalapeno smokehouse blow them out of the water at least to my taste buds,positive,neutral,neutral,False
i normally buy del monte whole green beans in the grocery store but these were available via subscribe save so i ordered them figuring they wouldn t be all that different they are very different more water than beans i have to cook two cans to get enough for one side dish for just the two of us as soon as the del monte beans are available i m changing to them,neutral,positive,negative,False
this dry kibble was the third try in our quest to find a balanced kibble for our bernese moutnain dog there is plenty of technical information about what to feed your dog and nearly overwhelmed we entered the pet food market with an idea of feeding a quality kibble but chose to avoid high end designer food high protein bi products wheat soy and corn we decided that whole grains fruits and vegitables would be an acceptable source of carbohydrates but wanted the ratio to be or less hard to do when you avoid high protien foods we also believe chicken is the easiest protein source for our dog to digest lastly we wanted to be near protien and fat keep in mind that our review below is based on our pet and every pet will react to food differently we fed precise which was only a great puppy food we fed canadae which resulted in loose stool gas and a pretty lethargic pet we did some more research and decided to try nature s variety the result was shocking our bmd had zero gastric upset during transition and became energetic again nature s variety has produced nearly half the stools which are small compact and virtually odorless he has no gas and his coat is shiny and feels conditioned people are noticing the change and we couldnt be happier add this to the fact that amazon will ship it to my door with free super saver shipping oh one last thing the lb bags have a decent zipper to lock out air thank you for this quality food at a reasonable price,positive,negative,negative,False
i love this coconut oil i take tablespoon times a day i fry fish in it i use it in my hair skin it taste way better than the other ones i tried here s a tip i know some of us do not like plastic if you have any glass jars that you are not using please do not hesitate to pour in to the glass jars thats what i do i dont care to much for plastic i will be ordering more i make sure i get the ounce and transfer it in to my glass jars,positive,neutral,positive,True
i got this tea on impulse having never tried it nor read these reviews i m prone to water retention if i consume too much sodium or get dehydrated and it shows in my face right away i didn t get this product for the poo results but it definitely has some diuretic effect because i shortly noticed i was urinating more often too and within two days my facial bloat went down as other reviewers have said it can make you cramp a little if you make it too strong or have too much and you will be using the restroom more but for short term bloating issues it really worked for me,positive,neutral,negative,False
these walker s shortbread fingers in single serving packs of two are fabulous here s why yes as everyone says these walker cookies are exceptional you may think it s all just buzz but if you haven t tried them don t judge us as silly until you do but what happens if you open a box you finish it right bad these little suckers aren t the greatest thing for you to put it mildly answer single serving packaging it really works my husband is addicted to these cookies i d always have a box on hand in case of unexpected guests at least i d think i had one but the box would usually have disappeared unexpectedly whenever i went to look for it true confessions i love them too and was occasionally looking to sneak some for myself so having them around just in case was a bad bad idea but a case full of packs with cookies each is ideal two seems to satisfy my husband s craving he almost never takes more than one packet and i open a packet occasionally and make cookies last days instead of a whole box lasting almost forever and my worrying that they d go stale or attract ants bonus they re easily packable when my husband s expecting an exceptionally tough day at work i ll usually sneak a pack into his lunch if he hasn t already appropriated one for himself and when he s especially wiped out at the end of an unusually demanding day a pack of these really seems to perk him up and help him muster strength for tomorrow he brings it upstairs while he s watching tv and waits a while before opening the bag and savoring his treasure whether for lunch or after dinner the gleam in his eye as he talks about how wonderful it is to have a treat when he s so stressed means a lot to me especially when i know he s only eating in moderation instead of wolfing down ten or twenty servings at a time a case of packs that s how many were in our case in the product walkers shortbread fingers count cookies packages pack of although this one here has packs has lasted us months already a pleasant surprise given that there are addicts in the house so our portion control strategy is working and yes when we had guests who chose after dinner tea these were just the right thing to bring out with it and i didn t mind opening multiple packs at once and putting the cookies together on plate for serving knowing that i wasn t either spoiling an entire box or promoting too rapid consumption of it just by providing our guests with a few i wish two other treasures came in single serving packets lu herbes de provence flatbread crackers ounce boxes pack of and mary s gone crackers caraway ounce boxes pack of strongly recommended,positive,neutral,negative,False
to be completely and fair i have tried this product before and enjoyed it the only part that concerns me is that this product is manufactured in china with no information on the sources of the fruits on their website they say they source fresh fruit and that we are not concerned about issues surrounding where our product is produced because we take great care to ensure the quality and food safety of our products i m not suggesting that this product is bad which is why i gave it stars but i share more of a concern than evidently the company does as to where they are getting this fruit processing it and shipping it with the history china has had with kid s toys formula etc in the past let s just say we don t feed these products to our child i would love it if the company would provide a tour and exact explanation of the process and sources rather than discounting that information all together,positive,negative,negative,False
i started feeding my cat this food and he was like omg bbq this is off the hook meow i noticed his coat became more shiny and also his fur became notably softer then i switched him back to some cheaper food and he was all like lt lt and his fur became dull and not as soft tl dr fed my cat some kick a food and his fur became softer and shinier d jaime,positive,neutral,negative,False
this sauce really tastes like a mix of taco bell hot sauce with a ranch creamy sauce not healthy and not very tasty there are definitely better sauces out there,neutral,positive,negative,False
this product while its taste is great is in a solid form it won t be easy to carve out the further down you go if i had known it wouldn t be in liquid form i wouldn t have purchased this product,negative,neutral,negative,True
top notch quality i used it in making fondant for my grandmother s wedding cake and it worked like a charm i did batches of fondant with it and still had about a half a teaspoon left over the flavor is nice as well this is what you expect from a product with wiltons name on it,positive,negative,positive,True
this was a great deal for a chocolate orchid which is quite pricey and came in a well cared for manner as well as looking very much alive it did not come ready to bloom as stated in the details of the item but it is on its way to blooming and think this is a very good product for a person who knows how to take care of orchids,positive,neutral,positive,True
these wafer have a very bright lemony filling and dont taste like they are gluten free cookies i have to keep them away from my kids,positive,negative,negative,False
i was very skeptical about buying a brand of chips i had never tasted before much less buying it in bulk however i had not regretted it these chips are one of the best i had tried and certainly exceeded my expectations they re reasonably priced too so that is a big plus,positive,negative,positive,True
although i do not buy canidae through amazon i wanted to rave about it s quality i am a dealer and own and operate a pet boarding facility i switch dogs everyday to canidae without mixing diets due to the nature of the business and it saves me tons in labor the dogs not only gobble it up they do not get upset tummies i have been feeding my pack of competitive working dogs border collies and australian shepherds for years and about boarding dogs per day and i have not found anything even close to the quality and value of canidae many kennels try to cut corners on feed but i believe paying a little more for canidae has made money the dogs feel great the kennels stay clean and the owners have peace of mind less poop to scoop is a big deal around here i am a strong supporter of any feed company that puts together an all natural excellent ingredient product and have tried many but i m completely sold on canidae,positive,negative,negative,False
i didn t realize it but my tea wasn t arriving as promptly as suggested the company also noticed and sent a box out immediately wow i was very impressed,positive,negative,positive,True
i like these very convenient sized packaging ritz crackers are ritz crackers you either like them or you don t if you do these are a good way to keep them fresh,positive,neutral,positive,True
i handed these over to my husband who is the mini wheats lover in our family my daughter likes them also personally i think they taste like a bunch of sticks exploded in your mouth though these smelled delicious when opened my husband was decidedly unimpressed with the flavor there wasn t much of a cinnamon taste the smaller size of these is ideal for children but apparently annoying to adult likers of the regular mini wheats my husband kept complaining about the diminished bites,neutral,positive,negative,False
this soup is good not sure what the other post had an issue with it s actually a thick soupd more thick than thin you have to use in a half pounds of potato and cups of chicken broth it s actually too think but in the end when you add cup of half and half it thins a bit it s a really good tasting soup but did make me and hubby gassy so we wont be making it again the gas is terriable,positive,neutral,negative,False
water is nice and much healthier than the alternative but sometimes it is nice to have an extra kick to the plain water vitamin squeeze is different than other water additives because of well the vitamins it boasts vitamins c b b b and b caffeine something called taurine and of course what drink these days would not complete with electrolytes whatever those are and it does seem to be working because i have notice i have not have as many of those mid afternoon sluggish feeling since adding it to my lunch water and there is no crash associated from drinking it took me a little over a month of near daily use the whole bottle which is good because the packaging says for the best quality to use within thirty days after opening with the vitamin squeeze in the water it kind of taste like the gatoraide fruit punch but the biggest problem with the product is getting the right amount of additive into the water not get enough in and the drink tastes watered down naturally and put too much in and it taste almost like medicine but unlike other water enhancers on the market which just sits in the bottom that you have to stir up i never needed to stir the vitamin squeeze if you are looking for a little extra with your water this is worth a try,positive,neutral,positive,True
every other whole wheat pastas products tastes like cardboard trust me i have tried all of them i am diabetic and i avoid rice and replace it with whole wheat whole wheat does not mess with my blood sure like rice does gia russa whole wheat tastes the best in fact my wife now has switched over to gia russa whole wheat products if you have decided to switch to a whole wheat diet gia russa is your best option,positive,negative,positive,True
some people thing those who like this bbq sauce must be the devil i m not the devil not even a devil but i sure love this cattlemen s kansas city classic bbq sauce if you like bbq sauce with some tang and a great flavor then this bbq sauce is a winner for all those devil may care people,positive,negative,positive,True
i love this stuff i never could never use artifical sweetners they all taste terrible to me erythritol tastes like sugar to me it has helped me lose pounds i wish it was cheaper,positive,negative,negative,False
jack links is really good one of the bests and its actually real meat haha i dont have to pay for it i get it for free because my dads company sells it and he gets free stuff from them all the time but if i didnt get it for free i would pay full price for it,positive,negative,positive,True
these are better than regular pretzels they are light and crunchy with a buttery taste i am so glad to have found these they restored hope that i can have good food without the aftermath that typically comes with eating my mother who has no problem with gluten tried them and liked them she even packed up some to take with her after tasting them she was surprised because she thought they were going to be salty like normal pretzels,positive,neutral,positive,True
so i get the variety pack from costco it comes with strawberry pears and apple i get it because it actually ends up being pretty cheap compared to here i find it there for around for a pack i can say that strawberry is my family s favorite because of the immense flavor it has packed in the fruit chip i do agree with the other review that there is a lot of powder it seems in the strawberry but i definitely think that it is because of how fragile it is if you have ever tried gerber freeze dried stuff the apple and pear i would think is comparable to that which i mean it isn t anything super interesting about it they are all good though i just personally think that the strawberry is the best i wish that i could have tried the pineapple considering that seems to be a interesting flavor too but i haven t found it anywhere other than here if anyone knows where to buy these individually boxed elsewhere for cheaper i would love to know i definitely have suggested this to my family members and luckily they are costco members so it isn t a problem if price i hope this helps a little,positive,neutral,negative,False
purchased this because i fell in love with the regular yellow bottle version of this and was buying it in a convenient store at bottle this version tastes almost the same with no noticeable sweetener flavor and saves many calories due to the lack of sugar but not sugar free you may find cheaper in the store locally was pack while amazon is pack but the convenience cannot be beat and my last purchase march was good until jan,positive,neutral,neutral,False
purchased this because of the special offer from amazon for when i received them in the mail i was surprised at how small they were each sliver seems to be about the size of the pig ears i used to buy but each bag weighs a bit over oz lb bag included i m guessing about oz of actual ears so compared to what i used to buy at wal mart this is a pretty good discount oh and the dog terrier seems to like them alright and i m pretty sure that s what actually matters,positive,neutral,positive,True
my two pugs are major rawhide bone pig ear fans but for some reason they aren t too interested in these chews one will eat it once he realizes he s not getting anything else and the other doesn t even bother with it,negative,neutral,negative,True
i like buying paul newman products because the profits go to his camp for ill children and they taste good too these pretzels fit that bill and i believe the price is reasonable as well it s great to eat pretzels that have a good amount of protein in them unlike the average pretzel with just a bunch of carbohydrates all my family and friends like them too the only little downside for me is they taste a bit too salty however the rest of my family didn t find them too salty and thought they were just fine they are low in fat with grams of fiber and grams of protein per serving i will definitely buy paul newman s organic pretzels again and again,positive,neutral,positive,True
for strong well rounded black coffee emeril s is just the best i won t go back to anything else smooth non acidic my last batch ordered had many pods that ended up punctured when brewing so i had grounds in my cup and a dirty machine this has only happened once though so i must just have a bad shipment yummy product,positive,negative,negative,False
i started buying these pretzels in the grocery store and then when i went to buy them again i couldn t find them anywhere so i decided to go online and whala amazon had them for alot less money too although they have gone up about since the last time i ordered them months ago our whole family including my kids and love these pretzels the favor is wonderful and you actually get grams of fiber per seving and they are pretty low in calories low in fat grams and we love the slight sweet with the slighty salted flavor i can t rave enough about these pretzels and to boot they don t have partially hydroginated oils or high fructose corn syrup no artificial colors flavors or preservatives for which they wouldn t be in my house if they did,positive,negative,positive,True
bbq very tasty original not that tasty cheddar is okay and the sweet potato if you can find it is light on flavor but good none the less go with bbq you wont regret it probably,positive,neutral,positive,True
we began feeding natural foods after of our cats developed asthma the veterinarians treated them with prednisone and the cats became sicker and sicker we switched to natural foods and the asthma completely disappeared never to return so we fed natural foods for years then picked up a few strays that refused to eat them and we went a while feeding low quality grocery store brands to those cats just so we didn t end up throwing away a lot of natural food then we tried this and every one of our cats are totally thrilled with it and lick their bowls clean we are not throwing any food away and feel great about feeding a high quality food once again to our cats we have also had great luck with evangers pheasant and wellness core the natural pet food companies seem to be working hard to make their foods tastier if you have tried natural foods before and have been disappointed with their palatability you should definitely give this a try,positive,negative,negative,False
my small dogs love this product it s a bargain at these prices which you already know if you ve purchased it previously at your local store there s about pieces in this package an equivalent amount that would cost times as much if purchased at a pet store the few moments of stink this product has disappears and isn t much of a bother it takes hours for the little chewers to make their way through one pizzle stick though they work at it diligently and contentedly wonderful find,positive,neutral,neutral,False
bought these for my mother for her birthday she has been raving about them ever since i previously had been buying another brand of sugar free candy and she says this one is much better,positive,negative,positive,True
these are not soft shortbread cookies but krunchy with a hint of butter great for t diabetics but as you know anything we eat moderation is key although pricey buying a case is a lot cheaper than buying single packs retail at your local grocer,positive,neutral,neutral,False
i was so surprised when i opened the can to see real shrimp prawns like the ones served in shrimp cocktail the chicken looks like the canned white meat chicken that my husband and i purchase from costco to make our homemade sandwiches with this is not your usual ground mystery meat that one usually thinks of when talking about wet dog food this is whole food in a can that looks fit for a human in fact i called my husband after i opened the can to tell him that our new puppy was eating shrimp prawns and shredded chicken breast with kale and sweet potatoes and beans hubby wanted to know why the dog was eating better than he does my month old puppy wasn t eating that well and not gaining weight i will continue to mix this with her dry food because she devoured it and was wagging her tail like crazy during the meal i will have to see if she gains weight with this,positive,neutral,negative,False
i just received my second shipment of these dates today the first shipment was delicious i did notice on this shipment that there was not a packaged date and expiration date on the back of each package i was a little bummed about this i m anticipating that this second shipment is as great as the first,positive,negative,positive,True
if you re looking for a delicious candy treat to haphazardly pop in your mouth and enjoy beware this isn t a simple mix of run of the mill flavors if you re looking for a mix of orange cherry lime grape etc stay away great for those who are adventurous with their candy flavors willing to be surprised by unexpected flavors as for me i found myself digging through the container for safe solid colored beans as in nature colored specs are to be considered a warning overall a good buy good flavors and texture but finding different flavors of delicious jelly beans proves to be a stretch,neutral,positive,positive,False
in fact most of these were consumed by my family before i got to taste them they were in fact quite tasty i thought them a bit sweet for my taste but what did i expect from caramel corn what i liked the most was that there is nothing in here that i had to worry about giving my healthy kids my wife liked them as well i liked this snack so well i not only bought more of this but am currently shopping to try other snackwell products as well,positive,neutral,positive,True
these are not premium ingredients glutens are not something i feed my dogs and the poultry is not one of the first ingredients i ll stick with pizzles tendons raw bones that actually do clean teeth everlasting treat ingredients wheat gluten gelatine water glycerin poultry meat and bone meal natural flavoring corn gluten meal garlic powder brewer s yeast lecithin sodium diacetate vegetable gum titanium dioxide and natural coloring,negative,neutral,negative,True
not hot enough for me tastes good recommend stars more heat could and can be added,neutral,positive,negative,False
this product is fairly expensive for what you get it would be fine if you had guests coming and you are not a wheatard so you need something to feed them ingredient list brown rice flour baking powder vanilla bean powder salt baking soda xanthan gum vanilla powder aside anyone who is gf has these ingredients i added quite a few things to it to help it out eggs olive oil almond milk a little sugar it s not sweet and a little tapioca flour i did this because i was having trouble with the waffles i made being soggy i don t think it would work with out eggs or egg replacer as it s just rice flour you can get rice flour cheaper than this save your money,negative,neutral,negative,True
my dad bought some as a gag gift for my boys but it actually ended up being devoured by all it s good popcorn with a good amount of salt and bacon flavor not too strong i m actually going to buy some more,positive,negative,positive,True
yummm i put this in my hot brewed tea it is soooo good just beware it does have a high alcohol content i would buy it again,positive,neutral,positive,True
while the flavors aren t earth shattering or exotic and you may not necessarily notice a huge difference between the taste of these and suckers that are not organic inorganic and full of crappy stuff but with similar flavors such as cherry or watermelon they re a nice get especially if you can get them on sale i find them to be particularly nice to give out on halloween because they re something a little different from what everyone else is handing out if you re a big fan of suckers you ll enjoy these but they aren t going to be revelatory,positive,neutral,positive,True
i dont t normally leave a review but due to the costs of the kcups i recently purchased an ekobrew reusable filter for my keurig upon finding this item for i thought okay i will try it the rainforest brew is a true medium brew just a bit on the light side and finishes wonderfully and smooth the aroma from brewing one cup lingered in my kitchen for hours yes you cannot display them in a keurig holder due to the packaging but i store mine in a tin next to keurig clean and tightly sealed no drip no problem with brewing in my machine love this item will be back for more,positive,neutral,positive,True
probably like many folks i was swayed by the quantity and price especially if ordering with the option to reorder in another couple of months for a good savings but unfortunately the flavor is quite lacking there is just a hint of the blue raspberry with the main flavor seeming to be almost synthetic add a little sweetness i love gummies but will be a wary of purchasing an albanese gummy again these will certainly last a long time but i cannot recommend this product to other folks,negative,neutral,negative,True
well we were looking for another coffee that would meet or exceed the k cups we were using and this has far out tasted the coffee cups we were using i have bought almost packages of these and used just about all of them and will be ordering a few more boxes here soon great coffee from a regular guy point of view,positive,negative,positive,True
i first started looking into gluten free foods a few months ago and was concerned that i would not like the taste although i can taste the difference with several foods bakery on main is not one of them,positive,negative,negative,False
loved this except for the added sugar people who order this are likely doing so to control fat or caloric intake so why undermine their efforts if a sugar free version i ll order it again until then i m better off with the no added sugar varieties as cutting out simple carbs has worked wonders for me for years now a plus these make fabulous peanut butter cookies,positive,neutral,negative,False
my dog loves this food i really like that it is organic especially with all the recent problems with other dog foods i will continue to buy this brand in the store i would rate the product as a the problem i had was with subscribe and save i started out buying at a very decent price after only months the subscription price had increased by almost no notice on the increase was sent to see if i still wanted it either i believe amazon should send an alert and ask to confirm or cancel when there is an increase my other subscriptions have not had price increases like this one subscription rating,neutral,positive,positive,False
the dog would not touch it at first then icarried the case to the car to give it away dog came running and barking brought case inside the house again then he ate it and liked it ever since all meat no grains,positive,neutral,positive,True
summary way too sweet no berry kiwi flavor small serving upon first taste both of us found this juice to be excessively concentrated sweetness additionally both of us detected no hint of berry or kiwi flavor neither of these problems is surprising when looking at the ingredients it is made from juice concentrates water to reconstitute and the first two juices are apple and grape so no wonder it tastes like apple or white grape the mild carbonation that is there is insufficient to cut the excessive sugariness of this juice which makes it have a very think and non refreshing mouth feel i think it needs more carbonated water or serve with crushed ice and let it melt for a while and it definitely needs more actual kiwi and berry fruit flavor next we compared switch kiwi berry to trader joe s similar strawberry kiwi juice the trader joe s juice actually tastes like strawberry kiwi and is not too sweet and not too thick on the tongue to be refreshing so it is possible to make a juice of these flavors that is actually good finally it is in a very stylish slim can which means that it does not hold very much oz specifically the usual canned soft drink contains oz by the way fruit sugar fructose is still sugar and this drink is full of it when they say no added sugar that means they didn t add any more to the overly sweet apple and grape concentrates they were using which is not the same thing as saying no sugar or no sucrose table sugar disclaimer we do not drink sugary soft drinks so if you do you may like this one,negative,neutral,negative,True
this is my grandsons fav flavor he will readily reach for a juice in these conveniently sized containers i also like them myself,positive,neutral,positive,True
this is a really good starter mix for chicken although i prefer to tweak the cooking instructions slightly you can reduce the amount of oil by half and cut back on the water too if you don t want it as soupy you can also add in some plain yogurt or sour cream to make the sauce creamier if you prefer but overall its a very good mix and easy to make there is some prep time involved with mincing garlic onion ginger etc but it s not hard to do you can also reduce the recipe by half and use half a package of seasoning still use one whole can of tomato sauce but little or no water and it comes out great the mix is set up to use lbs of chicken which is a lot for one or two people also since the packet lists all of the ingredients if you are a half way decent cook you can buy the spices in bulk and save money by mixing it yourself,positive,neutral,positive,True
as i have with all other earth s best jarred baby food i won t be purchasing these dinners for my baby because the jar lids contain bpa i contacted earth s best s consumer relations dept personally and the representative read me a prepared statement saying that the epoxy resin that lines earth s best baby food jar lids contains trace amounts of bpa but it doesn t come into direct contact with the food that kind of lukewarm response wasn t enough to put my concerns about bpa to rest after all packaged food is jostled around so much during shipping that these jars could spend days upside down with the food resting directly on the jar lids so i guess i ll have to pass on these jarred dinners for now the earth s best rep did say that they were doing accelerated testing of bpa free alternatives for lining their baby food jars this is such a shame because earth s best is the only company that makes organic pre packaged stage complete meals e g with meat protein veggies carbs starch in puree form all the other organic baby food manufacturers such as plum sprout ella s kitchen etc only make stage meals in chunky form earth s best does make some baby food in bpa free squeeze pouches but that doesn t include its dinner line i was hoping to be able to expose my little one to a wider variety of flavors and well balanced meals while still at the puree stage but i guess i ll have to wait until she s old enough for stage chunky meals or make her baby food myself virtually impossible for this super busy and domestically challenged mom lol,negative,neutral,negative,True
my three dogs loved the chicken and peanut butter flavors so i tried the cheese flavor on them guess what they love this too okay so my dogs aren t picky but they seem to have a special fondness for these treats i like the fact that the cookies are crunchy and good for their teeth,positive,neutral,positive,True
i have used two bottles of this product and it does everything it claims my dog is staying off furniture and out of the garbage and no one has to say anything,positive,negative,negative,False
this kettle chips taste good crispy crunchy too u will enjoy it also moreover it s thinly cut sliced,positive,neutral,positive,True
purchased two boxes of these coffee pods and have used of the the pods do not work correctly in my keurig the machine sounds and acts differently with these pods and produces one half of the normal coffee size when reusing the pod the second time even less volume the coffee tastes ok but something is wrong with the pods never had this problem with green mountain coffee pods or other brands,negative,neutral,negative,True
my yellow lab who loves any and all food does not like these i get them out and she doesn t come running so that s the perfect indication i pull out some other snacks to lure her into her crate and she bounds in but not with these,negative,positive,negative,True
my kitten loves this food it was the food that she had when she was at the shelter and my vet carries the hill science diet line for both dogs and cats she rushes to her bowl when she hears the dry kitten food falling into her bowl,positive,negative,negative,False
i have been looking for a good sweetner for a long long time sugar is out and after reading about all the research on the artificial substitutes i was almost physically sick those little blue pink and yellow packets we ve been pouring into our drinks are highly toxic it boils down to the fact that these products are made from wood alcohol in other words formaldehyde it causes a myriad of health problems and could be a pre cursor to alzheimers according to medical lab researchers many people experience loss of memory slow fuzzy thinking or fogginess there are so many other troubling symptoms that i cannot even list them all this is why i tried just like sugar i put one packet in my tea and couldn t tell any difference i put more in and still couldn t tell it was sweet at all i had the feeling i was going to stand there all day and pour it in and still nothing would change i am stuck with boxes now but never fear i did find something better called truvia i found it at the grocery store and am very happy with it it has the natural sweetner stevia in it and is healthy for you i have tried other sweetners with stevia and was disappointed but this one works one packet is all you need forget just like sugar try truvia and stop searching don t wait another day,negative,positive,negative,True
these cookies are thin and crispy they have a wonderful blueberry flavor that isn t artifical tasting the sweetness is well balanced not too sweet but definitely not bland my husband didn t not really care one way or another for them so i was thinking i had finally found a treat for myself this was not to be my children actually enjoy these cookies while this is great that they like a snack that is not so sweet but bad because i will not have my snack that they won t ask for,positive,neutral,positive,True
delicious nice packaging all very portable not sure if i d subscribe again don t need this much coconut water it is very delicious and an excellent substitution for soda,neutral,positive,positive,False
i want to address a very undervalued and perhaps subjective requirement of a meal replacement powder and that is taste this product smells like pumpkin bad pumpkin surprisingly it has no pumpkin in it it tastes like the soggy end of a bad pumpkin and that s the chocolate version i love spirutein chocolate drink and this is not that but i was looking for a meal replacement diet aid i am not a vegan and i mixed it with whole milk anticipating the flavor to be less than sublime but even the milk did not help i surmise that this product is solely developed for vegans as they tend to accept nasty as a daily dietary requirement i shall endeavor to persevere with this product until the bottle is empty perhaps i should mix it with spirutein i think i ll go have some tea to help wash out the taste october th update well i believe i have figured out how to make this product work i mixed one scoop of raw meal chocolate with cup of whole milk and cup of chocolate almond milk i believe the flavor of the almond milk masks the product more than just milk i also added a banana and some frozen peach and blended i think the bare minimum for flavor tolerance is the chocolate almond milk that way you get the benefit of the raw meal without having to gag it is a filling substitute as i can go all day with just having the shake for breakfast and lunch with fruit and veggies as a snack and then a normal dinner which is what makes me want to continue to use the product because other diets leave one feeling starved it is also reasonably priced for what you get which is overall a very high quality product if the information on the packaging is true,neutral,negative,negative,False
i was hesitant to buy this at my local grocery store lunds but they were on sale so i bought a bag i ve found that going beyond the simply flavored chips like cheddar or vinegar usually results in disappointment tried the thai or asian inspired chips by target archer farms and they were awful these kettle spicy thai chips are just awesome so much so that i m considering buying them in bulk from amazon the taste is complicated and stimulates different parts of the palate the taste sensations prevalent in real thai food is baked into this chip sweet salty spicy was sour in there too i don t know but this is a well made well balanced chip that is addicting,positive,negative,positive,True
come on amazon correct the description for this product or correct the search feature so these don t come up as k cups i ll go to bed bath and beyond for these and maybe the rest of my k cup needs as amazon just isn t getting the job done here and yes before the trolls start in on me for not reading i understand i should have read every word on the page but honestly who has time for that lol,negative,neutral,negative,True
tastes ok i believe it is good for me so i eat it but it does not satisfy like other cereals that have not nutritional value good for breakfast but not a very good late night munchy,positive,neutral,negative,False
my cat loves milk but because of the side effects quit cat milk it just depends on your cat some cats really can t handle milk products my cat doesn t touch this anymore,negative,positive,negative,True
i just found these brownies the other day in the store i haven t had much luck with many gluten free baking products so far but these are really really good they taste just like regular brownies and weren t like hockey pucks when i took them out of the oven for those of you who believe that they may not be gluten free because you had stomach upset and bloating read the label this product like many gluten free baking products contains xanthan gum which is considered a highly effective laxative it can cause stomach pains bloating and diarrhea when anyone consumes it so moderation is really important also the xanthan gum can contain traces wheat so if you have a wheat allergy which is not the same as celiac disease you may have a reaction to this product eating them in moderation has left me and my family with no ill effects they taste great and i look forward to trying the other betty crocker gluten free products,positive,negative,positive,True
the coffee is good but the price is ridiculous each k cup approx you can get it from green mountain for cents a k cup delivered which is still too much buy it for cents a k cup at bed bath and beyond or kohls,negative,positive,negative,True
many of bahlsen s cookies are too sweet and floury for my taste but these light flaky cookies don t taste stale and are not too rich but are nice and do not taste like sugared cardboard i don t crave these but when you eat them you realize that these are better than the average boxed cookies and unexpectedly delicate and fresh tasting given the supermarket price,positive,neutral,positive,True
i m sure there is probably someone out there who likes the taste of this stuff i m not one of them if your goal is to find a quick to make unsweetened tea you might consider bottled tea instead this stuff tasted really bad to me if you sweeten it its probably fine i know their sweetened varieties are good,negative,neutral,negative,True
these are in fact manufactured by hour energy and are just a rebrand of their original product the flavors are the same i dislike the grape wish they d leave it out the effect is the same unless you re used to the extra strength version,positive,neutral,negative,False
i ordered these because i like the teriyaki yakisoba noodles and the spicy vegetable noodles had good reviews these are as good as the teriyaki noodles and have a lighter spicier sauce,positive,neutral,positive,True
it smelled like it but this tastes closer to rooibos than chocolate and hazelnut and i do not like rooibos,negative,neutral,negative,True
this is the first time time that i ve tried hemp protein and i was pleasantly surprised i d read many of the comments of how bad it tasted and the consistency etc but i wanted something different from whey well i m glad that i tried it the flavor and consistency is a bit earthy but you get used to it right away in fact i had no trouble at all even with the first drink if you re looking for a healthy protein supplement that s certified organic i would recommend this one,positive,negative,positive,True
my dog takes supplements everyday and has for many years used to use peanut butter and have used all types never really liked doing that because of all the sugar in it have tried spreadable cheese too but it s too rich for her system so saw this while ordering other kong products and thought i d give it a try she s always a little combative but she takes them none the less using this stuff and it doesn t mess up her digestive system texture is a little runny even though i refrigerate it but still able to coat her pills well enough with it,neutral,positive,positive,False
i brother and i loved these slimjim and when it was on sale i bought a whole box but unless you are intending to sell them don t buy the whole box you get tired of these very quickly plus it s unhealthy we bought the box for months already but we only ate about sticks,positive,negative,negative,False
i bought this after a fellow tea snob suggested it i wish i hadn t this is the first product made by republic of tea i have not loved the flavor is far weaker than their other teas i recommend getting your chocolate fix elsewhere if you are simply looking for the buzz that mate can bring there are cheaper options out there,negative,positive,negative,True
having been a coffee lover for years my recall was that kona was better quality i would rather go for the blue mountain jamaican coffee next time for the price,neutral,negative,negative,False
great tasting convenient coffee just a little pricey health benefits are questionable tho didn t have the same kick as my regular maxwell house still really tasty,positive,neutral,negative,False
easy to prepare just take the chicken kiev out of the box an bake for to minutes to serve a tasty meal,positive,neutral,positive,True
i ve been using chicken soup for the cat dog lovers soul for quite a while and my cats and one dog like and do very well on it the one problem i ve had with the lb bag of cat lovers light has been an inordinate number of crumbs in the bag so much so that i called the manufacturer which acknowledged the problem and sent me a full refund for the bag the rep explained that the company has narrowed the packers which were responsible for my particular lot and taken it up with them i i ve not had this problem with the lb dog lovers senior diet hopefully the problem with the cat light will be corrected as i probably threw out of the bag s content would like to know if anyone else has had this problem p s this is an addendum to the original review since i spoke with the company and it promised to look into the crumb problem i received a gift card to purchase the same food with a different sell by date there was no problem with it and there have been no further problems with large amounts of crumbs in the bag my four cats and one dog continue to do beautifully on it glossy coats firm stools and generally good condition i supplement the dry food with small treats of turkey ends that i get from the supermarket and my year old german shepherd gets a tablespoon of authority canned food added to her senior dry food all in all i have had no medical problems whatsoever knock wood and my visits to the vet are confined to wellness checks,positive,negative,negative,False
grew up with this soup just can t by it in florida then thought about checking amazon there it was this is not my first purchase won t be my last thank you for carrying my favorite soup,positive,negative,negative,False
marley coffee in individual cup pods is something new for me i have a delonge espresso maker with the feature to use it with coffee pods so my review is based on using this device to make the marley coffee i made very large cups of coffee and tried them with cream and sweetener stevia or agave and also just black i generally drink coffee with half and half with or without a sweetener marley coffee could be compared to a strong brew of coffee house coffee such as caribou but without the bitter taste or the hollow taste i find in many of the coffee house brews the marley coffee is very strong with that tingling sensation in the mouth but does not have the bitter taste it is very rich and smooth this is one of the few coffees that i would likely drink black because it lacks the bitterness but has a strong flavor it is very likely the best coffee i have ever tasted it is not cheap at about cents a cup it is for me not an option to drink several each day i strongly and smoothly recommend this product,positive,neutral,negative,False
we have been a gluten free family for many years and have been enjoying the new products that are now continully being introduced these pretzels are not nearly as good as the ones by ener g foods small size bags or by glutano larger family size bags these wylde pretzels are as one reviewer already commented not salty enough that is not salty enough for me to feel they qualify as satisfying a pretzel yearning these pretzels are also much harder than the others which i don t find appealing that being said i would highly recommend the glutano or the ener g foods pretzels over these i rated it stars simply for being another gluten free product,negative,positive,negative,True
it s a great idea for a product but i hate the taste i think it s cool that it s kosher and has some nice ingredients but the original i tried was gross,negative,neutral,negative,True
these are not bad at all for a health food cookie give them a shot if you are a cookie monster but want to try to eat more healthfully,positive,negative,negative,False
i found the reviews on here to be completely misleading let me put this simply this jerky is mediocre at best the meat is very moist and has a lot of flavor but is overly sweet and salty almost as if they drenched this in syrup and soy sauce before cooking it the name spicy country should be changed to mild country the slices are too thick and look like boba straws i also wouldn t recommend it if you prefer your jerky a little more chewier positive side for jerky might be steep but oz is a lot and it s definitely worth the price it s good jerky but not the best if you re looking for some good jerky try jack links peppered it s one of the best jerky s i ve had and it s available at your local grocery store if you re ever in gilroy ca visit the garlic shoppe best beef jerky i ever had its by the cashier in the clear box get a bag and enjoy cheers,neutral,positive,negative,False
americolor works great unfortunately it s taking more than weeks to get to my house after my twins nd birthday party i had to drive across town to buy another set of these colors to do my kids birthday cakes oh well i ordered on july st it s july th and they still haven t arrived yet also the local shop sold the oz bottles for,neutral,positive,negative,False
they ve replaced the corn syrup with organic cane juice which is slightly better i guess still wished they eliminated sweeteners entirely old review it s not bad at all just that it has corn syrup in it i think it s because it s strawberry flavored instead of plain milk,positive,negative,positive,True
i wasn t sure what these pepperoni slices would taste like since bridgford isn t a brand i m familiar with but was pleased with the purchase unlike the other review there was no foul smell upon opening any of the packages the taste right out of the packaging was great will definitely be ordering these again,positive,negative,positive,True
does it taste good yes if you like the taste and texture of coconut butter you will most certainly like this product does it spread nicely well that depends on where you live and how patient you are in cold weather this is a royal pain to use because the oil separates and hardens at temperatures below f the instructions on the label say to place the container in hot water for to minutes to soften the manna well in my kitchen room temperature about f it took almost a half hour for this thing to melt i placed the jar inside a stainless steel saucepan filled with hot water that must have been at least f after minutes the water had cooled quite a bit and yet the oil had not even started to melt i used a blunt knife to try and break the manna into pieces did the same thing two more times finally the fourth water change did the trick and the manna now had acquired a nice consistency perfect for spreading but at that point i was not a very happy camper i wanted to use this as a breakfast spread and that s not going to happen at least not during the week i just don t have the time nor the patience it just takes too long i buy natural organic peanut butter which also must be mixed well for the oil to combine but i only have to do that once so i don t mind at all with this manna it s an everyday event i ordered two jars one of them will live in my pantry until next summer and we ll treat coconut manna as a warm weather food i guess this is a very nice tasting coconut product which i would have rated stars otherwise certainly worth a try if you happen to keep your house above f year round,positive,neutral,positive,True
i bought this product to try and while i find it is a good quality tea i will probably not be buying it again it s a typical english breakfast style tea flavor wise somewhat malty strong and darkish and makes for a bracing cup of tea what i didn t like about it was how astringent it was almost to the point of being bitter so if you don t like teas that are strongly astringent puckery dry mouth feeling like a cabernet or zinfandel wine this is not the tea for you the irish breakfast and the assam are much better in my opinion more malty less astringent,positive,neutral,positive,True
once you add this syrup to the shaved ice its like when you have a good snow cone and there is only a drop of flavor in the end this is how it is from the beginning,negative,positive,negative,True
gift for my son he enjoyed the coffee a novelty gift because of expense would probably never buy again for that reason but was delivered promptly,positive,neutral,positive,True
my baby really responded well to this formula he does not experience any constipation but you may notice they have bm less frequently but in bigger doses lol he does smell like cheese after a few days from the formula coming through his pores but he really loves it and its a great value for such premium ingredients,positive,neutral,positive,True
i d purchased these based on the reviews here and their reputation abroad a delightful little tea time anytime snack these little cookies do remind you of graham crackers in taste but they re not as sweet and have a slight baking soda aftertaste that remind me of violet crumbles the consistency is course grain but crumbly in your mouth the cookie falls apart into small crumbs like what you d find on a graham cracker pie crust amazon did a wonderful job in shipping i know a lot of people have stated that theirs came in crumbled but almost none of mine were broken mine arrived as a box inside a box and had bubble wrap and tacky tape that tried to keep each roll stationary but another reason for their good condition might have been that they didn t have to stay in transit long it looks like mine came out of florida and they were delivered to south georgia either way i m extremely satisifed with the quality and shipping of my purchase,positive,negative,negative,False
stevia is a healthy alternative to artificial sweetners fast shipping and good service stevia packets packets buying in bulk saves,positive,negative,positive,True
ok starbucks is awesome too but this coffee is an acquired taste and is without the doubt the most unique and great tasting coffee since it has chicory you do not mix as much as you would normal coffee to be precise you would mix about half as you normally would however even know it is robust it still contains less caffeine then normal coffee by the way chicory is extremely healthy for you try it today taste what new orleans has had for well over years,positive,neutral,positive,True
i m actually a diabetic and cereal because of it s high glucose content is usually something i stay away from if i eat cereal for breakfast even the good cereals like corn flakes or cheerios i see a sudden spike in blood sugar and usually get tired at around or am these nature s path cereals this one and the granola are the only cereals from which i experience absolutely no negative effects because of the natural ingredients pumpkin seeds flax etc this cereal does not immediately turn to sugar for the body to process instead it leaves you feeling full and energized for a long time they taste incredible too seriously i prefer this over regular raisin bran or whatever you d compare it to strongly recommend,positive,negative,negative,False
my brother sent me a bottle of artisan salt himalayan pink mineral fine gourmet salt haven t used regular salt since receiving it if you look it up and read about where it comes from and contains i m sure you d switch also,positive,negative,neutral,False
although these cookies have grams of sugar per serving cookies the tart lemon flavor is predominant they are much lower in calories than other sweets my only complaint is that it takes some will power to have just of these little pieces of heaven,positive,neutral,negative,False
good amount of fiber for only a few calories put peanut butter or cheese on them make sure to drink a large glass of water with it to work with the fiber,positive,neutral,positive,True
i thought that this popcorn would taste like a diet food but i soon realized that they were extremely sweet and you won t stop at just one pack i didn t besides them being really sweet i really enjoyed this popcorn and i will have to try the other flavors soon the popcorn doesn t travel well because the chocolate melts easily so you have to keep them in a cool area in order for you to enjoy them without the mess the packaging is smart and idea for a quick snack if you don t want to over indulge like i did i think that this is a convient snack without so much guilt i think that this is a little more healthier than poppycock or crunch n munch but i think that the reason it is healthier has to do with the small package that the popcorn comes in and not the actual popcorn itself i think that it s an overall great snack and i would recommend this for just a little pick me up for dieters who need a reward but want to stay on track,positive,neutral,positive,True
i wasn t sure i d like any cereal that claimed to be double chocolate but i had a chocolate craving when i ordered it so i thought i d give it a try i can understand why it s called krave because after i tried one of the little chocolate pillows i was hooked i was kind enough to share with my family to see if it was equally appealing to children and teens including an exchange student from the netherlands who bought a box to take home to his brother since he claims they have no good cereal there it is very chocolaty the cereal comes in little pillow shapes with a light crunchy shell kind of like crispex and a somewhat softer middle that is also chocolate sort of reminds me of the filling in chocolate poptarts it s great to eat dry as a snack or in a bowl of milk as far as the nutritional part goes it s not too bad a serving size is of a cup and is calories with grams of fat it is grams of sugar but that s almost the amount of sugar you d find in smart start or raisin bran crunch so it s not too bad and tastes oh so good it does contain wheat soy and milk so keep that in mind if you re the allergic type this is one of those cereals that will be a treat in our house but also one that i ll keep a box hidden somewhere for myself in case of an emergent chocolate craving,positive,neutral,neutral,False
i bot this twice through amazon and its real juicy n good in taste i would say real worth for money infact i took some packs to india and my family loved it,positive,negative,positive,True
not bad coffee for the price but for less money you can get a good sumatra from the same supplier,neutral,negative,negative,False
i purchased this coffee flavor hazelnut for my wife and she is really enjoying it only problem is when we received the box all k cups were packed inside the box and a couple of k cup were punctured this is caused by the edges from the other k cups we ended up with coffee grounds all inside the box very inconvenience,positive,negative,negative,False
this is the only form of coffee that i like once i started to eat expresso beans i became addicted to them i didn t share them i ate the whole bag,positive,neutral,negative,False
this is what gulden s wishes it were if it didn t have to be dumbed down and blandified for the masses mister mustard is hot vinegary and hits you in the nose add a hotdog and some onions and you have some kinda heaven in your mouth,positive,negative,negative,False
good for you a good chew with low sugar and some fiber the bare fruit ones are not too dried out like some i have had,positive,neutral,positive,True
this is a good coffee and it is not too strong one thing i will point out unless you like really weak coffee i like it more medium one capsule only makes about ounces so for an ounce cup i would use capsules,positive,neutral,negative,False
currants are of course dried fruit however the currants in this delivery were over dried and quite inferior to the same product by the same manufacturer that i frequently purchase at my local grocery store rather than having a moist freshness the delivered currants were over dried out to point of having a granular crustiness no wonder they were sent to me under subscribe and save they must have been rejected for shipping to grocery stores dues to their deteriorated quality the seller should have indicated this prior to shipping,negative,positive,negative,True
i think this product is fantastic i blend it in with my smoothies i tried it with just juice one day but didn t like the taste so i just use it in the blender with my other smoothie ingredients it will turn everything green and it does have a unique taste but i love it and will keep buying it,positive,neutral,positive,True
product arrived as promised i thought the shipping was extremely high and had i realized it was that high i would not have ordered it,positive,negative,negative,False
wow i received the taffy in hours very surprised delivered way before the estimated date i would definately do business with them again,positive,negative,positive,True
i love this espresso i never thought i would say it but i think i like it more than starbucks if you haven t given it a shot yet do you won t be disappointed,positive,neutral,positive,True
the product is excellent the shipping container is terrible the box is too big and the great product is allowed to bang all over and the tops come off the packaging for delivery does not do the product justice,positive,negative,negative,False
my cats had a bad bag of another brand food and refused to eat anything that tasted even remotely similar to that one of them went from to pounds as we tried different things this definitely did the trick described it is the closest thing to wet cat food protein content in a dry food it also smells not like wet cat food but definitely has a raw fishy smell to it not exactly pleasant however they love it and we haven t had a problem since be careful with portions though as this is without a doubt a food that your cats could get fat on,positive,neutral,negative,False
alright maybe this product won t bring about world peace but spread on a toasted english muffin it makes a darn fine morning roses lime marmalades is tart and sweet but not too sweet the flavor of lime shines through most of all,positive,neutral,positive,True
i really liked the light carbonation and the well balanced cherry flavor the ounce size is easy to stuff into a bag or lunch box the short ingredient list is a healthy improvement over soda pop one consideration is that even though there is no sugar added and no corn syrup added there is still g of sugar in one serving however if you want real juice the carbs will be unavoidable the only down side is the price,positive,neutral,positive,True
the packaging looks very nice but the quality of the food is quite poor the cheese is not real brie camembert as the nice round box suggests its fake camembert flavored processed cheese the knife broke when i tried to cut plastic which protects the sausage the mustard tastes awful the crackers are cardboard flavored but i like the cutting board,negative,neutral,negative,True
if you don t always fall asleep as fast as you would like drink bigelow s sweet dreams tea it really does help you to sleep better,positive,neutral,neutral,False
i love kashi but this product has been less fresh than what i buy at my local grocery maybe i have been eating it less frequently in any event i won t be reordering,negative,neutral,negative,True
is this food bought from the frito company and is it expired i just wanna know that my food isnt tampered with and would like to place an order how can i be ensured its safe,neutral,negative,negative,False
the taste is fine but the k cup container has opened at the seal during the brewing process on more than one occasion resulting in a mouthful of coffee grounds i have never had this happen with any other brand of k cup before and hope it is not the norm for wolfgang puck,neutral,negative,negative,False
excelent tasting with little sugar i am a diet control diabetic and i find this bar an excelent snack comes in many flavors,positive,neutral,positive,True
my local pet supply store had by nature on sale as he d gotten a special shipment my dogs love all the favors and i especially like the teeth cleaning variety problem is these are getting harder to find,positive,neutral,negative,False
this coffee has been extremely disappointing for me i can t finish it it s so bad i am a huge starbucks fan and pay their premium for coffee because it s good but this is unacceptable the coffee has a burnt flavor and not as in pike place roast burnt burnt and the caramel flavor which is almost non existent is disgusting if you like starbucks with caramel get pike place roast the christmas blend or something else comparable and add torani or hershey caramel syrup,negative,neutral,negative,True
i love this tea so much i m a fan of ahmad english breakfast and i wanted a tea that i could drink at night and wouldn t keep me up luckily i found this tea on amazon because i haven t seen it selling in any stores i was so impressed when i first tried it i thought it would just be a decaf version of english breakfast but it s not evening tea has a distinct taste all its own and it s extremely delicious i like it with a splash of milk but i m sure it s good without,positive,neutral,positive,True
the ease of preparation for barilla s fusilli w veggy marinara is more than offset by aroma and taste to prepare a corner of the top seal is lifted to vent a sauce tray nuked for a minute everything s hot when you peel back the rest of the cover you re hit with an unsavory odor can t call it an aroma that doesn t stimulate the appetite lift the sauce tray out spoon the gravy over the pasta and there isn t enough to cover all eh the first bite reveals that the smell you immediately noticed is part of the food s taste this stuff s edible but only if there isn t something else available nutrition facts of the oz serving s calories derive from fat mostly saturated it s a good source of fiber rda has grams of carbs a zero cholesterol rating despite saturated fats and is high in sodium mg or of rda one serving provides of your vitamin a needs of iron of calcium and yet after my free vine serving i would never buy barilla s nukeable pasta and wouldn t eat it again if comped in advance,negative,neutral,negative,True
this flavor is very good and unexpected the flavor of the cheese and garlic go well together and they are very crispy and satisfying,positive,neutral,positive,True
i have a beagle mix who is about months old so constantly chewing everything most dog treats even the solid rawhide pieces don t last long enough and she ends up begging for more right away or moving on to my shoes the minicongo chews are larger than i expected and quite a bit heftier i don t think she quite knew what to do with it the first time i gave her one she quickly figured it out however and spent well over an hour working on it she really seems to like the flavor of the filling now when she sees me reaching for one she starts licking her lips in anticipation i was really impressed with the quality of this product and the fact that it provides digestive support is a definite plus i will be buying this product again for my dog and would recommend it to anyone who has a medium to large breed of dog it s a bit too large for the smaller breeds,positive,neutral,negative,False
the seller was prompt but some of the tonic leaked thus reducing the amount in the bottle also while it is diet tonic the sweetener is so strong that there is little tonic quinine flavor but it works with the sodastream so i don t need to buy the cans of tonic,positive,neutral,positive,True
i served this essentia water to my family at dinner tonight my husband says it tastes like water my son and i did a taste test between the filtered tap water from our fridge and essentia neither of us could tell the difference my daughter says essentia has an aftertaste and refused to finish her cup i m not sure if she was imagining things or not overall i don t think the flavor distinguishes essentia from other bottled water if you are looking for alkaline water that tastes like water this will work just fine,positive,negative,negative,False
ever since i came to know about this at whole foods i have been purchasing it either from store or online this gum does not hold for a long time and so it is an automatic reminder to spit it out before it dissolves,positive,negative,negative,False
can t give it five starts because i am not the end user of this product but the cat seems to eat it so it can t be that bad she comes running when i put the food in the bowl if that means anything not like she has another choice i wish i could be excited about eating the same thing everyday,positive,neutral,negative,False
these nuts are great and have the best price anywhere i keep the used containers for storing all sorts of stuff laundry detergent ice melt coffee cereal etc the wide mouth jar lid is easy to spin on and off,neutral,positive,positive,False
these treats smell delicious a curious family member even tasted one and said it has a nice flavor our small dog isn t a fan of hard treats but gobbles it up after we snap it in half,positive,neutral,positive,True
my reaction was wow the first time i gave these to my year old lab his teeth were extremely dirty with what seemed like plaque or whatever it was on his teeth that i could not get rid of by brushing his teeth i thought i would need the vet to professionally clean his teeth i was amazed as to how his teeth became pearly white after a few of these greenies not to mention that his breath did not have a nasty smell either i give these to my year old pup as well her teeth have never been as dirty as my year old s but at least her breath is fresher too stars all the way,positive,negative,negative,False
this pasta stays al dente much more than other brands i have tried i am so impressed that i am going to make a point of looking for this particular brand from now on bulk shopping clubs sell this for per boxes,positive,negative,positive,True
edit i ve given this three stars vs my previous star when i was told the can was not meant to brew tea in i still would prefer a total travel solution then it would have been stars original post the can to brew the tea leaks i sent the first one back thinking maybe it was defective the second one leaked also and the can gets super hot to the point of not being able to pick it up i also posted this review on the teavana website it has not been posted just an fyi about neg reviews sent to them,neutral,negative,negative,False
these dried cherries along with the blueberries from this same company are soft and a nice texture and flavor they are not the typical tough dry chewy dried fruit you normally get from other places these work very well in homemade breads or just to snack on i m anxious to try some of traverse bay s other products as well now that i m so happy with their dried fruits very good quality product,positive,neutral,positive,True
these are good quality chocolates and satisfy that chocolate craving just one warning though they are sweetened with mannitol and accordingly make very good laxatives if you eat more than say half a bar at a sitting,positive,neutral,positive,True
would be a quality product if it weren t so thin nearly the consistency of soup it just makes too much of a mess no matter how careful you try to be,neutral,negative,negative,False
my dogs seems to love the flavor of the bones but they don t look to be much bigger than just the regular large bones you buy in the store after buddy my dog brings this one out of his hiding place he hides all the bones that are easily edible i m sure he will devour it immediately,neutral,positive,neutral,True
my order arrived on time i bought this for friends at work it was good as far as taste but this time the licorice was a bit harder than usual what always got me about lucky country licorice was the soft texture but this time i was disappointed that it seemed a bit hard,positive,neutral,negative,False
seeing a jamaican coffee label i assumed this would be a strong brew in actuality it is a relatively weak brew it has a very nice aroma and the flavor is well suited to those who like cream and sugar in coffee in other words not bitter aside from the flavor the package is fantastic one pad into the coffee maker dump the pad into the trash and viola cleanup almost complete so much easier than filter and grounds less mess more stars,positive,neutral,neutral,False
there was a sale on wild ride beef jerky so i decided to try it out they did not have the flavors i wanted but the original was good large strips of meat that actually looked like pieces of meat and not reformed into synthetic looking ones overall i would buy from them again,positive,negative,positive,True
i m thirteen years old and i love these the texture is a little awkward for me but i m not going to mark it down for that considering it s meant for little ones omnomnom,positive,neutral,negative,False
i love this peanut butter and recommend it okay it may not be for the peanut butter purist nor the i only buy organic one but it is good chock full of nuts and thick creamy peanut butter you won t be disappointed i think a jar is on the website i got it from amazon in a case of at about each,positive,neutral,positive,True
this product does what it promises leaves your dog without that enunciating bad breath and helps your dog maintain its teeth clean if you love your pet this is a most,positive,neutral,positive,True
healthy choice makes an excellent soup and this chicken with rice soup in a microwavable bowl is no exception the soup is delicious and overall fairly healthy for you i like that the soup provides a good deal of chicken vegetables and even the rice tastes fresh the broth is also very tasty healthy choice makes a high quality chicken noodle soup than most other brands because they include chicken and rice while keeping limits on fats sugars and cholesterol one look at the ingredients shows us more positives there are no trans fats and the soup has almost zero saturated fat it is also extremely low in cholesterol however it does contain sodium mg per serving so if you need to watch your sodium intake please consider this before buying this product unfortunately sometimes the top lid is difficult to remove and then you have to handle the bowl very carefully to avoid spilling the soup the soup is filled up almost to the brim of the bowl and so it s easy to spill a little the top lid is somewhat cumbersome and doesn t really help enough when it s on top of the bowl inside the microwave oven either the cover didn t completely cover the soup bowl in the microwave and some soup spilled inside the microwave and yes you do need a solid surface on which you can open this container otherwise you are almost certain to have a spill because the soup bowl is filled completely overall the soup itself is excellent the packaging on the other hand is nothing special the cover lid is cumbersome to remove and inside the microwave soup can spill out through the cover i think that the packaging drives the cost of this soup higher than it otherwise might be the packaging needs to be changed perhaps healthy choice could make a slightly higher bowl so that the soup won t easily spill out when you remove the plastic lid i highly recommend this for people who love chicken soup with vegetables and rice if they don t need to worry about sodium in their diets if you are bothered by the packaging however then try another brand five stars for the actual soup combined with three stars for the packaging makes this a four star review,positive,neutral,positive,True
i love cheese flavored snacks and i was highly disappointed by these their styrofoam texture was offset only by putrid tang of faux cheese powder i m pretty sure the only good smart fries flavor is salt and vinegar,negative,positive,negative,True
spent thinking this would keep my dog entertained for a little while within a few minutes she had removed the treat from the ball and was happily munching away on it she loved the treat but defeated the whole concept not worth my,negative,positive,negative,True
i am what you would call a low energy person before i found this product sometimes i would just tell people that i am smiling instead of going through the rigamarole of making my mouth curve at the edges not anymore i take one of these in the morning before i eat my glass of strawberry quik and it is like a rocket goes off in my mind my coworkers have noticed the change in my behavior and i have been warned to tone it down i can now make sales calls to twice as many people as i did before i have even found that i have enough energy after work to pursue my rc car racing dream nothing can stop me now my boss said that i am far more lucid than i need to be and my pants seem to fit better than they used to,positive,neutral,negative,False
i ve re ordered these pods and will again nice blended medium taste i don t like coffee that s too strong,positive,neutral,positive,True
hey these things taste good at first i thought they would be like pringles which i don t care for but they are not hard to explain since i don t know what to compare them too i guess i would call them light and fluffy and yet nice and crisp with a great natural flavor these have taken some of the guilt out of eating this type of snack for me i love potato chips but they are loaded with lots of unhealthy things i m not saying these are healthy just a lot less unhealthy than chips for starters these are all natural with very little fat and fairly low in carbs for a food of this type my sugar is high but i feel comfortable eating these in moderation since the carbs are lower than chips i originally bought the variety pack so i could try them all and i liked them all although somewhat partial to the cheddar it s just a matter of what mood i am in as to which one i ll choose unfortunately they are a bit pricy if you don t get them on sale i just wish these came in a larger bag as opposed to the individual servings which are always more expensive everyone has a different idea of good so this is something you are going to have to try for yourself to decide,positive,neutral,negative,False
i have had other matcha powders before and for its value i think you can t do any better than this i have my matcha every morning and i love it,positive,neutral,positive,True
if you re expecting a crunchy chocolatey treat don t buy these but if you d enjoy brown bits with an intensely pungent vinegar odor these may be just the ticket unlike other chocolate nibs i ve eaten these upon opening the package greet you with an olfactory assault suggesting ascetic acid was used in their processing there was only the slightest hint of chocolate discernible on the palate perhaps this was just a bad lot given the other positive reviews,negative,neutral,negative,True
i have a pitbull mix who is just a year old she was a stray i found at our school she chews everything leather shoes her bother s ears and she is inqusitive so i began a search for the perfect toy for her we have tried toys that are for aggressive chewers many only last a day if she can t get it started one of her brothers help her out she is smart and needs to think as she chews we came across the tug a jug and decided to give it a try she took to it right away it has holes in the bottom so the smell of the treats continue to hold her interest the screw on lid has fine threads so she can not unscrew it the rope cord is frayed on the inside to hold in the treats for longer play time the unit is made from strong plastic and is too big around for her to use her powerful jaws to crack it the rubber ball end is a good place for her to hold as she carries it around the house once i fill this toy with food i know she will be ingrossed for at least an hour while she works on getting all the treats a couple of things to keep in mind the treats add to the dogs calorie intake so you have to cut down on meal time and it can be a weapon if your dog likes to throw it around i know this from experience the first one i got for her the cord was much more frayed on the inside so it took longer for her to get all the food the reason why i had to purchase another tug a jug is she finally chewed through the rope,positive,neutral,negative,False
i love arizona iced tea and this one is quite tasty especially for a diet version a great combination of lemony tea please note that this review is specific to the product not the price or the merchant,positive,neutral,positive,True
google propylene glycol to find out why i bought this product along with several others without running the ingredients by my wife first a nurse of years she was surprised when she noticed it we went a googling and poured my order down the drain afterwards there s pure and then there s not so much from the website propylene glycol a cosmetic form of mineral oil found in automatic brake and hydraulic fluid and industrial antifreeze in the skin and hair propylene glycol works as a humescent which causes retention of moisture content of skin or cosmetic products by preventing the escape of moisture or water the material safety data sheet warns users to avoid skin contact with propylene glycol as this strong skin irritant can cause liver abnormalities and kidney damage also used in tyre sealant rubber cleaner de icer stain removers fabric softener degreaser paint adhesive wallpaper stripper i wrote the company about this concern and they never responded,negative,neutral,negative,True
my dogs are very aggressive chewers and other treats busy bones dentabones etc last literally minutes i bought two everlasting treat balls and each refill will last my dogs nearly a week they even chew on the rubber ball and so far no harm yet this has been the perfect thing to keep them busy between walks and playtimes,positive,negative,positive,True
this was my first time rolling fondant and i had no trouble using this product some that i ve tasted in the past might as well have been made from glue but this one had a pretty decent though sugary obviously taste after a small amount of kneading it rolled out as smoothly as i could have hoped and covered my cake beautifully,positive,neutral,positive,True
i love this cereal but will never order it again in this size it was bad not much else i can say,negative,neutral,negative,True
i feel good about the quality and mix it with canned pn food she doesn t care for it by itself but then she doesn t like any dry dogfood,positive,neutral,negative,False
i took this stuff and nothing maybe a little bit more alert other than that no energy and let two friend s try it for them nothing also buyer beware buy bottle from wal mart before you consider a case,negative,neutral,negative,True
i was so sad when i opened the first can it did not taste well to me or my friends we are thinking either the garlic is too much or it is the fire roasted taste my friends advised me to send my cans back i decided to donate them to a food pantry hopefully someone else will like them more than me,negative,neutral,negative,True
these things are low cal oreo s minus the creme minus the cookie the title oreo is basically a total misnomer these are nothing but black crackers with some sugar if that is what you want then click purchase,negative,neutral,negative,True
the peanut butter cookies are very good but some of the packages the cookies were all broken up i had gotten the other cookies by pamela and on the whole they were not broken up like the peanut butter ones they are very good so i will buy them again,positive,neutral,positive,True
i bought barbara s bakery low fat traditional blueberry bars ounce boxes for my pet green iguana unfortunately he died as a result from too much grease intake a few weeks before so i was stuck with the boxes blueberry is not my favorite but these are really fresh good and tasty they are sweet and taste natural very good product my neighbor halbert who is part of the fat acceptance movement invited himself over to eat them since they expire in months he clocks in at lbs he comes over to watch tv and eat these imposing himself upon my company which is annoying so far no complaints and he has gas problems which i found out the organic figs help him out i think hopefully he ll finish eating them soon so he can stop bothering me,positive,neutral,positive,True
first off the noodles get very broken up from the packaging probably the shipping and handling so you wind up with nearly a quarter of a bag at the bottom in small pieces the other problem is that they just do not have much flavor and they do not offer a great texture to the meal i tried to make these with some teriyaki and chicken stock and they came out mushy and flavorless they do not seem to absorb and flavor from the dish and they get soggy like and do not hold up after cooking i frequently enjoy making noodle dishes and have never had noodles that came out so bland and textureless as these did even when cooked with intense flavor items i much prefer maifun rice sticks and will probably stick to them for future entrees maybe in certain dishes you can make use of these noodles but for the meals that i like i will have to continue to use rice sticks and chinese noodles my only other flaw with these noodles is that they get crushed in their packaging and causes for the majority of the noodles to be broken at the bottom of the bag,negative,neutral,negative,True
although this product arrived quickly and well packaged it was not the best tasting marzipan that i have ever had to be fair however it was not the worst i ve had either my main complaint is that there was little almond flavor to the pieces which is of course the reason you buy marzipan but if you want marzipan at a very reasonable price and are not too picky about the taste this product will suffice,neutral,positive,negative,False
this review is for pop oolong tea bags my tea background was first drinking indian milk tea using black loose tea milk spices and sugar i added far eastern teas non milk varieties in my search for a quicker tea to brew milk tea needs more time to prepare i am on my rd box of pop oolong tea the tea is not like black or green teas be prepared for a bitter taste but with a sweeter aftertaste like black teas this produces some kind of coating feeling on the tongue almost similar to eating an unripened banana it is somewhat woody in taste and smell maybe a bit flowery it may also be slightly sour but less than some green teas i have tried whole leaf oolong from a chinese shop and that was more like green tea if you can afford more expensive oolong teas then you might get better quality for the price you re getting a good deal i also think that the batches vary so sometimes you might get a stronger bitter flavor but if you experiment with the brewing you might get your desired flavor to brew this pop oolong tea realize that ground tea in bags will release their flavors much faster my solution is to boil some filtered water after bringing to a boil i turn off the stove and add cup ml hot water to the tea bag then wait seconds or golden brown color appears and remove the bag the first cup usually extracts most of the caffeine and is the most bitter and strong taste now i can brew with another cup of the hot water i can brew around cups with the colors being golden brown golden light green and very light green it is best to brew by the color and not the time if you leave the bag in too long it will be terribly bitter tea brewing is an art and science as many other things in life are please refer to the science of solvent extraction for a better idea basically you are extracting the tea s aromatic compounds into the water the flavor of the brew are mainly affected by water quality extraction time the time in water and water temperature you have to experiment with this for your preferred flavor sugar is absolutely not necessary if prepared correctly,positive,negative,negative,False
i ve been searching for a natural sugar replacement and was thrilled when i discovered ideal i ve used both the brown sugar and regular granulated it bakes well and there is no aftertaste but there are a few major downfalls it s definitely not natural it contains splenda not only xylitol also it is not calorie free as advertised very disappointed,negative,neutral,negative,True
very good i didn t need to add anything to it just brewed over ice and yummy i really enjoyed this ice coffee treat and look forward to more flavors in the future i hope,positive,neutral,positive,True
this is a tiny little box of tiny tasteless palmiers they are not sweet at all i am so disappointed,negative,neutral,negative,True
i have eaten many brands of soynuts over the years and have come to enjoy the ones that are crunchy as opposed to hard i bought this bulk package because my trips to whole foods are a bit spread out many of the soynuts in this product are extremely hard to eat and i end up spitting them out the ones that are good are usually just fine but it is disappointing to find so many inedible soynuts in a package i think i will stick to whole foods brand,negative,neutral,negative,True
when i got this coffee i discovered it was for a single cup machine i dont have one so i just cut the packets open and used the coffee in my drip machine it worked just fine i only used two packets for a half a pot and it was still strong so i think a little more water and it would be fine the coffee is very good i felt it was very smooth and had a nice aroma i didnt realize that the name marley is the family of bob marley im a fan so it made it even better good stuff mon try it,positive,neutral,positive,True
these ounces of reese s easter peanut butter cup miniatures are perhaps the finest thing i could have bought with the eleven dollars and fifty two cents that i spent on them they taste just like the classic not easter themed reese s peanut butter cup miniatures but their festive blue and pink wrappers are so pretty reese s easter peanut butter cup miniatures are definitely my favorite way to celebrate the death and resurrection of jesus christ,positive,neutral,positive,True
i am incredibly embarrassed about this basket here i thought i was sending something of substance based on the seller s description and the picture and the cost my sister in law who suffered an incredibly life threatening illness received this basket from my out of town family thinking it was something for her to use to offer guests and local relatives a snack with tea when they visited no cheese in this basket and nothing expensive there were crackers and a school lunch size packet of chocolate chip cookies i am so embarrassed many other companies offer less expensive baskets with greater goods don t order this basket barb dv,negative,neutral,negative,True
this was a christmas gift for a dear friend it arrived well packed and as described but then small flying bugs gnats started to emerge they have been coming alive for days now and nothing seems to stop them friend asked amazon for an exchange sorry no exchanges if you return it we will refund the money it was a gift,negative,positive,negative,True
every can in the case looked as if it had been drop kicked and thrown had i known this would be the condition i never would have purchased it,negative,neutral,negative,True
you can use this instead of giving out cigars this gum cigar looks good but taste ok not wigley gums this gift is a birth announcement for those who can t express their joy with words,positive,neutral,negative,False
bought this product to get my extra omegas and add to my smoothies i had never had acai before so i didnt know what to expect i don t particularly like the taste but in small doses you don t notice it it is best with blueberry as i didn t even taste it lisa,neutral,negative,positive,False
first thing this does give you energy just like an energy drink it also tastes very similar to redbull when i burp it has the similar energy drink belch smell that energy drinks have for some reason the color is not quite the same as redbull but having said all that i still find this to be an excellent value when you compare the prices of redbull vs this mixture at the store redbulls are where as this one costs maybe after all is said and done cost of carbonation syrup shipping charged on carbonation etc i made that number up in my head though did not use a calculator or even really think mathmatically about it so it is pretty much a made up cost i pulled out of the air and doesn t represent anything truthfully anyhow i know it is a much cheaper solution i enjoy it and am drinking some now meow,positive,neutral,positive,True
a texas transplant to maryland it has been hard to find good chili mix at the grocery store for a brief and wonderful year my local store carried my favorite wick fowler s alarm chili kit then they restocked with this stuff while it appears to be made by the same folks it s awful they ve left out the onions there s almost no cayenne pepper they say to make it hot add the whole package i would have needed about a half dozen of their little packages to even touch hot and the herbs and spices are all mixed together so there s not real sense of how much of anything you re putting in no problem if it s good but since it s not it appears that they ve upped the chili powder quotient and backed off on everythign else if you like chili don t bother with this stuff,negative,positive,negative,True
i am new to sprouting very new in fact i read that buckwheat was a very easy sprout so i bought this organic seed unfortunately it turns out that this is not the right buckwheat for normal jar sprouting this seed is for growing greens grass and requires that type of sprouter this seed has the inedible hull still on it i think the description could be a little clearer if you want to sprout buckwheat look for hulled buckwheat or groats but not toasted buckwheat or kasha obviously that will never sprout having been cooked the only upside is my birds seem to like it a lot so i guess it won t go completely to waste,neutral,negative,negative,False
i had a hard time finding the tea i had purchased in the past at my local market they had stopped carring the flavor of tea i like eventhough they still carried stash tea products so i went on the internet and was directed to amazon and found it right away not only that the pricing was very competitive and i received delivery including freight and handleing cheaper than i could purchase the tea at the market by the way wild rasberry hibiscus is a very good flavor if anyone wants to be adventersome and try it,positive,negative,positive,True
since i got my keurig about months ago i ve been trying different coffees to see which i like best so far this is the worst it s thin and tasteless like another reviewer i usually make the ounce mug but with this item the results were dreadful now i make a oz cup and it s still bad i don t understand why others seem to like this coffee did i get a bad batch i don t know for comparison i like cafejo adrenaline explosion for my senseo so far i haven t found it for the keurig,negative,neutral,negative,True
we have a variety of treats for our two shitzus their favorite are the freeze dried livers nice big container that always has the dogs running when they hear me opening the lid bought two of these,positive,neutral,neutral,False
i found this deal while searching for vanilla beans to make my own extract i was a little unsure of ordering from them because there were not many reviews and the one bad review made me wonder a friend of mine and i decided to split a pound of vanilla beans at that price if there was a problem at least we wouldn t lose a bunch of money my friend placed the order on friday afternoon and they arrived tuesday morning the beans arrived as described vacuum sealed moist and fragrant plus they sent plenty of extra beans more than i expected actually i have a batch of vanilla steeping right now and can t wait for it to be finished as long as the vanilla extract i make turns out fine i m pretty sure we will order from them again so to sum up quick shipping product exactly as described and pictured bonus free beans new loyal customer it s too bad the other reviewer had a problem with his order i have to wonder if it had more to do with the international part of the shipping such as the package being opened for inspection,positive,negative,negative,False
dogs love these things but i do feel they are overpriced for the quantity you get,neutral,positive,negative,False
although admittedly i am new to using stevia i bought two brands to try and so far the other is more satisfying i will say in my short experience the vanilla flavor seems to come through better in my iced tea,neutral,negative,neutral,True
delightful mint tea as one would expect note that each tea bag is not individually wrapped there is one bag inside the box which holds all of the tea bags in a ziploc pouch i purchased these as a wedding favor herbal themed wedding and it was fun bagging each one in its own small bag with a nice printed label and ribbon the tea bag itself is good quality i ve never had one rip open and spill tea leaves into the tea,positive,negative,positive,True
last time i ate ramen was when i was a yrs old and even then i didn t care for them much but in a pinch was a quick meal i bought a whole bunch of noodles for my nephew who is in college and seeing the prices these were going for i had to try them myself i prepared it as instructed in the packaging only difference is i only used half of the seasonings packet i always found seasoning packets too salty for my taste i also never drink the left over broth saves both calories and sodium i also shredded a left over jerk chicken breast from last night i must say it was very good the noodles went great with it next time i will add some frozen mixed veggies as well all in all i am quite surprised and pleased with these i know i can have them on hand for the occasional meal when i am not feeling well enough to cook a full meal,positive,neutral,negative,False
bought these after reading the reviews they are tasty a little strange at first but they really grow on you one nice thing is that for me i can eat them as a chip alternative but i don t eat too many about crisps and i m done i have also used them in salads i bought a case here and i don t think i ll do that again i ve seen them at my grocery store and i ll buy a bag now and then for now i have a big box full in the closet i think it will take a while to get through them,positive,neutral,negative,False
calories low in fat high in fiber high in protein no high fructose corn syrup no partially hydrogenated soybeen oil no aspartame saccharin or sucralose loads of vitamins and minerals pleasantly sweet and chocolatey kashi,positive,negative,positive,True
i ve been searching since the days that kashi stopped producing their meal replacement shake mix for something that tastes just as good and is just as good for you i ve tried both available flavors of orgain and i find the chocolate to have no remnant of soy protein in its taste the shake tastes great at room temp and amazing chilled i appreciate that there s some remnants of veggies and fruit in the shake too potential downsides it s not all oil sugar and protein although its mostly that so it s not exactly as good as sitting down and eating a sandwich the shake is only made in pre measured little boxes so there s no opportunity to save some money with a tub of a dry mix the shakes are expensive too the trade off is better ingredients instead of unpronounceable and artificial junk found in say slimfast although that too is mostly oil sugar and protein just from worse ingredient sources the shake is also not vegan if that s something you re looking for there s currently only flavors of the shake too so if variety s your thing this isn t a good shake to try out long term i still rate this stars for the ingredients the taste and the fairly extensive nutrition content i wish this had more veggies and fruit in it though vs mg each of a fruit and veggie blend,positive,neutral,positive,True
like a lot of people i need to lose weight and while this is not a real low calorie item i like it due to how easy it is to adjust the flavor by just adding more or less and i can make up a half cup just as easily as a full cup which really helps curb both hunger and a craving for sweets as long as you use it reasonably not swilling down cup after cup buying the can is both easier to change taste or amount but also is much cheaper than by the packet,positive,neutral,positive,True
i first purchased this product for and that was a good deal but they just had to raise there price to over for oz packs and they are now to costly the bob s oz packs at is a much better deal and i believe a better product you get a total of oz with bob s and only oz with eden use a rice cooker forget the directions and use one part quinoa to two parts water like you are making oatmeal it will then be a better replacement for rice much healthier and with the added benefit of adding fiber which will definitely clean you out i also don t wash it as directed as you would have to do with red quinoa and the washing can loose a lot of the product down the drain,positive,negative,negative,False
this mix can make spice cake carrot cake walnut cake or gingerbread good texture as a spice cake or gingerbread freezes well all of the namaste mixes are exceptionally good,positive,neutral,positive,True
i had first tried this cereal at my sister s house and knew i had to buy it the ingredients are all natural which is a plus there s no outstanding flavor but the texture is nice and it does not get soggy in the milk i priced it in the local supermarket just yesterday and it was,positive,negative,positive,True
i am a label reader i count fat grams carbs proteins and grams of fiber vs grams of sugar most foods that advertise themselves as a healthy snack are not really all that good for you often they are too high in calories or they use products that you just shouldn t eat this snack food foodshouldtastegood multigrain chips really is a good tasting good for you snack the ingredients are listed on this page and you can see that there are no hydrogenated oils no high fructose corn syrup and no msg they contain grains that are visible in the chip and a one ounce serving gives you grams of fiber the packaging doesn t specify if it is soluble or insoluble the chips are delicious they are thicker than what you would expect in a normal corn tortilla chip more like a cracker in thickness but with the crunch of a chip the flavor is similar to a popular name brand corn chip fritos only without the added fat i can see where some people say they have a stale taste there is a grain that has a mild nutty flavor in the chip that you don t expect to taste in a corn chip i recommend the multigrain chip if you are hungry for a salty snack that won t blow your diet and that leaves all the unhealthy junk out i tried the buffalo flavor and they have a very mild kick much milder than i expected i still like them but not as much as the plain i really enjoy eating the multigrain with a little lowfat queso,positive,neutral,negative,False
if like me you were looking for chips that are actually hot as the label says these are the chips for you they are tongue burning sinus clearing eyes watering hot if you eat more than a few chips also they have a nice hint of barbecue chip flavor and that good crunch of kettle chips they are enjoyable to eat and not just for the novelty of eating the hottest chip you can find i bought the case and shared a few bags with other lovers of hot foods,positive,negative,positive,True
most protein bars are either loaded with sugar and if you are in the market for protein bars you probably don t want tons of simple carbs or sugar alcohols which are an excellent laxative it does let manufacturers say say low sugar on the packaging though have a strange taste to them and honestly aren t as good as a source of protein as they may appear most contain soy protein they also tend to have a texture that isn t very appetizing either really chewey or really gooey the main difference with these bars is that they taste amazing they taste what they look like a giant chocolate wafer have very little sugar and no sugar alcohols either they have a pure whey protein source no soy protein in these i always read the packaging on protein bars and sadly soy protein is very common nutritionally they are not too bad at all they are definitely great for a pre workout treat they are fairly high in fat very low in carbs and middle of the road protein for a protein bar but the fact that it has sugar alcohol very low sugar whey protein instead of soy and taste delicious really does make up for the higher fat content now it isn t really a downside but they are dry and make your mouth water a ton make sure you have something to drink with them but really these are my favorite protein energy bars out there,positive,neutral,negative,False
i have used pet calm for years and it works great it contains no kava kava that ingredient was removed from the formula years ago you can use this product with confidence that it is safe and effective for your pet,positive,negative,positive,True
i should have tried this flavor before buying bulk here my daughter loves puffs in general and she really liked the sweet potato ones we got before this one but the apple cinnamon flavor is a little too artificial and strong instead of grabbing them by the handful she doesn t seem too interested to eat these,negative,neutral,negative,True
enjoyed the cinnamon flavor without all the bad calories the flavor doesn t last terribly long but how many gums do a good value for the price will buy again,positive,neutral,positive,True
my daughter gobbles these puffs up like they re manna from heaven puff is one of the first words she attempted to say she walks around with a canister of puffs like she owns the place,positive,neutral,neutral,False
when i was a kid cadbury iirc made a very dense gummy like roll of candy this comes very very close the flavors are not too strong which is good and the texture is very firm dense like very old gummy bears i love this chewy texture for a box for shipped win wait until it is amazon prime eligible,positive,neutral,positive,True
we went to new orleans in feb and went to pat o brien s to have a hurricane we had never had one before and our whole group thought they were soooooo good we brought some of the mix home and my neighbors loved them too i went to amazon and there was the mix i always order from amazon as it is a very trustworthy site i ordered three more containers and am sure i will be back,positive,neutral,positive,True
it s hard to find products that are actually good for our dogs their teeth but these are what a plus to offer a low calorie dental bone our gal just turned eleven and has arthritis so we have to really watch her diet since she can t exercise like she use to she really loves them i wish they were less expensive also but unfortunately so much of the stuff that is offered out there has some ingredients that are harmful or cause stomach problems,positive,neutral,negative,False
i just had a heart bypass and my doctor recommended a diet high in protein to help build muscle mass after the surgery i had never tried a supplement other than a multi vitamin i try to eat organic so i was told by a nurse that there was an organic protein drink on the market i did some research and found that orgain met my requirements i ve been drinking it for about two months now at least one a day not only do they taste good but they have helped me gain back a lot of the muscle mass that i lost during my hospital stay almost two weeks the only draw back to the product is the cost most protein supplements cost a little more than half the cost of orgain but being organic i guess justified the higher cost i would highly recommend this product,positive,negative,neutral,False
great tasting these have a more nutty flavor than when i roast my own seeds also gone is the slight aftertaste these are delicious and taste somewhat similar to sunflower seeds and peanuts,positive,neutral,positive,True
a i bought this product to use with my new z popcorn machine the flavor is absolutely delicious i agree with the other reviews that i ve read it tasted just like theater popcorn there were a few old maids left that didn t pop but i will buy more when my supply runs out,positive,negative,positive,True
pancakes are good and do not taste like they are missing the glu i made some drop biscuits using this mix and they were better than bisquick however i figured that each biscuit is at least calories and over grams of fat per biscuit aaah now i know why i wanted to eat so many of them my doctor says to try gluten free as i have had an unexplained leg rash for many years now my gluten test was negative but i was told that i could still be gluten sensitive so i am trying to cut it from my diet problem is i also need to cut calories i can t see eating pamelas products regularly as i will likely balloon even larger than i am now but when i must have bread or baked goods or go insane these products fit the bill the drop biscuits were extremely good i think i will make them for the holidays just make them smaller and maybe add some cheese and spices to replicate those red lobster biscuits that i love the recipe for pamelas diner drop biscuits are on the web i used butter instead of shortening and cut the butter into the dry mix before adding cottage cheese and milk i used too much cottage cheese and i thought the mistake tasted great i saved the leftovers reheated in oven they got really crunchy on outside and browner than before tasted even better the second baking be careful you will want to eat them all in one sitting,positive,neutral,negative,False
i love creme savers but too expensive to get this way especially for only one package tammi g,negative,positive,negative,True
we have had these brownies on numerous occasions and have not met anyone yet who did not love them as a matter of fact both grand daughters put them on their christmas list every year now you will not be disappointed with them at all,positive,negative,positive,True
after receiving this item i was taken aback by the size of the container i bought it when i was in a hurry and didn t read the size indicated in the description which was accurate my fault the picture that was illustrating this product when i bought it did not show anything close to the thimble sized amount i received i ll be more careful next time at the time of this review the picture was accurate,positive,negative,neutral,False
if you were a child of the s you will feel a definite sense of deja vu with this product the smell and feel of it reminded me instantly of permasoft the next closest smell would be pert plus it s the same manufacturer as pert plus so that makes sense this shampoo did a great job of removing hairstyling product buildup without stripping my hair and i didn t have to shampoo twice to achieve that i tested it on day old gross hair and one wash removed all the buildup and gunk i used it without a follow up conditioner and my hair was not frizzy dry or flyaway like it normally would be with what i consider a drugstore product it was very soft and had soft waves no frizz i normally only use a few certain salon brands on my hair because i have it colored and i use a flatiron a lot lots of damage potential there i would consider this brand of shampoo to be an acceptable substitute and not worry too much that it s stripping my color in the meantime i would buy this,positive,neutral,negative,False
this is so good i cant beleave it is low in fat i ordered one and will order a case next,positive,negative,positive,True
i bought the small tug a jug for my month old shih poo puppy max an aggressive chewer who is easily bored and demands play attention constantly this toy keeps max well occupied for long periods on end i started out by really filling the bottle and using smaller treats that would more easily dispense and once he got the hang of it used larger treats for increased challenge while the tassel on the end of tug rope has been worse for the wear the rope has withstood max s chewing well max has been able to figure out various ways of getting to the treats rolling the bottle around up ending it then knocking it over and tugging on the rope to dispense the treats as the label says max is able to smell see and hear the treats and this keeps him interested for hours of play i ve learned however that i really have to screw the bottom on extra tightly as on one occasion he somehow managed to loosen it by repeatedly rolling the bottle and was able to get to all the treats at once suffice to say he did not have much of an appetite for his evening meal after that at the same time i purchased this i also purchased two kongs however max prefers the tug a jug hands down and generally ignores his other toys even his previously favourite tug rope in favour of playing with the tug a jug all in all max rates this toy with stars and thinks his mommy made a wise buy,positive,negative,positive,True
we have several board games but this is the one that they always want to play all the time i love the original clue but i thought this jr version would prepare them for that i think it s doing its job they are having fun with it and getting the idea of finding out who did what with what and at what time their dad finds it lame and wants me to get the original clue of course we re way too big for this game but i bought it for them not for us our kids are enjoying it and we are bonding as a family with their little sister trying to grab the pieces now i know that they understand and are interested in the concept of whodunnit kind of game we are ready to move on to the next clue thanks,positive,neutral,neutral,False
i wish my dog liked it because it is a healthy organic product she ate a couple the first day and then she would not touch them she spits them out even when we try to trick her and mix it with food she likes we got the peanut butter molasses kind we probably should have bought chicken or salmon oh well unfortunately i bought a pack of i ll probably end up donating them we have a weeks golden retriever,negative,neutral,negative,True
i used to really like this product it kept me from getting hungry for at least hours however this shipment seems to be melted and stuck to the wrapper even though it is edible it makes a mess just getting it out of the wrapper maybe that is why i could no longer find it in the grocery stores,neutral,negative,negative,False
i love the taste of this herbal tea but twice now i noticed i have a rasping breathing discomfort that may or may not be triggered by it i bought boxes after trying a sampler but now i m starting to think i may have a food sensitivity to one of the licorice spice ingredients damn shame but i wanted to put it out there in case i wasn t the only one,neutral,negative,negative,False
ok this coconut oil smells like alot of butter than coconut oil i was expecting a fresh coconut oil smell like a tropical island smell this is not it my mother and my sister do not like the smell at all but coconut oil is suppose to be really good on your body and i would really like to use it but i cant stand the smell did i get a bad batch because everyone on here thinks its smells sooooooooooooo good im not gettting that at all is there any other brand,neutral,negative,negative,False
i am not reviewing this as a soup because i m not a tomato soup person but it does make a good enchilada sauce i do not like buying prepared sauce because they usually come in little cans that just don t have enough product and they are often made with ingredients that i don t want a food blogger shared a recipe for a two ingredient enchilada sauce would love to give you the link here but i m not allowed that called for a box of roasted pepper and tomato soup and a can of green chiles mix them in a blender until smooth and done the first time i made this soup based enchilada sauce i didn t have any green chiles so i added a tablespoon of bearitos taco seasoning ounce units pack of instead that s how i make our enchilada sauces now and i will never go back to the canned stuff,positive,neutral,negative,False
im not sold on using this as a peanut butter substitute like for pbj sandwich or dipping crackers or celery but it is rock solid for recipes i like that i can get full blown peanut butter flavor in recipes cookies smoothies cakes pie pancakes ice cream etc without the calories of actual peanut butter the pb website has hundreds of recipes to use this with i check their site all the time for fun uses of pb as for making actual peanut butter e g mixing the powder with water i did not like it and wont use it for that,positive,neutral,positive,True
the quality of the twist was its usual good quality but they would have survived the transport much better had they been in the plastic tubs as advertised and as we have been used to getting them while they were still available locally the other plus for the plastic container is its value as a container after the twists are gone,positive,neutral,negative,False
we just bought the pack of these nuts and were not impressed it s a bit of a misnomer to call this a pistachio mix they could just as easily be called a peanut mix almond mix etc because there s hardly any pistachios in these in the six bags we received the almonds seemed to account for more than of the total mix what few pistachios we did find were small and didn t taste very good if you like pistachios try the wonderful pistachios roasted and salted shelled pistachios ounce bag instead if you factor in the pistachio nut ratio in this planters package the wonderful product is far superior,negative,neutral,negative,True
of all the k cups i have tried so far this is the most full flavored and robust roast i would recommend this product to anyone who uses k cups and likes a full bodied coffee,positive,negative,positive,True
i have medium to long fine hair and i have tried just about every shampoo on the market from cent varieties to the big bucks salon versions some are better than others but i have to say that clear scalp hair beauty s ultra shea cleanse nourish shampoo is towards the top of my list it cleans well while leaving my hair shiny and my scalp well conditioned i have been using it along with the matching conditioner and i love the way my hair looks and feels you might find something you like a little better but not at this price for per bottle you should give this a try you won t be disappointed,positive,neutral,positive,True
blue crab bay co steaming spices for crabs shrimp ounce container pack of i love my seafood and so does my family i stumbled upon this in one of those little boutique shops that there for the summer and never return steaming anything with this combination of spices just makes everything taste better lobster shrimp vegetables all taste great for years i hadn t found any thing better than old enjoy,positive,negative,positive,True
i checked the local store the price is the same as amazon and you donot need to buy a huge bulk,negative,neutral,negative,True
this stuff does give you an energy boost and i believe with proper diet and exercise it will speed your weight loss but i suggest you get capsules because this stuff is disgusting otherwise,neutral,positive,negative,False
i ve never had a cup of coffee that was so smooth tasting kind of like when you buy the expensive liquor instead of the store brand the coffee was a bit on the weak side but i felt the flavor of the ethiopian yirgacheffe balanced that out somewhat i bought some of these pods for my sons to use at college they bring a sealed packet with them in their bookbags when they leave home for the day at school and get free hot water from the drink vendors on campus for a nice pick me up between classes they both love the coffee and the convenience i did take positive note of the ethically farmed notation on the box and the fact that this product is certified organic this company also supports ital and kicks for cause nice,positive,neutral,positive,True
i have used well over a dozen of the beef flavored oz tablet size the amazon com prime supply ran out of the size so i thought i d go ahead and try these one of my dog s daily liver supplements are rather large still it fits in a half of one of this size just will cover his smaller daily meds i use a knife to cut them but it s hardly necessary the pill pockets easily mold around any shape even though the prices vary it s still just a few cents more for this size twice as much for a few pennies makes the pill pockets way more affordable for me my year old dog still takes them even when he s not feeling very well makes pill taking a treat rather than an upsetting battle,positive,neutral,negative,False
before i say anything else i am mindful of differing tastes as well as differences in processing from one batch of coffee to another that said i found the coffee bean direct hazelnut coffee to be evenly roasted medium and bearing a robust and rich hazelnut flavor from the first to the last cup since this is my first bag of hazelnut coffee from cbd with which i am very pleased i will update my comments specifically addressing the consistency of the roasting flavoring process from batch to batch with my next purchase if my other cbd purchases are any indication i anticipate a consistent product,positive,neutral,positive,True
i searched multiple sites for this product as i could not find it in any of my local markets or specialty stores for a reasonable price and this is the best price i could find but every single can arrived dented and or damaged need to package their products better,neutral,positive,negative,False
i m a big fan of the wolfgang puck chicken and egg noodle soup so i decided to try this there were about tiny pieces of dumpling tiny pieces of chicken and maybe tiny pieces of carrots expect to be very hungry after eating a can of this,negative,neutral,negative,True
these are much less sweet than reese s cereal my kids like them but i think my husband is their biggest fan when he wants something sweet,positive,neutral,positive,True
i received a few of primal foods products at christmas and i couldn t believe how good these are i ve had meat eaters try them and got rave reviews they re actually better than the real meat sticks these aren t greasy i bought box of already back to buy more,positive,negative,positive,True
i innocently started giving these to my cats had no idea they would begin to control my life run out of treats you re screwed one cat cries so loud in the morning it sounds like someone is torturing her eventually the other cat jumps up on my face to wake me up for treats it s like i m living in a nightmare if i don t give them their fix c mon we know big corporations put addictive substances in candy sodas chips of course they re in our cat treats and seriously they ve hit the kitty crack jackpot w these do yourself your cat a favor save your mental your cat s physical health,negative,positive,negative,True
i probably won t be buying these again they are so weak i have to brew smaller cups of coffee in the same cup using k cups,negative,neutral,negative,True
i m never a fan of popcorn hate the chewiness grease and the sugary flavors but this bag of popcorners is no typical popcorn first of all i purchased it on line attracted by the packaging of course one really eat with the eyes which jumps out of the usual bright pink or yellow colors you see when it comes to popcorns also thinking it might be just an alternation of baked chips already quite popular in the market even after i received it i still thought the wrapping s really lovely but i m just gonna try out a bite the only problem was i couldn t stop after the first bite who knew something so simple with only three ingredients for this flavor could be this sensational it s crispy yet thick in the texture the size of each piece is not too big nor too small the natural scent of corn is just delightful to the palate don t need to lick the fingers i m completely amazed and will be venturing into the other flavors this is one snack food i d be munching out ditch the bags of chips at lunch try this,positive,negative,positive,True
not any of these roducts can relace postum i doctor up heaping t of pero with a level t of raw sugar and t of instant decaf into a mug and fill with boiling water it now tastes like something that i consider ok to drink each morning buy the pero pack so you can benefit from amazons free shipment,neutral,negative,negative,False
i just received these and had to try one the first cup had an odd caramel taste to it i kept drinking and finally got used to it the second cup was better my husband thought they were too sweet i will finish the box but will try the plain cider next time the caramel made covered up the apple taste and made them sweet not bad though for only calories i didn t need any dessert last night,neutral,negative,positive,False
after loosing our dog of years we were looking for a very healthy nutritional and affordable dog treats for our new guy we found it in the get naked super antioxidant dog treats,positive,negative,negative,False
while the pod i received was of the advertised size it did not meet my expectations in terms of product quality the container was quite obviously handmade by someone with no attention to detail and poor metalworking skills using materials that can best be described as city dump scrap it is stainless steel but it s pitted and of uneven thickness the rolled edges were done very badly and are quite uneven and while the box is of the specified dimensions what was not specified is that it is not true to shape making the fit between the top and bottom far less than ideal in my opinion this box should be valued at no more than a dollar or two i think the seller has a lot of nerve offering this as first quality merchandise,negative,neutral,negative,True
i ve been reading amazing things about cacao health benefits etc so i thought i would purchase these for my family and see if i couldn t work them into our routine i have to be honest it really hard as no one in my family including me really likes the flavor raw eating is new to me so maybe in a year or so this will be a real treat i agree the price and the fact that they are organic is great i am still searching for a good idea on how to use them,neutral,positive,positive,False
i read the reviews before ordering this tastes vary but i m sorry i ordered it the chocolate is not as flavorful as hershey s in my opinion and the peppermint candy fragments are microscopic they give a slight crunch and a very mild flavor to me it isn t worth the calories per piece,negative,neutral,negative,True
first let me say that i prefer extra bold k cup coffees and only occasionally drink a medium blend and never decaf i bought three wolfgang puck coffees several months ago rodeo drive blend french roast and sumatra kopi raya all three are quite drinkable though they do not measure up to a few of the extra bold blends from coffee people kona blend organic blend jet fuel and black tiger even better than these though is my new favorite green mountain s revv those who prefer a strong dark cup of coffee even at the larger mug setting should try that brand previously i had found the dark roast green mountain coffees rather boring but revv lives up to the hype both in strength and flavor another great green mountain coffee is their espresso blend though amazon doesn t stock it so the prices tend to be higher here than in brick and mortar stores such as bed bath and beyond finally a favorite regular over the years has been emeril s big easy bold it s a very nice coffee though don t expect the new orleans experience of chicory flavor bottom line you won t go wrong with the wolfgang puck coffees but for my taste they do not stand out among the available bold coffees,neutral,positive,positive,False
i m not sure what the problem was with the other reviewers purchase but the trees do come with alot of water all over them they have to there being shipped and boxed up for days they need to keep them from drying out during transit if your interested in this tree don t worry about the other review just buy it you won t be sorry you can t buy a kingsville boxwood anywhere else on the web for anything even close to this price i have seen kingsvilles similar to this one for and up,positive,neutral,negative,False
i don t have much more to say except that davidson s peach white tea is superb it was delivered when i expected it no delay no hassles,positive,neutral,positive,True
this is a large amount of crystalized ginger and i don t think you could beat the price i would have preferred it to be a bit more sweet to offset the heat of the ginger but it s still good,positive,neutral,positive,True
oz sweet potato duck wraps my dog is allergic to all grains and consequently he is unable to enjoy any of the popular commercial dog treats for years i made treats for him out of his dry food but it was a messy smelly process what a relief for me and a thrill for him to find dog treats he really loves thank you cadet,negative,positive,negative,True
when looking at the pictures i was deceived by them and thought the can was actually bigger my own fault for not checking the volume i was disappointed by the price and felt it was overpriced it is great coffee but costs less than one third in italy clearly we are not there but i find it difficult to believe that importing it should raise the price by,neutral,negative,negative,False
our baby loves fruit as a lot of babies do it s the vegetables that we have a hard time getting her to eat so we figured a mixture of tomato carrot might be a good starting point it s a bit watery but we tend to thicken our daughter s food with organic baby oatmeal or brown rice anyways this food just requires a bit more thickening the first time eating this she did not get the bitter face look we all know that face when a baby eats a new taste for the first time just doesn t know how to deal she ate the entire jar at one sitting for the first try not too bad if you ask me especially since we could not get her to eat any other veggies in the past we always use bibs during feeding times but food just somehow ends up getting on the baby s clothes no matter how careful you are this blend is diffuclt to remove from laundry if you don t spot treat it and wash it right away so just keep this in mind when feeding the baby everything else about this food is great will definitely buy again,positive,neutral,negative,False
all of ferdies products are delicious and well worth the price we order them all at christmas time and are never disappointed,positive,neutral,positive,True
i bought this product to use as party favors for my sons th geology themed birthday party i chose these for the price because they are cheaper than buying the rock candy on the sticks the rocks are bigger than i expected but they were in pretty bad shape most of the rocks were fused together and you cannot even see the strings on most of them i cannot even tell if they all have strings in them most of the strings were broken into small pieces besides the size of the individual rocks themselves i was not very happy with this product,negative,neutral,negative,True
my son wanted a pitcher plant and after reading the reviews we decided to try this one it arrived looking just like the one in the photo and now about six weeks later it has about doubled the number of shoots growing from it i wouldn t hesitate to order another plant from this dealer,positive,neutral,negative,False
i like the size and shape of these bottles we use the oz size and they have never leaked for us but i just discovered that the oz bottle is not actually oz it s only about pretty unacceptable for evenflo to get the measurements wrong we have had several break as well,neutral,negative,negative,False
excellent size and not too many are broken but they may be raw not roasted so beware would be nice if the merchant was more explicit or offered options i bought these for my wife who is somewhat salt intolerant so would buy again if they were prepared or presented properly update contacted the vendor who apparently has a problem with english and does the run around game so beware,neutral,positive,negative,False
item arrived with days till expiration i can t use bags of tea in less than a month watch out for stale tea i ll just go to costco with a friend next time,negative,neutral,negative,True
chocolate tortilla chips i bought these and i couldn t decide if i liked them or not i wasn t sure what i wanted to have with them however i found two really great things these chips with red wine amazing and if you have no shame vanilla frosting salty sweet i don t think chips red wine vanilla frosting would work but those two items seperately with these chocolate chips are wonderful i didn t think i was going to order these again now i ve changed my mind,positive,neutral,positive,True
this is an excellent curry sauce and makes for a quick dinner with rice and vegetables the intention of this curry sauce kit is to make dry beef curry the original idea is for the traditional singapore dry curry to tenderize tough cuts of meat included in this kit is the rendang paste and premium coconut mix which is dry you are to provide oz of sliced beef chicken or lamb and cook it then make the gravy and put them together and serve with rice or mashed potatoes since we are vegetarians i substituted sliced soy meat the kit makes a plentiful amount of gravy the curry gravy is full of flavor since it contains so many spices and not too hot for our taste,positive,negative,negative,False
not exactly the highest possible praise but as something of a coffee snob i was surprised to find this so palatable and really if you need a caffeine hit isn t it better to down something that didn t have to be formulated inside of a lab five hour energy drinks i m talking to you what s in the can coffee beet sugar potassium carbonate and potassium citrate those last two you can buy in the vitamin supplement aisle of your drugstore and they do have natural antacid properties i don t think they are used here as preservatives but rather to tone down coffee s natural acidity i get good balance in the flavor of the coffee so it s easy to enjoy without the addition of milk great for me as a lactose intolerant coffee drinker if you happen to already cold brew in the fridge at home for lower acid you ll appreciate the difference on the other hand if you re a huge fan of bright acid y central american coffees as opposed to the deeper sumatrans and suwalesis then for you this might be a deficit i d keep this around in warm weather to offer iced to guests it s true that you can probably brew a better cup if you start with good beans but i think the convenience here is worth the price particularly if you don t normally brew much coffee roasted beans kept in storage go stale fast for decades illy has enjoyed a reputation for reliable if not exceptional quality and i d sooner have one of these than a starbucks canned or a mccafe any day even if they did partner with coca cola for this latest issimo line says the coffee snob,positive,neutral,positive,True
i have switched around and tried a lot of different bold very bold and extra bold coffees both on and off of amazon over time i have narrowed it down to and finally to this one extra bold jet fuel from the coffee people it is really bold and full flavored meets all of my stringent requirements for a wake up coffee,positive,neutral,positive,True
this is probably an excellent food but my cats just didn t seem excited by it even the feral colony that i care for seemed unimpressed,negative,neutral,negative,True
i really like the flavor and crunchiness of the cinnamon toast pretzel sticks and g of protein in a tasty convenient wheat and dairy free snack is great i wasn t so impressed with the butter flavor i think most of the reviewers that didn t care for the sticks were referring to the butter flavor in response to another reviewer yes the package states that this product is made on the same production line as products containing soybeans dairy tree nuts and wheat that does not mean it is not gluten free it may or may not be an issue for you depending on just how sensitive you are,positive,neutral,positive,True
i was a little skeptical on ordering the teriyaki sticks version based on a couple of reviews but i am happy i did they were a soft stick as someone said but had a nice crunch when you bit in the teriyaki was milder than others i have ordered and they were more smokey but they are called ole smokeys i did not get the greasy mouth feel that someone said and it did have a pleasant tasting after taste all in all worth a rating but it could be a based on individual tastes,positive,neutral,negative,False
i thought i d give this a try because i have a dry flakey scalp the fact that it was to cheaper than the axe anti dandruff shampoo i normally use also influenced my decision and free day shipping with amazon prime i ll have to say i m not disappointed this shampoo has a pleasant clean fresh scent that i find agreeable it lathers up well with just a small amount of shampoo as far as controlling my flakey dry scalp it has been almost weeks and i ve seen a noticeable improvement in my scalp i think the tea tree ingredient makes this shampoo so gentle but i can t be sure overall for the effectiveness and reasonable price i give this product stars i hope it works as well for you,positive,neutral,positive,True
yes worth every penny if you have a cat like my spirited black ketzel my calico will let me pry open her jaws and pop a pill to the back love to see that tongue touch that little pink nose the all clear sign for pill givers but rogue ketzel who needs sedation for nail cutting my fault for letting him get away with it as a kitten will have none of this i drop the pill into the pill pocket wedge it in place with a twist tie and seal the top and he can t wait sometimes if i don t pay attention to my work he ll snag the pill pocket before i get the pill in at first i wasted a few because he figured out how to eat around the pill eventually i learned to make sure the pill was embedded deep inside as others have noted he s ready for his pill every time this cat has mild renal disease and is on a specialty diet purina nf renal formula the nutritional contents of the pill pockets are not listed on the pill pocket package so i confirmed with my vet that it s okay for ketzel to have the pill pockets per day you might want to check with your vet especially if your cat is more acute or sicker on the other hand if you can t get the medicine in any other way the additional salt protein or whatever else is in the pill pockets probably doesn t matter i ve bought the six pack to save a little money and time,positive,neutral,negative,False
when i was a kid a very long time ago we ate a lot of spam my mother worked spam was great cold it made a good sandwich fried even better i recently bought a can after not tasting it for many years i was a little surprised how watery greasy and just plain nasty it was i tried frying a piece and it almost disappeared i gave it stars only because i figured hormel had to meet a price point and this was the best they could do i find it funny and sad how many people think this crap actually tastes good shows how our standards has fallen over the years,negative,positive,negative,True
try this one great decaf and maybe it ll help make you think you re in the tropics,positive,neutral,negative,False
bought used only problem it was poorly packed with all grow lights broke up and running now with little sprouts,positive,neutral,negative,False
royal canin maine coon is the only dry cat food our two male cats will eat and one is a maine coon,positive,negative,negative,False
when these bones arrived my dog knew that something inside the box was for her on christmas day we opened up the box and unwrapped one of her bones the knuckle fell off i m assuming it got tossed around a lot in shipping but no worries munchkin ate that as well we put the bone on her blanked she normally uses to play on to help keep the mess down munchkin a pound month old newfoundland is still working on her bone lasts a long time and provides hours of chewing time,positive,negative,negative,False
several weeks ago i discovered izze fruit drinks starting with the blackberry variety it was so good i tried the pomegranate that was good too so now i have a four pack of the clementine variety it tastes like a weak orange soda with a good sharp tartness i like it much better than the typical orange soda pop and it s made with fruit juices and no added sugars it s just like having a slightly carbonated fruit juice rather than darkly colored sugar water that s my kind of drink excellent gary peterson,positive,neutral,negative,False
intense at first but the flavor didn t really last so i went through each tin rather quickly maybe it s because spearmint isn t as strong a mint as peppermint,positive,neutral,negative,False
have always loved these snackwell s devil s food cookies ounce boxes pack of but now on weight watchers these are only one point each so now they are my favorite,positive,neutral,positive,True
i bought these pods on amazon because they were a dollar cheaper than at the local grocery store now i know why when i opened the package the senseo watermark was faint or hardly visable and it took me x the amount of pods to make a decent cup of coffee buyer beware i am back to buying pods at the grocery store,negative,neutral,negative,True
the sahale soledad mix is similar to my sahale fave mix valdosta in that it s a mixture of nuts dried fruit and spices with a varied texture of chewy and crunchy and a mixture of sweet and spicy flavors but there is something about it that i m not quite in love with it s not the stickiness because i don t mind that except for the it being a bit messy if i m snacking while on line which i often am i guess as i ve said before in my reviews of sahale nut snacks i think every one of them pales in comparison to the perfection of the valdosta variety in fact i m so crazy about the sahale valdosta mix that i posted a haiku in praise i know pathetic so take my opinions of the other flavors with a grain of sea salt,positive,neutral,negative,False
these cookies do not taste like they ever saw the inside of a box they taste like real butter and fresh ingredients and they just about melt in your mouth i ll be buying these again,positive,negative,positive,True
i m tired of paying for thai noodles at restaurant and this is close enough to satisfy the craving i like to jazz it up a bit with some meat rice and srirachas,positive,neutral,positive,True
great sauce lots of texture picant flavor as a matter of fact my dear husband likes it more than my homemade so now i keep this one on auto ship,positive,negative,positive,True
i love this stuff it does have a strong ginger taste so if you don t like ginger and don t need it for a health reason don t buy it for candy i like to nibble on it for a snack or to relieve nausea it is a marvelous natural cure and works wonderfully for me,positive,neutral,positive,True
this is far and away my favorite chai tea to drink it is meant to be served with some type of sweetener and milk which it recommends on the box i prefer to standard chai i have this sitting next to a box of tazo chai and i am always grabbing a bag of the stash decaf vanilla chai,positive,negative,negative,False
i have two cats one and one years old both are indoor cats in excellent health i saw the negative review and talked to my vet about it i ve also asked a number of veterinary professionals what to feed my cats and they all answer the same thing science diet sure you ll see stories of how one person s cat had issues but even if that s true it s case out of millions science and fact aren t based on someone s experience so my point is i love my cats and i m very concerned about their health i trust people who actually have medical degrees and experience with a wide range of animals my only caution is do not fall for some hype or scare tactic that recommends some unproven or untested food or some fad diet for your pet don t listen to me don t listen to the negative review ask your vet what they recommend and follow their instructions my guess is you ll end up buying the science diet anyhow,positive,negative,positive,True
love this popcorn just a hint of butteriness and not too salty definitely not artificial tasting because there is nothing artificial in it that s why we eat it popcorn has good fiber and is a healthy snack not ful of white flour or sugar,positive,neutral,positive,True
found it at whole foods it doesn t taste much like coffee but it s good in a different way and definitely has similarities i was expecting to have to put milk and maybe sugar in it like i do with coffee not a fan of black sorry but i m really liking it plain might change it up eventually but on its own it s very good a unique and interesting flavor a little burnt i like burnt,positive,neutral,positive,True
coffee just doesn t get dark enough but jet fuel is close look forward to my daily mug on the road,positive,neutral,positive,True
for the longest time i ve found it difficult to justify blowing on a bowl of instant ramen sure the stuff s imported and most of what you re paying for is the cost of shipping from japan you can also get pretty decent domestic bowl ramen for around a bowl but since most of the ramen bowls coming from socal are korean made i e spicy it s difficult to find a decent mild flavored japanese ramen bowl menraku shoyu is mildly flavored just soy sauce and not painfully salty like nongshim so i don t have to throw out half the flavor packet the texture of the noodles has a nice bit to it i don t get these very often since they re relatively expensive but you get what you paid for highly recommended if you want a real japanese style ramen and want a subtle flavor that isn t spicy,positive,neutral,positive,True
this coffee was very good but the coffee maker imo is expensive to use so i stopped ordering this product and i m going back to my regular coffee maker i was also told this product is no longer available here,neutral,negative,negative,False
i did not like these potatoe chips it s hot and sweet with an overwhelming taste of garlic it s also a bit salty,negative,neutral,positive,False
this coffee is a good selection if you like a dark full bodied brew to chase the fog and dislike the waste inherent with the convenience of a keurig k cup brewer works great less material waste and less packaging waste i do think it is a good idea to keep them in a sealed container but an old coffee can works great,positive,neutral,positive,True
i used this product on a black carpenter ant colony i had living in a planter made of landscape timbers in the yard of a house i bought every time you would mow around the planter or trim around the planter swarms of carpenter ants would emerge from any cracks where the timbers came together i dusted the perimeter of the planter taking care to dust in the cracks as well the next week when i was mowing trimming very few ants emerged and the following week there was nothing i haven t seen any sign of ants since so i assume it took care of them i have used several other terro products and i would definitely recommend them as something to try before calling the exterminator,positive,neutral,negative,False
got these for my cat she s high maintenance and i wanted a toy that would keep her interest and wouldn t fall apart like her rabbit fur mice toys at first when i opened these up she was unenthused she batted them around a few times and then walked off to play with her other toys then about a week later i found her going nuts around the house i thought it was another mouse she was chasing and then saw it was one of the looney loops now she loves them and will carry them around the house and chase them for hours a great simple cat toy i just needed to give it time,positive,negative,neutral,False
despite of my initial disappointment with the distilled vinegar that arrived and the items received not being the same as the ones pictured in the amazon com profile i decided to raise number of stars from to stars are for the misleading photos in the product profile and the different items in the package that i received please read the details below the mother culture itself is wonderful and produced beautiful absolutely great tasting kombucha in one week and a gorgeous scoby the package arrived in a reasonable time however the starter liquid came in a plastic bottle and only enough to start one quart of kombucha the description of the product on amazon com regarding the contents of the package was not specific enough the photograph shows a plastic bag with scoby and liquid a mysterious brown bag envelope and what it looks like instructions sheet another photograph shows a jar labeled kombucha starter none of these items were included in the package i received i received a small ziploc bag with scoby instructions sheet and a small plastic bottle labeled starter liquid when i opened the bottle i realized it is nothing but distilled vinegar after studying the ways of how to start kombucha tea process i learned that the starter should be the already fermented kombucha tea according to the seller lifetime kefir company instructions white distilled vinegar can also be used then why isn t the tiny plastic bottle containing white distilled vinegar labeled as such why use such deception starter liquid should be the fermented kombucha tea i do not think it is so expensive that it cannot be included instead of white distilled vinegar the only reason i am not going to return this package is that it is not worth my time,neutral,negative,positive,False
i ordered this coffee not knowing it was for a senseo coffee maker i brewed it like tea with the written side down in cup the pod floated to the top of a coffee mug with hot water in it i waited for about minutes then i used a spoon to purge the pod against the inside of the cup i like strong coffee i left the pod in i sipped it and it tasted very fresh not bitter i am enjoying these pods even though i am using them wrong i would buy these again since i love coffee but hate the mess with the grounds plus it is mellow coffee i think the price is right marley s coffee site says in this great future you can t forget your past bob marley bob marley always said he would return to farming one day with marley coffee bob s son rohan fulfills the dream rohan remembers his grandmother drying their wild coffee berries in the sun then hulling and roasting them for her own cup of coffee each morning marley coffee is determined to deliver that same intoxicating aroma and rich smooth flavor into every cup marley coffee is an international gourmet coffee company founded by rohan marley and his friend shane whittle sourcing beans from around the world including ethiopia central america and jamaica the beans from jamaica are from a acre private estate sits atop the blue mountains in chepstowe portland jamaica long revered as the region with the world s most desirable coffee beans from the marley s jamaica blue mountain coffee farm to partner farms in africa central america and other top coffee growing regions worldwide marley coffee strives to support communities and the environment through organic sustainable and ethical practices one cup of coffee,positive,negative,positive,True
i really like the grove square cappuccino i hope they continue at good prices i will be getting more i have all flavors maybe you can make some more flavors,positive,neutral,positive,True
the title is all that needs to be said it s not dragon well i ve had dragon well before and this isn t it,negative,neutral,negative,True
we received the product in good time and are enjoying the carob in as many ways as we can find for it,positive,negative,positive,True
this is about the best tasting tiger s blood i have ever had i thought it might be weak but i was soooo wrong i have learned to put a lot less on the ice this gallon should last years,positive,negative,negative,False
exactly what i needed new sealed and delivered quickly variety pack is cheaper per pouch but my cats like only one flavor and i wind up throwing out too much uneaten food this way with the single variety box i have no waste and the one flavor boxes are hard to find,positive,neutral,negative,False
i was shocked to find my k cups were packaged in a zip locked bag some of the cups were damaged and expired,negative,positive,negative,True
does not taste good only meant for smoothies or cooking i have experienced matcha green tea that tastes good i wish i remember the brand,negative,positive,neutral,False
verry good tasty yerba mate a bit harsh at first i recommend adding sugar or honey on the first fill for newbies and a bit of lemon the taste then will become more light after the third refill the seller shipped this faster than i thought it arrives verry quickly i recommend from this seller i will keep buying pounds from here,positive,neutral,positive,True
i was very leery on buying this brand without trying it wow all you taste is coffee there is no bitter taste like the starbucks brand and i thought that was a quality coffee bean if you like your coffee dark without the bitter taste i recommend for you to try this coffee,positive,negative,positive,True
the fish are quite big about in the can the vertebrae are big enough to pop when you bite into them a little unpleasant lots of thin sauce which is not very spicy i was hoping for a tin that was ready to eat but for me these need some more prep work cleaning the spine out and adding more sauce,negative,neutral,negative,True
this robust flavor stands up well to a travel sized mug and is indeed very smooth as described but i didn t get an actual kahlua flavor much if at all at first the flavor seemed to have a burned taste to me the very flavor i was avoiding with the single serving keurig system i decided to test it by adding some real kahlua to standard unflavored coffee and found it didn t taste vastly different so i guess this is how it is supposed to taste but it s not what i expected the guy in the liquor store said that without the alcohol you wouldn t get the exact taste overall i found the flavor okay in a big mug too strong for me in a cup and the two box pack is a good value,positive,neutral,negative,False
these taste so good that i ve found myself eating them more than my daughter not like regular animal cookies a million times better,positive,negative,positive,True
like anything you change in your diet something new might be strange at first but for me it was love at first taste buying stevia in a packet form you ll spend more for the convenience of the packets stevia can taste different and be sweeter or not as sweet depending on the company one might have to try several different companies and or compare drops to powder to packets i ve been using stevia for quite a long time and truvia is the one i like the most but i recommend buying small quantities of stevia until you find the one you like,positive,negative,negative,False
our dog tires easily of certain foods and treats however she still gets excited over these sticks you can end up with a few crumbs on the rug but for the price they re definitely worth trying especially if you have a hard to please pooch,positive,negative,positive,True
on a whim i decided to order a lbs container of snappy yellow popcorn i was getting rather tired of the typical one or two brands of popcorn at the grocery store they re over priced and usually disappointing i was not disappointed when these wonder grains arrived at my door the product once popped is very pleasing it s light crisp and a pleasant taste it pops up well all said i guess there is a kernel of truth in customer reviews and this one is popping with satisfaction i know it was a corny review,positive,neutral,positive,True
with kettle chips you really have to be careful some of their flavors are nauseating with that said they do make fantastic plain chips thick cuts of potato fried to a dark golden brown they are crunchy and lightly salted with sea salt i can t recommend these chips enough you won t regret it some people say they are burnt but they aren t from their website take a quick look and you ll see an immediate difference kettle brand potato chips are a beautiful tawny gold during cooking the natural sugars of our select potatoes caramelize creating chips from light gold to a deep amber the results are flavors as deep and rich as the colors and an artisanal display in every bag some have also said that these chips are oily which is true but they explain that on their website at kettle foods we exclusively use expeller pressed high monounsaturated sunflower and or safflower oil to make kettle brand products both of these oils are naturally free of trans fatty acids and are not hydrogenated in any way we have taken the extra step of sending our products to independent third party labs to test for the presence of trans fats and results indicate we are trans fat free meaning none were detected you will see zero trans fats listed on our packaging that oiliness is natural and happens when quality oil is being used you will not find chips with such a natural potato flavor i m also a fan of their unsalted potato chips for those of us watching our salt intake the unsalted chips is the best you can get period,positive,negative,positive,True
these pouches have a tendency to be quite expensive if you go to places like petco or small boutiques our cats personally like all of the flavors that these wellness pouches come in but we try to order the grain free ones we don t give them the whole pouch at once and even when they stay in the pouch they don t get as crusted over and stale as when they are in the can feeding your cats on the pouches alone however can become rather expensive and we normally supplement the pouches with dry food,positive,negative,negative,False
my dog a vizsla lb pointer retriever loved this but he also destroyed it he broke the rubber gel molding in a few places within minutes such that he easily removed the included treat part i had stuck carrots hotdogs etc in the trap center of the ball which gave him a little bit of a project thus it seems to work okay as a puzzle for a little while however i would bet this trap will only last a couple more uses as he seems to be able to break the product i was hoping for a puzzle product to add variety to the kong he loves unfortunately i wish now i had saved my money dollars for minutes of dog fun is not within my budget save your money,negative,neutral,negative,True
i ordered trident splash orange swirl with the banner new burst of sweet indulgence on the top that was exactly the picture on line but that is not what i received yes i did receive trident splash orange swirl but unfortunately it did not taste the same and the flavor did not last as long i mailed it back and ordered from a differnt candy company and the same thing happened again so i mailed the second order back and am still waiting for a refund big bummer i wish i could find the gum at the store it is my favorite i wish i would have known that what you see does not mean that is what you get,neutral,negative,negative,False
pero is an excellent substitute for coffee my father has been drinking it for years the product is awesome however when he received the package out of canisters were broken open during shipping he is elderly years of age and to him it was to much of an inconvience to repackage everything and return them to the post office and ship them back so he obsorbed the loss that was disheartening for me since i live several hours away and could not be there to help product good shipping was very bad,positive,negative,negative,False
unfortunately this sugar free candy pales in comparison to the real thing but if ya gotta have it it s an ok substitute,neutral,negative,negative,False
i gave a pet dog plural resemblance products but have got tired directly so far however the pet dog continues greenies and wants it,positive,negative,negative,False
you can by at kroger at half the price used to be cheaper before recent price hike just continued from innertia to order until payed attention people be careful,positive,neutral,negative,False
it s cream of tartar so it s kind of hard to get wrong though they did ship me the wrong product originally they corrected it very quickly,positive,negative,negative,False
i use this product often but quite honestly i buy it at our local store for less than half of what amazon sells it for per bag,positive,negative,negative,False
my first experience with gf cookies giving up the regular cookies breads and pastas i love has been challenging to say the least i purchased these cookies based on other reviews and i m glad i did the taste flavor and texture of these cookies is very good it was a bit disappointing that most of the cookies had broken but i understand that s pretty common for gf baked goods especially when they have to be shipped nonetheless they were good enough that none of the crumbles were wasted i just sprinkled them on top of vanilla ice cream and that was even better i most likely will order these again the package arrived quickly and in good shape with the cookies securely wrapped in plastic wrap over the paper type cookie container,positive,neutral,positive,True
saves us a lot of money getting the refill packs than buying from the local store we go through a lot of coffee and this is the only kind the boss likes so its a win win,positive,negative,negative,False
after researching the ingredients on my dogs old dog food beneful cesars i wanted to get my pups on some healthier food and i also did not want to break the bank doing so this turned out to be a great alternative that met all my nutritional and financial requirements i had set forth for a well rounded nutritional meal i mix the following newman s own organics chicken brown rice formula for dogs ounce cans pack of newman s own organics organic liver for dogs ounce cans pack of and newman s own organics adult dog food formula pound bag the dogs really go nuts for this stuff and seem to enjoy it it appears to me that the dogs have more energy and are in an overall better mood one of yorkies had a licking issue and that behavior has decreased dramatically since i made the switch to newman s it keeps their stool very solid as well overall this a great nutritional meal at a good price stars,positive,neutral,positive,True
i use to buy a lot of this jerquee from amazon but for the past two months or more every shipment has been bad the stuff has been covered in toxic mold and i had to throw it away and get my money back i will be ordering it direct from the factory from now on i have read here others have had the same problem buying it via amazon other than that is is the best tasting jerquee out there,positive,negative,negative,False
i brewed it on the oz setting but it was watery and not rich would not recommend,negative,positive,negative,True
sugar is getting older so i buy the chicken strips with glucosamine that s her reward a short trip outside in the morning supplier is great and pricing is fair a little under the box store price since we buy it on schedule and ship there is not shipping usually,positive,neutral,negative,False
i m a daily cereal consumer my wife is a health fanatic so i eat mainly organic cereal with very little sugar and as little refinement as possible so that being said it was a treat to be able to try kellogg s crunchy nut cereal with g of sugar per cup serving it is quite a bit sweeter then i m used to compare with kellogg s fruit loops at g of sugar per cup serving although it looks like cheerios with nuts on it it is not the texture is heavier and crunchier and the taste is completely different the nuts add a nice touch even though it would probably taste great without them the vitamin content is quite high which means they probably fortified the cereal although i see nothing on the box that states this as i said i enjoyed trying this cereal but knowing my wife bless her heart she won t be buying this cereal for me any time soon i ll be sticking to the healthier varieties but at least i know i m cared for,positive,neutral,negative,False
i really wish my toddler liked this it seems to be very high quality and it would provide more variety in his diet every so often he ll eat it but it usually needs to be mixed with something else i think it tastes fine but it wasn t a hit i bought a case so i keep trying,negative,neutral,negative,True
i bought this variety of community coffee when there was a substantial price dip while it s drinkable i m really glad i didn t pay full price for it it s weak with very little body it s drinkable but not at all memorable a very monotone flavor i ll be using the rest of my purchase in combination with some flavored coffees i have that are a bit too flavor strong a mix of two thirds flavored coffee and one third community coffee dilutes the flavor to the right level for my taste if you re looking for a robust tasty decaf brew with rich flavor you need to look elsewhere this is not the one other reasonably priced ones i d recommend are weaver s lavazza coffee bean direct and mayorga,negative,neutral,negative,True
good to the last drop my wife drink it all in about weeks pack of thats k cups i guess it was good i guess i will get more,positive,negative,positive,True
i would honestly just make cup after cup of this stuff so it would make my apartment smell like heaven i didn t purchase mine from amazon they were cheaper on other sites but i thought i d share if you like the smell of butterscotch or the taste of butter pecan ice cream just stand around your keurig and sniff while brewing this flavored coffee gem it s terrific i like my coffee sweet so i add caramel syrup just generic stuff purchased at target and a little warm milk to mine faaaaaantastic,positive,negative,positive,True
to be honest i wish i had more to say about these chocolates but my girlfriend ate all of them up before i had a chance to try very many far better then any of the godiva chocolates i ve ever had,positive,neutral,negative,False
this is closer to sauce than diced tomatoes to the point that i have most of a case sitting in the garage that i ll probably not use,negative,neutral,negative,True
if dog is a chewer like mine was this is the toy for you he loved these things and they take a while to really destroy if the ever only dog that my puppy could play with and not destroy the first year that i had him,positive,negative,negative,False
not anything to rave about they were okay i think if i truly had a craving for chips i would just buy and eat regular ones won t buy again,neutral,negative,negative,False
ok as much as i loved appletini flavor is almost exactly how much i don t love mojito perhaps i just don t like mojitos there is just something about mint being in any drink i just don t like it so if you are a mint fan you probably would like it the flavors are certainly well blended and the mint is very slight glad to have tried it won t buy it again,negative,neutral,positive,False
kind healthy grains vanilla blueberry clusters with flax seeds was better to snack on than to eat as cereal with milk the taste is an acquired taste and after you ve eaten a few it starts to taste better it never tastes bad it just tastes a little like cardboard until you get used to it all in all i d recommend this to people that are very health conscience and like foods like this but this isn t something i will buy,neutral,negative,negative,False
cafe escapes dark chocolate is my husband s favorite k cup we go through a box of of them every week often he does a double shot for a richer flavored drink but i like them just the way they are buy them now green mountain has announced a price increase on k cups starting on oct th due to the overall industry s increase in coffee prices i m sure other k cup companies will follow,positive,neutral,positive,True
these were recommended by our endocrinologist because they contain stanols but not sterols and are noted to help lower cholesterol without causing harm we ve been using them for months and cholesterol test numbers have been improved we prefer to avoid taking rx drugs whenever possible and do not like the cost and side effects of statins and other drugs for cholesterol statins also block production of coq and can cause muscle damage even kidney damage when rhabdomyolosis occurs admittedly rare but still a risk of statins,positive,negative,negative,False
i really like the taste of this cappuccino some complained that it s a waste because the k cup is empty after it is brewed why is that important i enjoy it and so does my family and co workers,positive,negative,negative,False
i honestly don t think there is another dressing out there as healthy and tasty as this one i have been buying it for several years now and can truly say that i am addicted to the amazing taste soooo good no sacrificing taste for healthy ingredients here i cracked up at the other reviewers comments about drinking whatever was left after finishing off the salad since i thought i was the only one and how can you go wrong with these ingredients bragg organic apple cider vinegar bragg organic extra virgin olive oil purified water organic honey organic garlic bragg liquid aminos organic onion organic black pepper natural xanthan gum the only item on the list i am not crazy about it xanthan gum due to its frequent association with corn a universally mold contaminated crop and some controversial reports not all xanthan gum is made from corn but as a fermented additive i would not be excited if i learned that bragg s uses the corn version fortunately it is the last meaning least amount used ingredient on the list but overall i love this product and even with the one possble weak link still think it it waaay better than anything else out there other than making your own which i used to do before i fell in love with this,positive,neutral,negative,False
this coffee was dilivered in good time and condition and is a good quality product it was as we expected and we are enjoying it smooth transaction,positive,neutral,positive,True
these hazelnuts are nothing special i don t want to compare them to fresh nuts off the tree but they are no better than the bulk nuts i find at whole foods or at the local trader joe s here in the us these are not worth a special order from this seller because shipping is expensive but if you can t find hazelnuts at all where you are these will be acceptable,negative,neutral,negative,True
got this free with another order i placed i couldn t believe how much the cats loved it i will buy again for sure,positive,negative,positive,True
this is a quality product that works at a nominal cost to prevent pms caused by estrus in mares used for showing and or riding,positive,negative,positive,True
we enjoy the van cookies the chocolate ones seem to be much much harder and drier not sure why have tried different bags but always to dry,negative,neutral,negative,True
the flavor of these cherries is excellent it would be stars except that the organic title is misleading the package says transitional to organic,positive,neutral,positive,True
these baked beans are ok the sauce they re in is not memorable normally at our house baked beans are licked clean from the plate and the pan is scraped for remnants but these are just so so we got them because they re organic and vegan but bush s non organic vegetarian baked beans which are vegan are far superior we re going to go back to them until we can find an organic vegan baked bean that tastes at least as good,neutral,positive,positive,False
when i received the product i was very surprised by the color of the cacao bean it was different from the product picture a light brown color when i peeled away this light brown coating it showed the cacao bean similar to the product images but the actual texture was not moist like i had in mind this was my first cacao bean purchase so i can t really tell if it s fresh or not when i opened the zip locked bag i do smell an alcohol like aroma they are bitter but tolerant now in the back of the package it does shows the stamped expiration date fast shipping from seller thanks for the sample gifts,neutral,negative,negative,False
this hot chocolate is much better than other k cup hot chocolates i have tried it is not watery i have tried both the milk and dark chocolate version and like them both,positive,negative,positive,True
i like both blackberry tea and pomegranate juice so i thought this would be an easy a not the case first of all drink mix packets are everywhere these days most of them are designed for a oz bottle and plainly say so for some reason lipton has decided to print directions that say to add packet to oz of water why how many people actually buy oz bottles and if they felt their product was aimed at those who would seek out oz bottles why not make the packet with just enough for that just odd tea and honey is proudly proclaimed several places on the package classic combination clearly stating no asperatame sweetened with honey real tea leaves real fruit flavors but there was a funny artificial taste reading the ingredient list reveals sucralose and maltodextrin yuck besides the artificial taste or maybe because of it instead of tea this really tastes like kool aid if you re ok with that then this is an ok drink me i ll pass,neutral,negative,negative,False
i guess i misread the ounces because i didn t realize that this is the small size somehow i thought it was a real bargain for the ounce my bad it s not cost effective to purchase from amazon and i dislike all the individual packaging which isn t recycleable i will just get the largest size at the supermarket to save money and landfill,positive,negative,negative,False
comparable flavor to starbucks and cost much less i don t know why anyone would buy a pack all flavors are good as well,positive,negative,positive,True
this jerky has been by far the saltiest i have ever had i actually like salt but to a certain point and this went way beyond it my favorite jerky was the world kitchens brand brown sugar but it s no longer available unless you really like your food extra salty i would stay away as far as tenderness i ll give it a out of,negative,neutral,negative,True
i had gotten a box of this mix in a gift basket for christmas but couldn t find it in any store everyone that tries these loves them they are great for a special breakfast the box is a little pricey we have pancakes less often but prefer this kind and can t go back to any other i don t think anyone would be able to once they have tried them,positive,neutral,positive,True
i have a lb pitbull mastiff mix that often loves his rope bone and his squeaker toy and thought it would be great to challenge him with some thinking toys i was a bit weary of this toy because my dog might chew up the plastic treat covers but found they are rather tough and that food incentive was greater than the chew incentive overall it took about minutes with the advice of the instructions and my pup was on his way to collecting treats from his new puzzle it takes him a few seconds now to pull the right cap off and start chowing on his goodies another thing i would like to note is clean up is pretty easy i washed the tray and cups with hot water and soap and let dry next to the counter this is a social writeup,positive,neutral,negative,False
hearty and filling didn t think i d ever find oats to make oatmeal like my grandma made i m over so we re talking old school here this is as close as it gets nice to know it s made in a gluten free plant for those with celiac disease,positive,neutral,positive,True
this product is great the smell was bad but over all it was great the baby sleeps much better no gas,positive,neutral,negative,False
i recently started drinking loose tea instead of bags i was buying the jars from my health food store but they are pretty expensive i am always looking for a better deal so when i found these on amazon i decided to get them i gave one to my mom and one to my brother i kept one for myself and i think it is going to last me awhile since i don t know all that much about teas i can t comment much on the quality but as far as i know it is good it seems comparable to the same stuff i got in the smaller jars recommend,positive,negative,negative,False
i must admit although it is bad for the environment due to the plastic bottles i regularly consume bottled water i have tried many versions and while one would think that water is water they really do taste differently in terms of taste i thought this water tasted good i chose to chill mine before drinking it and found it to be very refreshing without any chemical or metallic taste that i was able to detect it tasted in short like water i did not think the change in ph made it taste any differently so that is a real positive for me while i cannot speak to the accuracy of the claims of the benefits to this particular formula of water i can say that if the water does indeed contain the additional electrolytes this provides a good alternative to sugary high calorie sports drinks many reviewer commented that this is merely treated water from municipalities as opposed to spring water and therefore not worth the cost if this were the sole source of my water intake i would agree i would not purchase this for the whole of my drinking and cooking water but when looking for a bottle of water to take on a trip or throw in a backpack or a source of electrolytes after athletic activity or illness i think this would fit the bit quite nicely,positive,negative,positive,True
bragg seems to have built a strong reputation as their brand is consistently associated with a high standard and quality product,positive,negative,positive,True
i am a salty snack person but this is over the top salty the chip is flavorful and it is not greasy just as you would expect i did not hate them but i will not be buying any more,positive,negative,positive,True
the product is not the one i usually use but it was a good substitution it was delivered on time and i would recommend it if you are looking for something a little cheaper it really helped my energy level and i felt really good,neutral,positive,positive,False
love these cookies they taste wonderful no trans fat vegan kosher healthy ingredients so what s my gripe if you look at the nutrition label on the back of the cookie package carefully notice that a serving is a cookie and a cookie is calories different from the info on the amazon site but i m looking at the package right now same product current package so if you eat the whole cookie i dare you to stop at i know i can t i tried you ve eaten a calorie cookie wow that s a lot sorry to burst the bubble i take one of these to work every once in awhile to eat for lunch and calories is a large lunch for me but that s the only way i can eat them i bought these not realizing they d counted the cookie as two servings which is pretty sneaky imo and relied on the amazon site info which needs to be updated to reflect current package count great cookies but if calories factor in for you beware,negative,positive,negative,True
based on my daughter s opinion i am giving this tea stars she asked me to buy her this as a christmas gift,positive,neutral,positive,True
i love this coffee it s my favorite however it doesn t come in decaf and i can only drink so much caffine without the side effects please come out with decaf we love coffee too,neutral,positive,positive,False
nespresso makes great coffee and great machines i switched over to a nespresso machine years ago and have never looked back i save a small fortune every year by making my lattes at home that being said the nespresso capsule offers posted here are from a third party who is putting a large additional margin on their price you can order the same products online from nespresso for approx each half the price here,negative,positive,negative,True
my dogs and my cats go crazy for these things i also like they are made in america,positive,negative,positive,True
one of my cats has ibs finding food that does not give her flare ups is difficult this does not give her flare ups and both she and the other cat love it only problem is that they eat it so fast in a hour they act like they never got fed it s like crack for kitties or something,positive,neutral,negative,False
have used betty crocker potato buds for years grabbed a box off the shelf recently and didn t notice that they had changed the product until i went to make them last night well they are terrible compared to the old version i told my husband that now i will have to try and find a different brand to use i much prefer homemade mashed but like to have boxed on hand for emergencies did a web search and found honest earth all natural mashed potatoes on amazon none the less the reveiws are great and i will be placing an order for them betty crocker like the other reviewers you just lost my business,negative,neutral,negative,True
i have not tried a lot of these types of bars to compare but i did not like this one it is very chewy and it might be filling too if you can finish it before you get tired of chewing it i tried to eat these on several occasions and i noticed they also seem to give me a headache and just a general bad feeling,negative,neutral,negative,True
my tree arrive in a little box stuffed full of styrofoam not good for the environment but it did do a great job protecting the tree i d say it has doubled in size over the last year and must be a fairly hardy little tree to survive at my apartment i don t know if it s working to bring me good fortune but i can say that it does still look like a million bucks,positive,neutral,positive,True
get the carrot apple or pear mango flavor from plum organics instead this was overwhelmingly sweet like giving my babies candy the yello one is almost as bad i recommend sticking with the other flavors especially carrot parsnip apple and frankly i think plum organics makes better tasting blends that are delicious but not too sweet,negative,neutral,negative,True
tried this by accident once never found a better seasoning rub in years this olive oil you too can be master of the grill i find ordering steak out a let down after this i buy it by the case use as stocking stuffers,positive,negative,negative,False
the mark up amazon has on these crackers is ridiculous a lb box of premium saltines normally runs anywhere from depending on where you shop lbs sam s club in fl sells a lb box of premium saltines for publix sells a lb box for about and walmart sells lb for just over if you re able to go to a grocery store it would be much more cost effective to buy from them,positive,negative,negative,False
plant looks almost exact as in the picture the description matches what i received the plant is in great condition and shipping was quick there are two things preventing me from giving five stars one is the vase is brown and not dark blue as described in the title no big deal for me the second is that unless stones marbles or soil is added to the vase the plant won t stand up straight on its own again not a big deal but just know that this plant does not come completely ready to display,positive,neutral,negative,False
i ve bought this before at a local health food store and thought i would get a better deal from amazon like i always do but i found the same item for a lot less at my local grocery store yesterday i was very disappointed check with your local store before you buy it from amazon,neutral,negative,negative,False
this is not a health drink unless you count energy boost and a clear mind as being essential to combating stress i combine coffee and tab for a double whammy,positive,negative,negative,False
i love the flavor of this coffee but my normal portion size on my keurig brewer must be changed to the next smaller size down or it s like drinking water the flavor with the smaller portion is really delicious so it s worth having a smaller cup i would buy again but for a full size of similar flavor i will stick with green mountain coffee limited edition golden french toast,neutral,positive,positive,False
honestly these cookies could have been better i would buy them again if the shipping wasn t so ridiculous i think it ended up being like dollars for a few tiny cookies what a ripoff,neutral,negative,negative,False
i was a little skeptical at first but that thought was soon halted it is almost like a two for one deal i get the relaxation of chamomile tea while smelling lavender i was so impressed i brought some to work and had everyone try i received mixed reviews what i did notice was that tea drinkers that preferred milk or sweeteners in their tea did not like while those that used honey loved it,positive,neutral,negative,False
we ve been through a couple jars of nutella and my kids much prefer justin s over the nutella justin s tastes more like real chocolate yes it s a slightly different texture but far more tastier checked the label of nutella and grams of sugar per tablespoons is ridiculous that s literally as much sugar as tablespoons of canned cake frosting justin s has grams for same serving size grams of sugar is almost teaspoons of sugar in every serving it only leaves a little more than a teasoon to try to fit in hazelnut butter cocoa oil etc sorry but nutella is literally almost all sugar justin s tastes really really chocolately and good,positive,neutral,negative,False
just about anytime shortening is combined with cinnamon and sugar the end result is going to be good so this is fine but not a wow it s an dense eleven inch log and i prefer my cinnamon pastries to be fluffier and sweeter it s solidness made it good with ice cream but of course that ups the decadence level i purchased this as part of a or more of course i managed to make spend just over order using amazon s add on program which meant that shipping was free the items in the add on program are all inexpensive mostly interesting food items so part of the fun was selecting what to try,neutral,positive,positive,False
this is a lovely rooibos i love rooibos but it is so expensive compared to common black teas this brand gives you a lot of bang for your buck so i ordered it i wasn t disappointed it is a very fine tasting rooibos tea i read a review here that said it was weak i did not find that so what i always do with rooibos is steep it for a full minutes then squeeze out the tea bag with the back of a spoon pressed against the inside of the cup i did so with this brand and it was just fine i ll definitely be a repeat customer a very nice cup of tea indeed,positive,neutral,positive,True
the dried mango has a very good taste very sweet the chunks are not difficult to eat like some other brands the only but is the pieces are a bit too small to my taste,positive,neutral,negative,False
a serving is th of tsp since i don t have aything that small i dipped the handle of my spoon into the jar and what stuck i used to sweeten my ounce mug of coffee perfect no bitterness no aftertaste,positive,neutral,negative,False
my month old daughter would spit up vomit minutes to an hour after a bottle the doctor changed her formula from enfamil lipil to enfamil gentlease it did help with her fusiness but no help with the spit up two days ago i was on amazon reading the reviews of this formula and thought i had nothing to lose i started her on it and so far her spit up problem has been cured i am amazed at the change in her and wished i had known about this formula when my son was born because he too had the same problem this has been a lifesaver,positive,negative,negative,False
i didn t realize it was such a small bottle the same size bottle costs in rhode island where we re from my boyfriend laughed at me when he heard i paid for such a small bottle of coffee syrup,positive,negative,negative,False
i love earth mama angel baby teas they have a chart on their boxes telling you if they re safe for nursing and or expecting mothers this tea tastes delicious and it s organic which is another plus i drink this whenever i just want to calm down or am not feeling well it s supposed to be for monthly comfort but it tastes so good i drink it all of the time,positive,neutral,positive,True
you might as well eat the box it came in if it weren t for the almonds it would have no taste at all it s too fine to eat dry as a snack and too solid to eat with cold milk as a cereal i imagine it would be a decent substitute for granola in a fruit and yogurt parfait but i haven t tried it that way yet but remember it s healthy,negative,neutral,neutral,False
this product sells around in pets stores it is still expensive to buy this treat in bulk online,negative,positive,negative,True
i recently picked up a single tub of this at my local wally world because they didn t have the butter flavor i was looking for took this home popped it up and my wife and i loved it we didn t even really care for kettle corn but this one is different can t wait to get the regular butter flavored next but i ll definitely buy this again,positive,neutral,positive,True
i don t like messy counters or appliances take up all my counter space the kuerig does a good job of consuming space and most of the storage for k cups appear to do the same i was originally going to make wall mountable shelf to store some but the coffee keeper seems to better fit my need it has double sided tape preapplied for a quick and easy installation also some alcholol swabs to prepare the surface before applying directions were simple and clear it also included optional screws i thought about using them but the tape is more than sufficient when given time to bond it s a clever useful and evidently unique solution to k cup storage there are two small cons i d like to point out which hopefully they correct in future versions the one i received was a bit tight to pull down obviously they should not be loose enough to drop on their own but to pull down with a single finger would be nice in fact a little pull tab in the front to grab on to would be very beneficial rather than having to find and pull down on the edge lip which is hidden by your cabinet i thought about deducting a star for this but i ve been told they will be adding it in the future and frankly it s still pretty darn convenient,positive,neutral,negative,False
it s probably my bad that i didn t see sugar listed as one of the ingredients i m happy that this product is bpa free which i don t see many rice cereal explicitly saying that if people want to feed sugar to their kids they can add separately i just don t understand why they add sugar to this baby food i haven t returned it yet but i will i end up making my own rice cereal which i found how to on the web if anyone is interested you can go to,negative,neutral,negative,True
i no longer live near a store that carries these amazaon sent me xyla also made by ricohet but the ingredients are not the same xyla has inulin it in the latest fad additive a prebiotic that may very well feed beneficial intestinal flora but it also feeds candida i called amazon spoke to a pleasant and intelligent customer service rep and he credited my account,positive,negative,positive,True
i was out grocery shopping when i came across this product i got really excited to try it and couldn t wait to get home i love peanut butter and everyone knows how high in calories it is so having a substitue for it made my day as soon as i got home i made me a bowl of oatmeal and fixed it like i always do with a pb and a little bit of cocoa but i replaced the regular pb with this spread its was pretty good not fabulous but definetly tolerable a few days down the road i decided to make a pb j sandwich with this spread seriously took a bite and gagged i couldn t eat it i would say that it is ok if your mixing it in something but not alone or on a sandwich i ve also tried another one of their products but it tastes gross too i hate to throw it away because i bought it but i really don t thnk i could stomach it again,negative,positive,negative,True
would have been great for baking or making ice cream as most of the mints were smashed beyond all recognition,negative,positive,negative,True
i recently purchased crispy green these healthy portable freeze dried fruit snacks my kids are obsessed and are finally eating their fruit yay i just signed up for their facebook sweepstakes thought i would share check it out on because who doesn t like free samples,positive,neutral,negative,False
the title of my review says it all i have high blood sugar so i am always on the lookout for sugar free or relatively low sugar foods and snacks i saw stars on the product without reading the actual review which i should have and ordered these i am not going to lie to you these taste great and that s where all the pros end ate about of them and about hours later the merciless gas attack began gas x imodium nothing helps at this point just had to deal with the gastrointestinal pain flatulence and diarrhea these would make a great prank candy if that isn t your goal these delicious gas inducing candy isn t for you,negative,neutral,negative,True
yikes it might not have high fructose corn syrup but you wouldn t know it from the taste really really sticky sweet and no discernible fizz on the tongue you can see a few languid bubbles when you pour it in the glass but it s nothing you notice in the drinking it s at least twice as sweet as kool aid and every bit as fizzy you could cut it with about soda water and it might bring the sugar down and the fizz up to an appropriate level for adult consumption now that i think of it i wish i had tried that it s more a flavored syrup than an actual beverage,negative,neutral,negative,True
our family is a huge fan of emergen c this flavor isn t as good as the orange but it s not bad either i ll purchase it again when we run it,positive,negative,positive,True
no it s not starbucks or dunkin donuts it s not even a good home brewed cup but for a single serving cup of coffee it isn t bad i know that s condemning with faint praise but i will say compared to other single serving flavors it is to me the closest to a very decent cup of coffee,positive,neutral,positive,True
this product is o k but i think you can get away w out it and be fine not really worth the money cons it only makes a very small amount of food at once if i am going through the trouble i d rather make a bigger batch and freeze it also the lid on the resevoir gets so hot and is shaped oddly so that it is difficult to get a grip of it to take off a serious caution the booklet i got w mine purchased in has recipes that include foods that you are not supposed to give to babies under a year old finally the blend mode does not have an optional stay on so that if you want to puree something you need to stand there and hold the button you can t do something else while it s blending b c you need to be right there to keep it running pros technically it does what it says it does and it is easy to clean i find that even though i own this i tend to use my good old pan w a steamer basket and then puree in my food processor works just as well saves time and makes more at once,negative,neutral,negative,True
this is a mix of lemon rose and mint flavored turkish delight it is a nearly no fat high carb treat with a mild flavor a soft chewy texture and covered with powdered sugar the sugar covering makes the colors hard to distinguish unless you look carefully or brush some of it off i sometimes serve turkish delight with a sweet tart dipping sauce made by mixing a tbs each of lemon juice and honey fans of the chronicles of narnia will remember that the magic turkish delight was part of what induced edmund to betray his siblings to the witch enjoy some in the safety of your home hazer baba turkish delight mixed lemon rose menthe ounce boxes pack of,positive,neutral,positive,True
love the product bought about weeks ago but the cost has gone up very quickly am buying from another source,positive,negative,negative,False
i m a vegetarian i enjoy sprouted grain breads and meat alternatives but as far as desserts go i still find very few vegan gluten free ones i like the taste of this one was not very good i still prefer to bake with butter eggs and wheat flour,negative,positive,negative,True
this truly the greatest sandwich spread fruit crudite dip i ve ever eaten if you haven t any sort of food allergy prohibiting nut consumption peanuts included make it a point to seek this almond butter out the lack of refrigeration necessity is particularly pleasing as well,positive,neutral,positive,True
salt and vinegar is just ok to me they are not in the same league of utz salt and vinegar potato chips just ok not enough taste to them,negative,neutral,negative,True
i like to keep canned potatoes on hand to make potato soup or fried potatoes or put in vegetable soup i like being able to have amazon ship it at certain times without having to place the order libby is also a quality product gingerraye,positive,negative,positive,True
these cookies are a good idea as far as healthy nutrition but they are a very hard rough cookie that made my mouth sore when i ate them not very tasty good either,negative,neutral,negative,True
i ve tried many different chocolates including different types of cadbury s and my favorites are the flake roses and eclairs the chocolate flavor tastes natural not waxy smooth and i m never disappointed,positive,negative,positive,True
i have trouble eating cliff bars other similar things they really upset my stomach but these kind bars are basically my favorite nuts stuck together with honey etc filling natural food no stomach issues while hiking,positive,neutral,negative,False
these t discs were defective the first one exploded in my brewer the second caused the brewer to burn and smoke amazon states that they are not returnable i got the run around at tassimo kraft foods,negative,positive,negative,True
this is by far the best flavored coffee compared to starbucks dunkin donuts green mountain peets and any other i can think of genuine sweet chocolate and rasberry smell and flavor a yummy sweet version that tastes exactly right not like any other flavor i strongly recommend this one cinnamin pumpkin and german chocolate cake just don t join gevalia there customer service is terrible if you google them you ll see order from amazon instead,positive,neutral,positive,True
i suppose doing it from scratch might be better might be but for a quick and fabulous corn bread this is it although it s good as is i like to add an egg and some plain greek yogurt instead of oil for a total protein grab on the go meal,positive,neutral,positive,True
i read a lot of positive reviews about cytomax being the better version of gatorade so i decided to try boy boy boy it was good i use it during workout to keep my stamina up i feel the difference on the days i do not use it i could not sustain myself as long as i wanted by the way i do insanity workout so that s insanely difficult with cytomax i can definitely keep up with the workout better without it i find myself panting for breath the good thing about cytomax is that it is highly refined when you pour the powder down into your bottle you can see white powders in the air and you see fizzing in the water immediately it is so refined that means it mixes quickly the only thing that annoys me is that even though it mixes well in general sometimes you get clumping of it stuck at the bottom of the bottle that s the only bad thing about cytomax the taste is brilliant i have tried the grape citrus and pomegranate with grape being the tastiest one eventually after using cytomax i do not want to use any other product the dosage of cytomax also decreases as i become stronger and could sustain myself longer without additional aid give it a try you won t regret it the electrolytes help me to not get cramping because high intensity cardio movements usually wear me down quickly and without replenishing all the sodium my muscle will get really tired and tense cytomax helps with that,positive,neutral,positive,True
all three of my dogs get very excited about these even my one super finicky dog the ingredients on the bag are corn starch glycerin soya proteins rice flour palatable agent saccaromyces cerevisiae sorbitol corn derivatives water potassium sorbate chlorhexidine digluconate the bag says they are made in vietnam they can be broken in half if they are too big for your dog compared to other similar dog chews treats on the market these seem like a pretty good value to me,positive,neutral,positive,True
this tea smells and tastes like christmas this has always been my family s favorite tea for children s and big kid s tea parties,positive,negative,positive,True
my local store stopped carrying this item i tried to use clam juice and other brand broth and stocks but they didn t compare and were more expensive per oz i was thrilled to find this on amazon and with free super saver shipping very easy to add another item the companies website has outrageous shipping,positive,negative,negative,False
i got this for work as i am a cook everyone noticed that i have had a change in the flavors of my food they said it was a good change personally i have enjoyed useing the salt in different foods i do like it very much,positive,neutral,positive,True
yum this was my first experience with a larabar and i really liked it i love key lime pie to begin with so i was beyond excited to find a bar in that flavor while it didn t taste exactly like a key lime pie this bar did have a lot of lime flavor it also had some crunchy nuts that contrasted nicely with the almost fruit chews texture of the rest of the bar i also was able to taste the hint of coconut in there as well between those three flavors it tasted very fresh and almost like i was eating a fruit salad in bar form definitely a pleasant experience the ingredient list on this bar is phenomenal only ingredients are in it dates cashews almonds coconut and lime juice that s it no hard to pronounce ingredients no added sweeteners just plain food that is easily recognized by just about anyone in fact according to the package because of those ingredients this bar equals of a cup of fruit nutrition wise this bar is about on par with most other fitness bars it has calories which is high for a snack but good for if you re working out or as a meal replacement sugars are high grams but at least it s from all natural foods and not because they dumped a pile of sugar in the bar there s also some vitamins hiding in there but those too aren t from vitamins injected into the food a pretty good bar i m eager to try out the other larabars and see if they re just as good and i know i ll definitely be buying this one again review by m reynard,positive,neutral,positive,True
i ve been eating gf for years and bakery on main s products have been a godsend for me i like the fiber power gf cereal but i prefer their other gf granola cereals especially the apple raisin walnut and the cranberry maple nut,neutral,positive,neutral,True
i found the taste of this product very good and i enjoyed eating the cereal however when i compared this with a kashi cereal it had less protein and fiber than the kashi products for about the same price just in case you are looking for the highest protein and fiber content,positive,neutral,negative,False
when gracie wants to go out i don t know if it s to relieve herself or to again get some treats i haven t tried one but she says more more i assume they are five star they are individually large treats so i cut them up i think she prefers more more than large,positive,negative,negative,False
this is good for a powdered product i prefer the separate soybean paste with a packet of dried seaweed tofu but this has a good flavor a bit salty for my taste,positive,neutral,positive,True
my year old st bernard has some arthritis and was having a lot of difficulty standing up and using stairs after just one bag of active care dog food there is a noticeable difference in his comfort level he moves with much greater ease and after several bags he has not gotten tired of the food he still is eager for dinner terrific product,positive,neutral,positive,True
i am nursing but not making enough milk so i have to supplement with formula i feel good using organic formula and my son spits up less than with several other formulas i have tried sometimes the formula doesn t totally dissolve there are a few small chunks of formula at the end of the bottle but it s no big deal,positive,negative,negative,False
found this at a local store it looks cheep buti liked it better than both the hershey and ghiridelli varieties i ve tried as well as a cocoa from the bulk section i could never get from scratch brownies to taste as good as my childhood memories until i used this brand also makes excellent hot cocoa someone reviewed about a chemical flavor i ve never noticed any and i can taste the chemicals in many frozen yogurts ie golden spoon but diferent flavors pick up more on different peoples tongues so who knows,positive,neutral,positive,True
this is not our regular formula but i do purchase this from time to time when i have coupons we had such a bad experience with the gentle version of this formula that i was skeptical to try this but i was very pleasantly surprised by this protect version no constipation no throwing up no spitting the bottle out just lots of good bms happy tummies and empty bottles i would definitely recommend this especially since it has the probiotics in it,positive,negative,positive,True
i like it i bought both original and chocolate i like original better but my co worker likes chocolate better for some reason the chocolate version was cheaper not sure why maybe a different seller anyway the chocolate price of around is better than the original at the jar doesn t last as regular peanut butter,positive,neutral,negative,False
while identified as pure cherry extract the label states the ingredients to be cherry extract alcohol and water since it appears other extracts commonly contain alcohol and water i can live with these additional ingredients as a compositional reality for extracts disappointingly however the label does not state the percentages of each ingredient for some extracts the fda specifies certain minimum percentages and or weight to volume requirements be met for them to be marketed as an extract required or not for cherry extracts i would like olive nation jr mushrooms to provide this additional transparency on its ingredients label finally i purchased this cherry extract to be used in combination with the liquid form of carlsons very finest fish oil as a supplement for various medical conditions while it s too early for me to assess any personal medical benefits of this extract i can state it tastes a bit like cherry cough syrup lacking any other opinions for now i decided to rate this product stars and hope more reviewers start weighing in for a broader based rating and overview,positive,negative,negative,False
i ve been using this product for quite a while for my year old dog my dog was diagnosed of luxating patella on his left rear knee when he was a puppy i started giving this product since then it got much better and now he barely limps on his affected knee this product is helping somehow for sure,positive,negative,positive,True
ok i have been through several dog food brands all high end holistic fancy stuff and have been through some ruff lol times finding just what works perfect for my female rhodesian ridgeback now i wont bash any brands as some seem to do because some food seems to work with one pup and not another so dont be a jerk and think some food is crap because it didn t work out for your dog be a good owner and look for things they like and react well to now that being said i had a neurotic on edge dog with huge shedding issues and rr s don t shed this food was like the miracle cure and after a year of my poor little girl trying different foods all she gets is complements on how great she looks from strangers as we walk the streets if your used to high end prices this food is also a value seeing that you get s which does make a difference trust me so as for us its a full five star no shedding great coat healthy mind and a value don t be afraid try this if others arnt working out for your dog or even if you want your puppy to look even better,positive,neutral,negative,False
butterfinger hot chocolate is very good it taste like a butterfinger candy bar i like using it with my coffee for special treat i get the satisfaction of the candy bar with a lot less calories and being warm hot it is extremely comforting,positive,neutral,positive,True
we have a picky puppy after doing a lot of research on dog food i chose eagle pack we tried for days but our puppy just wasn t interested in this food we ended up getting him on taste of the wild puppy which he loves eagle pack is a great company thats made great food for a long time at a great price our dog just wasn t digging it though,neutral,positive,negative,False
i found the gum to be very good and knowing that it didn t have aspertame in it was great the flavor could have lasted a bit longer than it did and i was hoping it would be a little mintier tasting but considering that there is no other gum that is sugar free and doesn t have aspertame in it that i know of i would buy this gum i also think that the price is too high so i will wait till it goes down before i start chewing it regularly,positive,neutral,negative,False
the flavor was good but saddly i have to watch my sodium intake and this product has too much for me,neutral,negative,negative,False
i used this as a pasta sauce and it was pretty good i would not buy it regularly because it is a bit pricey but it made a quick and easy birthday lunch for my little year old brother he liked it a lot,positive,neutral,positive,True
this is a great value if you drink green tea daily and want convenience we order it this way to save gas time money and still drink the tea we like without the hassle of loose finally we have enough tea to last a month with less packaging to store price it out good value,positive,neutral,positive,True
out of the grew fine but the cilantro and the dill haven t sprouted the least it s been a month and they look great too the chives sprouted the quickest and it s huge now we tried the herbs just to test the unit and the aerogarden is doing all the work this lil booger is sweet,positive,neutral,positive,True
one of the comfort foods of korea i rarely have time to make the original recipe from scratch pure heaven but this a very good fast meal some of the reviewers downgraded it because they don t like the taste of black bean sauce i keep a container of it from the local korean store on hand at all times,positive,negative,positive,True
i was unsure by the description about how many i would actually receive i got boxes with packets of kettlecorn in each box and the popcorn got to me a week early so happy,positive,negative,positive,True
i like a bolder coffee than my husband does and this one is good enough for me it leaves a pleasant after flavor i am impressed also with the design of the cups i d certainly order it again,positive,neutral,positive,True
for a latte person like myself this lavazza coffee is pretty good i ve made it my morning coffee i have found other coffees that i liked better but they re usually pricier for example illy coffee is good and all but i think the price is a bit too high and there are other good coffees that are even more pricey this lavazza bag is a good size bag of coffee at a reasonable price and the coffee tastes pretty good if you like a less bitter coffee the shipping is quick too overall a good purchasing experience,positive,neutral,positive,True
i had israeli coucous for the first time at a restaurant and thought it was the bomb it is not a grain but a tiny pasta ball it just slides in your mouth delightfully i can t eat rice so this is a perfect side dish for me i bought a package at the store it can also be called toasted coucous but i didnt like the way it came out the box called for the pasta to be browned first i found this brand on amazon and it s great i usually cook it in chicken broth it very inexpensive here as well try it you ll be addicted too,positive,negative,positive,True
i bought these because im stationed in japan and i just love honey combs well i recieved them in the mail and sat down in front of the tv with my bowl and spoon ice cold lactaid milk and poured me a bowl and i must say they were fresh i thought getting cereal in the mail would come stale and then get them all the way to japan would make matters worse well it didnt i love my honeycombs,positive,negative,negative,False
this coconut water is my second favorite brand with vita coco being number one on my list i personally like the plain coconut water but for a flavored one this one is pretty good,positive,neutral,positive,True
i mix this soft food with my boston terrier s dry food so i don t use much for each meal using the larger cans meant i would end up throwing half a can away wellness brand is very high quality food and has been working very well for our dog who has a very sensitive stomach,positive,neutral,positive,True
great price the quality was of the product was good but the strawberries added an undesirable flavor,neutral,positive,positive,False
as the rest have been taking the product for over weeks didn t notice any improvement or change in anything and it tastes awful,neutral,negative,negative,False
i like apple cider and i can have more than one of these for far less calories than the normal cider in fact i can drink two in the evening as i m relaxing and i do not have to worry about the calories if you re used to drinking drinks flavored with aspartame then these will be just fine my husband doesn t like them because of the artificial flavoring and he also doesn t have to worry about his weight like i do so i bought two kinds of apple cider and neither of us touch the other s cider,positive,neutral,positive,True
i previously bought the medium size of this product i don t put it in it s bristle boy my chihuahua loves the rings just a they are for such a tiny dog she s a powerful chewer the picture of the smaller gnawhide rings looked like they were the same diameter just thicker not they are teeny tiny she ll be eating them but i m pretty disappointed in their size personally i d love the medium rings to be thicker so they ll last longer than minutes,positive,neutral,negative,False
timothy s italian roast is a very good medium roast coffee i found little bitterness or aftertaste with it a nice smooth cup of coffee so many choices in the k cup world there s something for everyone i would give it stars but the name says italian blend i would figure an italian coffee would have a darker roast,positive,neutral,positive,True
i absolutely love these shortbread cookies unfortunately my store is out of them and doesn t know if they ll get them back in stock they are plain shortbread not flavored i would order the butterscotch if i knew the nutrition count was the same could someone give me the nutrition count on the flavored ones the plain ones are cal fat carbs less than protein fiber serving size to cookies on weight watchers these are only point a serving thank you eileen,positive,neutral,negative,False
the first thing i loved about this coffee was how quickly it was shipped and i loved the different type k cup while i realize that some people were upset because it wasn t like the regular k cups i actually like this style better this style is more compact and much easier to store once i opened one of the bags i just placed the open bag in a zip lock storage bag to maintain freshness i hate bitter strong dark coffee and that is always my biggest fear when ordering an unknown in my search for something that appeals to me i have found many that were too strong or too weak at first taste i thought omg this is the one not too weak not too strong and i could actually taste a nice flavor but about half way through the cup i started to notice an aftertaste so while i won t have any problems drinking what i bought i probably won t buy it again even though the price was awesome i ll keep my fingers crossed that once i get used to it i won t notice the aftertaste,positive,neutral,neutral,False
this product i love however the product pictured on amazon showed a package of large greenies for and what arrived was a package of that price i can beat at several of my pet stores i had ordered packages based on the large and since they weren t as advertised sent all back,negative,positive,negative,True
they smelled really good and my husky loved them not worth the money tho and not many in the package,negative,positive,negative,True
these are exactly what i expected when i ordered so much cheaper than buying tiny overpriced bags in candy stores great for sharing too although you won t want to,positive,neutral,negative,False
i guess its okay using these pods for latte s but if your looking for a good cup of espresso i wouldnt recommend its way too light for my taste,negative,neutral,negative,True
i was looking for a new snack item someone told me to look for flavored popcorns not sure what to expect when i purchased this well pleasantly surprised the taste is a cross between cheetos and cheesits popcorn pops very well with only un popped kernels be prepared messy popcorn but oh so good the coloring is as expected orange you can confirm this by touching anything after you have a handful paper towels are a must addictive messy easy to prepare what more can you expect of a snack,positive,negative,positive,True
if you are really into chai latte s at starbucks than this is what you need to get since it is the same chai concentrate mixture the mermaid people use i do find it a bit overpriced starbucks stopped selling it a couple of years back and outside of big wholesale retailers it is pretty hard to find,positive,neutral,negative,False
i drink my coffee black and like some flavor now and then but with this i need to add cream and sugar to enjoy it but when i do add creamer it is very nice,neutral,positive,positive,False
this shizzle be tha baa deez nutz be ballin my nizzle jerry be hatin on razins and i be all like tropical blendz aint got no grody grape rot,positive,negative,positive,True
these were an appropriate addition to a baby shower theme if you live somewhere where these are not sold this product is nice to have for your event be advised that weather and shipping conditions might alter some of the m m s it was so with me because i pulled some chipped and broken pieces the colder weather they shipped in probably added to the hardness of candy all in all i m glad there is a customizable option for m m s,positive,neutral,negative,False
out of the several brands of canned refried beans i have tried this is my least favorite they become more palatable if one adds granulated garlic and finely diced onions,negative,positive,negative,True
i was really hoping that these would be a great treat for my dogs both yorkies unfortunately after give each half a stick they both broke out with allergic reactions one yorkie had redness and swelling on his upper eyelid and under one paw the other had a red swollen bump on his tail and they were both itching and scratching i obviously didn t given them any more of these treats and some benadryl to calm down the reaction they had,negative,neutral,negative,True
ok the keurig is a trap because it makes such good coffee and the cups are so expensive black tiger is very good as a dark strong coffee and the price is good if you sign up for monthly shipments,positive,neutral,positive,True
we use this in our espresso maker and it makes a good latte but i thought i d be blown away by the crema part of the taste just tastes like a normal homemade espresso nothing different than when we make it with starbucks or whatnot that said great price if you do the subscribe and save,positive,neutral,negative,False
i ve imported my rooibos since i couldn t find a decent flavored kind in the us not even at teavana despite their awful prices this cherry blossom rooibos is almost as good as my imported stuff i really enjoyed it,positive,neutral,positive,True
one thing great about america is a lot of choices one thing bad about america is a lot of choices how many different kinds of coffee do we need now i have to make another decision when really i just want to enjoy a nice cup of coffee in the morning should it be decaf or regular brewed or instant some of these choices are easy for example instant is never a substitute for brewed coffee starbucks is better than the vending machine at work these choices i can make in a second now i need to decide about the acid in my coffee i first discovered that coffee had a fairly high acid content when i inadvertently drank a really old cup of coffee at a gas station i think i also discovered acid indigestion i also realize that many people have an acid intolerance from a medical standpoint therefore low acid coffee is a good idea is it good coffee this package was a french dark roast which i felt was extremely flavorful in fact after the first few cups i was actually making the coffee somewhat weaker to suit my taste in no way did the low acid impact a full bodied flavor i recommend the coffee regarding flavor however i suggest reviewing the coffee on puroaast s website to discover the real ingredients and acid percentages the package seem to give no details except for the statement now you can drink coffee again,positive,neutral,negative,False
tastes very similiar to the amp energy drink but slightly better kind of like if you mixed mountain dew with sprite much better than the mint flavored jolt gum which tastes like mint gum with a horrible after taste plus it is actually sugar free which is better on the teeth,positive,negative,negative,False
i first found out about this tea when my husband and i went to england france when we got back in the usa we found it in an international grocery store i was so excited,positive,negative,positive,True
i ve made multiple orders of these and i ve never been disappointed they are always well packed and always frozen solid with plenty of dry ice left over they re a little thick for my clamshell george forman grill so i cut them in half and in min i have two tasty steaks and dry ice to play with and a styrofoam shipping container to take fishing or use as a giant cooler watch your shipping and try different quantizes on the web page to get the optimum shipping deal my last large order was discounted enough to lower shipping to a buck fifty they are vacuum sealed in groups of two which can be cut into singles just grilled one tonight,positive,neutral,neutral,False
you can get these at sam s for about although smaller they are sweeter than many brands i have sampled i recommend them for those who don t mind shelling nuts,neutral,positive,positive,False
these are more salty than they are spicy on the outside it s a toned down version of the mango flavored mexican lollypops on the inside it s tastes quite sweet but does not taste anything like strawberries over all the mango flavored one is still a little better but if you re deciding between this or the watermelon one get this bag instead the watermelon one tasted gross,positive,neutral,negative,False
despite the fact that tetley has iced tea blends this is excellent for the purpose i simply boil cups of water and steep bags in it as long as i like then i cool it and serve this tea must be low in tannins because it never seems to get overly bitter even with prolonged steeping time it obviously isn t connoisseur tea but you do get your money s worth i give it stars for the value and versatility,positive,neutral,positive,True
this is not the best turkey jerky i have had but for the price is is worth it and i may re order this company also sells beef jerky which is way too sweet and poor quality and processed the turkey jerky is not nearly as bad as the beef it has thicker pieces and is not as sweet because the price for this turkey jerky is pretty low it makes it worth it but it could be improved by being less sweet it s not as bad as he beef but still too sweet texture and meat quality were good but not excellent,neutral,negative,positive,False
these are delicious crunchy and full of flavor i wouldn t even try the flavored ones but that s me eat them alone or dip them,positive,neutral,positive,True
when i drank from the first bottle i wasn t really impressed and thought it must have been hype however a few days later i drank some more and it seemed better it s refreshing has no taste whatsoever and is smooth of course it is water but it doesn t have that plastic taste some get from the plastic bottles i can t say anything as to its health claims but it is good and i would purchase in the future,positive,neutral,positive,True
my two border collies can eat through inch rawhide rolls in one evening that s one bone per dog that gets expensive these inch bones with knotted ends are a better deal i give one to each of my two dogs and the bones last weeks i ordered these at the end of september noticed the amazon price went up by per bone in october not happy with the price jump but it s still a better deal than the inch bones,positive,negative,negative,False
this blend seems to be very light for jamaican panama blue very fine powdery grind much like the european favored style,negative,positive,positive,False
we use this with our bread maker it is the closest thing to a wheat bread taste we could find,positive,negative,negative,False
these wafers very good and tasty but where is expiration date on the packaging why a manufacturer does not consider it necessary to specify it why only lot number,positive,neutral,negative,False
the shipment was quick and the product is quality we d tried a sample from the lbs and then decided to buy them in bulk one of the units was opened so we discarded that but everything else has been of high quality they go down well on the ride with a little bit of water now if only i could look more graceful in getting the individual packages open while on the ride,positive,neutral,positive,True
i cheer every year even if it is still degrees and i see that starbucks is offering pumpkin spice latte the only thing i don t cheer about is the price for this addictive habit now i can make a pumpkin spice latte that almost tastes like the ones a barrista makes and i don t have to leave a tip this flavored coffee has very good flavors especially of nutmeg but cinnamon and cloves are in there too like all these coffees using really hot water and stirring for at least a minute makes a better cup and prevents the bottom of the cup residue this is a light coffee not a strong robust one so don t think it is going to wake you up in the morning if you did something the night before you shouldn t have but it is very nice mid day or evening treat and won t keep you awake unless you are sensitive to small amounts of caffeine you don t really want to serve it with dessert because it is too much like dessert itself but some vanilla flavored cookies go nicely with it,positive,neutral,negative,False
ok maybe it s me but when i see that this is a sampler with tons of different flavors listed i assume that i am going to get just that tons of different flavors or atleast give me a similar number of each flavor this order was a joke from the beginning it arrived in a punctured box but perhaps that happened in delivery i open the box and find a paper bag stapled shut i open the paper bag find a bunch of tossed in k cups then when i pull them out i counted that i had like of one flavor and of some and or of others this really is incredibly unorganized i will not buy from this vendor again,negative,neutral,negative,True
tastes great and i ll happily finish the box but my mistake for not checking the nutritional info more carefully before ordering g of fat per bar is pretty damn high i was hoping for a protein snack that was pretty lean otherwise this is sweet and delicious but not as healthy as i was hoping for,positive,neutral,negative,False
i adore this truffle salt i can t have breakfast without it anymore eggs just seem dull without it it s a mild truffle taste and for people who might be afraid to try it this is the one the smell may put you off when you open it but don t let that stop you once it hits your food it turns into a fabulous taste addition to most foods i love it on meat and vegetables and it s incredible on burgers i cant think of anything i wouldn t try it on it enhances the flavor of anything it s used on,positive,negative,positive,True
ginger snaps are one of my favorite cookies and frankly i ll eat almost any brand when i m in the mood for them that s how i know that not all ginger snaps are created equal far from it newman s own organics ginger snaps really hit the spot with me they re not over sweet and they have a nice peppery quality a lot of snap with your ginger they also have bits of candied ginger floating in them so along with a good crunch they re not rock hard like some others i could name though you get little bits of chewiness making the texture very appealing normally i d go on about how there s no hfcs the sugar and flour are organic and a bunch of other things related to relative healthiness but seriously i love this cookie and i don t think i d care if it did have a lot of crap in it no okay it would make me unhappy but not so much so that i d never eat them again i m really impressed with these ginger snaps newman s own is a bit hit or miss for me but these cookies are clear winners for a ginger snap junkie like myself,positive,neutral,negative,False
chances are if you re not european you will not like this it is a very thick sour milk lapte batut in romanian o growing up on it i was very happy to find it here in the states you can usually find it at whole foods wild oats or in the gourmet section at safeway vons the regular tastes much better than the low fat but it s still very thick and sour they also make it in vanilla and berries blueberry i think my husband who is american says it tastes like milk that s gone bad i happen to disagree o,positive,negative,negative,False
my cats seem to like the smell of this catnip however i usually crush catnip to release the scent before i give it to the cats with this product i have been getting sharp splinters from the woody part of the plant in my fingers i have noticed the cats sometimes seem to also get jabbed i won t buy this brand again,negative,neutral,negative,True
i have been a fan of the millstone hazelnut coffee bean for a number of years and as its popularity has grown the price has gone up and availability diminished i ordered this two bag set from amazon because it was cheaper than i can get locally one bag was as expected and the second bag had a very small bean and only a hint of hazelnut nut sure if it was a production error or what but the second bag was not good first time this has happened if it happens again i will find a new brand of hazelnut beans,neutral,positive,negative,False
some people are concerned about this product being made in china personally i think it s fine since it s from the largest rice cracker manufacturer in the world they should have decent quality control systems after all the ingredients from the frightening food scandals in china never appears in any of their product that s made in china interestingly some of their adult rice snacks made in taiwan were involved however i hope i ve read the nutrition facts before purchasing this product it has sugar and sodium baby food are not supposed to have sugar and salt added into it they are for adults especially the sodium per serving for this product is about the value for reduce fat potato chips since you cannot return grocery purchases on amazon think twice before you buy this my daughter is months old i ll probably give her this after she s months old since i cannot return this anyway but i won t give her too much in a day simply because of they added salt into this product,neutral,negative,positive,False
we cannot hardly find this gum anymore in the stores so we tooka chance and ordered it online very good choice to make,positive,neutral,positive,True
so there are a lot of reviews regarding the change in nutritional content between old green plus bars and new ones here s a quick breakdown of the changes old cals fat g fat monounsaturated polyunsaturated mg sodium g carbs g fiber g sugar g protein new cals fat g fat saturated monounsaturated mg sodium g carbs g fiber g sugar g protein ingredient list new changes in parentheses ingredients organic medjool dates organic dates changed organic almond butter organic quinoa sprout powder non gmo soy protein isolate original greens powder non gmo soy lecithin organic hawaiian spirulina hawaiian spirulina changed organic apple fiber barley grass powder barley grass wheat grass powder wheat grass changed japanese chlorella hydroponic soy sprouts organic brown rice bran sprouted barley malt alfalfa grass powder alfalfa grass changed dairy free probiotics removed royal jelly montana bee pollen acerola berry juice natural vitamin e licorice root powder milk thistle extract milk thistle seed extract changed echinacea root extract siberian eleuthero root extract astragalus root extract licorice root extract organic red beet juice dunaliella salina algae organic nova scotia dulse organic ginkgo biloba leaf extract organic japanese green tea extract grape seed and skin extract organic swedish bilberry extract organic rice crisps wildflower honey organic honey changed mixed tocopherols natural vitamin e natural mixed tocopherols vitamin e changed biggest changes i saw were the type of dates used and the switch from wildflower honey to organic honey i theorize that the reason the nutritional information changed was because they switched to a different type of date with slightly more fat i believe they added more of this new date and removed tiny amounts of other more expensive ingredients protein powder that would increase the sugar and calorie content as shown lower protein levels and raise the fat content slightly so if these bars taste more sweet have more fat and have more sugar it s due to the extra content of dates and maybe almond butter and decrease in soy protein powder that s my theory either way the bars taste pretty good right now and there are no better alternatives on the market,neutral,negative,negative,False
this is a very good beverage if a little sweet for my taste i plan to buy it again i noticed this coffee and many other k cup products are available in many different package sizes and many different costs per serving use amazon s convenient filters to narrow your selection to the price you want and don t forget to look at the shipping cost i really appreciate some of amazon s free shipping specials,positive,neutral,positive,True
discovered kind bars at a roadside rest area and was amazed at how one bar kept my hunger at bay very nice tasting have tried a few of the other flavors but they all had coconut which i m not a fan of this has a nice sweetness to it and therefore some real flavor even though it s good for you,positive,neutral,positive,True
these pods do not fit in the senseo machines the lid will not shut with just a single pod in the holder my husband did manage to shut the lid but then the coffee leaked out the sides of the machine because the seal couldn t properly close around the pod packaging says fits all coffee pod brewers and it is a total lie,negative,neutral,negative,True
i m not a tea drinker so i ll start with that right off the bat however i was reading online about some non medication ways of coping with a stuffy nose one of them mentioned mullein tea as a natural remedy to combat mucus so i schlepped down to my local health food store to buy a box of tea bags for about a buck more than they are here on amazon not only did drinking this tea times a day for a couple days have zero effect on my stuffy nose but this was the worst cold cough flu i ve had in about years obviously i can t prove that this was because of the tea but i am convinced that i wasted my money on this useless product and that at least for me it provided absolutely no results for anything sorry,negative,positive,negative,True
as with thomas wolfes theme in the novel you can t go home again attempts to relive youthful memories will always fail well this product didn t exactly fail but it was not a good as the original plus the company didn t bring back the cherry flavored drop either the honey flavor was okay but nowhere near as concentrated as the original drop i wonder if it is because it is advertised as natural honey isn t all honey natural obviously there was some demand for the company to attempt to bring it back but if they went to the effort to do so how come they did t follow their original recipe i do like the new container as sometimes the drops got stuck together in the original box,neutral,negative,negative,False
i appreciate being able to buy this larger more economical size from amazon however i didn t examine the picture closely enough because i was surprised to see that the cans were not pull tab and i had to dig out a can opener inconvenient especially since i feed my cats in the laundry room in the basement not in our tiny kitchen five or six of the cans were dented i ordered a total of a couple pretty severely i m not sure what the box went through with the shippers but even the cans need better padding,positive,negative,negative,False
i discovered soy on the go at my local grocer yet it always seemed to be either limited available or sold out i was quite pleased to find it via amazon but then amazon is well on its way to have everything this soy milk unless most doesn t not have a chalky texture but rather a smooth light mousse flavor,positive,neutral,positive,True
this is not a health food but i probably didn t need to tell you that the first ingredient is sugar and the second is palm oil i just received and opened this treat and had my first cookie if you like reese s peanut butter cups who doesn t you will probably like these they taste almost exactly like a reese s but are shaped like a cookie and have a thin cookie crust on the bottom so to describe it it s a cookie crust bottom with peanut butter on top then the entire cookie product is covered in like a dipped chocolate similar to what you d get if you went to dairy queen and had your vanills soft serve cone dipped in chocolate they use the word fudge on the packaging but i personally would not claim that they have a fudge like taste betcha can t eat just one lol,positive,neutral,negative,False
if you want gas then take these everyday it made me feel boated all the time i know it was the coconut oil pills because one i stopped using it i went back to normal sorry i still love amazon janet,negative,positive,negative,True
i found the barley sprouts that i purchased from the sprout house very clean it does take a while for them to sprout and not all of them will shipped on time i would buy from them again,positive,negative,negative,False
didn t look like a lot when it arrived but it doesn t take much to fill a quart jar with sprouts days to sprout and nearly a sprouting rate wonderful in pad thai and chinese rolls,positive,negative,negative,False
this is the first time i tried sea salt vinegar chips not my taste make sure you like salt vinegar before ordering you may be in for a suprise if you have never tried them before i ll stick with the salt and black pepper chips,neutral,negative,negative,False
i have used both this jp coffee and the french roast the first time i got a fresh tasting batch but neither this nor the french roast has held up since that first batch had the aroma and taste of freshly roasted beans all the others and i ve used this for about years give the impression that they ve been on the shelf a while i m forced to drink decaf so i intend to get locally sourced top end quality coffee with a high stock turnover rate,neutral,negative,negative,False
this is healthy meat free organic and low fat what more could you ask for the faux chicken tastes better than the real chicken in campbell s which is probably made of chicken beaks anyway the flavor is just like any canned chicken soup but better some people are impossible to please especially the ones that are newbs at being vegetarian because they re following a fad or trying to impress a guy girl seriously don t let the negative reviews sway you the smell emitting from the can is the same as any canned soup if not less noticeable and the taste is great it s all natural so unless they got an old can how could there be a bad smell just knowing that there aren t a bunch of dead animal parts floating around in it is good enough for me oh and it looks better than the pic on the label way more noodles and carrots,positive,neutral,negative,False
i can just look at a carb and i gain weight this product allows me to eat pasta and not get all the high impact carbs on my blood sugar grams of fiber is outstanding unlike the other reviewer i think it tastes really good the texture is a little more chewy and thick but again this is something i like i dont miss white pasta at all when i eat this,positive,negative,positive,True
i have bought palm sugar before and love it in my coffee tea and on fruit i was shocked to taste this product and find it contains salt i see that the packaging says fleur de sel but do not speak french so that didn t mean a thing to me i realize that if i had carefully read the entire ad and not only the product features i would have seen that the important information and product description list salt as an ingredient this is a great product just be aware that fleur de sel means salt,positive,negative,positive,True
my dogs are very tiny and i needed a chew that would have the benefits of teeth cleaning but without any weight gain and these did great plus my dogs enjoyed them if a dog doesn t like the taste and won t chew on a dental stick then it would defeat the purpose so these fit the bill all around,positive,neutral,positive,True
the linden honey is fine texture unique sweetness and with an added aftertaste works great in tea over fruit mild acid and on chicken as you are to serve,positive,neutral,positive,True
i would not object if these had been labeled simply currants because zante grapes are called currants in this country the u s however bob s red mill has unfortunately chosen to label these black currants which generally means ribes nigrum luckily i read the fine print at the last minute zante raisins vitis vinifera are fine as raisins go but they are not the antioxidant powerhouses that real currants are and they do not have the complex flavor that the rest of the world associates with black currants bob s red mill black currants are probably better than most zante raisins but the label is misleading and it misrepresents the product bad call bob i expect better from you,negative,neutral,negative,True
thia batter was okay there are better recipes online and you can also mix in some of your own ingredeints its only cooking and if they come out tasting bad just take them to work and have your coworkers eat them,negative,neutral,negative,True
this espresso is much better than i expected for the price and the fact that you get cans i wasn t expecting much but the flavor is excellent the grind is perfect for espresso and i ve got enough for a while for the price and amount you receive this is more than a star product,positive,neutral,positive,True
my wife is obsessed with these things so i was willing to pay any price to get them but wow price plus shipping is outrageous these bags are not even a pound lbs and each bags comes out to a whopping apiece that s crazy a friend of hers was going to surprise her with some of these but when she saw how much they were she couldn t bring her self to pull the trigger to give toyhousedeals the benefit of the doubt these are hard to find on the web and are very expensive if you do find them so that s my reason for giving them stars instead of even lower although they are still responsible for their high shipping chargers bottom line is the product is great and toyhousedeals performed excellently it s just about the price meanwhile i have found a solution just google black outback beans amish and you will find the exact some product in a no name version for less than half the price even with shipping you ll find these people great to work with too enjoy,positive,neutral,negative,False
i always buy this kind at the grocery store it has the two pack of taco sauce inside it also has enough shells to use which is shells my parents love to break their shells and make theirs into a salad with the meat and cheese and other but not me i love keeping like it is and stuffing the meat salad and cheese inside to me it just wouldn t be like real taco if the shell didn t stay the way it is plus it s dis respect to the country mexico destroying their tradition,positive,negative,negative,False
this product met my expectations very well the flavor wasn t quite what i expected however i expected a cinnamon flavor with subtle hints of hazelnut and vanilla instead i found that all three flavors are pretty evenly distributed the end result is a cacophony of flavors which is very powerful and distracts from the natural coffee flavor the beans themselves are rather small because of this i think the coffee is rather weak i find myself having to use more coffee per pot than with my traditional coffee beans the cup when poured black has a very weak color to it if you add creamer the look is very reminiscent of tea with milk when i first tried the coffee i was very unhappy with the results however after tweaking the amount of grounds i use as well as increasing the coarseness of my grounds i found a product that was palatable would i buy it again probably not however i can see many people who dislike strong coffee truly enjoying this,positive,negative,positive,True
it s an acquired taste but it works for ibs sufferers with few other options for stomach relief i d definately give it a try,positive,neutral,negative,False
i have tried several of the stash herbal teas and other brands and this is my favorite as mentioned by some of the other reviewers it is a little weak when compared to other brands but the flavor makes up for that in my opinion and i do not always want a strong tea,positive,neutral,negative,False
this is the year i vowed to lose lbs i did that and more and still going i discovered these gems by accident through an ad online that boasted about a zero calorie noodle i was suspicious i read and researched it and put in my first order i rinsed them thoroughly and prepared my first meal with them using tomato sauce and eating them like spagetti i was hooked i eat these in several meals a week i usually throw in some veggies some low sodium soy sauce and a few ounces of protein and feel like i m eating like a queen they keep me full and i feel like i m indulging ignore the negative reviews honestly i think these people are expecting the same old starchy heavy noodle they are used to eating with regular pasta i haven t gone back to wanting or eating regular pasta since i started buying these i even throw them in my ninja blender to make the noodles very small and mix them with a fat free yogurt and some honey and it tastes like tapioca pudding after they are rinsed and patted as dry as possible with a paper towel miracle noodle also makes a rice size that is perfect for adding to yogurt and enjoying like tapioca pudding the biggest secret is rinse them and even boil them in water for a few minutes and it really does remove any fishy smell my diet is a priority and i don t mind the couple of extra steps because the results really are amazing i ve also made a vietnamese style pho soup with these noodles very versatile it s my secret weapon of weight loss,positive,negative,negative,False
i just received the spice box and i can say without reservation that i am satisfied everything one needs for a good indian dish is in the spice box it is a good starting point for somebody who is just starting out in indian cooking such as myself if one was to buy spices one by one it would be expensive and like this you get everything you need for just a few dollars everything comes neatly packaged and labeled so that you don t mistake your curry from your garam masala and so on be warned however the spice box has a very powerful smell so much so that i had to contain my in a plastic bag and tie it because the smell of different spices together was overpowering my small kitchen once in the bag the smell dissipated enjoy cooking,positive,neutral,positive,True
at first i was cruising amazon looking for random products to review what could be less deserving of a review than bottled water but then i discovered that you can buy fiji water on amazon and that s worth an actual serious review at the time of this review the idea of bottled water is in question it s harvested in one location shipped to another location for filtering a bottling and then shipped all over the world you ve got the plastic bottles and the energy used by the processing and shipping industry i m not a green fanatic but i know a lot of people seem to care about this fiji actually goes to great lengths to give back to the environment by way of protecting the areas where they find the water by planting new trees and probably other ways according to their website they ll soon be carbon negative personally i don t think bottled water is that terrible when you think about all the other industries polluting so much more bottled water seems pretty harmless nevertheless some people care and those people can feel good about figi water now on to taste water is water right not when it s fiji water this is the single most pure tasting water available i ve had all the premium brands but i keep going back to fiji it uses a complex filtration system explained in detail on their website it is certainly more than glorified tap water unbelievably the majority of bottled waters are tap water from wherever the packing center is located maybe with a few added minerals for taste fiji is one of the few waters that is actually different than what comes out of your faucet at home fiji is plenty expensive but it can t be beat enjoy,positive,neutral,positive,True
the switch black cherry ounce cans pack of delicous fruity drink this drink has the carbonated beverage fizz with out all the bad side effects my year old daughter loved this drink switch has fruity flavor but not to sweet or overpowering no sugar or preservatives are added to this drink,positive,neutral,negative,False
a very nutritrious and delicious soup from amy s not offered in the organic sections of grocery stores in my area of the u s but about a quarter of the cans in the case were dented and therefore not acceptable for long term storage i wouldn t buy a dented can from a store and therefore am dismayed that amazon would ship damaged goods if amazon is getting a good price on this product because the cans are dented already the product should be advertized as such i don t like being sent a case of canned goods with the cans in the middle of the case crushed what s up with that i have been satisfied with the condition of other canned goods bought vie amazon but buyer beware it is not worth my time to complain and return but i won t buy amy s soups through amazon again and in the future will really question whether buying any canned goods through amazon is worth it even if the price is right considering that the goods may or may not arrive damaged hey amazon honesty is the best policy it s not a deal if you send me damaged goods,negative,positive,negative,True
i originally ordered a package of everlasting treats to see if my puppy would like them she ate the first one in one sitting so i had my doubts if i d buy many more seeing as they are expensive for an hour of chewing the second one lasted her a couple of days so i did purchase another pack the next ones lasted her about days each so next i purchased the treat ball she likes to play with it but can t gobble up the treats i ve got treats in the ball now she s had it for several days and everything is intact she likes to play with it it seems tough enough to withstand her chewing mo old husky g shepherd this is a toy we like with treats she enjoys i wish the treats were made of something more nutritious but i m okay with her having them especially since she doesn t eat them in one sitting anymore my puppy akiak gives this product two paws up,positive,negative,positive,True
after reading the only review for this product i accidentally purchased these thinking it was the actual toy these are simply the treats made for the toy not the toy itself my dog seemed to like them but theres nothing exceptional about them that makes up for the price,neutral,negative,negative,False
the chocolate peanut butter is insanely good considering the nutritional facts i wasn t expecting to much and just wanted a low cal treat but this stuff is awesome i am not one of those people that expects things to taste the same as regular but it is honestly great plus each serving has grams of protein you absolutely can t go wrong,positive,neutral,positive,True
these are good and not chocolately sweet good texture if you want something other than chocolate,positive,neutral,positive,True
jack link s beef jerky original ounce packages pack of tough and chewiness dry not too salty this is one of my favorites since the flavor isn t too strong i tend to eat too much,positive,neutral,positive,True
i m not a tea drinker so i ll start with that right off the bat however i was reading online about some non medication ways of coping with a stuffy nose one of them mentioned mullein tea as a natural remedy to combat mucus so i schlepped down to my local health food store to buy a box of tea bags for about a buck more than they are here on amazon not only did drinking this tea times a day for a couple days have zero effect on my stuffy nose but this was the worst cold cough flu i ve had in about years obviously i can t prove that this was because of the tea but i am convinced that i wasted my money on this useless product and that at least for me it provided absolutely no results for anything sorry,negative,positive,negative,True
i did not buy this product i had this oatmeal at a buddy s home i can tell you this much it is the best tasting oatmeal i have ever had the reason why i have not bought this item is because at this time i send care packages to this young marine in afghanistan i feel his needs are more important than mine i just wish these wars would get over with,positive,neutral,positive,True
i love my dubble bubble so i guess it isn t a surprise that i wonder why this product looks like it was pushed through a pasta maker when the real gum i love is smooth as a cylinder not sure why this one is serrated,positive,neutral,negative,False
a decent product and great on the go but the taste is terrible the chocolate raspberry is a little better than the cashew and chocolate bar but only a little better the lara bar is a much better tasting raw food bar,negative,neutral,positive,False
i use senseo coffees at least twice a day we have several flavor and roast varieties senseo is a dutch roast coffee but the pads are made in belgium the breakfast blend is a very good tasting coffee but too mild for me for quality and quantity i rate this item stars for being to mild for my tastes i rate this coffee stars,positive,neutral,positive,True
this is neither boric power nor potato starch powder it clogs to the board and is not smooth i use my carrom in an air conditioned room and not sure if the humidity of the room has anything to do with how the powder behaves in any case boric power or potato starch powder are better than this powder,negative,positive,negative,True
haven t gotten my shipment yet from amazon but i ve gotten these at tj max in the past and they are wonderul sweet and soft the key lime ones are also fabulous,positive,neutral,positive,True
i have a family secret homade mustard recipe the price of this mustard compared to the store saved me lots of money and i can make many gifts for the families,positive,negative,positive,True
my husband is a gummy candy fanatic i had bought this in the hopes of finding a new brand he enjoyed but neither of us were all that thrilled with this one don t get me wrong it wasn t horrible by any means and we did eventually finish the bag but we didn t love it enough to want to pay for more if you want to try something new i would definitely recommend this but i think you can find much cheaper gummy candy around that taste the same if not better,positive,negative,negative,False
you don t mind paying a little more for candy delivery every now then its not bad the main reason why i bought such a lg amount was because i was shut in it helped my dry mouth good candy,positive,negative,negative,False
i had high hopes for this cereal since i am somewhat of a chocoholic unfortunately it did not live up to my expectations the flavor in the first bite is rather good but the flavor doesn t last the texture is also a problem even in the first bite the cereal was turning mushy and it had only been in the milk for about seconds the calorie content is higher than other better tasting cereals i asked my year old son to try it he is the reason i buy several boxes of cereal each month he liked he flavor but admitted that it was too mushy in milk if you are looking for a good chocolate cereal that isn t full of sugar there are better ones to chose,negative,neutral,negative,True
i have respect for the wellness brand and have previously bought my dogs other wellness treats these wellbars are marketed as bite size my corgis love them and they can certainly eat them in one bite but for a medium dog i consider these larger than bite size luckily the bars are easily broken in two to provide a smaller snack weight maintenance is a high priority with my chow hounds each bar has calories the first few ingredients are ground barley cane molasses ground brown rice whitefish and sweet potatoes there s no wheat corn soy artificial preservatives color flavor this is a big box of treats i do wish that the bag was resealable but that s a quibble,positive,neutral,negative,False
i thought that package of cocoa was enough to receive a good chocolate taste and the marshmallows gave an additional sweetness for a nice cup of hot cocoa,positive,negative,positive,True
item as described texture of gummy softer than a normal gummy bear probably due to size very good though,positive,neutral,positive,True
i love sweet and sour candies so i decided to give these a try my initial impression is that they don t put a lot of the candy in each box but i guess that s pretty typical the candies look good but were pretty stuck together in the bag no biggie when i first tried these my thoughts were that the candy has a nice little sour taste to them when you first put them in your mouth then the sour goes away pretty fast within seconds or so i would have preferred that they have more sourness to them but that s ok the flavor is good and is a nice mix between strawberry and watermelon the texture is more spongy or chewy than a candy like sour punch kids these bits are not gummy like those overall i like the taste wish there was more sour and the texture is pretty good not my favorite but definitely still good,positive,neutral,negative,False
i was actually a little surprised that this was as good as it was because i ve tried some of the other lower calorie peanut butters like better n butter i think that s what it was called and i actually spit it out because it tasted so artificial if you go to the bell plantation site the company that makes this stuff there are lots of recipes that look appetizing my only problem with this powdered peanut butter is that it s just not as satisfying as the real stuff because there s no or not much fat in it so sometimes it s hard to only eat a little like you would with normal peanut butter but the taste is very natural not fake tasting in any way and i loved it,positive,neutral,negative,False
disclaimer i do not have a gluten allergy nor am i lactose intolerant i had have an egg allergy however i still eat a small amount of eggs occasionally years of adolescent reinforcement go figure i m okay if i eat an omelette with less than or o o i should probably stop the cookies i am vegan days of the week mostly because i m curious and i want to be real as possible about my love for animals i ve never was really fond of dairy even though i ve never had a serious issue with it also i m asian so i was raised on soy products i am curious about what would happen if i stopped ingesting soy products i grew up on chips ahoy keebler s mrs fields pepperidge farms for what these are being gluten free nut free soy free fish free these packaged goods have my thumbs up usually these healthy alternative items don t end up tasting all that great because of a lack of fat and sugars not so with these i like them they re soft bite size only per box though that s kind of lam a serving is two cookies i eat them with hemp milk i ate the box in three sittings though i could probably do it in two or one these are the only cookies i know of that are gluten nut dairy and soy free i ve also tried lucy s and pamela s they taste great too but i ll choose these less is more enjoy lifes p s google for oreo stuffed chocolate chip,positive,neutral,negative,False
i ve always been one of those people who roll their eyes when they see ads for hair products that make actual changes to your hair i mean it s dead how many changes can you make to it well darned if i have to quit the eye rolling routine from now on because this shampoo along with the conditioner clear scalp hair beauty strong lengths nourishing conditioner fluid ounce has changed how my hair looks and feels i used to have long silky blonde hair i loved it then i turned and this evil gray curly stuff invaded my scalp now nearing about half of my hair is still straight and fine and the rest is grizzled and curly it is not pretty i did try some different products to tame the evil mass on my head but nothing really worked and if it did anything to the curly stuff it made the straight stuff look like an oily mess so i had about given up fortunately this product was offered to me through vine and after weeks of use i am completely amazed at how different my hair looks and feels i can t say it s the same as it was when i was young but the curly stuff is no longer frizzy and the straight stuff looks good too i can wear my hair back in a ponytail again without having the sides look like crazy cat lady by afternoon it is wonderful i don t know if it will work as well for everyone but if you ve got middle aged hair problems i definitely recommend giving it a try,positive,negative,negative,False
in my humble opinion this is by far the best tasting k cup flavored drink i tried it all it has a distinct coffee flavor that is not too strong but not too light,positive,neutral,positive,True
we have a lab retriever mix that we rescued from a shelter about six years ago baxter the dog developed an allergy to the food he was eating and began to lick and chew on his paws incessantly it was beyond annoying keeping us up at night we were given a suggestion to try dogswell vitality this was the best advice we had ever been given the licking and chewing stopped we were not feeding him cheap dog food to start with but he did develop an allergy to it we have been using dogswell for about years i wish we had known about it sooner dogswell vitality did cost more however it lasts longer considering the fact that you feed your dog less per meal i am very happy with dogswell products,positive,negative,negative,False
my chihuahua puppy did so well on this food but then i could not find it anymore i tried a new food but she had diarrhea and bloody mucous finally i put her on the avoderm small breed adult food as the formulation is a lot like the small breed puppy version except with a little less protein my puppy is months old now so i figured it was okay now she is thriving again nicely formed stool very silky coat that is luxurious to touch and lots and lots of cheerful energy i am not kidding i hate paying a premium price and having to go way out of my way to buy avoderm but my dog does so well on it that i am going to keep her on it how much can a pound dog eat anyway,positive,negative,positive,True
i love all of annie s products and this one is no exception i keep them on hand for an instant lunch for visiting grandkids or even for my self not only does it taste better then the other brand but annie s uses real cheese with out any of the bad stuff this product is one of the very few instant foods that i even buy and i love it,positive,negative,positive,True
i m amazed at the negative reviews here as timothy s kaluha has become one of our favorite k cups both my wife and i drink our coffee with cream though so maybe if you were just to drink it black you d experience something different the only beef i have with k cups and this is in general not just the kaluha is that they brew a much smaller cup than i d like i almost always have to have at least two cups,positive,negative,negative,False
we re huge pumpkin lovers in this house but it s one of the few things i prefer canned versus fresh this brand is excellent there is a huge difference between this brand versus libby s or any store brand for that matter farmer s market is thicker and has a much stronger pumpkin taste and to top it off it s not only organic but now the label says bpa free lining i don t remember seeing that in the past so maybe it s a new thing for the company which is a huge plus,positive,negative,positive,True
if you like lime spice and beer do yourself a favor and try one mix one mexican lager we actually use bud light lime and a to ounce pour of this product mix and booya i actually slice a jalapeno and gently crush a large sprig of clantro for garnigh and aroma best summertime drink ever imo,positive,neutral,positive,True
as far as i can tell this is the same item as you buy in the store all items in pack were good not damaged and fresh not overpriced i would buy this item again,positive,negative,neutral,False
i m a fan of the stash chai products and decided to give this a try i like it it s a rich full flavored tea and with milk or soy and a bit of sweetner it s a real treat try it,positive,neutral,positive,True
i mean to give this product four stars though the interface is giving me a little trouble i m very fond of it i can t have bacon in my household and this sausage while not replicating the texture of bacon does suggest that smoky savory flavor when sliced thin and fried or microwaved to crispness far better than that nasty turkey bacon does also it s tasty in its own right,positive,neutral,positive,True
after reading other reviews on this mayo i had to give it a try i grew up on hellman s mayo and as another review observed you will probably prefer what you are used to kewpie mayonnaise has its own distinct flavor i can t exactly put my finger on what gives it its taste i want to try making some deviled eggs with it i think it would give a nice twist on the flavor i also tried duke s mayo which is a lot like hellman s only with a more pronounced vinegar flavor i m glad i tried both of these i expect i will use up the dukes not sure about the kewpie mayo it recommends using within one month after opening but ultimately i think i ll end up staying with what i am used to which is hellman s,positive,neutral,neutral,False
nice flavor and coloring to add to water for those of you who don t believe plain old natural water is a healthy choice i was turned off by the use of artificial sweetener in this i m trying to eliminate using diet and artificial products so this was not for me,neutral,negative,negative,False
i bought this item for my dog to play with she was smart and can get out all the food in it initially i like it since it was entertaining for my dog however my dog quickly chewed open the rope only the time i used it i think there is a problem with the design it will be great if the rope can be replaced with some better material so it does not get chewed immediately i asked some dog friends and they pointed out the same problemm i would not recommend this item for dogs who chew well most dogs chew so there are many other interactive toys that you can try,negative,neutral,negative,True
this spreads out in a pan and sticks together pretty good if you put enough stuff and pizza sauce on the top it isn t half bad since i put very little pizza sauce it lacks a lot to me i shall continue to use it and prefect my own stuff to make it good,neutral,positive,positive,False
prior to trying out this product i have only flavored my water with the powered products this product had a very nice fruit punch flavor but an after taste that kicks in shortly after finishing the beverage oz bottle in less than a couple of minutes i only took off one star for this as i can not rate the product on the health benefits from only using one bottle of it also like i said above this is the first product of its kind that i have tried and i do not have anything similar to compare it to ie mio would i buy it no would i drink use it again yes,positive,neutral,negative,False
i have always been a huge diet pepsi fan but i have recently decided to give up aspartame so i searched online and found this product so you ve heard the saying if it sounds too good to be true then it probably is well that is definitely the case with zevia cola i honestly had a hard time getting it down i can t believe people are giving it and stars they must work for the company or something because it is nasty there is an awful after taste luckily i only bought a six pack at the grocery store and so i only have left over cans instead of i would honestly be embarassed to offer them to guests even my little nephews however i did read one review that said it was okay mixed with rum i also tried the ginger root beer and it was delicious however it doesn t have any caffeine so it s not really a substitute for diet pepsi i m going to try the dr zevia and the mountain zevia since they are the only two other zevias that contain caffeine then i ll give up and go back to my diet pepsi maybe i ll just cut back on the number of cans i go through,negative,neutral,negative,True
over the last two years our older cat now years old had ongoing issues with diarrhea and vomiting after several trips to the vet and numerous tests that found nothing wrong we were left thinking that this was her lot in life sensitive to hairballs with a testy stomach we changed her to a vet recommended food and went on with life but as you can imagine she was still suffering she was dehydrated her coat was rough she was losing muscle and constantly hungry because she was essentially living life as a non voluntary bulimic at one point i hoped a test for her thyroid would be positive so we could just figure out what on earth was wrong with her last month i decided i didn t have anything else to lose so i started researching holistic treatments for her various symptoms i happened upon a description of grain allergies in cats and i was astounded at the number of symptoms she had her eyes were always watery her lips and gums a little swollen and these were things her vet and i had attributed to getting older or her hairball sensitivity since none of the test had pinpointed a problem after some research to select a quality brand i ordered wellness core dry and wet food i didn t bother to transition her just started her on it right away besides she wasn t keeping down much of the other food anyway she took to it right away and she s a picky one within two days the diarrhea was gone within a week she brought up a hairball that would shame a lesser cat it s been a month now and the only bad thing i can say is that i wish i d found this food sooner no more watery eyes no more swollen lips and no more noxious fumes from the litter box my husband and i cannot believe that fact but it is true a high quality food will reduce litter box odor i didn t believe it until i well didn t smell it i m transitioning our other cat to it now and he already looks better for it the food has a stronger odor than store brand cat food you ll also want to note that it doesn t have preservatives so it s bound to have a stronger smell the wet food actually smells good for cat food we use the wellness core oz grain free chicken i m sure our experiences will vary but i ve watched a cat who was the epitome of finicky who would turn her nose up at fancy feast if the same flavors were served back to back gobble the same flavor everyday for the last days without complaint and most notably without vomit so i d say she gives her claw of approval bottom line it s pricy sure but it s worth it for us considering the money we re saving in paper towel clean up expenses alone we re probably saving a buck or two i should also thank amazon for making it prime eligible so it s easier to buy it here than to find it in the store so now instead of begging me to feed them our cats can start mauling the ups man,positive,negative,negative,False
first impressions this stuff is hard to swallow salt content overwhelms the aloe and peach i found best to chug the drink instead of trying to sip it mixing it with something else is another option truly not satisfied with this product,negative,positive,negative,True
the only reason i purchased van houtte s creme brulee was as a gift for my daughter in law i had tried another flavored coffee by v h and wasn t impressed but with the creme brulee they out did themselves not only do my daughter in law and i love it my husband and son who usually make fun of our sissy coffees like it too,positive,neutral,positive,True
those little pantry pests come in with organic foods from just about every supplier at least the food won t poison them so maybe not us either that s why i buy organic but these little moths really are a pest and difficult to rid from your pantry or even the rest of your home i date put these traps out whenever i see those little pests fluttering around often the traps will be loaded within a month or two and in general i make sure there are at least a few current traps around my home at all times they do work,positive,neutral,negative,False
i got these just to try them out and they were even better then what i expected i am a chocolate lover and not impressed with just anything,positive,neutral,negative,False
i shared the chips with selected friends that pass for hot heads in new mexico everybody thinks that they qualify but that is not quite true i had a blast with the product but apparently i purchased the last box i want to purchase four more boxes for christmas but none are available i am disappointed,positive,negative,negative,False
extremely generic bluberry taste extremely crumbly and overall unsatisfying the only reason i gave these two stars is because as cookies go the nutritional value is marginally more favorable than the standard grocery store brands,negative,neutral,negative,True
is this a joke for lbs of bone in ribs if you live in any top us cities find a korean market where they have this for a lb,negative,positive,negative,True
all the candies in the box had melted somewhat so they had leaked out onto the wrapped paper i bought them for my son s birthday we didn t eat any of it for fear that they had been tampered with we did have a box before this and it was excellent no leakage all wonderful and great shipping,negative,positive,positive,False
the chocolates were fine but i bought boxes as gifts and every single box was cracked this really sucks as i wanted to give them all as gifts chocolates were fine otherwise but will buy this item local next time edit another thing the description is misleading this isn t an assortment at all ferrero rocher makes assortment boxes in which they carry the different kinds of chocolates where as this is all the hazelnut chocolates and not the labeled assortment i really am dissapointed with this order in all aspects not what i like to see after spending almost in chocolates boxes overnight shipping,neutral,negative,negative,False
i was always a user of the maggi brand spaetzle but when i searched for spaetzle this brand came up but since this brand had ounces per package compared to ounces of the maggi this was a much better buy the shape is sort of long about inches thin it cooks sooo much faster than the maggi brand tastes just the same i love this this spaetzle everyone loves this brand better than the other i would definitely buy this again,positive,negative,negative,False
my son is always bugging me for lollipops but i don t him very often because i don t want him to eat too much artificial colors and flavors but this one is organic and you can really taste the taste of the fruits,positive,negative,positive,True
i ordered this kit just to try it since the price was so good i have been making wine for a few years and thought it was worth a try the instructions are good and easy to follow when making the kit i did find the sg at and the target was around it came out a little thin i opened a bottle las night after letting it age for since i was suprised with how it turned out it was very drinkable you have to remember it isn t going to taste like a bottle of wine i would buy it again in fact i have a white wine kit going now and just ordered a more expensive malbec kit to try,positive,negative,negative,False
i purchased this food after reading the many positive revieves for my pound exotic who loves to eat especially chicken on opening i was surprised how much like human food it looked and smelled and was sure she would love it well one sniff and she looked at me as if i were nuts my other more finky cat likewise i tried again a few weeks later with the same results i then decided to let a neighbor try it since i did not want it to go to waste his cat had the same results no deal he then put some out for four ferral cats he was feeding no takers it is hard to believe that not one of seven cats would refuse something hailed as so tempting unless the food was defective i would not try this food unless youi needed some cans to hold up a bookcase if looking for a premium chicken try instinct a bit pricy but my cats love it i also learned not to fix a good thing cats are not like humans and don t seem to mind the same food everyday,negative,neutral,negative,True
misleading the reason this is cheaper than the other flavors is that this is a pack whereas the others are all packs for around beware of misleading listings also the cinnamint is probably the weakest flavor even fresh packs i can tell because of the dates of promotions on the package they sometimes run can sometimes taste stale this is because the flavor of the cinnamint lasts just a few minutes tasting all flavors the peppermint by far outlasts this flavor and most of the others i highly recommend that flavor for a nice breath refresher between brushings or just after meals orbit peppermint sugarfree gum piece packs pack of,negative,positive,negative,True
we love the taste but hardly any cookies are whole i would have given them stars otherwise,positive,neutral,negative,False
i admit that i didn t read the directions before i needed to use it this is not a quick soup to prepare and you do have to add a lot of other ingredients this also seems to be a soup with black beans in it and not a black bean soup i was not happy with it but my expectations were for an easy meal to prepare my family thought it was tasty but agreed that there were not enough black beans perhaps next time i will replace the beans in the mix with cans of black beans,negative,neutral,negative,True
i used this product several times along with the dry scalp shampoo by the same company and have had wonderful results love the fragrance and the silkieness of the product without having to use a ton of it at one time my hair is short and color treated and with using both products i get a wonderfully soft texture to my hair with tons of volumne i always leave my conditioner in for to minutes so as to soak up any extra umph that the product might be able to deliver on if you want a good product that can do the job without breaking the bank then give this a try i think you just might be surprised i surely was,positive,neutral,positive,True
i ordered these lovely almonds a few weeks ago as i often find myself jonesing for junk food and i thought that if i had something that was good for me around i would be less likely to grab something terrible these nuts are packed with nutrition and they taste amazing they have just enough flavor to make me want more but the fact that they are high in fat makes it difficult to eat too many in one sitting i m satiated with two handfuls i go through one little container every week or so they are perfect for anyone concerned with nutrition or trying to put on or keep muscle they pack grams of protein in oz i will definitely be re purchasing these nuts i wasn t so keen on the idea of the canisters as i don t like producing so much waste but i have purchased nuts peanuts etc in the past in bulk and they did go bad before i finished eating them these nuts have kept me out of the icecream chocolate chips and other naughty sweet things that have little nutritional content these nuts taste like they should be bad for you but they are more similar to vitamins than junk food read the back for the nutritional content vitamin e phosphorus magnesium manganese the list goes on update i ordered my second shipment of these i love these and i eat a handful of these almonds after my morning banana yogurt shake and with my vitamins,positive,negative,negative,False
both oreos and nutter butters are available for purchase at my workplace you get oreos or nutter butters for every day i agonize unable to decide but that s all over now these peanut creme oreos solve my dilemma they taste more like a nutter butter or peanut butter cup than they do like an oreo but have enough chocolate to sate me each cookie is one oreo wafer that actually seems thinner than a regular oreo wafer spread with a thin layer of peanut butter creme then the whole thing is covered in chocolate i do wish the wafer were a little thicker or that there were a second wafer like a regular oreo but it s still good as it is of note is that the package depicted on this product is not the same as what i received i didn t think i was getting the peanut butter kind was dismayed when i did but then thrilled once i tried them i often receive vine products and think well that s nice but i d never actually buy it for myself but i might start buying these for myself obsessively,positive,neutral,negative,False
if you want to really taste water drink it at room temperature drinking water cold deadens your taste buds besides drinking water directly from a spring this is the best tasting water i ve ever had i drink it all the time one critical thing to note recently i noticed that the labels on the bottles at the grocery store changed from spring water to filtered water the stuff in the new filtered water labels does not taste as good i hope they put it back the way it was,positive,negative,positive,True
the first thing you taste when you first bite into these bars is peanut then almond followed by berries i devour them in a minute i give them only stars because there is too much high fructose corn syrup in them my search for the perfect energybar continues,neutral,negative,negative,False
while not exactly like eggs it is pretty darn close the main difference between these and eggs i would say is the consistency if all you are doing is scrambled eggs or baking then it probably won t be noticeable however if you were to make an omelet for example you would likely notice the texture difference ovaeasy is very consistent both in color and texture real eggs however are not flavor wise they are pretty darn close to real eggs if you couldn t tell the difference between the texture then you probably wouldn t know the difference a nice easy measuring spoon of sorts would be nice for cooking purposes so you could easily calculate how many eggs you were making but i also wonder how accurate their measurement per egg is as well as it does seem a little on the small side i have not attempted any baking with this yet but imagine it will work just like regular eggs given how they cook up directly in a pan the real trick here is going to be in measuring out the correct amount of egg on a side note i have found that the shaker bottles work well for mixing up the egg,positive,neutral,positive,True
well i wasn t bright when i ordered this coffee and for some reason i thought it came in both single servings and pods i had to tear the pods open and use just the coffee and that way it is excellent coffee rich and dark i really like the flavor my only complaint is no they re not easy to open packets i have to use scissors and really does it need all that wasteful packaging but the coffee itself is very good though i don t know all the fancy words for describing coffee i like strong flavor with caffeine usually choosing medium roasts and this fits the bill,positive,neutral,positive,True
nantucket blend is my favorite not too strong yet has that satisfying flavor i had tasted this blend before so i had a head start on its fine quality,positive,neutral,positive,True
the color on these was bright and they stuck well to my buttercream without bleeding one cupcake i still had after days did have some bleeding on the red ones but in my experience cupcakes usually don t last that long,positive,neutral,positive,True
the so called crabmeat is pure mush i don t think it is really crabmeat forget about it,negative,neutral,negative,True
we ve been getting these biobags for quite a while as small trash can liners in the beginning they weren t very sturdy and came in a roll when we tore them apart even if we were careful sometimes at least one of the two bags we were trying to separate would tear to the point that it couldn t be used now the bags are much stronger and come separated i haven t used biobags for compost since they ve been stronger so i don t know if they still break down as fast as they did but in the past i ve used them in compost and seen them break down more quickly than some foods it s a good idea to change the bag relatively frequently if you re using it for anything very moist another note messes involving vomit should not be placed into biobags because apparently the stomach acid cuts right through them resulting in an even worse mess i really love these bags and the improvements to them over time,positive,neutral,negative,False
i m sorry to say even the non diet syrup uses nutrasweet as a sweetener sadly this makes for a poor taste i use the original coke cola syrup but now having trouble finding it from the looks of it all sodastream syrup has nutrasweet so be warned if you don t enjoy the taste,negative,positive,negative,True
lets face it the mexicans love hot food and generally know how to make a fine hot sauce while the label in small print says extra hot there are many other sauces which are far hotter think in terms of needing or drops for a bloody mary rather than spoonfuls when using this sauce it is far from being extra hot i d call it medium hot important there is a significant difference between this extra hot variety of valentina hot sauce and their regular variety the easiest way to tell the two apart is the regular version has a light yellow background on the label and this one the so called extra hot has a black background on the label to my taste the extra hot is far superior ingredients as copied from the label water chili peppers vinegar salt which chili peppers valentina used is unknown yet the company has certainly created a nice blend you can easily detect some sweetness in this sauce and that has to be due to a nice blend of the chiles there are no added sugars normally i don t like any vinegar in a hot sauce yet i don t mind it all in this particular version of valentina the difference may be this sauce uses actual vinegar while most others use acetic acid a chemical component of vinegar and the chili peppers dominate in this particular variety of valentina i want to emphasize that this is only true for this particular blend the bottom line is this is a nicely blended hot sauce worthy of your consideration my four star rating means this is a very good hot sauce but depending on your palette you might find a few that are better warning there is a significant differences between the regular valentina and the extra hot black label variety that i m reviewing here in the regular version a heavy taste of vinegar is painfully evident while the extra hot variety is much better balanced ie the vinegar is in the background so it is quite important that you choose the extra hot version the one with a black background on the label this is a near perfect hot sauce for a bloody mary and most other foods btw watch out for sellers that price the sauce low but charge very high shipping charges on a per bottle basis,positive,neutral,positive,True
licorice maybe this is very sweet with a definite pomegranate taste while not unpleasant this very chewy candy will not appeal to everyone for those with a very sweet tooth and good teeth,neutral,negative,negative,False
this is definately one of the best hot chocolate mixes on the market very creamy and the chocolate taste does not get lost in the sugar taste a real treat,positive,neutral,positive,True
until end of it used to be exactly half the price here at thirty odd dollars it was a great deal now whatever,negative,positive,negative,True
love this candy it s like a butterfinger that doesn t stick all to your teeth,positive,neutral,negative,False
this was the first time i d ever made my own sausage but after reading some brief online guides and following the advice from other amazon reviewers i cranked out literally dozen brats in about an hour and felt like a professional sausage maker the casings were first rate neatly packaged and the unused part of the package zips up for re storage and i used them a week later for pounds of turkey sausage i enjoyed doing it so much and was so proud of the finished product i am now looking to buy a smoker to expand my new sausage making hobby,positive,neutral,negative,False
if you follow correct method of preparing let this tea in boiling water for minutes this will taste great better place to buy this is go to nearest indian store they generally sell lb in usa for around only not sure why it is overpriced online,positive,negative,negative,False
this coffee is as good as any premium brand coffee at a huge savings make lb freezer bags and use one at a time no reason to buy starbucks again,positive,neutral,negative,False
these have gotten some negative press for the recipe change i happen to love the new recipe this is definitely more dense than the old recipe but in much richer and fudgier way it s good,positive,negative,positive,True
low carbin i am i ve lost lbs i made this into fettucini alfredo with chicken and it was amazing the key is to prep the noodles correctly to remove the aroma once you do this the noodles will take on the flavors of your food they work best with heavy or deeply flavored sauces i cooked my noodles with the chicken and mushroom drippings before i added the jarred sauce so good all those crusty chicken brown bits just infused the noodles to star food so good i have also made them into ramen style soup again strong flavorful liquid to infuse the noodles and it was great too but i prefer the spagetti size for ramen simple as cake i will usually make my own soup base soy sauce mirin sake beef stock garlic but if i am being lazy i will snatch a flavor packet from a dry ramen baggy a cent sacrifice for maruchan ramen in beef flavor toss the uber fattening palm oil fried trans fat noodles and cook my noodles in that broth to prep the noodles for any application you must drain rinse and dunk in boiling water for like seconds to remove the odor and then set aside until needed i have tasted them right out of the flash dunk state and they taste neutral not fishy at all,positive,neutral,positive,True
i thought that these bars were very tasty if a bit on the expensive side my main complaint is that the bars disintegrate as you open up the packaging since the bars are also very sticky remain stuck to the rapper as they break apart so you are stuck having to pick off pieces of the bar from the inside of the wrapper which is difficult because the wrapper is plastic not foil i don t know if i got an old box of these or if they re all like this regardless i probably won t risk getting another box like the first,negative,neutral,negative,True
in april at the height of our moth activity i bought a box of these traps and placed one per the instructions underneath the cupboard three days later all i d found inside was a gray smudge where a moth apparently managed to free itself from the glue i was frustrated and posted a star review just over a month later i happened to look inside the trap and i was stunned both sticky surfaces are now covered with moths and even a few flies i haven t touched the trap and i m not sure what happened but i ve completely revised my opinion you may now consider me very pleased with my purchase,positive,negative,negative,False
to the other reviewers who were freaking out about partially hydrogenated soybean oil in the smart start if you read the nutrition facts there is less than one gram of fat per serving and none of it is transfat zero take a chill pill,positive,neutral,negative,False
zico is very good but not better than the other ones i gave stars i ve tried brands zico real coconut water o n e coco libre and vita coco stars to the first names and stars to vita coco the first ones taste equally great so just compare the prices vita coco is less sweet and doesn t taste as good but it s usually much cheaper and not bad at all,positive,neutral,positive,True
my daughter loves it but it s nearly twice as expensive than at the local target i also can mix and mach so she doesn t eat the same thing every day since all the oz gerber baby foods are the same price,negative,positive,negative,True
we were a bit apprehensive about purchasing this banana beet and blueberry flavor after reading several reviews that it was sour and their children did not like the taste however our month old daughter loved this flavor and in fact hasn t opened her mouth as widely for any of the other happy baby flavors as she did with this one the consistency looks like a berry smoothie and it smelled great so i tasted it and it does have a bit of a tart taste but it s very slight to me i almost wanted to finish it because it had just enough sweetness to go with the slightly tart taste it s too bad this isn t made in the oz package because our daughter usually wants just a bit more than what comes in this package it is a bit more expensive than some other organic brands but well worth the price in our opinion the flavors taste so much more natural and fresh and taste great to us as adults rather than having that baby food type of taste that many brands have also there is a plum organics dispensing boon spoon count packages pack of that can screw onto this packaging as well as the plum organics packages of food it comes with a carrying case for the spoon tips this makes feeding time so much easier when you screw the spoon onto the package and then can easily throw away the package and put the spoon tip back in the case rather than having to bring a separate spoon and container to squeeze the food into so you can feed your baby,positive,neutral,negative,False
to cut to the chase this produces a very good medium roast style cup of coffee period some folks tend to compare all coffees to one another no matter what the bean is and how it s roasted i do roast my own green beans home roaster when i brew a pot of coffee every morning and use the k cups when only a single cup is needed if you don t like that in your face dark roast dense heavy style of coffee in the morning or any time for that matter this is definitely the coffee for you it s not bitter a bit floral with a true pure coffee taste does it match dunkin donuts style coffee in taste i d say yes to that when using the middle cup size setting on the keurig brewer which i use for folks that take milk in their cup i use the larger cup setting because i drink my coffee black and like that taste profile the new packaging is ok you get extra k cups for the as long as you have the room in your kitchen to store the larger single box as opposed to storing the two cartridge boxes note the description of this coffee uses the words medium extra bold in it s packaging as opposed to the two boxes version which lead me to think there was now two different varieties of this donut shop coffee so i ordered both wanted anyway but it turns out that both were the same amazon should correct that description and take out extra bold so they match each other,positive,neutral,positive,True
having been on a bit of a kettle corn kick lately i was looking for a product that wasn t artificial tasting and had a good balance of sweet salty this one fulfills everything i d wanted in kettle corn and i would recommend yaya s to anyone looking for the same,positive,negative,positive,True
if your cat s pills are small use a half a pill pocket the treat is smaller so the cat doesn t chew it as much and he s less likely to run into the bad tasting pill and spit it out,positive,neutral,negative,False
it s difficult to find certified organic cocoa products on the market that are not overly pricey taste being organic is important to me but cost is too this wins all three i will purchase this brand again and i plan to purchase it again from amazon if the price remains this good,positive,negative,positive,True
wow this is the first hot sauce that i can honestly say is hot you only need a dash of it to give a kick to anything,positive,neutral,positive,True
we researched cat foods to find the best and newman s is one of the best the problem is that i can buy it for for the lb bag and for the it was not easily found at local stores but definitely worth the effort i hope amazon gets a little more realistic in regard to pricing this line,negative,positive,positive,False
i swear these gummis are like some sort of euphoric drug they should be a controlled substance they re so good buy a bag and a jar to keep them in if you can resist eating them all at once,positive,negative,negative,False
after recently discovering a gluten intolerance i have been struggling to find things that i can take for lunch that actually satisfy my hunger i have tried other gluten free products and have been disappointed with quite a few these crackers were a pleasant surprise many in the package were broken when they arrived but that does not make them inedible i think they break so easily due to the fact that they are dry in texture keep this in mind when buying and make sure to top these crackers with cheese or some other type of spread,positive,neutral,negative,False
this is some really good ginger ale reasonably priced when you buy this it is safe to say good bye to store bought soda,positive,neutral,positive,True
be warned that the little packets will say the date on them is from i believe but they last for up to years after the date i had used it to make a black fettucini and spaghetti it came out really good,positive,negative,positive,True
having used the senseo dark roast pods for years i was happy when amazon got them back in stock but the coffee is now undrinkable it is incredibly bitter i ended up throwing it out to make sure it was not just me i made a cup for a friend who loves the dark roast and she also said that it was very bitter called senseo the rep said that he had gotten other complaints of a similar nature that the new blend was bitter he said that it might have been a problem at the factory since the new batches were supposed to taste the same as the older batches the former factory has closed down and they are manufacturing the new batches in a different factory however the new bags also say french roast not just dark roast so this may account for the difference but french roasted coffee should not be bitter for those who are concerned that the pods no longer say senseo on the top they are not counterfeit i was told that senseo decided to eliminate the printing since it made the pod fractionally thicker and some customers had problems with the top of the pod tearing removing the printing would hopefully do away with this problem however this is the least of my worries since these pods will have to be thrown out and i do not have any of the older senseo dark roast pods remaining update the following day having written the scathing review above i decided to open another bag and see if those pods were as awful as those in the first bag before i threw out all remaining five bags of pods to my surprise these pods were fine and the coffee tasted just like the older version clearly there is a problem in the production in the new factory i did not want to open the other four bags now since they would lose their freshness but it is still possible that the coffee in some of those is also horrible but at least i feel better knowing that senseo did not change the formula for the dark roast now they just have to get their production kinks worked out amazon of course was great in dealing with the problem,neutral,negative,negative,False
i bought this one because i didn t want the blue berry kind and it showed that it didn t have it when they showed up they all had the blueberry ones in them so if thats not what you want then don t buy these ones they aren t the original they are the new ones,positive,negative,negative,False
the product is what i needed works out fine receiving it one a month for the dogs it is also great to order an extra shipment when needed,positive,neutral,positive,True
this is an item i just cant find at the local supermarket decided to buy online and was pleasantly surprised i think it is a little too expensive for the quantity oz does not go very far for the thai dishes that i make but the quality of the product was very good and i have now purchased this a couple of times through amazon,positive,negative,positive,True
i drink a lot of green tea which i typically import from japan i m used to high quality green tea as i lived in japan for two years i thought i d give this tea a try simple yuck tastes like alfalfa for those who think this is quality green tea they haven t haven t tasted good netto gyokuro tea there s no comparison i guess there s a reason this price is so low,negative,neutral,negative,True
this was my second to least favorite of the balsamic creams i tried i first encountered balsamic cream in england a few years ago when i was in italy march i bought mazzetti balsamico cremoso at a grocery store which was wonderful and reasonably priced earlier this year i bought a couple varieties on amazon and i just bought a few more for holiday gifts not all of which are making the cut here are my personal views of the ones i bought casa rinaldi crema di balsamico blanco white this is not the dark balsamic cream i have had before but of all the ones i ve now tasted this is my favorite it is the perfect balance of vinegar and sweet the texture is thick but the flavor is light wonderful for oz from de negris balsamico glaze also a great flavor balancing vinegar and sweet but much thinner texture fine for dipping bread etc oz oz on amazon da magreta acetaia real crema di aceto balsamico di modena glaze of balsamic vinegar of modena second best flavor and thicker oz modenaceti balsamic gkaze thicker good flavor but more grapey than the others above x oz for i also tasted earthy delights which was thick and more tangy vinegary than the others above i ll use what i have but probably not buy more ml for my taste i would not again purchase mussini crema di aceto balsamico di modeno glaze of balsamic vinegar of modena sweet grapey caramel y and don t know what to do with roland balsamic glaze thick but very very vinegary ugh,negative,positive,negative,True
if i m not looking for a full caff kick out of my b brews i usually put a teaspoonful of quik powder into my cup after brewing just to give it a hint of chocolate flavor i was raised on the stuff so go figure after awhile i wondered if there was something out there that would give me the same taste without me having to dump the powder in when i saw the cafe mochas at the local bb b i couldn t resist buying a box ok the good yummy rich chocolate flavor i never brew more than oz so i won t attest to the jumbo cup quantity a welcome treat on cold days and or nights the bad the coffee flavor is just barely there if at all it s almost imaginary or maybe even psychological a quick look into the k cup will also show you that it s not even filtered just straight up powder really it s only my discriminating chocolate buds that tell me that it s not simply hot cocoa well maybe it is but there s a little twist to it so maybe that s the cafe part overall if you re looking for a real cafe mocha this isn t it but i will give it stars coz it s an enjoyable and tasty drink nevertheless,positive,neutral,positive,True
actually if your cats are like mine they will crave this treat every minutes i don t know what the secret ingredient is and i can t vouch for the naturalness of all the ingredients but these sure seem to enjoy them,positive,negative,positive,True
even though we are international delight fans we were not completely dissapointed by this product we had no problem with the shipment but the creamer itself is thinner than international delight other than that we are happy d,positive,negative,negative,False
good mix love that there is no sugar can t really taste the difference,positive,neutral,positive,True
i do like cheerios and i like the honey nut the best i just cannot believe the price here the local stores have this at less than half this price and you don t have to buy boxes of it,negative,positive,positive,False
a very convenient can to serve from without sticking anyones fingers in it and the mix of nuts is top drawer i will most certainly order them again,positive,neutral,positive,True
i was not as impressed as the other reviewers if you are reading this and are used to freshly ground coffee every morning please don t buy this after reading the glowing reviews i thought i could skimp a little and save a few bucks over my current coffee but i found it simply isn t worth it,negative,neutral,negative,True
i like the taste it s sweet but not too sweet no aftertaste it s pleasant to drink chilled or at room temperature if you like a refreshing tea drink you should try this the only annoyance is that it s hard to mix i suggest sipping a little water from the bottle before pouring in the mix that ll make it easier to agitate,positive,neutral,negative,False
purchased for a good price my chihuahua likes them did a subscription and received tub for however a week later went on line to find the subscription price had gone up to and no notification was sent to inform me of price increase,positive,neutral,negative,False
we enjoy timothy s french roast but many of the k cups came damaged mostly creased to the point that they were throw aways,neutral,negative,negative,False
the peach flavor of knudsen spritzers is one of their best i also recommend strawberry and mango fandango the soda doesn t contain any added sugar or other undesirables while the main juice isn t peach juice most of their spritzers are predominantly grape or apple juices it does have enough peach juice to give it a distinct peach flavor some people may find these spritzers a little too sweet i like to drink mine with ice or a little seltzer added i ve tried other competing brands and find these spritzers the best all juice sodas out there,positive,neutral,negative,False
not worth the price has a very bitter taste you have to add a ton of honey to it to make it worth a damn does not help coat the throat in anyway,negative,positive,negative,True
im trying to cut back on bread and rice cakes is the solution for us buying by the case is certainly a cost saver the taste is fine but it is so crumbly that i loose a third before i can eat it i toast mine always otherwise it taste like paper,neutral,negative,negative,False
very efficient mailing was delivered days before i expected it to be can t find saccharin in stores anymore so this was a plus i was down to using tiny pieces in the bottom of the container thanks so much,positive,neutral,positive,True
the product taste good i prefer the product in the glass container instead of plastic how the product was made did not listed in the label i am disappointed,positive,neutral,positive,True
this item sells out so quickly in my local store and it is the only spaghetti mix i will use i substituted with another store brand and was so disappointed this seller got the item to me very quickly and i won t run out for a while,positive,negative,negative,False
i don t know why or how this one can taste so much better than swiss miss but the nestle fat free is my fave it also dissolves much better i hope nestle never stops making this,positive,negative,positive,True
that they made a real natural product it only has one added ingredient salt and it does taste a tad bit too salty for me however it tastes great and it s easy to swallow if you like to eat it out of the jar like me if you re a first time buyer do not try stirring it too thick open it and then place it upside down in the fridge the oil will go to the top keep in mind it s upside down so when you are ready to open it the oil will then be on the bottom and the top will be nice and creamy,positive,neutral,positive,True
my dogs weigh about pounds each they really like the chewy dried sweet potato the pieces are large and difficult to cut so smaller dogs may not be able to chew them easily,positive,neutral,negative,False
i originally got this in the little think geek sampler which contained four adagio teas in bitty tins jasmine earl grey blood orange and chai every single one of those blew me away i have never tasted loose leaf tea that is so flavorful and full of character the earl grey is a daily ritual for me either hot or in the iced tea i make that contains black tea and a hint of the earl grey or blood orange the best part is that i was worried about the price when i initially searched since it was so pricy on think geek but oz seems to be enough to fill like of those tins i got well worth the adagio has a customer for life,positive,negative,positive,True
i got this for my lb boxer mix as a replacement for smaller one he had managed to break by dropping it it was great for a couple days but after that he seemed to get frustrated in a mere hours he had chewed through the much thicker rope on the new one which he had never thought of doing on the old one another new toy doomed to failure lt sigh oh well at least i tried,neutral,negative,negative,False
cloud star soft chewy buddy biscuits dog treats bacon and cheese flavor ounce pouches pack of i have to buy these bulk my dog loves them so much he s so his teeth are weak these are soft and chewy just like the name says good buy for older dogs,positive,neutral,negative,False
these cookies are easy to make and maintain a nice shape during baking however the flavor is not so great gluten free baking has come a long way in the last few years and you can find good recipes and mixes that don t involve bean flours the bean flour flavor is pervasive and lingers in your mouth long after you eat the cookie since we gluten free eaters are sometimes desperate for baked goods we tend to overlook slightly off flavors but this was too much for me i will not buy the mix again,neutral,positive,positive,False
i am interested in buying this for personal use there is no description at all about what i am buying other than it s vintage brand seltzer what is pounds is it pound of product and pounds of container pounds of seltzer and pounds of container how much is a pound of seltzer anyway are all pounds in one container ounce bottles oz bottles one pound bottles i can t imagine they re moving too much of this product through this ad,negative,neutral,negative,True
this salt is very very salty you just need a little for seasoning the color is pink and flavor is good and natural,positive,neutral,positive,True
except no withdrawal i love these they don t taste too good after going through the washing machine though,positive,neutral,positive,True
i would loose my job if i did nt keep this stuff available to the coffee drinkers here better stock these all the time,positive,negative,negative,False
first time trying sf coffee and found it to be a good coffee with a reasonable taste yes the coffee smells burned prior to use but i believe thatunless you are a connoisseur of coffee i believe most might smelled burnt good coffee for the price and the k cup new packaging works just as well as the original stle k cup packaging i believe i will try another brand for taste but would stay with sfbay if the price were cents less per cup i drink alot of coffee,positive,negative,negative,False
i have two cats one and one years old both are indoor cats in excellent health i saw the negative review and talked to my vet about it i ve also asked a number of veterinary professionals what to feed my cats and they all answer the same thing science diet sure you ll see stories of how one person s cat had issues but even if that s true it s case out of millions science and fact aren t based on someone s experience so my point is i love my cats and i m very concerned about their health i trust people who actually have medical degrees and experience with a wide range of animals my only caution is do not fall for some hype or scare tactic that recommends some unproven or untested food or some fad diet for your pet don t listen to me don t listen to the negative review ask your vet what they recommend and follow their instructions my guess is you ll end up buying the science diet anyhow,positive,negative,positive,True
i sprayed it on her scratching post and she immediately started to rub her face in it i also did not notice any unattractive odors,positive,negative,negative,False
april these cheez its from sunshine biscuits which is owned by kellogg s are advertised on the box as being creamy mild if by creamy is meant that there s a texture that s creamy then this half of the creamy and mild claim is false these are crackers and they ve been intentionally baked so as to remove water they are crisp throughout they do not deform in response to sufficient pressure but rather they crack which i think is why crackers are called that they are not a liquid in any sense they are a quite dry solid and to me a texture that s described as creamy must be to some extent liquid which these are not at all brie is a creamy cheese cheddar is not speaking of cheeses these crackers contain three types the one listed first on the list of ingredients is white cheddar followed by cheddar and only then by mozzarella and they are mild there is no burst of cheese or any other flavor when you pop a few in your mouth and crunch down so the second half of the creamy and mild claim is accurate i m sure we re all different but for me the biggest hit of flavor is just before i crunch down try it just before you start chewing them take a sniff through your mouth and nose and you ll smell a lovely odor of cheese you probably want to know why the manufacturer is called sunshine biscuits the company was founded by one jacob l loose of kansas city missouri who with the profits it generated built and lived in what is now called the loose mansion which is quite an extraordinary property on the south side of armour boulevard just east of main street which you can google it s a good three stories tall and comes equipped not just with walk in closets but a walk in safe a carriage house a kitchen bigger than a two car garage and more rooms than you can count no kidding for several years the loose mansion was owned by my aunt sue s not for profit educational enterprise called the teel foundation and during that time it was used for some of the scenes in the movie truman starring gary sinise and from which it the foundation benefitted because the movie crew left behind a really nice and really huge table that was used in scenes where truman s cabinet met so if you want to see that table you ll have to watch the movie and the reason i say i m not kidding that it has more rooms than you can count is that sue owned and operated her foundation from that mansion for over a year before she realized there were rooms she had never once entered this is a very big house anyway jacob who also funded one of the finest parks in kansas city called loose park was married to a woman named sunshine so now you know you also probably want to know just exactly how many of these kellogg s sunshine cheez it mozzarella cheese ounce pack of by cheez it crackers you can buy for one share of berkshire hathaway stock i ve read all the previous reviews of this product to date and i see no mention whatsoever of any attempt even to ask this question not to mention answering it so let me fill in that hole for you because as you know from so many of my own previous reviews on amazon i do strive to be thorough as of the close of business on the new york stock exchange on april berkshire hathaway class a shares ticker symbol brka are worth each that s right it will cost you over to buy just one share of berkshire by comparison one share of kellogg s ticker symbol k at the april th close will cost you i weighed ten of these crackers and arrived at ounce i added ten more and arrived at ounce so we can be pretty sure each cracker weighs pretty close to ths of an ounce the inverse of is which means there are crackers per ounce there being ounces of crackers per box we now know there are crackers per box now we need to know the price of such a box and here i get confused according to the amazon page i m looking at right now a pack of four of these boxes costs which is per box which seems like a lot to me when i just now used google goggles on the upc bar code i was led to a store selling these for which is the price rounded up to that i will use in the remaining calculations divided by means you can buy boxes and have a dollar left over boxes times crackers per box is the answer we ve been so eagerly seeking for one share of berkshire a you will get nearly million crackers crackers to be exact will weigh ounces or pounds which is over tons of crackers not to mention the weight of the waxed paper liner and the box that box is inches tall by inches wide by inches deep which means it occupies cubic inches of volume which trust me on this means that such boxes will occupy cubic feet or don t trust me on this if you come up with an answer that s different by even a single digit anywhere please do leave a comment if we assume a typical room whose floor to ceiling height is inches we can fit exactly of these boxes laid flat in a tower because inches divided by inches equals that tower will occupy times or cubic inches of volume which is cubic feet where the sixes repeat forever so the next obvious question is what the other two dimensions of the room must be to hold all boxes well it s obvious to me the number of box towers necessary to make up boxes is simply the latter divided by the former which is such towers the footprint of each tower being square inches inches times inches that number times such towers is square inches of floor space the square root of that number means if the room is square the walls will be just a touch over inches which with your permission i m cavalierly going to round to inches divided by inches per foot is feet which i m even more cavalierly going to round to feet to contain the number of boxes of kellogg s sunshine cheez it mozzarella cheese ounce pack of by cheez its you can buy for one share of berkshire hathaway class a stock as of april which is boxes you ll need a typical height room that s square feet in area coincidentally that s about the size of the two car garage we mentioned earlier so now you know if you ve read this far you might be wondering about some of the conversion formulas i didn t show so here s the complete set to convert square inches to square feet divide by raised to the power of to convert square feet to square inches multiply by raised to the power of to convert cubic inches to cubic feet divide by raised to the power of to convert cubic feet to cubic inches multiply by raised to the power of if you re wondering how i managed to derive decimal places in that calculation of the square root of i used a wonderfully useful program called wolfram in case you re further interested that particular answer is expressed by wolfram to many thousands of digits so aren t you glad i didn t show them all based on all the foregoing i award this product stars minus for calling it creamy which is i m pretty sure equal to,positive,neutral,neutral,False
i ordered these just a few days ago haven t used them yet but like this sellers attention to customer care thanks by the way i looked and found some other gotta have stuff in your store so expect me to return respectfully future sausage king of edmond ok,positive,negative,positive,True
this product does not taste to green tea at all this is no surprising if you look at the ingredients it has green tea lemongrass apple pomace blackberry leaves malic acid lemon peel natural lemon flavor wonf citric acid roasted chicory root rosehip and lemon juice the taste is not bad but is not tea and it should not be sold as tea in my opinion i will not buy it again,negative,neutral,negative,True
i have a year old cat and started feeding him canned food after reading about how cats don t naturally have a strong thirst drive and need most of their water to come from their food like in nature also as another reviewer said this food doesn t have any of the crappy by products that science diet and other highly marketed brands have these brands even have by products in their canned food cats are carnivores so the majority of their diet needs to be meat aside from the small amount of veggies you might find in a mouse s or rabbit s stomach in the wild aside from that my cat loves this food and it is very good for him he eats a variety of flavors so he doesn t get sick of one,positive,neutral,negative,False
i always like starbucks via ready brew coffee this is the lowest price i got i might continue purchasing this product from amozon com,positive,neutral,negative,False
i actually like this product better than regular pretzels which is good because i m a celiac my sister who lucky for her didn t get the celiac disease gene will even steal some pretzels when i m eating them if only all gluten free products were this good,positive,negative,positive,True
sugar ray s honey chipotle is my absolute favorite jerky available in average common stores its not too soft or too hard just enough density to give a satisfying chew without overworking my jaw muscles and the flavor is fantastic a little sweet with a gentle kick of spice you say gentle kick what is that enough spice to warm my mouth but not tear me up or make my nose run also enough spice to keep the vultures my kids from wanting more than just a taste the only reason i m giving this of stars is the price this jerky is a little bit more expensive than comparable products i just can t resist the flavor haha so if you don t like the price don t try it like me you might not be able to go back to your old jerky,positive,neutral,positive,True
paid and it said it equals to an ounce and you get ounces which equals out to an ounce in my math i guess next time i need to reorder it ill look elsewhere,positive,negative,negative,False
i know that orange coffee sounds terrible but it is really good i like it plain with cream and sugar or with kahlua i started using the orange coffee rather than putting grand marnier in with the kahlua i took a chance ordering bags on the internet but this is an especially good brand,positive,negative,positive,True
while diet grape faygo isn t the best diet grape soda out there it is one of the few that you can find pretty easily and generally offers a good value this particular offering and many others for that matter do not reflect that value if you re paying more than for a pk of cans then you re paying too much not including shipping because this is on of the few you can order direct from the company,positive,neutral,neutral,False
have tried many liquid smoke seasonings however none that compare to this one in quality and flavor could not find any retail source for it here in north texas tried many other brands ordered on line and now have smoked food that does not taste artificial,positive,negative,positive,True
crystal light mocktails appletini the appletini has a taste and smell reminiscent of the green apple jolly rancher candy but not as sweet it tastes almost like a real apple martini except it isn t dry of course out of the three different crystal light mocktails i have sampled mojito margarita and appletini the appletini is my favorite followed by margarita and then mojito each packet is mixed with approximately quarts of water and it mixes very easily the liquid pours out in clear green color and was a perfect complement with my meals or even by itself overall stars,positive,neutral,positive,True
please don t bite into white powdered donuts unless you have a glass of milk nearby because that s the ultimate way to appreciate the taste of donuts the milk makes them soft and super satisfying actually milk is the only way you should be eating donuts and cookies too let us not forget the taste of cookies changes thanks to the welcoming presence of a glass of santa s milk i refuse to accept any other way okay perhaps grape juice and donuts is a worthy alternative just don t dip the donuts in the juice that s what gross people would do though i really don t believe you should be paying bucks for a bag of white powdered delicious donuts here on amazon when the same darn bag is like right uptown at the grocery store,positive,neutral,positive,True
believe it or not i don t really like chips i don t dislike them but if i see them at a party i usually won t have any i prefer pretzels i thought that i would give these a try anyways they are really good very light not greasy at all i don t like sweet potatoes but i like the flavor in these chips i would encourage all of you and my friends to give them a try you ll like em,positive,neutral,positive,True
okay this is not your sweet nonni s special sunday sauce and the penne aren t her own hand cut and rolled individually around the handle of her wood spoon little pastas that you grew up with and if the food was that good why the heck did you leave home ask yourself but it won t kill you and if you are up to here with tunafish sandwiches on a budget in a hurry and trapped inside because life as we know it has come to a disasterous end it s not a bad lunch it s not good but there are worse things and we ve all probably tasted them canned spaghetti for one thing or canned chicken noodle soup lord help us and the poor chicken that died in vain for that stuff if you are used to those bottled supermarket sauces you might find this completely acceptable it is mostly salty and slightly tomato ey the sauce is a tiny bit on the bitter side probably from dehydrated garlic it has that metallic aftertaste but you can taste the basil there are little red chunks that could indeed be tomato and the texture of the pasta is not as bad as it might be it has a sort of gummy pastiness but not that slimy tongue feel of canned soup noodles you have to cook it a bit longer than the instructions state especially if you have an underpowered microwave the portion size is decent but it s not exactly low cal packing about calories if you add a salad and a beverage you re looking at to calories easy and you could have had a big mac or a ham and cheese sandwich or something really really good instead if you work in an office where people steal food offer the crooks a taste this stuff is not so good that they ll be tempted to borrow a box when you re not looking i would definitely buy this if i were a survivalist a good change from the canned beefaroni i might buy this to keep on hand at work for emergencies days when i forgot to bring something from home or going out for real food was not possible and every restaurant in town suddenly stopped delivering i would not buy them as an altenative or replacement for the real thing and the real thing is so easy to make and takes no time at all boil pasta according to package directions put a little olive oil in a frying pan throw in some finely chopped garlic let it saute on low heat but don t let it brown cut a pint of cherry tomatoes in half and toss them in add a pinch of sugar and a pinch of red peper flakes or some cayenne or chili powder diced chile peppers are even better as many as you like for as hot as you like cook for ten minutes drain the pasta toss it into the frying pan and swirl it around so it gets all mixed up with the tomatoes and garlicky oil add some shredded basil you can throw in some diced mozzarela sprinkle on parmesan or asiago or whatever italian grated cheese you like minutes start to finish and you have something really nice with crusty bread a tart green salad and some wine it s a feast buy some supermarket lemon sorbet and tart it up with grated lemon peel and some mint leaves and you are a chef,neutral,positive,negative,False
for me it s all about calories to keep my weight off instead of buying popcorn to see a movie i bring a calorie popchip bag which costs cents compare that to buying popcorn,positive,neutral,negative,False
is defiantly a worthy cost for liter bottle sodas i you want that much soda buy it,positive,negative,positive,True
this is a good value and all of the coffees were different which i like there s nothing worse than getting a sampler pack with duplicates i do wish there was a decaf included i have to agree with the first review about the print no added value to the purchase i might find a cheap frame for it however but birds eating coffee beans i just don t get it,positive,neutral,negative,False
i bought these on sale and was hoping my dog would like them as much as he does the stella and chewy s freeze dried he absolutely does and i love freeze dried raw too b c the ingredients are all natural less processed teriffic ingredients and always a huge hit with the pup i feed them re hydrated which imo is the only way to feed when as part of or a whole meal as opposed to tiny bits at a time for treats i can t remember if it says it on the nutrisca packaging but on stella and chewy s packaging they make a point to write your pet should consume cup of water per patty daily so it s easier for me to rehydrate so that my dog can start to get the amount of extra water he will need does that make sense lol i just put a few patties my dog is lbs in a bowl fill with water wait or mins then take them out and break them up and put them in his dish my dog dives in then seconds later looks to me for more they must be yum yum yum indeed anyway of course i would not feed my dog these freeze dried dinner bites for his complete diet they re just too expensive for that but i do make a point to make his diet about raw whether that is freeze dried air dried like ziwipeak or frozen raw this way he gets some less processed food in his diet complete with the meat bone and organs that is part of a dog s ancestrial diet the difference btwn these freeze dried patties and s c s is fairly minimal the biggest difference for me is that the stella chewy freeze dried re hydrate much faster which i prefer biggest difference ingredient wise that i can see are the probiotics in the s c and a slight difference in the protein to fat ratio so even though i slightly prefer the s c b c of the fast re hydrating i would be happy buying whichever is less expensive at the time nutrisca chicken with ground bone chicken liver apples chickpeas peas flaxseed chicory root extract cranberries salmon oil a source of dha dried kelp potassium chloride salt zinc proteinate iron proteinate vitamin e supplement copper proteinate manganese proteinate mixed tocopherols preservative a source of vitamin e vitamin d supplement cals from protein cals from fat s c s chicken ground with bone chicken liver chicken gizzard pumpkin seed potassium chloride organic cranberries organic spinach organic broccoli organic beets sodium phosphate monobasic organic carrots organic squash organic apples organic blueberries choline chloride dried pediococcus acidilactici fermentation product dried lactobacillus acidophilus fermentation product dried bifidobacterium longum fermentation product dried enterococcus faecium fermentation product taurine tocopherols preservative calcium carbonate zinc proteinate zinc sulfate iron sulfate iron proteinate vitamin e supplement niacin copper sulfate copper proteinate manganese sulfate sodium selenite manganese proteinate thiamine monohydrate pyridoxine hydrochloride vitamin d supplement calcium iodate vitamin b supplement protein,positive,neutral,negative,False
let me start by saying that i love salty foods love love love but this beats even me it is poisonously salty disgusting and unbearable even when mixed with regular mayo also instead of bacon i d say the flavor is closer to anchovies which are pretty salty themselves so instead of baconnaise this should be called anchovaise gross and overpriced,negative,positive,negative,True
save your or buy from a different distributor returning the dead plant is an inconvenience if you do invest in this plant smell the roots when you open it if you smell rot call right away as it will be dead in a week also look for yellow striations or yellow stalks same issue,negative,neutral,negative,True
i have no idea why i like this drink so much i usually stay away from espartame but i make an exception for this one crystal light drink cherry pomegranate need i say more it s low in calories and carbs and has the immunity on the go thing going for it with antioxidents i liked the little tubs better but these work fine i make a big pitcher of it in the summer and we drink it daily regardless of whether we are getting antioxidized or not we found a drink that we like,positive,neutral,positive,True
we drank it we liked it i didn t really notice if the low acid made a different but it seemed good so if its low acid it must be better then regular tastes good,positive,neutral,positive,True
i love this tea but unfortunately can not purchase it as often as i like because of the high price,positive,negative,negative,False
great flavor if you like flavor i have friends that drink their tea weak and so if you prefer bland save youself the money and stick with lipton,positive,negative,positive,True
this product is a godsend if you are on a wheat free gluten free yeast free diet just like the directions say you need to toast this to make it taste good also stick with it you will get used to the taste and if you are on one of these restricted diets it s well worth sticking to them to keep yourself healthy we are on the amazon automatic delivery which is extremely convenient and is by far the least expensive way to purchase this often hard to find product,positive,negative,negative,False
you don t really have to buy this product to know that the desire to feed one s cat cat food that costs per oz is a symptom of something your cat would rather eat a live roach or fly turd than this packaged fish based product you should already know this but at it s a bargain i ll take,positive,neutral,negative,False
like many others the price point of this coffee got my attention but what s the point of cheaper coffee that s all but undrinkable grove square anyone so before ordering on price alone i wanted to see other reviewers contrast and compare this blend to other k cups such as timothy s midnight magic emeril s extra bold or jet fuel after all given the wide disparity of opinion about which k cup blend is bold strong or rich in flavor at least finding common ground with others who enjoy the aforementioned brands you can estimate the appeal of the flavor to your own palate at the time i placed my order i didn t find any clear indicators from other reviewers along these lines hence for what it s worth as one who enjoys the previously mentioned k cups i can say that overall san francisco bay french roast measures up pretty darn well to the more expensive brands now if cost were not a factor i m not certain this would be my first choice as this blend has a somewhat smoky after taste and i prefer a more fruity or sweet flavor but hey this is french roast and as such the taste seems well suited nevertheless no regrets it s a nice bold brew with an appealing price that i look forward each morning,positive,neutral,negative,False
i have two very fussy doggies one is a beagle the other a chihuahua my dogs wont eat just dry food no matter what brand or how expensive we tried mixing it with wet food all brands some of them costly alot still remained in their bowls wasted tried the rachael ray product and wow empty bowls it is flying off the shelves here so we have auto delivery from amazon,positive,negative,negative,False
quite tasty mild chocolate flavor good crunch the right sweetness maybe a teeny bit sandy but that doesn t stop them from being a good snack or dessert probably perfect for someone who doesn t like too rich a chocolate flavor also very tasty with peanut butter spread on them,positive,neutral,positive,True
i have tried many gluten free bread since being diagnosed with celiac disease pamela s is one that is always moist never dry and crumbly like so many others i like it so much i am on the automatic shipment plan,positive,negative,positive,True
this coffee smelled great but the taste was less impressive it wasn t that the coffee was too bitter or strong it was that the taste was sort of blah there was nothing remarkable about the flavor it really was quite boring if one can call a coffee boring this coffee would do the job in the morning if i didn t have any better stuff to drink but i wouldn t go out of my way to buy it it s just not very flavorful if it tasted like it smelled it would have been so much better,neutral,negative,negative,False
i have had martinis with fresh bleu cheese stuffed olives in the past and these are tasteless in comparison i could not distinguish the taste of bleu cheese take the time and stuff your pitted olives with fresh bleu cheese or find another already prepared brand,negative,positive,negative,True
i took in a foster cat almost one year ago and have tried almost everything to rid him of diarrhea the vets were unable to diagnose any parasite or physical problems and his behavior has always appeared happy and healthy the vets said it could be a food allergy so i began trying different foods a couple of months ago i bought sd sensitive stomach i had been reluctant because of the ingredients i strive to avoid foods with meal of any kind as well as the price for lbs after a year five other foods and several supplements though i was desperate sensitive stomach did the trick there was a noticeable difference within a few weeks and the stools are completely normal now his weight gain has been constant regardless of food so i do not attribute that to the science diet brand the drawback is that my other two cats prefer this food to their original brand so it s quite expensive for three cats the other two have not gained weight with this product and their appetite does not appear to have increased at all,neutral,negative,positive,False
i drink my iced tea straight up strong unsweetened no lemon so i don t mind a hint of bitterness but this has a strong acidic taste probably because they add citric acid if you like a vaguely artificial lemon taste to your tea you may not mind this i however mind i wish they made it clearer that they added a flavoring as i really wanted a plain black iced tea i m going to pass the remainder of my box on to someone who likes fake lemon flavors,negative,neutral,negative,True
this product works very well it makes the wine taste smoother and less bitter we did a taste test and there was an absolute difference i would recommend this to anyone going to buy a few more as gifts great for the wine enthusiasts considering buying the aerator for the white wine not sure if it is needed tho,positive,neutral,positive,True
kettle buffalo bleu has been my favorite flavor of potato chip since i first tried them they have a little kick and a little sweetness,positive,neutral,positive,True
the pound bag i purchased i divided into one pound containers and stored in the frig the quality is no different from the smaller bags all the products i have tried seem to be identical to me in terms of shells seeds the real benefit is that this product is probably the most economical one available on the market its something like per pound you can t beat that,positive,neutral,positive,True
this coffee delivers a strong flavor without being a dark roasat by comparison it makes many other coffees just seem bland this is a coffee that will appeal to everyone,positive,negative,positive,True
very good taste not hard like most others that i have tried real beef a real good soft and chewy treat nice mild flavor go ahead try them,positive,neutral,positive,True
taste super good and not a single bad ingredient in them snack away and feel good about it,positive,negative,positive,True
i always find myself getting a little under the weather when traveling maybe it s the airplane air maybe it s the lack of sleep take these along to help boost my immune system and keep me going honestly i m not sure if it s a placebo effect but i certainly feel better after having one each morning this flavor is ok i m not really particular about the flavors honestly they all pretty much taste the same to me kind of like a citrus drink with a little bit of bite to it not bad but not exactly sweet,positive,neutral,negative,False
this is good candy but as far as energizing you i don t think so i will admit that i only got a single package to base my opinion on but i could not detect any jolt of energy from it maybe i wasn t lacking enough in energy to notice a difference but all i can say about it is that it does have a pleasant taste however so does a lot of other candy and this is coming from a real candy fanatic that costs a lot less and is a lot more readily available,positive,neutral,positive,True
love the cherryheads only complaint is retail is per box x quantity paid almost double retail,positive,negative,negative,False
if you use this stuff as much as i do this is the only way to buy it you ll save lots,positive,negative,negative,False
delish i believe that the citric acid pushes this over the top i am familiar with it since i use it in making a product of my own it gives food that extra zest or pop i left it out one time by mistake and it just didn t work i was over powered by sweet it is a natural preservative and is also used to add an acidic or sour taste to foods ingredients from the label organic onion organic garlic organic herbs organic carrot organic black pepper organic red bell pepper organic tomato organic spices organic orange peel organic lemon peel organic red pepper citric acid,positive,neutral,negative,False
i like drinking something other than sports drinks to get my electrolytes in after a workout so i don t mind that this is higher in sugar and calories i believe than the other zico waters even if you don t like the taste of regular coconut water you should try this it makes for a great dairy free milk in fact i would compare the taste to chocolate almond milk,positive,negative,positive,True
product is great amazon price was overpriced once calculated on per pouch it turned out to be twice that of whole foods pricing not worth it,positive,negative,negative,False
i found a bottle of this at a candy and novelty shop at the coast i brought it home and shared it with my family all four of us love bacon it s one of the best tasting things in the known universe this drink has absolutely nothing in common with that taste it s sorta sweet and the actual bacon flavor is so minimal that it might simply be a placebo effect the power of suggestion or something you sure won t find any indication of bacon in the ingredients list and the taste itself freaking nasty i m serious i wanted to like it my son and i tried repeated sips just to try to adjust to it and say we liked it truth is we could barely swallow it i poured out the last half of the bottle in the sink none of us could stand it quite possibly the worst tasting bottled drink ever really ever,negative,neutral,negative,True
this liquid vitamin is pretty tasty i thought it made my water taste like watered down crystal light my kids also liked that it made their water turn pink and gave it a faint sweet taste it s not overwhelming in sweetness or vitamin in taste i could not detect the vitamins at all the only downside is that it requires refrigeration after opening,positive,neutral,neutral,False
i do not like the chips they are not to my liking and i do not think i will order them again even though i like sweet potato,negative,neutral,negative,True
like me you can still enjoy the delicate beauty of bonsai carefully preserved these are real bonsai preserved in suspended animation they need no feeding pruning watering or plant care merely cosmetic care for those of us who don t have the time patience or skill to cultivate plants these make a nice surrogate and they make nice gifts too preserved bonsai can reach into the hundreds of dollars this one is double trunked reasonably priced and very attractive,positive,neutral,positive,True
i got one k cup of wolfgang puck s colombian reserve dark roast as part of a variety pack that i bought here on amazon since i d always assumed that i preferred the less burnt flavor of a light or medium roast i was pleasantly surprised that i enjoyed the way this coffee sat on my tongue it is sweet full and gently bitter i brewed it in a oz cup in an effort to dilute it a little but i may be gutsy enough to try a oz cup the next time around,positive,neutral,positive,True
not a big fan of chili actually so these almonds are perfect ok sounds weird right what i am saying is that i love lime and these almonds are mostly lime with a very subtle hint of chili n spice as an after thought perfection,positive,neutral,positive,True
my cats love this thing and use it a ton however the toy in the hole is just a crunchy ball thing not a mouse,positive,negative,negative,False
i am addicted to these cookies they taste much better than the regular ones the only draw back is that they should be available in smaller packages to avoid binge eating,positive,negative,negative,False
the kidney beans and black beans by libby seem more like home canned than some of the others which makes them taste better like the black beans most of the cans had quite a bit of juice a few more beans could give this a star this shipment came through o k and was thankful they also were stamped product of usa i ordered two more cases and there were several cans damaged in that shipment one the lids had swelled and i do not think it will be safe to use maybe amazaon resolves this issue i ve not had much experience in that line,positive,neutral,negative,False
i love coconut water i drink it every day this is the worst kind it just doesn t taste right at all amy and brians or one are much better even the cheap tasco brand is better than this do not buy this please amazon start carrying amy and brians or try to keep one in stock they keep putting this on sale because its not good,negative,positive,negative,True
we have ordered this product twice and the quality and freshness is always optimal we are always amazed at the quick delivery by amazon thank you steve and debi watson,positive,negative,positive,True
i have really finiky eaters but so far they have loved all these fun bites products usually they would just turn their nose up at dog treats but they chew and chew on these and it s good for their breath and teeth they last quite a while too,positive,neutral,positive,True
i recently did research on kidney renal failure as i just lost one of my male year old cats due to crf chronic renal failure crf is common in cats especially male cats due to their intricate urinary system about a year ago we discovered weruva started adding various flavors along with their high quality dry food my cats totally loved their new canned foods especially out back grill asian fushion and mack jack which happen to be all seafood based i did not know that a seafood diet is not good for cats fish can contribute to urinary tract problems in cats my cat that had crf was a slim but normal weight for his small size but had lost weight partly due to his high fish diet i found out fish based cat foods do not contain the fat they need wuruva tiki cat tiki cat king kamehameha luau variety pack canned cat food oz cans etc are all low fat cats need animal fat like chicken fat fish oil even emu oil besides being needed for their overall health it s important for their kidneys not that i know of any onion eating cats but i also learned never to give any onion to your cat deli sandwich meat some meats ham hot dogs may contain onion powder the vegetable broths in canned tuna may contain onion read the label on any broth including chicken beef as most contain onion or spices occasional tuna water from a can of tuna packed in water is okay from what i ve read that is something i have given my cats also i am always careful to keep anything with xylitol natural sweetener away from cats dogs that includes toothpaste gum including the gum wrappers any toothpaste spatter in the bathroom sink if your cat likes to sleep in your sink my crf cat was the runt of the litter so was a small average size very active happy partially outdoor cat who also ate high quality dry food but mostly weruva the past year or so over the past year we probably tried every weruva flavor it was great seeing how well my cats took to quite a few flavors especially the fish based ones i made the error assuming they were getting the right food i won t be buying fish based cat foods by the case anymore,negative,neutral,positive,False
what i like about them krinkle makes very thick chips what s even better is that the krinkle cut chips feel even thicker because they are krinkled or have ridges in them no trans fat and all natural according to the info on the bag flavor but that s a subjective thing i like the peppery flavor of these oz bags which keep you from eating too much at one time just set a limit of bag cons as another reviewer said there s a lot of oil in them chips what i do is place a paper napkin on a plate and pour the chips on them wait a few mins before eating and the napkin will soak some of the oil off it seems gross that there is so much oil on the chip that a napkin will soak it off but it s true and at least this way you ll get rid of some of the oil,positive,negative,neutral,False
i have dogs and this product is used for treats i believe that there is some improvement in mobility with the one dog that has a problem getting aroundl,positive,neutral,negative,False
when i opened the weruva can oz chicken i immediately noticed that there is not enough solid food chicken in the can and a large amount of the volume is filled up by potato starch and water moisture i looked at the label it says feed adult cats oz for each pound of body weight so it means that i need to give my pounds cat cans a day to maintain his present weight usually when other pet food company says that they are exaggerating and your pet can live on half the amount they recommended but it is not the case for weruva based on their website the calorie content for the ounce can is only cal so by doing a simple math the calorie content for the oz can is only cal the ideal calorie intake for my pounds cat is cal formula ideal weight pounds multiply by in other words i need to feed my cat four oz can per day so i need to spend oz per day on cat food he lives on a non kibble diet that is a lot of dough and i can do better by making my own cat food or switch to another non grain cat food brand i think this product is overpriced and cat owners need to be aware of the calorie content in weruva s canned cat food so that they won t underfeed their pets with insufficient amount of calorie,negative,neutral,negative,True
my mom gave me licorice tea whenever i had a bad throat and it really was soothing to my throat this works just as well now if you really really dislike the flavor of licorice you might want to stay away from this tea i don t typically like licorice i can tolerate it but this isn t too bad sometimes i drink it just for the scent and flavor,positive,negative,positive,True
great for a change in tortilla chips tasty and not bland like some blue chips not too salty a bit healthier than most similar snacks,positive,neutral,positive,True
while i do recall these might not be as delectable as the full fat version i d have to have them side by side to say for sure and even then i believe the difference probably wouldn t be enough to raise a fuss over i like these so much i eat them right out of the can then there s the added bonus of left over gravy i like to use the gravy over whole wheat egg noodles or add to veggie broth when rehydrating tvp the gravy freezes well until needed and the frichick itself stays fresh in the fridge for up to a week once opened on it s own i personally don t think it actually tastes like chicken but it quite yummy in it s own right,positive,neutral,negative,False
i bought this oil as a part of a christmas present for my father i had been looking for a vinegar sampler and came up empty so i bought vinegars and this oil from the same vendor thinking i could get a break on shipping it wasn t to be each of my gifts had shipping costs almost as high as the cost of the product it all worked out as my father genuinely loved the oil and the vinegars,positive,negative,negative,False
good unusual spice used for ethopian recipes but realized after it arrived that i could have bought it for less at the local whole foods c est la vie it s what i wanted and i m satisfied,neutral,positive,positive,False
i thought this was supposed to be the healthy soup option but it s just come to my attention when shopping for some other soup brands that the ingredient natural flavors this soup contains is a cover word for the main ingredient in msg which is responsible for causing unhealthy effects free glutamic acid the food industry uses words like these because they don t want you to know the truth about the unhealthy ingredients in the food as they would get less buyers i know i wouldn t have bought this if i knew this is where i read about it get rid of the spaces to paste in browser besides this i really think it is a delicious and comforting flavor which is why i have bought this many times it is too bad i can t conscientiously get it again knowing about this natural flavors labeling scam however it is fair to say that this is sort of the lesser evil as far as instant soups go for example the other gluten free soup i was thinking of getting was thai kitchen curry rice noodle soup and it had four glutamic acid ingredients natural flavor hydrolyzed soy protein disodium inosinate and disodium guanylate this is why i give this one stars the point is that we should not fool ourselves into thinking this product is healthy it should definitely be avoided,positive,negative,negative,False
the best product for easily catching and killing outdoor flies in summer using it will also cut down on future flies i see some one and two star reviews and the only explanation for the product not working is that the instructions were not read and followed i have to buy it through amazon because my local stores can t keep these in stock add warm water to the plastic bag and give a little light shake to mix the powder solution into the water then hang up outside you will be shocked at the number of flies it catches and kills also in my yard because so many flies were exterminated it cut down on the future fly population that would have resulted from reproduction the product does stink and that s what attracts the flies so don t hang it near the bbg grill the hanging catcher also is easily disposed of be sure to snap down the yellow plastic top into the holes and the bag will be sealed for throwing into the garbage also be sure to replace with a new fly magnet at some point because there will be too many dead flies in the liquid for the scent to still be attracting new flies most importantly read all the instructions buy the fly magnet and take back your backyard,positive,neutral,negative,False
although i seem to be having problems with the quality of some planter s products since ever since i was a kid palnter s was the no quality product you could get this has like many things changed but their peanuts are still the best these lightly salted nuts are the true american peanut with much taste and not too much salt they are really excellent and still better than the competition definitely worth buying and above all worth eating,positive,negative,positive,True
if you re looking for an organic toasted sesame oil this one is a good buy packaged well and in glass which is a big plus to me it s fairly price especially if you consider the quality it has an incredible taste delicious,positive,neutral,positive,True
i found this flavored coffee didn t have the sharp bite of most starbucks coffee it s smoother and far less boisterous than the regular starbucks this made it a pleasant drinking experience for an evening dessert drink i like a flavored coffee now and then but find most don t work beyond a single cup they tend to get a bit nauseating this starbucks vanilla did work for cup after cup with with a uniformly enjoyable reaction to every cup the vanilla flavoring is light more in the fragrance than the taste it would make a good pairing with a not too sweet dessert like dark chocolate or pastry,positive,neutral,positive,True
not bad at all when i use coffeemate chocolate creamer i still like swiss mix made with milk a little better but as far k cups go this milk chocolate with the coffeemate chocolate creamer is not bad and currently it is less than for cups,positive,neutral,positive,True
very good quality cat food made at a human food factory with human grade ingredients the tuna used is the red meat from the skipjack tuna fish they get a variety so this is just part of their diet as i do not want to feed them tuna based foods as their primary source of protein healthy and cats love this i try to use this brand tiki cat weurva and then for dry food orijen cat food my himalayan cats are on a no grain no gluten filler diet this wet food in combination with the dry has led to great coats no hair balls good energy and solid not too stinky poo,positive,neutral,negative,False
i don t smoke and i don t drink but give me my eight o clock coffee coffee is a main staple in our house we order through amazon com because we can get a package of oz bags of coffee for less than we pay in a grocery store and the delivery is very prompt,positive,negative,positive,True
it s good cut meat but wayyyy too salty can t taste much beside salt i really want to wash it before i eat,neutral,negative,negative,False
i don t have a problem getting my glasses of water each day but i sometimes like a little beverage diversity and individually packaged drink packs are a good way to add a bit of a kick to water because these are individual packets it is easy to keep a few in a gym bag work desk or purse i think the flavor is pretty good with no strange aftertaste i purchase my wyler s lemonade at my local grocery store for about cents a packet some individuals may be concerned to know that this product has aspartame and acesulfame potassium a lot of diet beverages use these additives both have been linked to cancer in rats and both were deemed one of the top ten worst additives by the center for science in the public interest so if you are cautious about additives in your food this product may not be for you a serving for this product is of a packet and of a packet has calories and of your daily vitamin c to make a full sufficiently flavored ounce glass you really do need the entire packet if you are seeking an alternative product that does not utilize these controversial ingredients and has more vitamins i would recommend acai lemonade by now foods it is somewhat pricey but can be found more economically off of amazon that product has calories and is loaded with vitamins it has of you daily vitamin c of vitamin a of vitamin d of vitamin e of thiamin of riboflavin of niacin of b of folate of pantothenic acid and of vitamin b wyler s light pink lemonade is really flavorful easy to pack and can be very economical those who want to avoid sugar substitutes may want to use this product in moderation or steer clear this product is made in the united states,positive,neutral,positive,True
really dumb to show a photo of the package saying for a dollar and then the title says for dollars is the original price then call it a manager s special when it s obviously marked up good grief people they sell these at my gas station cheap and dryer harder than normal gummy worms and not many in the package this package looks generous compared to what i m used to they are literally for a dollar regular price so don t pay this silly pretend discounted manager s special price,negative,neutral,negative,True
we ve purchased dragonwell green tea from other vendors and the quality has been much better of course we paid quite a bit more for it as well this just goes to prove you get what you pay for this bag has a lot of stems and other debris so would not recommend pay the higher price and get the better quality tea,neutral,positive,negative,False
the first thing you notice is the fabulous smell of the package then when you use it ahhhh reminds me of my culinary trip to italy it is fabulous over popcorn,positive,negative,positive,True
i admit i m kind of a wimp when it comes to hot spicy things for that reason lots of times i end up not liking hot wings which can be disheartening after you ve gone to all the expense and work to create the wings with this packet i get the spicy flavor without so much of the heat i ve used mccormick s buffalo wing mix on boneless tenders wings and legs and always had good results you just coat your chicken pieces and place in your pre heated oven super easy the only downside is if you like the skin on your chicken to be crispy then it s a bit hard to do with this because it tends to brown blacken somewhat easily both in the oven i tried to crisp using the broiler in the oven and out on the grill you can get it a little crispy but you have to watch it like a hawk because one second it ll look fine and the next it s blackening bottom line tastes really good without being horribly hot easy to use and i can even find it in the small town i live in,positive,neutral,positive,True
it is spicy but if you like spicy food you will love this tuna it is good quality tuna especially considering the price there are better tunas out there but they cost to times as much however this tuna is a vast improvement over the major brands you see in grocery stores which i can t stand to eat anymore they seem less like tuna and more like something scraped out of a tuna s colon btw chipotle isn t a species of pepper its a way of preparing any type of peppers really handy meal when you need something quick and simple you don t need to add anything to it often i eat it right out of the can,positive,neutral,positive,True
i received a very well packaged and promptly shipped even package of the habanero jerky from mahogany smoked meats the jerky itself it obviously made from good meat vs some of the garbage you d get from oberto or whomever the initial smell is excellent an aroma of pepper and brown sugar however the jerky itself is somewhat sticky the pieces of the jerky itself are stuck together so extracting a single piece for consumption becomes a chore after you re done your hands are all sticky my guess is if they manufacturer spent a little longer in a dessicator we d have a drier product that tasted just as well as for how spicy well my lips are burning i like that i really love habanero and in fact grow several varieties at home this isn t some quot slightly spicy quot product with the name habanero in it to make it seem macho it will scorch your mouth in my opinion scorch in a good way the price is great you d spend that much at any store buying a far lower quality of jerky and just try finding habanero anything at safeway kudos to amazon for removing yet one more thing from my shopping list additional kudos to mahogany smoked meats for having such a wonderful product i ve taken one star off for the jerky being so sticky i guess it s the sugar and the difficulty of separating out the pieces of jerky themselves definitely recommended,positive,negative,negative,False
all three cats think this is the bomb diggity easy to open package is a plus for me maury julie and madden give whiskas choice cuts a star review,positive,negative,positive,True
no better than oberto s in our family s opinion we ve had better in colorado the taste was typical teriyaki jerky and the pieces on the whole were tough,neutral,negative,negative,False
it was very hard to find a gum that does not use aspartame even the sugar gums have this chemical in it i found this product made the way we used to get gum with sugar also it has a very good taste and freshens breath the only draw back was there wasn t very much juice in the center not like it was when i was younger that s ok because i would rather that than the aspartame,positive,neutral,positive,True
i enjoyed the product good taste good quality i purchased it on sale and without paying s h it will be overpriced if i have to pay everything will purchase again next time is on sale,positive,neutral,positive,True
i was not familiar with this product but my wife was interested because of it s mention on popular daytime television here are somethings you should know if you are unfamiliar with the product star the noodles come packaged in water so one oz package must be strained to obtain one oz serving of noodles very different from traditional dry pasta star the package noodles in water is a bit awkward to store on your traditional pantry shelf you can t really stack them etc star the noodles have an expiration date that is approximately four months away don t order more than a few months supply star because the noodles are already hydrated they do not really take on much flavor from cooking liquid you better put them into a very flavorful dish star copared to pasta these pre hydrated noodles have a very slimy mouthfeel and they are not able to be cooked al dente so they do not give the same fished result as a pasta substitute star as advertised they are low calorie filling and a great source of soluable fiber,neutral,negative,negative,False
this is a good tasting tea at a great price if you don t normally like raspberry flavor this isn t really raspberry flavor if that makes sense no heavy flavor,positive,neutral,positive,True
the bacon flavor lickety stik is like crack cocaine for my dog rocky if i handed him the product it would be gone plastic and all within seconds however you aren t supposed to give your dog the lickety stick which works like a roll on deodorant the human holds it while the dog licks it if your dog reacts like rocky you ll get a big kick out of it while the novelty won t wear off for rocky i have the distinct impression that i ll get bored with it after a while on the other paw mr peabody seemed to enjoy it but he wasn t as enthusiastic as rocky could it be their difference in age mr p is six years old and rocky is one rocky also eats everything including light bulbs styptic powder and prescription eyewear but not with as much vigor as he attacked his lickety stik our third dog charity sniffed it looked at me like i had serious issues and turned away she s seven based on rocky s mr p s enjoyment of the product i give it five stars but if charity was an only dog it would get none,positive,neutral,negative,False
i saw all the problems people were having with damaged cans but the sale price was too good to pass up i ordered two cases first case not even a little dent second case bashed to heck obviously not amazon s fault since the boxes they arrived in were fine farmer s market really needs to figure out what is going on in their packing department,positive,neutral,negative,False
i bought two boxes of these jelly beans as they were the closest thing you can buy at a reasonable price to the harry potter bertie bott s every flavor beans i bought two boexes because i thought there d only be beans in a box but in fact there must have been at least we had way too many left over the kids got a huge kick out of daring eachother to try one shipping was fast and included in these box jelly beans,positive,negative,negative,False
i have a small lb dog and these work perfectly for his poops however i don t think these would work well for large dogs and their larger feces i have been using these bags for about a year now there was one batch i ordered this past year where every single bag in the box was open at the seams so basically they were completely useless i had read about this in the reviews so was not completely surprised but obviously i was upset that i had to throw away the entire box however like the title of my review states times the bags have worked perfectly and were sturdy enough to do the job they re supposed to do will continue buying these and just cross my fingers that i don t get a bad batch,positive,negative,negative,False
i usually order at large iced vanilla chai tea with soy milk and light ice at starbucks never again this is so much yummier and alot cheaper i can t wait to try out the other flavors i ll probably try the sugar free decaf vanilla chai when i run out of this one,positive,neutral,negative,False
i have consistently had trouble sleeping i tried it and the first night with just a half a bottle i fell sound asleep within minutes you feel refreshed and relaxed if you have trouble sleeping at night this is a good way to go,positive,neutral,positive,True
was out of pamela s bread mix so picked up a box of this at a health food store with pamela s i usually use the basic crust which is two eight ounce sticks of butter and some water held off my rating until i got another package of pamela s and tried the flaky variant which is one eight ounce stick of butter and eight ounces of shortening to compare the crusts gf pantry crust is definitely flakier but not enough difference from pamela s to sway me i ll stick to a much less ingredient mix but will buy more if i ever run out of pamelas again,neutral,negative,negative,False
the lemon flavor was evident in this product the price was right and just big enough to satisfy our needs would buy again,positive,neutral,positive,True
i had wanted to try this popcorn for a long time finally treated myself to some it is pretty good but i add a dollop of butter and a small amount of popcorn salt to the pan before it pops i probably won t buy it again because i can make better popcorn from scratch myself,positive,neutral,negative,False
the newman s own organics nd generation turkey vegetable has changed the ingredients from turkey liver to pultry liver this is not good if your cat is allergic to chicken as ours is the newman s own organics turkey vegetable original is no longer available,negative,neutral,negative,True
we love this coffee and have looked everywhere for better prices but amazon is the lowest,positive,neutral,negative,False
if you want to try an excellent brand la parisienne couture cocoa you will find is the best one on amazon so far i have tried bellagio sipping chocolate lake champlain hot chocolate mixes la parisienne couture cocoa my favorite mariebelle mocafe azteca d oro mexican spiced ground chocolate didn t like at all jacques torres classic hot chocolate vosges la parisienne couture cocoa sarabeth s kitchen hot chocolate la maison du chocolat tasse de chocolat love to hear others feedback,negative,positive,positive,False
i pondered buying this product for days because of mixed reviews many concerning the size of the ginger i feel for those people who got scraps but in my pack i received pretty uniform cubes of a very good size this is hands down the best crystallized ginger i ve ever had except for once and that was home made in hong kong first the chunks are just the right size to be tender and sweet without being too large to enjoy as a snack the quality of the ginger is outstanding with a deep fresh flavor and just the right amount of sugar the color is a light gold and the texture lacks the fibrous strands of mature ginger that too much crystallized ginger is made from so they say baby ginger and i can attest it must be because of that the flavor is strong without being an overpowering heat but the heat is there i d place it on the mild end of the ginger spectrum which works for me but if you want fire this isn t for you this is one of two crystallized gingers i d recommend and the other is the fiery one reed s but this has the better overall flavor of ginger this is definitely ginger for snacking if you want to bake with this you could but you d definitely need to get busy with the knife work if you re looking for dried ginger this isn t that either this is fresh tender and sweet heat ginger for tea i could see mashing a cube or two and making something pretty terrific but i d probably end up eating it straight i m gong to buy some of the baking cut small nuggets for ginger snaps now because if they re using the same ginger it s going to be amazing bottom line while it s possible that some people received a bad package with small pieces in packs i saw minimal variation in size and nothing i d describe as too large or small this is fresh as hell not too sugared and the quality of the ginger is out of this world if you like ginger i d find it hard to imagine not falling in love with this,positive,neutral,positive,True
it had listed ounce cans but i only received can contacted them and they took care of the problem right away good customer service i thank you for that,positive,neutral,positive,True
my favorite candy store sold this amazing strawberry licorice in small bags so it never had a brand name i would go get a small bag every week suddenly they started stocking a different horrible licorice after being out of it for a few weeks the new one was waxy and hard and had no taste whatsoever well i take that back it had a slight taste of cough syrup i started searching online based on reviews to find the one they originally stocked and i found it here this is not hard and waxy it is firm but has a matte look instead of a glossy look it taste very fruity this is my favorite strawberry licorice so much better than twizzlers and the like also this is a good price on it,positive,negative,negative,False
normally i like salty foods but this curry is way too salty they need to tone down the salt some also to make more of this sauce just add some cream or milk to it it ll thin down a little but the flavors are so strong that it goes a long way,neutral,positive,positive,False
normally with jelly belly beans i never worry about put more then in my month at once these however don t mix with each other and are pretty bad by themselves i think it s the attempt to put the milk yogart favor in that just doesn t work get something else anything else jelly belly get a new taste tester group and try again,negative,neutral,negative,True
this product doesn t have unnecessary things it is only plant sterols and magnesium stearate in gelatin capsules it could be cheaper but it s a fair price it works for me for my prostate problems,positive,neutral,positive,True
this black pudding has me floored you cannot get any closer to buying real black pudding unless you were in tesco outstanding,positive,neutral,negative,False
i feel this is too sweet for me if it can be lighter taste i think it will be perfect,neutral,positive,positive,False
i have a lab puppy that is starting to put on too much weight no surprise there i thought some search for food toys would work well i have about three different ones now and a couple more treat toys he will barely touch this he loves rubber and the hard plastic seems to bother him he is smart and can get some of the food out but then gets frustrated and walks off he is extremely food driven so this was a huge surprise to me it sits on the floor with food in it and he will just walk by i have another hard plastic food dispenser that has similar results with him he is also an aggressive chewer so i figured he would just chew the rope off but he doesn t even do that know your dogs preferences when purchasing these types of food toys,negative,neutral,negative,True
i like the sprout brand very much but i have to say that my daughter is sensitive to italian style food right now and really disliked this meal a lot perhaps the spices are too strong not sure but this one was not a hit she disliked the lasagne too we are sticking with the holiday turkey mac and cheese and peach pumpkin pie we have yet to try the chicken and vegetable or the other turkey option but i would recommend this brand just not the spicier meals,negative,neutral,negative,True
i have ordered this product many times i do wish could count for a non shipping fee item like it used to be instead of having it shipped from somewhere else,positive,negative,negative,False
these held up much better than other mixes the cookies did not break apart and cooked up nicely i am very please with this product and brand,positive,neutral,positive,True
received it and realized i messed up by getting the pie mix verses the pure pumpkin puree i had gotten the pure pumpkin of this same brand last time and it made the best tasting pumpkin pie pumpkin bread and pumpkin pancakes i ever had hands down this pie mix has a faint underlying not quite metalic flavor that i can t quite describe it s little better than libby s brand but not as good as the pure pumpkin in fact i like the pure pumpkin so much better i ve already ordered it and i m going to bring the out of cans of the pie mix i haven t used to work and give it away,positive,neutral,negative,False
using this chebe mix for pizza crusts bread sticks and dinner rolls are all very good bets there is a host of other things you can make with it and if you have a look at you will find a link that takes you to where they have a lot of very good uses for their products,positive,neutral,positive,True
my name never carried well across the neighborhood to the yard where i most often struck out at the plate sound as is the case with many a young boy was only one way to call me misty evenings just as the sun committed to drop westward an hour after my father would drive up in his buick special i smelled worcestershire sauce from our charcoal webber this meant the whiffle ball game ended and win or lose i had a different plate to step up to the scent created a state of emergency bats balls and if we used any bases were gathered by their respective owners and we all ran home like lovers impassioned in lustful want his recipe for steak was simple get it from jerry a butcher he knew for years dazzle it with ground pepper and the smallest sprinkle of lea perrins worcestershire sauce like smoke signals the air became the messenger or for me a siren seducing me homeward no other sauce would do his reasons had no merit for me at six years old but i never had cause to question such as it will be for you big bottles of worcestershire sauce will be what you need but a small bottle will be inspiration enough brockeim,positive,negative,negative,False
i was so excited when i found that amazon carried this product haven t been able to find it anywhere and it is my husbands favorite they shipped it off to me a s a p,positive,neutral,negative,False
this is an edit so i was unable to change my star rating at first i was happy with this canned cat food until the trouble began it has caused severe diarrhea in both of my cats who were eating it now i m in the process of trying to get things back on track as anyone who has been in this situation knows the negative impacts of the situation affect the entire household not just the poor cats who are suffering from it,positive,neutral,negative,False
i received a whirlypop popcorn popper for christmas after a little web research quickly discovered that coconut oil as used in the real theatre popcorn popping oil is a key ingredient to making great popcorn using regular canola or other vegetable oils just does not compare to using this popping oil my family loves the popcorn we make with this oil we will never eat microwave popcorn again,positive,neutral,negative,False
my two long haired german shephards love bully sticks however these are too thin for them they are gone almost immediately probably very good for smaller dogs i will look for a thick bully stick next time,positive,neutral,negative,False
i would like to stress when you are really hungry these chow mein noodles are a blessing they really are darn good for a less than a dollar processed instant food and they are easy to fix i use these on the road as a truck driver when i get to the end of my shift and all restaurants are closed or am and usually add a packet of crushed red pepper left over from a previous pizza feeding i think i should carry a can of oysters to chop up and add to this dish that just might make it even better the arrows or fill line is really hard to see but is there i made the mistake of adding a little above it once and ended up with excess water juice in my meal i guess i didn t think the packet of sauce added that much more moisture but once i just added water to the fill line and let it sit for minutes after the cooking time all was better,positive,neutral,negative,False
so i found one can of this at target a couple of months ago and never saw it since they cherry flavouring makes a change from the usual monster taste you get in monster green and monster blue initially the taste can be a little odd as you expect one thing but get another but if you mixed cherry coke and monster together you d have an idea of what monster assualt tastes like having the cans delivered made things a lot easier that getting them from the supermarket too due to the weight associated with that many,positive,negative,negative,False
i normally use this to make panang curry it works and tastes fine for that purpose so for this i have no complaints however if you live in an urban area with a sizable asian population cali nyc boston chicago etc you can get this exact brand at ethnic markets read chinatown for cents a can so star for not being the absolute best deal you can get having recently moved to a different city i was disappointed to find coconut milk only in chain supermarkets and for prices as high as per can maybe i don t know where to look yet but buying bulk off of amazon at a slightly higher price is certainly better than forking over per can,positive,neutral,negative,False
tastes exactly like regular fatty creamy peanut butter you would never guess its powder all the flavor and barely any calories i love it,positive,neutral,negative,False
i read an interview in inc magazine about the founder of the company and it inspired me to try a bar at starbucks where they are selling them at the cash register these days i loved it the one i sampled was different from this product but this one sounded like i would enjoy it even more and i did these bars are not particularly low calorie though in the article i mention above the founder says he sometimes eats two of them for lunch that s about right it would be a tasty light on the go lunch at calories so much better for you than a candy bar,positive,neutral,positive,True
i really love these bars i prefer them more than name brand candy bars and they are good for you they came quickly and i had no problems with signs of melting in transit as i had with other nutrition bars i will certainly keep buying,positive,neutral,positive,True
if you cant deduce the jist of my review based on the title stop reading now because you never will this is a totally personal thing i just honestly do not like this as much as other coffees ive tried theres nothing wrong with it i recieved what i ordered it was delievered promptly i just dont really care for the taste if you know what this tastes like and enjoy it buy it i prefer donut shop but to each his own this cat is bold,positive,negative,positive,True
i used to live in philadelphia and was a big fan of bookbinder s especially for their lobster bisque i was hoping that the canned version would bring back fond memories i recall the taste as being very rich and lobstery with bits of real lobster the canned version is more like what campbell s soup might have done if they did bisque it s ok not bad but no kick or seafood flavor i added sherry but it justs tastes blah with sherry,negative,neutral,negative,True
unlike the cherry pie which is great and really taste like cherry pie this is more of a lime flavored almond bar not bad but not great,neutral,positive,negative,False
too mild for me i like a strong flavor my wife likes this coffee has enough flavor and boldness to keep it enjoyable and not feeling like water downed coffee if you like strong bold coffee you will be disappointed for a mild coffee i found this good but not good enough to warrant the higher cost over many of the other brands i will not be re ordering caribou mahogany my wife prefers donut shop brand over this again not strong enough for me but still makes a good cup of coffee,neutral,positive,positive,False
i first discovered bentley s tea by purchasing an assortment of tea like this in order to have a nice container what i was surprised by was how great the teas are the teas except for the green tea are black tea based and all but the english breakfast are flavored none are herbal like a previous review implied the black tea base is the smoothest black tea i ve ever encountered it really has an outstanding flavor the flavored versions seem to use this tea base and add a flavor above it the flavor isn t as strong as in many teas however given how good the black tea that bentley s uses tastes it shouldn t be by ordering this off amazon i m not paying any more than tea costs in the supermarket on sale and getting far better tea hope you enjoy this tea as much as i do,positive,neutral,positive,True
dogs just go crazy over these treats i go online and buy cases of and that lasts years for my pugs and yorkie,positive,negative,neutral,False
when my supermarket discontinued newman s own organic black tea royal tea i started ordering it from amazon i order it a case at a time and it arrives promptly the tea itself is one of the only organic black teas that come in boxes of royal tea is a full bodied black tea it is a smooth tasting tea strong brewed is never bitter the more you drink the more money is donated to charity what a bonus,positive,negative,positive,True
you are reading the review for a reason the reviews speak for themselves this stuff is second to none buy it end of story,positive,negative,negative,False
at first my dog a lb maltese ish mutt didn t seem to interested in these i ve since decided it was because before these i was essentially handing him fully artificial crap i think it just took him a week or two to get used to the good stuff now he sprints to his kennel whenever he hears me opening the bag just ordered my second bag i do wish the other flavors came in individual packages though it feels terrible to me to pay on dog treats even if it is a bulk buy but that s certainly not a knock on the product,positive,negative,negative,False
jocalat organic chocolate coffee was the first larabar that i ve ordered before the bars arrived at my doorstep i was expecting a typical fruit n nut type of food bar that contains whole pieces of chunky nuts so i was a little disappointed when i opened one and saw that the nuts were broken into tiny pieces instead the bar was also shorter than i d imagined but the good thing is the taste didn t disappoint all the bars were not dry and hard but instead they were moist and firm even when they were kept in the refrigerator it would be a different texture if huge chunky nuts are used those who found them hard and dry probably got bars that were too close to their sell by date my bars had a good months to go before expiring what i like most is the fact that jocalat organic chocolate coffee and later i found out it applies to other flavors of larabar as well these bars were not sickening sweet like other energy bars i ve tasted it s quite sad to taste a food bar prepared with good ingredients being drenched in excessive sweeteners no matter how healthy the sweetener is touted to be but this bar did not gross me out like other bars did and in fact satisfied my sweet tooth pretty well since i am a chocolate lover especially dark ones the smell and taste of the cocoa in the bar added to my satisfaction rating there was also a subtle hint of coffee but it was almost undetectable if you re not mindful enough i wish the bars are bigger though i m in no way a large man but i find one bar hardly makes me feel full though it does stop my hunger pang after trying this product i ve since moved on to other flavors i found that larabar fruit nut food bar chocolate coconut chew ounce bars count has almost the same taste as this the coconut shreds in it have no taste but gives a distinctive coconut texture but since this bar isn t made of organic ingredients the price is lower than the jocalat series if budget is a concern to you then you may want to consider that bar instead one tip as with any food bars always eat larabar with a full glass of water although not as hard and dry like other bars it can get a bit dry on the throat when you re near the end,positive,neutral,negative,False
my pups aged both enjoyed these but since they talk i couldn t get their official position on them that said having trained them extensively i m pretty good at watching their body language when presented with these both pups were eager for a treat but after getting these in their mouths they both were slightly tentative to dig in perhaps its because my pups normally get high protein snacks like dried chicken breast and they re not used to brown rice flour quinoa flour pea flour tapioca starch or perhaps it was the vanilla mint flavor either way it sort of reminded me of kids acting with trepidation about eating a new vegetable but after a few fleeting moments the question marks popping out of their heads went away and both pups earnestly chewed up their treats the package says dental chews which normally speaks to an ability to remove tartar or freshen breath the package states that the product freshens breath naturally so i assume the mint serves as a breath freshener thus earning the title dental chew instead of treat that said i m pleased to know the product is wheat free and corn free as i m not a fan of feeding my pups either one of those all too common ingredients i was going to give the product four stars because the dogs didn t jump on them like white on rice but then i realized that this is a very healthy treat that is a whole lot better for them than most of the stuff that s out there and after the slight hesitation both dogs seemed to enjoy these very much so five stars it is,positive,neutral,negative,False
a friend who is a breader recommend this product to me although it s a bit pricey for chew treats but my dogs love it it didn t stain my carpet my dogs didn t throw up after chewing swallowing it,positive,negative,positive,True
it doesn t have weird and very bitter aftertaste some other coffees have but basically it doesn t have much taste at all i m a strong coffee lover which is why i ordered medium dark roast french roast isn t dark roasted but it shouldn t be this much weak either i guess i will grind more beans next time yet i can t smell much of coffee aroma either i m quite disappointed and won t order anymore from the eight o clock again i read other reviews in other websites and it seems like they used to be good before they changed something sigh,neutral,negative,negative,False
i m in the latter months of pregnancy and it is becoming harder and harder to get a good nights sleep in lieu of not being able to find my go to chamomile at the grocery i reached for bedtime story since in the tag line it expressed being caffeine free and made with real spearmint and chamomile flowers i was curious what the spearmint would be like with the chamomile so i scooped lipton bedtime story with plans to make a cup that night upon opening the box i was hit with the tingly scent of spearmint i brewed a cup curiously wondering if the tea would be more minty than i wanted after letting it steep for a few minutes i added my favorite accompaniments and sipped delicious it s a soft relaxing blend of chamomile the spearmint is not overpowering like i had worried it might be the ingredients listed are spearmint leaves chamomile flowers peppermint leaves orange peel lemon grass spice chicory root i would say that along with the chamomile and mint flavors the chicory root stands out a bit giving the tea a hint of earthiness bedtime story definitely relaxed my body and i ve been sleeping like a baby pun intended ever since,positive,neutral,positive,True
i didn t taste this product but i gave it to my boyfriend and he loved it he said it was very tasty and it made for a cute gift good value for the size,positive,neutral,positive,True
the first item was damage so the seller send a replacement after weeks and follow the instructions the tree die i took the tree to a bonsai shop and they told me the tree had some types of diseases,neutral,negative,negative,False
i ve been trying to give up both aspartame and high fructose corn syrup so i was excited to find zevia at my local grocery store i ve had stevia one other time in coffee and it seemed a little over sweet but nothing that couldn t be fixed by using a little less of it i couldn t even finish a can of this soda though not only did it have the worst stevia flavor grossly sweet and somewhat bitter but the flavor also tasted really watered down to me i think the ginger root beer flavor could be really good if it was sweetened with something else and the non stevia flavors came through a bit stronger i m glad i only got a six pack of this rather than buying the through amazon as i ve considered doing before,negative,neutral,negative,True
it is really neat to see the various candies that get put into these sets if you are expecting company get one of these out it is a lot of fun,positive,neutral,positive,True
this product is a huge benefit and find the ability of the lignans to be a better benefit than flax but take both as a way to hopefully get moving towards a healthier heart and immune system i doubt there is a better source of antioxidants and does deliver as well omega i have tried other products but premium gold just seems to have a fresher taste and like that they just seem to know how to process and grow better than most and i like that the shelf life appears to be nearly months which won t take that long to use other reviewers are right that many are seeing the benefits as well of lignans to reduce psa levels,positive,negative,neutral,False
for me it s all about calories to keep my weight off instead of buying popcorn to see a movie i bring a calorie popchip bag which costs cents compare that to buying popcorn,positive,neutral,negative,False
it s like chewing rubber bands this tastes for want of a better description like chewy kippered snacks they are really delicious but they are very tough and chewy they are tougher than the vigo brand but taste better there s the dilemma if you want the great taste your jaws are going to get a good workout if they were a bit more tender they would be awesome the picture on the can is also a bit deceptive as they aren t nice neat rounds they are odd unevenly cut random pieces of octopus,neutral,positive,positive,False
as the product description reads the zoe lifestyle low calorie treat sticks for dogs are low fat low calorie ingredients with added l carnitine improve heart function and exercise capacity in dogs in addition the treats are made with natural ingredients to help fuel and maintain your dog s active lifestyle these treats contain organic quinoa a high energy high fiber high protein super grain no gluten no wheat no corn no soy no dyes or additives cinnamon spice flavor according to the ad these sticks are safe for dogs with allergies to wheat and gluten they are made in the usa zoe treats contain aphis certified animal and plant health inspection service ingredients and adhere to pet food safety standards established by the association of american feed control officials aafco there are large sticks in the oz pouch approzimately per stick with free amazon shipping reilly english bulldog week old puppy loves the them,positive,negative,positive,True
i ve tried a variety of earl grey blends and this one wins the prize for being the most unique the citrus flavor is noticeably different from other earl greys the box says that in addition to bergamont other citrus flavors have been added personally i taste a touch of grapefruit in the mix which makes this tea a bit more lively than your typical blend of the conventional earl grey teas that are relatively easy to find my goto is bigelow s i find twinings to be too light and a bit sour my favorite earl grey is made by revolution and includes lavender as an ingredient if you want an earl grey that doesn t hold back on the bergamont and you don t mind some extra tannins i d suggest rishi or tazo lady grey by twinings also tastes great and includes small blue flowers which you can see in the loose leaf version cool visual effect against the dark black tea leaves,positive,neutral,positive,True
when i read some of the reviews that mentioned eating these tiny morsels by the spoonful i was skeptical but guess what i am doing lol i love them,positive,negative,positive,True
my husband and i eat this cereal almost every day probably five out of seven and have it delivered via subscription for me personally it is a tad on the sweet side so i often add about one part generic rice krispies to about four parts granola and mix them in a large tupperware container that maintains the nice light but crispy texture,positive,neutral,positive,True
my little one has been eating these since she was about months old she didn t like the wheat ones and frankly i like these barley ones better too good thing they come in twos we like to share them it is a choking hazard but like most foods you have to be vigilant and supervise for some reason i thought these that i received via amazon were not as hard as the ones i got at the store i was worried about the expiration dates since i ordered a pack of boxes but then i am eating them too so i m sure they ll be gone by what i find amusing is the evaporated cane juice that is listed in the ingredients of health foods these days not just these biscuits isn t that simply sugar aside from that i thought these were healthier alternative to a lot of toddler snacks out there anyway so i gave it stars,positive,neutral,negative,False
muir glen cans are lined in plastic and leach bisphenol a too bad because this was a great product and was a standard in my household my initial conversations with them they contradicted this fact which to me was misleading general mills owns cascadian farms as well and now i don t buy there either now we use bionature in jars or pomi products in tetra pak cartons all canned tomato products use bpa and so do many of the lids of jars used in food containment now i also just make from scratch which is made simple by chef andrew carmellini in urban italian lydia bastianich is another favorite chef that deserves mention for simple yet big flavors boil peel freeze and store can manufacturing companies that i corresponded with said they were working on a solution for later this year or next year,negative,positive,negative,True
okay i should know better than to expect that seasonal delight starbucks usually puts out but i hoped it would be close enough to satisfy that yen not even close the after taste is a little difficult to take as well this one was a total dud waste of money,negative,neutral,negative,True
these ginger snaps were very good but i ordered the gluten free ginger snaps and they were shipped in error and all my complaints to amazon were ignored bill,positive,negative,negative,False
don t look or taste much like the fresh persimmons since those are mostly water and these are dried but are very tasty in their own right i thought it was a weird concept at first but got religion after the first taste,positive,negative,positive,True
i ve been using swheat scoop for almost year and thought great product until i started noticing tiny black bugs infesting flooring around the litter box took a while to realize bugs connected to the swheat scoop i tried removing the box and keeping litter in air tight container but found more bugs so i examined the litter and its well littered w tiny bugs this isn t one box its several months of boxes i am alerting the pet store but likely the litter is infected you wouldn t notice these bugs unless sweep them onto white background gross switching litter immediately have no idea to what good luck,negative,neutral,negative,True
yan yan is delicious i agree with the reviewer below who said it is similar to dunk a roos if you ve ever had those you get the biscuit sticks and a little thing of strawberry cream to dip it in so good my only complaint is that there needs to be more strawberry cream that little bit they give you is not enough for all of the biscuits or at least i don t think so other than that so so good buy some you won t be disappointed,positive,neutral,positive,True
these do not look like regular k cups and perhaps they won t keep as long because the bottom looks like it s made of rounded cloth kind of like a tea bag but they fit keurig machines just fine are less expensive and most importantly i think this coffee tastes better than the coffee in plastic k cups i actually prefer the fact that the bottom is not made of plastic i never liked the idea that my hot coffee was being strained through a plastic cup in fact i just ordered more,positive,neutral,negative,False
i really love this tea it is my every morning tea it has the very green fresh taste of the tea served in japan that is distinctive of japanese tea alone for this reason it is not necessarily for those who prefer the taste of chinese green tea and there is a big difference between the two because its flavor is definitely characteristic of japanese green tea the color is beautiful almost as green as the twice as expensive gyokuro variety i have reordered this tea many times and expect to keep ordering it as long as the price remains close to its present price,positive,neutral,positive,True
i have been looking for fruit snacks that don t have nuts in them and this fits the bill everything is a little sweet for me but in small amounts it is fine the apples are not crunchy whole or even half slices like i was expecting but are cut up slices small pieces that are soft it is probably raisins but that is fine as well the craisins aren t whole but are slices all in all this is a good mix,positive,neutral,positive,True
one of the better k cup coffee out there most k cup coffee i ve tried are pretty weak but this one is definitely a keeper,positive,negative,positive,True
white peppercorns are white peppercorns so long as nothing is wrong with them i knew when i ordered from jr that my pepper would arive fast and be good buying a pound of pepper will last me and take up a little space in the spice cabnet but it is mych cheaper than paying what the grocery charges for pound,positive,negative,negative,False
i liked having a cold can of illy issimo coffee drink handy for one of those late night deadlines it s quick it s tasty it requires no preparation and it pries my eyes open for me i m a real baby about sweet milky coffee but this is just fine it reminds me of the canned coffee i find in europe or in vietnamese groceries so cosmopolitan this isn t as fatty or over sweet as some of the popular american cold coffee drinks and i like the lighter taste it s worth keeping around,positive,neutral,positive,True
one of my dogs had a bladder stone and needed surgery after her surgery the vet said to prevent the stones she needed to be on royal canin urinary so for life however a year on the food and her small lbs body healthy weight jumped to lbs which is obviously not healthy for her small breed frame her activity level did not decrease and there were no other lifestyle changes besides the food even though it prevented more stones that much weight gain is really risky and dangerous it could have lead to other health problems unhappy with my vet s suggestion to simply walk her more she already gets walks a day i did my own research and spoke with a pet nutritionist expensive but worth it well little did i realize that this food contains tons of fillers and inferior by products main ingredients include pork by products and corn grits the nutritionist recommended that i switch her to a home cooked diet with supplements multi vitamin and urinary health vitamins cranberry hydrangea etc to prevent bladder stones and continue to have her urine checked at the vet on a regular basis two years later she s lost the weight and has had no more stones she also has more energy most of the time i cook for her and other times i give her merrick canned dog food with her urinary vitamins i m not saying this will work for everyone but it certainly worked for my dog and i m glad i didn t just accept this food as her fate and deal with the other health consequences that come along with being overweight i would recommend that anyone with a dog who has issues with bladder stones to do their research and seek a second opinion about ways to deal with these health problems best of luck to you and your dog,negative,positive,negative,True
i recently ran out of our home prepared blend of berbere spices and hoping to find a fairly good blend pre pared i ordered this based on the list of ingredients and the fact that it s pictured in a spice container although i received my order quickly my first disappointment was that the spice blend i hesitate to refer to it as berbere arrived in a plastic resealable pouch ugh everyone knows that resealable pouches are seldom resealable after one or two openings especially with a powdered product i ll have to find an alternative way of storing it perhaps when i have some other spice container that is empty my greater disappointment was over the fact that the ingredient list on the package did not match the ingredient list on amazon at all the ingredients on the site are listed as including nutmeg cloves fenugreek ginger ajowan seeds coriander cumin black pepper allspice cardamom ethiopian chili peppers the ingredients on the label of the package i received reads as follows cumin paprika new mexico chili peppers cayenne pepper de arbol chili peppers nutmeg ancho chili peppers ajwan seeds cardamom turmeric garlic salt and other spices i m sure i ll get some use out of this spice blend it should go great in chili but it barely resembles authentic ethiopian berbere seasoning i m an amazon prime customer so was snookered into purchasing this over another product that showed up in my search b c this one was sent w free shipping i may order the ethiopian berbere seasoning also known as berber spice from nirmala s kitchen here on amazon even though i ll have to pay for shipping for those interested there are many other exotic spice blends and recipes available at nirmalaskitchen dot com,negative,neutral,negative,True
